dbn,school_name,hs_sd_1ip,hs_sd_1ssc,hs_sd_1rf,hs_sd_2w,hs_sd_2p,hs_sp_2g,hs_sd_2e,hs_sd_2am,hs_sd_2as,hs_sd_2a,hs_sd_2l,hs_sd_2n,hs_sd_3as,hs_sd_3bl,hs_sd_3hs,hs_sd_3na,hs_sd_3pi,hs_sd_3wh,hs_sd_3ell,hs_sd_3iep,hs_sd_3eni,hs_sd_3f,hs_sd_3m,hs_sd_3nb,hs_sd_4qvar,hs_sd_4spt,hs_sd_4ec,hs_sd_4art,hs_sd_4ps,hs_sd_5as,hs_sd_5bl,hs_sd_5hs,hs_sd_5na,hs_sd_5pi,hs_sd_5wh,hs_sd_5py,hs_sd_5t3,hs_sd_6q1a,hs_sd_6q1b,hs_sd_6q1h,hs_sd_6q1n,hs_sd_6q1p,hs_sd_6q1w,hs_sd_6q1e,hs_sd_6q1i,hs_sd_6q2,hs_sd_6q3,hs_ip_1crs,hs_ip_1pc,hs_ip_1ce,hs_ip_2ap,hs_ip_2nap,hs_ip_2ra,hs_ip_2rb,hs_ip_2rh,hs_ip_2rn,hs_ip_2rp,hs_ip_2rw,hs_ip_3mv,hs_ip_3sef,hs_ip_3sep,hs_ip_3sen,hs_ip_3rsf,hs_ip_3rsp,hs_ip_3rsn,hs_ip_4gr,hs_ip_4gra,hs_ip_4grb,hs_ip_4grh,hs_ip_4grn,hs_ip_4grp,hs_ip_4grw,hs_ip_4grf,hs_ip_4grm,hs_ip_4gre,hs_ip_4gri,hs_ip_5q,hs_ip_5q1,hs_ip_5q1a,hs_ip_5q1b,hs_ip_5q1h,hs_ip_5q1n,hs_ip_5q1p,hs_ip_5q1w,hs_ip_5q1e,hs_ip_5q1i,hs_ssc_1qp,hs_ssc_1q1,hs_ssc_1q1a,hs_ssc_1q1b,hs_ssc_1q1h,hs_ssc_1q1n,hs_ssc_1q1p,hs_ssc_1q1w,hs_ssc_1q1e,hs_ssc_1q1i,hs_ssc_2qp,hs_ssc_2q1,hs_ssc_2q2,hs_ssc_3qp,hs_ssc_3q1,hs_ssc_3q1a,hs_ssc_3q1b,hs_ssc_3q1h,hs_ssc_3q1n,hs_ssc_3q1p,hs_ssc_3q1w,hs_ssc_3q1e,hs_ssc_3q1i,hs_ssc_4sa,hs_ssc_4sa90,hs_ssc_4ta,hs_ssc_5qp,hs_ssc_5q1,hs_ssc_5q1a,hs_ssc_5q1b,hs_ssc_5q1h,hs_ssc_5q1n,hs_ssc_5q1p,hs_ssc_5q1w,hs_ssc_5q1e,hs_ssc_5q1i,hs_ssc_5q2,hs_ssc_5q2a,hs_ssc_5q2b,hs_ssc_5q2h,hs_ssc_5q2n,hs_ssc_5q2p,hs_ssc_5q2w,hs_ssc_5q2e,hs_ssc_5q2i,hs_ssc_5q3,hs_ssc_5q3a,hs_ssc_5q3b,hs_ssc_5q3h,hs_ssc_5q3n,hs_ssc_5q3p,hs_ssc_5q3w,hs_ssc_5q3e,hs_ssc_5q3i,hs_rf_1qp,hs_rf_1q1,hs_rf_1q1a,hs_rf_1q1b,hs_rf_1q1h,hs_rf_1q1n,hs_rf_1q1p,hs_rf_1q1w,hs_rf_1q1e,hs_rf_1q1i,hs_rf_2qp,hs_rf_2q1,hs_rf_2q1a,hs_rf_2q1b,hs_rf_2q1h,hs_rf_2q1n,hs_rf_2q1p,hs_rf_2q1w,hs_rf_2q1e,hs_rf_2q1i,hs_rf_3qp,hs_rf_3q1,hs_rf_3q1a,hs_rf_3q1b,hs_rf_3q1h,hs_rf_3q1n,hs_rf_3q1p,hs_rf_3q1w,hs_rf_3q1e,hs_rf_3q1i
01M292,Orchard Collegiate Academy,Good,Good,Good,www.orchardcollegiateacademy.org,Miles Doyle,"09,10,11,12,SE",276,Ed. Opt.,Local Support and Improvement,220 Henry Street,"Manhattan, NY 10002",212-406-9411,14%,22%,57%,1%,<1%,5%,5%,25%,89%,51%,49%,0%,81%,Boys: Volleyball; Girls: Volleyball; Co-Ed: N/A,Gender Sexuality Alliance (GSA),"Drawing, Music Technology, Studio Art, Mixed Media, Graphic Design, Concert Band, Guitar",Community School; NYC Solves,N/A (fewer than 5 teachers),20%,N/A (fewer than 5 teachers),0%,0%,52%,9.1,80%,90%,77%,71%,N/A,N/A,57%,91%,65%,88%,75%,47,30%,71%,57 (21%),55 (20%),29% (25),14% (12),52% (45),0% (0),2% (2),2% (2),Fair,88%,N/A,N/A,99%,N/A,N/A,93%,N/A,94%,93%,N/A,N/A,N/A,96%,88%,N/A,93%,78%,93%,100%,91%,93%,N/A,N/A,83%,89%,85%,81%,89%,94%,83%,90%,N/A,N/A,86%,89%,75%,89%,91%,92%,87%,80%,82%,75%,81%,N/A,N/A,86%,100%,72%,82%,40%,97%,77%,56%,62%,54%,55%,N/A,N/A,67%,50%,36%,96%,97%,96%,96%,N/A,N/A,86%,100%,91%,76%,77%,73%,76%,N/A,N/A,86%,91%,69%,93%,91%,100%,82%,89%,N/A,N/A,N/A,N/A,92%,88%,87%,78%,92%,91%,N/A,N/A,N/A,N/A,100%,97%,97%,100%,91%,98%,N/A,N/A,N/A,N/A,100%
01M448,University Neighborhood High School,Excellent,Excellent,Excellent,universityneighborhoodhighschool.org/,Matthew Willie,"09,10,11,12,SE",477,"Ed. Opt., Screened",Local Support and Improvement,200 Monroe Street,"Manhattan, NY 10002",212-962-4341,30%,14%,47%,0%,0%,8%,7%,18%,79%,47%,52%,<1%,93%,"Boys: Basketball,Handball,Volleyball; Girls: Softball,Badminton,Volleyball,Basketball; Co-Ed: N/A","Student Equity Leaders, Dance Club, Website Club, Music and Band, Fitness Club, Art Club, Newspaper Club, Chess Club, Spanish Club, Chinese Club, Korean Club (K-Pop), Science Club, Student Government, SAT and ACT Prep, Debate Club (Competes Citywide), Black Student Union, Sisterhood Club, Coding Club ,Debate Club, Knitting Club ,Gender Sexuality Alliance (GSA), Deloitte Academy, National Honors Society, Spanish Honors Society, Mentoring Program, Peer Mediation, Internships , Saturday School, Basketball Team (Boys and Girls), Handball Team, Softball Team, Soccer Club Team, Saturday School, Photography Club, Yearbook Club, Green Team, Fencing Club, Video Game Club, Young Women's Empowerment Club, International Travel (Costa Rica 2025, Japan 2026), Battle of the Grades, College Trips, Chess Club, Game Club, Art and Relax Club, Gardening Club, Asian American Culture Club, Knitting Club,Gender Sexuality Alliance (GSA)","Core Music, Mixed Media, Studio Art, Filmmaking / Video, Modern Dance",Career & Technical Education; NYC Solves; Respect for All,24%,N/A (fewer than 5 teachers),13%,0%,0%,53%,5.8,71%,94%,94%,93%,N/A,N/A,84%,96%,88%,100%,97%,63,85%,75%,259 (54%),211 (44%),33% (101),16% (51),45% (138),0% (0),0% (0),6% (18),Good,90%,10%,0%,94%,N/A,N/A,97%,97%,96%,97%,N/A,N/A,N/A,97%,96%,91%,90%,85%,96%,96%,96%,96%,N/A,N/A,97%,100%,94%,91%,97%,98%,100%,95%,N/A,N/A,97%,96%,90%,96%,89%,100%,93%,91%,90%,90%,93%,N/A,N/A,88%,92%,91%,90%,67%,98%,84%,66%,70%,71%,64%,N/A,N/A,58%,84%,60%,96%,97%,94%,97%,N/A,N/A,97%,96%,93%,89%,90%,96%,89%,N/A,N/A,79%,92%,83%,97%,96%,98%,100%,94%,N/A,N/A,95%,91%,100%,82%,74%,67%,83%,77%,N/A,N/A,76%,50%,77%,98%,96%,97%,96%,94%,N/A,N/A,95%,100%,100%
01M450,East Side Community School,Excellent,Excellent,Excellent,www.eschs.org,Mark Federman,"06,07,08,09,10,11,12,SE",385,Screened With Assessment,Local Support and Improvement,420 East 12 Street,"Manhattan, NY 10009",212-460-8467,7%,14%,54%,<1%,<1%,22%,2%,32%,63%,44%,56%,0%,87%,"Boys: Basketball,Baseball,Soccer; Girls: Volleyball,Softball,Soccer,Basketball; Co-Ed: N/A","ACTIVITIES Chess, Debate, Model U.N., School Newspaper, Science, Student Council, National Honors Society, College Now, Brotherhood, Sisterhood, Morgan Stanley Mentoring, Baruch STEP, Asian American, Biobus Science Explorers,Gender Sexuality Alliance (GSA), Asian Students Association, Black Student Association, Jewish Students Association, Latinx Students Association, Green Team, Literacy Leaders, Activist/Upstander Club, Principal's Book Club, Coding, Film, The Moth, internships, and much more SCHOOL SPORTS Dance, baseball, basketball, crew, cycling, flag football, rock climbing, running club, soccer, softball, skateboarding, snowboarding, table tennis, and volleyball PSAL SPORTS - GIRLS Basketball, Soccer, Softball, Volleyball PSAL SPORTS - BOYS Baseball, Basketball, Soccer","Musical Theater, Studio Art, Computer Art / Digital Art, Fashion and Textile Design, Digital Photography, Percussion",Consortium; DYCD: Beacon; DYCD: COMPASS/SONYC; PROSE,9%,19%,27%,0%,0%,40%,23.1,79%,52%,56%,63%,N/A,N/A,66%,33%,62%,77%,60%,65,95%,91%,77 (20%),183 (48%),9% (22),13% (34),52% (135),<1% (1),<1% (1),22% (56),Needs Improvement,90%,N/A,N/A,98%,0%,3%,95%,N/A,N/A,93%,N/A,N/A,100%,96%,94%,N/A,85%,82%,92%,97%,91%,91%,N/A,N/A,93%,75%,92%,74%,90%,90%,75%,91%,N/A,N/A,97%,100%,93%,91%,92%,100%,89%,84%,86%,92%,83%,N/A,N/A,81%,N/A,88%,94%,83%,97%,78%,69%,66%,69%,69%,N/A,N/A,74%,78%,69%,91%,94%,88%,91%,N/A,N/A,94%,89%,91%,81%,88%,72%,82%,N/A,N/A,83%,100%,77%,97%,93%,86%,93%,93%,N/A,N/A,95%,N/A,94%,92%,88%,76%,93%,88%,N/A,N/A,85%,N/A,96%,98%,96%,95%,96%,94%,N/A,N/A,98%,N/A,98%
01M539,"New Explorations into Science, Technology and Math High School",Excellent,Excellent,Excellent,nestmk12.net/,Meaghan Lynch,"0K,01,02,03,04,05,06,07,08,09,10,11,SE",583,Screened With Assessment,Local Support and Improvement,111 Columbia Street,"Manhattan, NY 10002",212-677-5190,31%,8%,16%,<1%,<1%,36%,<1%,19%,45%,49%,51%,0%,87%,"Boys: Soccer,Indoor Track,Basketball,Fencing; Girls: Table Tennis,Indoor Track,Fencing,Volleyball,Softball,Badminton,Soccer,Basketball; Co-Ed: N/A","School Newspaper, National Honor Society (NHS), Peer Leaders Club, Student Government, Yearbook, Asian Culture Club, Black Student Union (BSU), Fashion Club, Feminism Club,Gender Sexuality Alliance (GSA), Genealogy Club, Jewish Student Union, Latino & Hispanic Student Union (LHSU), Mediterranean Culture Club, Muslim Student Association (MSA), Coding Club, Debate Club, Investment Club, Literary Magazine Club, Math Team, Model UN, Next Generation Politics, Robotics Club, Science Olympiad Team Science Research Club, A Capella Project, Anime Club, Art Club, Film Club, Improv Troupe, Jazz Combo Club, Tech Crew, Advertising & Marketing Club, Key Club, Nature Club, Red Cross Club, WE Club, Blog & Podcast Club, Tabletop Gaming Club","Studio Art, Theater Survey, Concert Band, Jazz Ensemble, Theater / Play Production, Guitar",DYCD: COMPASS/SONYC; Gifted & Talented; NYC Solves; Respect for All,20%,5%,5%,0%,0%,67%,4.2,77%,68%,79%,78%,N/A,N/A,77%,N/A,72%,92%,82%,90,96%,83%,428 (73%),391 (67%),31% (177),8% (46),16% (92),<1% (2),<1% (2),37% (211),Needs Improvement,96%,4%,0%,95%,0%,5%,99%,100%,N/A,100%,N/A,N/A,99%,100%,99%,N/A,97%,81%,95%,95%,91%,98%,N/A,N/A,94%,N/A,97%,82%,93%,91%,89%,97%,N/A,N/A,94%,N/A,92%,85%,91%,90%,88%,90%,89%,97%,89%,N/A,N/A,89%,N/A,91%,94%,84%,97%,72%,58%,54%,54%,65%,N/A,N/A,64%,N/A,62%,94%,95%,87%,97%,N/A,N/A,93%,N/A,98%,84%,86%,68%,82%,N/A,N/A,83%,N/A,82%,94%,91%,95%,93%,83%,N/A,N/A,89%,100%,87%,91%,84%,86%,85%,78%,N/A,N/A,82%,83%,88%,97%,95%,98%,89%,92%,N/A,N/A,95%,100%,93%
01M696,Bard High School Early College,Excellent,Good,Fair,bhsec.bard.edu/manhattan/,Stephen Chaterpaul,"09,10,11,12",549,Screened With Assessment,Local Support and Improvement,525 East Houston Street,"Manhattan, NY 10002",212-995-8479,19%,17%,22%,<1%,<1%,36%,<1%,15%,45%,62%,38%,0%,88%,"Boys: Baseball,Tennis,Soccer,Cross Country,Outdoor Track,Basketball; Girls: Outdoor Track,Basketball,Tennis,Cross Country,Soccer,Volleyball; Co-Ed: N/A","Anime Club, Art Magazine, East Asian Culture Club, Bardvark Student Newspaper, Black Students Alliance, African Students Organization, Debate Team, Diversity Initiative, Eco Club,Gender Sexuality Alliance (GSA), Literary Magazine, Model UN, Robotics, Science Olympiad, Math Team, Itching to Stitch, Muslim Students Alliance, Philosophy Club, Quiz Bowl, Step Team, Student Union, Table Tennis, Theater Production, Winter and Spring Concerts, Yearbook, BuildON Malawi, CheerNastics, Swim Club, Poetry Club, Photography Club, Fitness Club, Scrap Art Magazine, Bollywood, Sailing Mentorships, Best Buddies, Chess Club, Cooking Club, Animal Rights Club, Theatre Club, Model Congress, Lend A Hand, Music Club, Indoor Track Club, Latin American Student Organization, Public Speaking Club, Youth Progressive Policy Group, Y2 Committee, Jewish Student Alliance,Gender Sexuality Alliance (GSA)","Digital Photography, Theater, Visual Art, Guitar, Three-Dimensional Art, Core Music, Music History, Painting, Classroom Music, Printmaking, and more",NYC Solves; PROSE,23%,N/A (fewer than 5 teachers),16%,N/A (fewer than 5 teachers),N/A (fewer than 5 teachers),51%,N/A,81%,60%,50%,61%,N/A,N/A,79%,N/A,53%,81%,56%,82,99%,83%,,287 (52%),18% (100),17% (92),22% (121),<1% (1),<1% (2),36% (196),Needs Improvement,84%,N/A,N/A,97%,N/A,N/A,97%,100%,100%,92%,N/A,N/A,98%,100%,93%,N/A,82%,87%,93%,96%,84%,91%,N/A,N/A,94%,N/A,91%,81%,92%,88%,90%,92%,N/A,N/A,93%,N/A,86%,70%,83%,64%,87%,78%,77%,79%,71%,N/A,N/A,84%,N/A,75%,92%,76%,96%,73%,56%,57%,44%,49%,N/A,N/A,63%,N/A,55%,93%,96%,87%,89%,N/A,N/A,96%,N/A,89%,82%,80%,69%,79%,N/A,N/A,88%,N/A,80%,91%,82%,88%,79%,85%,N/A,N/A,81%,N/A,79%,83%,72%,61%,82%,76%,N/A,N/A,74%,N/A,82%,85%,87%,88%,86%,88%,N/A,N/A,86%,N/A,88%
02M047,47 The American Sign Language and English Secondary School,Good,Fair,Good,47aslhs.net,Watfa Shama,"09,10,11,12,SE",171,Screened,Local Support and Improvement,223 East 23 Street,"Manhattan, NY 10010",917-326-6668,4%,14%,76%,1%,0%,4%,7%,29%,85%,63%,37%,0%,72%,"Boys: Basketball,Outdoor Track,Soccer,Indoor Track; Girls: Outdoor Track,Indoor Track,Volleyball; Co-Ed: Stunt","Anime, Boardgames, Crochet, Dungeons and Dragons, Fashion, Fitness,Gender Sexuality Alliance (GSA), Literary Magazine, National Honor Society, Performing Arts, Student Equity, and Student Government","Filmmaking / Video, Computer Art / Digital Art, Studio Art, Portfolio Development",NYC Solves; Respect for All,N/A (fewer than 5 teachers),N/A (fewer than 5 teachers),N/A (fewer than 5 teachers),0%,0%,74%,16.2,45%,67%,50%,52%,N/A,N/A,57%,67%,62%,57%,43%,57,90%,75%,120 (70%),58 (34%),5% (6),12% (15),77% (99),<1% (1),0% (0),5% (6),Fair,98%,N/A,N/A,100%,0%,0%,100%,N/A,N/A,100%,N/A,N/A,N/A,100%,N/A,N/A,N/A,68%,91%,100%,89%,91%,N/A,N/A,83%,78%,89%,79%,90%,100%,90%,89%,N/A,N/A,100%,91%,93%,54%,52%,33%,77%,64%,83%,43%,67%,N/A,N/A,71%,50%,73%,85%,41%,98%,66%,39%,67%,27%,40%,N/A,N/A,57%,17%,60%,88%,100%,83%,88%,N/A,N/A,100%,83%,87%,60%,50%,59%,62%,N/A,N/A,57%,64%,70%,88%,89%,N/A,100%,85%,N/A,N/A,N/A,N/A,93%,85%,84%,N/A,100%,85%,N/A,N/A,N/A,N/A,93%,95%,92%,N/A,83%,93%,N/A,N/A,N/A,N/A,87%
02M135,The Urban Assembly School for Emergency Management,Good,Fair,Good,www.uasem.org,Rasheed Bility,"09,10,11,12,SE",297,Ed. Opt.,Local Support and Improvement,411 Pearl Street,"Manhattan, NY 10038",212-225-0998,3%,36%,54%,<1%,1%,3%,8%,19%,86%,66%,34%,0%,76%,"Boys: Indoor Track,Outdoor Track,Volleyball,Baseball,Soccer,Basketball,Cross Country,Lacrosse,Wrestling; Girls: Softball,Basketball,Volleyball,Flag Football,Outdoor Track,Indoor Track,Cross Country; Co-Ed: N/A","Broadway Shows, American Heart Association, College Trips/Tours,Gender Sexuality Alliance (GSA), Hands to Heart CPR Team, Student Government, National Honor Society, UA Basketball, Regents Tutoring, Office Hours, Lip Sync Battle, Multicultural Celebration Day, Field Day, Roller Skating Trips, Career Week, Senior Decision Day, City Meals on Wheels Community Service, Saturday Academy, Students v.s. Staff Basketball Game, AMC Movie Trips, Pi Your Favorite Staff Member Day, Stop & Shop Food Pantry, Black History Month Celebrations, Family Game Night, Thanksgiving Potluck",Visual Art,Career & Technical Education; NYC Solves; Respect for All,N/A (fewer than 5 teachers),N/A (fewer than 5 teachers),46%,0%,0%,38%,3,67%,75%,50%,53%,N/A,N/A,40%,80%,58%,87%,57%,42,66%,66%,65 (22%),170 (57%),3% (6),37% (73),53% (104),1% (2),2% (4),3% (5),Fair,94%,N/A,N/A,92%,N/A,N/A,97%,N/A,100%,93%,N/A,N/A,N/A,95%,100%,N/A,100%,70%,90%,100%,90%,90%,N/A,N/A,N/A,93%,91%,67%,80%,100%,79%,80%,N/A,N/A,60%,88%,86%,70%,91%,83%,82%,74%,100%,70%,76%,N/A,N/A,67%,75%,86%,83%,54%,96%,65%,41%,44%,39%,43%,N/A,N/A,33%,50%,54%,88%,88%,85%,91%,N/A,N/A,80%,100%,88%,61%,67%,58%,63%,N/A,N/A,50%,75%,71%,90%,87%,N/A,90%,88%,N/A,N/A,N/A,N/A,60%,84%,93%,N/A,90%,94%,N/A,N/A,N/A,N/A,80%,94%,93%,N/A,100%,94%,N/A,N/A,N/A,N/A,80%
02M139,Stephen T. Mather Building Arts & Craftsmanship High School,Fair,Good,Good,MatherHSNYC.org,Christopher Mayer,"09,10,11,12,SE",357,Ed. Opt.,Local Support and Improvement,439 West 49th Street,"Manhattan, NY 10019",212-399-3520,3%,25%,67%,<1%,<1%,4%,6%,24%,87%,46%,54%,<1%,87%,"Boys: Volleyball,Handball,Table Tennis,Basketball,Indoor Track,Baseball,Soccer,Outdoor Track,Bowling; Girls: Soccer,Outdoor Track,Softball,Indoor Track,Flag Football,Volleyball,Basketball; Co-Ed: Stunt","Music Studio, Love is Love Club, Photography Club, Muslim Student Alliance, Student Dispatch Newsletter, Carpentry Club, Horticulture, Rewards Trips, Crochet Club, Cooking Club, Board Games Club, Urban Culture Club, and more...","Visual Art, Art History",Career & Technical Education; NYC Solves; Project Pivot; PROSE,N/A (fewer than 5 teachers),17%,19%,0%,0%,53%,3.5,75%,82%,88%,90%,N/A,N/A,56%,94%,88%,97%,81%,40,63%,50%,92 (26%),76 (21%),4% (6),25% (39),66% (101),0% (0),<1% (1),4% (6),Fair,98%,N/A,N/A,97%,N/A,N/A,89%,N/A,91%,88%,N/A,N/A,N/A,89%,90%,N/A,85%,83%,93%,91%,90%,95%,N/A,N/A,88%,100%,87%,80%,91%,100%,88%,93%,N/A,N/A,73%,80%,89%,93%,95%,95%,89%,90%,100%,92%,89%,N/A,N/A,82%,88%,92%,82%,48%,97%,79%,65%,92%,70%,63%,N/A,N/A,30%,50%,64%,93%,100%,90%,93%,N/A,N/A,91%,81%,88%,79%,82%,77%,81%,N/A,N/A,55%,60%,83%,95%,91%,N/A,88%,92%,N/A,N/A,86%,N/A,95%,87%,82%,N/A,96%,77%,N/A,N/A,86%,N/A,84%,96%,93%,N/A,96%,91%,N/A,N/A,100%,N/A,95%
02M260,The Clinton School,Excellent,Good,Fair,theclintonschool.net,Jonathan Levin,"06,07,08,09,10,11,SE",522,"D75 Special Education Inclusive Services, Screened",Local Support and Improvement,10 East 15th Street,"Manhattan, NY 10003",212-524-4360,12%,3%,15%,<1%,0%,54%,<1%,18%,26%,67%,33%,0%,71%,"Boys: Outdoor Track,Basketball,Volleyball,Cross Country,Soccer; Girls: Outdoor Track,Basketball,Cross Country,Soccer,Volleyball; Co-Ed: N/A","Intramural Sports, Public Forum Debate Club, Community Service Club, The Social Justice Club, The Green Initiative Club, Love Will Save This Place Club, Yearbook Club, Clinton Soup, Clinton TV, Student Council,Gender Sexuality Alliance (GSA), The Clinton School Post, Pre-Med Club, Kpop Dance Crew (KPDC),Gender Sexuality Alliance (GSA), Model United Nations, The Clinton Theatre Company, Film Club, Courageous Conversations, The Clinton Band, Students of Color Matter, Art History Club, Japanese Media Club, Jewelry Making Club, Study Club, Peer Tutoring, Dungeons and Dragons, Chess Club, Bracelet Making Club, Board Game Club, Book Club, The Jewish Student Union (JSU), Prom Committee","Studio Art, Digital Photography, Filmmaking / Video",DYCD: COMPASS/SONYC; NYC Solves,12%,9%,12%,N/A (fewer than 5 teachers),0%,63%,13.1,85%,69%,70%,67%,N/A,N/A,79%,N/A,53%,81%,58%,87,86%,84%,,147 (28%),12% (47),3% (11),13% (52),<1% (1),0% (0),56% (222),Needs Improvement,93%,7%,0%,99%,N/A,N/A,99%,N/A,N/A,96%,N/A,N/A,100%,100%,98%,N/A,100%,74%,92%,96%,67%,87%,N/A,N/A,95%,N/A,91%,76%,85%,78%,78%,88%,N/A,N/A,86%,N/A,72%,74%,84%,76%,80%,63%,55%,50%,70%,N/A,N/A,68%,N/A,56%,90%,66%,96%,67%,53%,55%,40%,59%,N/A,N/A,54%,N/A,41%,90%,92%,89%,90%,N/A,N/A,89%,N/A,86%,80%,79%,60%,66%,N/A,N/A,85%,N/A,69%,85%,70%,69%,N/A,67%,N/A,N/A,70%,N/A,74%,81%,63%,50%,N/A,83%,N/A,N/A,65%,N/A,89%,85%,78%,88%,N/A,58%,N/A,N/A,75%,N/A,74%
02M280,Manhattan Early College School for Advertising,Good,,,meca-nyc.org,Sarah Kaplan,"09,10,11,12,SE",405,Ed. Opt.,Local Support and Improvement,411 Pearl Street,"Manhattan, NY 10038",212-225-0880,9%,28%,58%,<1%,<1%,3%,14%,16%,86%,52%,48%,0%,81%,"Boys: Baseball,Basketball,Lacrosse,Indoor Track,Outdoor Track,Soccer,Volleyball,Cross Country,Wrestling; Girls: Softball,Indoor Track,Basketball,Volleyball,Flag Football,Outdoor Track,Cross Country; Co-Ed: N/A","ReAct, job shadowing, paid internships, SYEP, Model UN,Gender Sexuality Alliance (GSA), Black Student Union, MECA's Got Talent, Book Club, photography club, culinary club","Graphic Design, Advertising Art, Acting, Filmmaking / Video, Studio Art",Career & Technical Education; NYC Solves,N/A (fewer than 5 teachers),20%,0%,0%,0%,67%,6.2,63%,85%,61%,73%,N/A,N/A,N/A,N/A,58%,47%,14%,45,77%,78%,112 (28%),172 (42%),11% (24),29% (66),53% (119),<1% (1),1% (3),4% (10),Good,91%,N/A,N/A,92%,N/A,N/A,88%,N/A,85%,85%,N/A,N/A,N/A,88%,87%,N/A,78%,N/A,92%,92%,88%,96%,N/A,N/A,N/A,N/A,92%,N/A,86%,77%,79%,93%,N/A,N/A,N/A,N/A,92%,N/A,50%,47%,N/A,83%,100%,93%,71%,N/A,N/A,N/A,N/A,79%,81%,48%,96%,N/A,61%,69%,63%,57%,N/A,N/A,N/A,N/A,57%,92%,92%,89%,96%,N/A,N/A,N/A,N/A,79%,77%,69%,81%,78%,N/A,N/A,N/A,N/A,71%,N/A,78%,N/A,83%,84%,N/A,N/A,N/A,N/A,83%,N/A,71%,N/A,83%,71%,N/A,N/A,N/A,N/A,67%,N/A,79%,N/A,83%,85%,N/A,N/A,N/A,N/A,83%
02M282,Urban Assembly Maker Academy,Good,Excellent,Good,www.uamaker.nyc,Amy Piller,"09,10,11,12,SE",530,Ed. Opt.,Local Support and Improvement,411 Pearl Street,"Manhattan, NY 10038",212-225-0890,8%,25%,50%,<1%,0%,13%,6%,26%,74%,32%,68%,0%,88%,"Boys: Baseball,Lacrosse,Cross Country,Soccer,Volleyball,Outdoor Track,Wrestling,Basketball,Indoor Track; Girls: Flag Football,Cross Country,Outdoor Track,Basketball,Indoor Track,Volleyball,Softball; Co-Ed: N/A","Maker Eats and Maker Feeds,Gender Sexuality Alliance (GSA), Kickboxing, Tutoring, Chess, Student Leadership, Design Team, Yearbook, Tech Club, Community Service, Internships, Video Game Club, Dungeons & Dragons, Black Student Union, Career Club, Girls Club, E-Sports, Music/Band","Computer Art / Digital Art, Visual Art, Mixed Media, Graphic Design",Career & Technical Education; NYC Solves; PROSE; Respect for All,11%,25%,14%,0%,0%,46%,3.2,70%,55%,76%,66%,N/A,N/A,65%,67%,69%,78%,51%,42,37%,78%,107 (20%),146 (28%),9% (22),21% (54),49% (125),<1% (2),0% (0),17% (42),Needs Improvement,95%,5%,0%,90%,0%,10%,92%,N/A,92%,93%,N/A,N/A,N/A,94%,91%,100%,88%,78%,93%,91%,93%,94%,N/A,N/A,93%,100%,93%,82%,87%,85%,89%,86%,N/A,N/A,90%,93%,84%,86%,87%,89%,87%,82%,83%,92%,80%,N/A,N/A,75%,93%,79%,87%,60%,98%,76%,56%,60%,68%,48%,N/A,N/A,60%,62%,56%,93%,94%,94%,93%,N/A,N/A,95%,88%,92%,82%,77%,84%,80%,N/A,N/A,87%,81%,81%,93%,88%,100%,81%,90%,N/A,N/A,81%,100%,92%,83%,82%,91%,75%,90%,N/A,N/A,74%,80%,89%,94%,88%,100%,87%,86%,N/A,N/A,86%,N/A,92%
02M288,Food and Finance High School,Good,Fair,Good,www.foodfinancehs.org,Erika Hurtado,"09,10,11,12,SE",450,Ed. Opt.,Local Support and Improvement,525 West 50th Street,"Manhattan, NY 10019",212-586-2943,2%,34%,59%,<1%,<1%,4%,4%,25%,81%,57%,43%,0%,81%,"Boys: Soccer,Basketball,Bowling,Tennis,Volleyball,Baseball; Girls: Volleyball,Basketball; Co-Ed: N/A","Pass the Spatula (Student Magazine) Baking Club,Gender Sexuality Alliance (GSA), Anime, Culinary Competition, National Honors Society, Step Team, Visiting chef program, Cornell nutrition, Entrepreneurship, Internship, Student government, Yearbook, Youth Equity Leadership",Core Music,Career & Technical Education; Future Ready NYC; NYC Solves,N/A (fewer than 5 teachers),27%,19%,0%,0%,38%,3.1,73%,67%,48%,60%,N/A,N/A,55%,50%,53%,58%,42%,42,55%,74%,296 (66%),176 (39%),3% (10),34% (128),58% (223),<1% (1),<1% (2),4% (15),Fair,97%,N/A,N/A,98%,N/A,N/A,92%,N/A,89%,94%,N/A,N/A,N/A,94%,89%,N/A,91%,72%,90%,100%,90%,89%,N/A,N/A,91%,83%,91%,71%,83%,100%,82%,82%,N/A,N/A,83%,62%,80%,74%,71%,68%,85%,80%,78%,79%,79%,N/A,N/A,85%,86%,88%,87%,59%,96%,69%,44%,67%,48%,41%,N/A,N/A,46%,36%,50%,91%,100%,85%,93%,N/A,N/A,92%,100%,94%,74%,78%,72%,75%,N/A,N/A,85%,57%,75%,92%,91%,100%,95%,90%,N/A,N/A,75%,100%,95%,86%,81%,80%,92%,77%,N/A,N/A,57%,N/A,87%,94%,95%,100%,98%,95%,N/A,N/A,75%,N/A,97%
02M294,Essex Street Academy,Excellent,Excellent,Good,www.essexstreetacademy.org,Wallace Simpson,"09,10,11,12,SE",361,Open,Local Support and Improvement,350 Grand Street,"Manhattan, NY 10002",212-475-4773,7%,20%,39%,<1%,<1%,29%,2%,31%,60%,52%,48%,0%,85%,"Boys: Wrestling,Handball,Volleyball,Bowling,Baseball,Basketball,Badminton,Soccer; Girls: Bowling,Wrestling,Swimming,Tennis,Basketball,Softball,Volleyball,Badminton,Table Tennis; Co-Ed: N/A","Black Student Union, Boxing / Martial Arts, Big Sibs, Community Service, Dance Club, Fitness Club, Senior Activities, Junior Fundraising,Gender Sexuality Alliance (GSA), Mock Trial, Music Club, Art and Literary Magazine, Newspaper Club, Strength Training Club, Student Government, Theater Club, Video Game Club, Yearbook, Photography, Fashion Club, Sewing Club, Knitting Club, Film Club, French Club, ESA Student Ambassadors, RJAT","Visual Art, Studio Art, Theater Survey, Classroom Music, Core Music, Mixed Media, Theater",Consortium; Project Pivot; PROSE; Respect for All,N/A (fewer than 5 teachers),N/A (fewer than 5 teachers),N/A (fewer than 5 teachers),0%,0%,55%,8.8,79%,75%,78%,81%,N/A,N/A,85%,N/A,80%,100%,90%,58,97%,73%,,353 (98%),7% (24),20% (70),39% (136),<1% (1),<1% (1),29% (103),Needs Improvement,89%,N/A,N/A,92%,0%,8%,93%,N/A,100%,85%,N/A,N/A,100%,94%,93%,N/A,88%,86%,94%,91%,89%,96%,N/A,N/A,94%,80%,91%,84%,93%,100%,96%,89%,N/A,N/A,93%,100%,92%,94%,97%,93%,90%,88%,83%,89%,84%,N/A,N/A,94%,80%,90%,86%,58%,96%,80%,64%,73%,60%,56%,N/A,N/A,74%,40%,71%,95%,95%,97%,94%,N/A,N/A,95%,80%,92%,85%,95%,78%,82%,N/A,N/A,90%,100%,87%,93%,81%,75%,88%,77%,N/A,N/A,82%,N/A,72%,85%,82%,92%,88%,86%,N/A,N/A,77%,N/A,80%,91%,89%,83%,96%,84%,N/A,N/A,90%,N/A,83%
02M296,High School of Hospitality Management,Fair,Fair,Excellent,hshm.info,Yves Mompoint Jr,"09,10,11,12,SE",202,"D75 Special Education Inclusive Services, Ed. Opt.",Local Support and Improvement,525 West 50th Street,"Manhattan, NY 10019",212-586-0963,2%,26%,68%,<1%,0%,<1%,10%,25%,92%,64%,36%,0%,72%,"Boys: Soccer,Volleyball,Bowling,Baseball,Tennis,Basketball; Girls: Volleyball,Basketball; Co-Ed: N/A","College Readiness Mentors, Culinary Art, Digital Learning, Hydroponics Program,Gender Sexuality Alliance (GSA), Makers Club, National Honor Society, ScriptEd, Yearbook Club, Student Council, Explorers, College Now, Advisory, Weight Lifting, and Cosmetics",Studio Art,Career Readiness and Modern Youth Apprenticeship; Community School; CS for All; Future Ready NYC; NYC Solves; Pathways Advising,N/A (fewer than 5 teachers),N/A (fewer than 5 teachers),N/A (fewer than 5 teachers),0%,0%,60%,12,100%,N/A,53%,66%,N/A,N/A,N/A,83%,69%,79%,79%,40,59%,53%,39 (19%),42 (21%),5% (5),19% (18),74% (72),2% (2),0% (0),0% (0),Good,88%,N/A,N/A,100%,0%,0%,71%,N/A,N/A,67%,N/A,N/A,N/A,84%,45%,N/A,N/A,77%,96%,N/A,88%,100%,N/A,N/A,N/A,N/A,100%,74%,89%,N/A,82%,92%,N/A,N/A,N/A,100%,100%,77%,71%,64%,88%,86%,N/A,85%,86%,N/A,N/A,N/A,67%,69%,74%,30%,97%,71%,41%,N/A,19%,54%,N/A,N/A,N/A,67%,57%,89%,N/A,84%,92%,N/A,N/A,N/A,100%,93%,71%,N/A,58%,78%,N/A,N/A,N/A,50%,64%,96%,N/A,N/A,N/A,N/A,N/A,N/A,N/A,N/A,N/A,86%,83%,N/A,N/A,N/A,N/A,N/A,N/A,N/A,N/A,97%,100%,N/A,N/A,N/A,N/A,N/A,N/A,N/A,N/A
02M298,Pace High School,Fair,Fair,Fair,www.pacehsnyc.org,Eric Glatz,"09,10,11,12,SE",527,Ed. Opt.,Local Support and Improvement,100 Hester Street,"Manhattan, NY 10002",212-334-4663,10%,31%,50%,<1%,1%,5%,4%,22%,80%,55%,45%,0%,81%,"Boys: Volleyball,Cross Country,Basketball,Soccer; Girls: Outdoor Track,Softball,Volleyball,Cross Country,Badminton,Basketball; Co-Ed: N/A","Student Government, Journalism, Debate, Drama Club, Wellness Club, K-Pop Club, Latin Dance, Asian-American Student Union, Sustainability Club,Gender Sexuality Alliance (GSA), Yearbook, Media Club, Guitar Club, Chorus, Math Zone, Academic Tutorials, Anime Club, Chess Club, Fashion Club, Knitting & Crocheting Club, SAT Prep, Video Game Club, and more","Studio Art, Acting, Art History, Visual Art",NYC Solves,12%,N/A (fewer than 5 teachers),22%,0%,0%,54%,8.9,76%,59%,54%,52%,N/A,N/A,30%,60%,59%,49%,41%,50,58%,50%,151 (29%),227 (43%),13% (44),27% (88),49% (162),<1% (1),1% (4),7% (23),Needs Improvement,88%,N/A,N/A,93%,0%,7%,86%,100%,83%,83%,N/A,N/A,N/A,90%,80%,60%,72%,77%,91%,96%,91%,88%,N/A,83%,100%,100%,100%,68%,88%,76%,93%,86%,N/A,100%,100%,86%,90%,80%,73%,86%,87%,79%,77%,81%,78%,N/A,67%,82%,86%,71%,81%,39%,97%,68%,49%,53%,41%,52%,N/A,50%,45%,50%,43%,87%,90%,80%,90%,N/A,83%,91%,71%,81%,67%,60%,65%,70%,N/A,50%,82%,57%,64%,85%,80%,100%,72%,85%,N/A,N/A,82%,100%,100%,83%,81%,75%,88%,80%,N/A,N/A,73%,86%,92%,90%,83%,71%,82%,84%,N/A,N/A,83%,83%,96%
02M300,"Urban Assembly School of Design and Construction, The",Fair,Good,Good,uasdc.org,Anthony Genna,"09,10,11,12,SE",228,Ed. Opt.,Local Support and Improvement,525 West 50th Street,"Manhattan, NY 10019",212-586-0981,<1%,26%,66%,<1%,<1%,4%,7%,23%,86%,37%,63%,0%,88%,"Boys: Tennis,Bowling,Volleyball,Baseball,Basketball,Soccer; Girls: Volleyball,Basketball; Co-Ed: N/A",Student Government Association National Honors Society SDC Ambassadors Art Club Cooking Club Gender Sexuality Alliance (GSA) Sneakerhead Club Theater Club Gaming Club Student-led clubs,"Drawing, Three-Dimensional Art, Illustration, Portfolio Development, Studio Art, Visual Art",Career & Technical Education; NYC Solves; PROSE,N/A (fewer than 5 teachers),36%,24%,N/A (fewer than 5 teachers),N/A (fewer than 5 teachers),28%,1.1,72%,N/A,78%,80%,N/A,N/A,67%,91%,62%,77%,54%,46,38%,61%,89 (39%),87 (38%),0% (0),28% (38),65% (90),0% (0),1% (2),5% (7),Excellent,88%,N/A,N/A,92%,N/A,N/A,93%,N/A,N/A,90%,N/A,N/A,N/A,N/A,93%,N/A,85%,74%,92%,N/A,100%,90%,N/A,N/A,83%,80%,90%,77%,89%,N/A,94%,91%,N/A,N/A,50%,90%,90%,84%,85%,69%,90%,90%,N/A,95%,88%,N/A,N/A,83%,89%,95%,81%,42%,96%,79%,64%,N/A,52%,70%,N/A,N/A,50%,90%,59%,93%,N/A,95%,95%,N/A,N/A,67%,91%,91%,85%,N/A,81%,89%,N/A,N/A,67%,91%,82%,90%,83%,N/A,86%,87%,N/A,N/A,N/A,100%,92%,78%,75%,N/A,86%,74%,N/A,N/A,N/A,71%,92%,94%,90%,N/A,94%,88%,N/A,N/A,N/A,80%,100%
02M303,"Facing History School, The",Good,Good,Good,www.facinghistoryschool.org,Dana Panagot,"09,10,11,12,SE",277,"D75 Special Education Inclusive Services, Ed. Opt.",Local Support and Improvement,525 West 50th Street,"Manhattan, NY 10019",212-757-2680,1%,23%,72%,0%,0%,1%,14%,25%,91%,49%,51%,0%,83%,"Boys: Basketball,Bowling,Volleyball,Tennis,Soccer,Baseball; Girls: Basketball,Volleyball; Co-Ed: N/A","HIGH SHCOOL ACTIVITIES After school clubs: music production, student government, chess club, Kpop club, cooking club,Gender Sexuality Alliance (GSA), barletics, & more! , MIDDLE SCHOOL ACTIVITIES After School Program with Manhattan Youth COMMUNITY EVENTS: field days, Thanksgiving potluck, Valentine's Day candy grams, game days, movie days, spirit weeks, award ceremonies & more!, Field trips: Outward Bound rock climbing, Tenement Museum, Riverside Park ice skating, Museum of City of New York, & more!","Studio Art, Computer Art / Digital Art",Community School; Consortium; PROSE,0%,28%,24%,0%,0%,48%,13.1,83%,N/A,81%,79%,N/A,N/A,N/A,88%,76%,84%,61%,43,70%,57%,7 (3%),134 (48%),2% (3),19% (33),76% (131),0% (0),0% (0),2% (4),Excellent,97%,N/A,N/A,97%,N/A,N/A,92%,N/A,88%,93%,N/A,N/A,N/A,97%,87%,93%,93%,81%,95%,N/A,92%,96%,N/A,N/A,N/A,86%,88%,80%,90%,N/A,92%,88%,N/A,N/A,N/A,78%,88%,91%,87%,90%,89%,84%,N/A,86%,85%,N/A,N/A,N/A,86%,87%,82%,42%,96%,78%,64%,N/A,58%,65%,N/A,N/A,N/A,55%,65%,93%,N/A,90%,94%,N/A,N/A,N/A,96%,89%,82%,N/A,75%,84%,N/A,N/A,N/A,78%,87%,93%,93%,N/A,100%,91%,N/A,N/A,N/A,100%,100%,83%,88%,N/A,86%,89%,N/A,N/A,N/A,89%,100%,90%,88%,N/A,86%,89%,N/A,N/A,N/A,89%,100%
02M305,"Urban Assembly Academy of Government and Law, The",Good,Good,Good,www.uaagl.org,Andrea Brand,"09,10,11,12",252,Ed. Opt.,Local Support and Improvement,350 Grand Street,"Manhattan, NY 10002",212-505-0745,13%,34%,48%,1%,0%,4%,7%,17%,87%,60%,40%,<1%,90%,"Boys: Handball,Baseball,Badminton,Volleyball,Wrestling,Bowling,Soccer,Basketball; Girls: Softball,Table Tennis,Basketball,Badminton,Bowling,Volleyball,Wrestling,Tennis,Swimming; Co-Ed: N/A","AGL Law Team, Moot Court, Mock Trial, Law Themed Trips and Experiences, National Honor Society (NHS), Student Government, Intramural Boys Basketball, Intramural Girls Basketball, Intramural CoEd Volleyball, Intramural Girls Volleyball, Art Club, Intramural Soccer, Annual AGL Multicultural Day, AGL Eagle Event Days, Field Day, Senior Celebrations, Career Exploration Days,Gender Sexuality Alliance (GSA)","Studio Art, Three-Dimensional Art",CS for All; Future Ready NYC; NYC Solves; Project Pivot,N/A (fewer than 5 teachers),19%,N/A (fewer than 5 teachers),0%,0%,54%,0.2,81%,72%,88%,76%,N/A,N/A,62%,78%,75%,95%,90%,40,39%,63%,136 (54%),98 (39%),10% (17),36% (58),48% (77),2% (3),0% (0),4% (6),Excellent,100%,0%,0%,98%,N/A,N/A,88%,N/A,86%,93%,N/A,N/A,N/A,87%,89%,N/A,91%,87%,96%,92%,97%,96%,N/A,N/A,86%,88%,89%,79%,94%,96%,97%,92%,N/A,N/A,100%,89%,93%,90%,100%,82%,96%,95%,96%,92%,96%,N/A,N/A,100%,89%,97%,82%,44%,96%,81%,68%,73%,64%,69%,N/A,N/A,62%,56%,67%,97%,96%,97%,97%,N/A,N/A,100%,100%,97%,82%,77%,78%,85%,N/A,N/A,88%,88%,83%,95%,98%,100%,90%,100%,N/A,N/A,N/A,N/A,100%,73%,78%,64%,80%,87%,N/A,N/A,N/A,N/A,80%,97%,95%,100%,90%,94%,N/A,N/A,N/A,N/A,100%
02M308,Lower Manhattan Arts Academy,Fair,Fair,Fair,lomahs.nyc,Joel Lowy,"09,10,11,12,SE",299,Ed. Opt.,Local Support and Improvement,350 Grand Street,"Manhattan, NY 10002",212-505-0143,7%,32%,56%,<1%,<1%,3%,7%,29%,90%,63%,36%,<1%,74%,"Boys: Bowling,Basketball,Handball,Baseball,Volleyball,Badminton,Wrestling,Soccer; Girls: Badminton,Softball,Basketball,Tennis,Volleyball,Table Tennis,Swimming,Wrestling,Bowling; Co-Ed: N/A","Competitive Dance Team (Chimera Concept), Concert Band, Drama Club (LoMA Theater Ensemble), Video Game Club, Photography Club, Step & Cheer, Intramural Sports, Community Service Club, Arts & Crafts Club, Student Council, LGBTQIA+ Society","Studio Art, Theater Survey, Core Music, Dance",NYC Solves; Project Pivot,N/A (fewer than 5 teachers),N/A (fewer than 5 teachers),N/A (fewer than 5 teachers),0%,0%,63%,1.9,80%,69%,72%,65%,N/A,N/A,80%,92%,63%,81%,74%,28,43%,43%,58 (19%),82 (27%),11% (13),21% (24),61% (69),<1% (1),<1% (1),4% (5),Needs Improvement,86%,N/A,N/A,95%,N/A,N/A,82%,N/A,72%,82%,N/A,N/A,N/A,84%,78%,N/A,82%,73%,90%,100%,83%,92%,N/A,N/A,86%,92%,87%,71%,84%,88%,81%,83%,N/A,N/A,100%,91%,80%,79%,81%,74%,80%,74%,71%,77%,73%,N/A,N/A,83%,80%,75%,75%,39%,95%,67%,42%,33%,49%,39%,N/A,N/A,57%,55%,42%,91%,89%,91%,90%,N/A,N/A,100%,92%,88%,64%,72%,61%,62%,N/A,N/A,86%,75%,64%,87%,83%,80%,86%,87%,N/A,N/A,N/A,N/A,71%,78%,69%,80%,71%,73%,N/A,N/A,N/A,N/A,71%,92%,90%,80%,100%,87%,N/A,N/A,N/A,N/A,71%
02M316,"Urban Assembly School of Business for Young Women, the",,Good,Good,www.uasbfyw.org,Patricia Minaya,"09,10,11,12,SE",74,Ed. Opt.,Local Support and Improvement,26 Broadway,"Manhattan, NY 10004",212-668-0169,4%,38%,50%,1%,0%,7%,26%,24%,94%,100%,0%,0%,84%,"Boys: Volleyball,Soccer,Basketball; Girls: Basketball,Softball,Volleyball; Co-Ed: N/A","Drama Club, Art, Flamenco Vivo, Photography Club, Pod Cast Club, PSAL, Art Survey (Piano, Dance, Singing) Travel Club, PSAL Sports: Basketball, Volleyball, Softball","Studio Art, Visual Art",NYC Solves; PROSE; Respect for All,N/A (fewer than 5 teachers),N/A (fewer than 5 teachers),N/A (fewer than 5 teachers),N/A (fewer than 5 teachers),N/A (fewer than 5 teachers),63%,19.2,75%,N/A,71%,81%,N/A,N/A,N/A,100%,67%,88%,88%,N/A,N/A,74%,33 (45%),34 (46%),8% (3),33% (13),51% (20),0% (0),0% (0),8% (3),Needs Improvement,80%,N/A,N/A,100%,0%,0%,N/A,N/A,N/A,N/A,N/A,N/A,N/A,N/A,N/A,N/A,N/A,85%,88%,N/A,86%,87%,N/A,N/A,N/A,83%,75%,81%,94%,N/A,100%,87%,N/A,N/A,N/A,100%,89%,91%,88%,88%,90%,94%,N/A,93%,94%,N/A,N/A,N/A,100%,100%,78%,21%,96%,85%,68%,N/A,64%,69%,N/A,N/A,N/A,100%,44%,100%,N/A,100%,100%,N/A,N/A,N/A,100%,100%,88%,N/A,93%,81%,N/A,N/A,N/A,100%,78%,88%,86%,N/A,91%,83%,N/A,N/A,N/A,N/A,80%,79%,70%,N/A,80%,67%,N/A,N/A,N/A,N/A,80%,94%,88%,N/A,89%,92%,N/A,N/A,N/A,N/A,N/A
02M374,Gramercy Arts High School,Good,Fair,Good,www.gramercyhs.org,Pamela Mudzingwa Makin,"09,10,11,12,SE",501,"Audition, Screened With Assessment",Local Support and Improvement,40 Irving Place,"Manhattan, NY 10003",212-253-7076,5%,29%,51%,<1%,<1%,12%,2%,19%,75%,71%,29%,<1%,66%,"Boys: Volleyball,Baseball,Soccer,Handball,Basketball; Girls: Softball,Volleyball,Basketball; Co-Ed: N/A","Spring Musical, Fall Play, Equity Team, Student Government, Open Visual Arts Studio, Newspaper, Anime,Gender Sexuality Alliance (GSA), Cleary Gottlieb, Career Day, Yearbook, Community Service","Illustration, Computer Art / Digital Art, Graphic Design, Portfolio Development, Mixed Media, Theater History, Theater Survey, Theater, Acting, Career Development / Industry Prep, and more",NYC Solves,N/A (fewer than 5 teachers),17%,N/A (fewer than 5 teachers),0%,0%,63%,5.1,61%,58%,52%,59%,N/A,N/A,57%,50%,51%,71%,50%,44,66%,70%,250 (50%),208 (42%),4% (12),32% (107),47% (161),<1% (2),<1% (2),13% (45),Needs Improvement,95%,N/A,N/A,98%,N/A,N/A,96%,N/A,100%,93%,N/A,N/A,N/A,97%,94%,N/A,87%,73%,95%,90%,98%,93%,N/A,N/A,98%,83%,96%,74%,85%,84%,92%,83%,N/A,N/A,82%,N/A,74%,69%,78%,61%,83%,73%,91%,79%,70%,N/A,N/A,66%,67%,77%,87%,55%,97%,65%,39%,50%,36%,40%,N/A,N/A,33%,50%,48%,92%,91%,96%,92%,N/A,N/A,89%,83%,94%,65%,48%,73%,65%,N/A,N/A,59%,67%,58%,90%,95%,N/A,N/A,91%,N/A,N/A,N/A,N/A,N/A,89%,100%,N/A,N/A,100%,N/A,N/A,N/A,N/A,N/A,93%,95%,N/A,N/A,91%,N/A,N/A,N/A,N/A,N/A
02M376,NYC iSchool,Excellent,Excellent,Good,nycischool.org,Cara Tait,"09,10,11,12",447,Screened With Assessment,Local Support and Improvement,131 Avenue Of The Americas,"Manhattan, NY 10013",917-237-7300,9%,15%,36%,<1%,0%,34%,2%,26%,55%,54%,46%,0%,95%,"Boys: Handball,Indoor Track,Basketball,Bowling,Cross Country,Baseball; Girls: Cross Country,Softball,Bowling,Basketball,Indoor Track; Co-Ed: N/A","Black Student Union, Anime Club, Creative Writing Club,Gender Sexuality Alliance (GSA), iCare Community Service Club, iNews Club, Model UN, Gardening Club, Magazine Design Club, iSchool Latinx Student Association, Helping Hands Club, and Sewing Club. Clubs are subject to change per year based on student interest.","Core Music, Drawing, Visual Art, Painting, Studio Art, Graphic Design, Theater / Play Production, Art History, Illustration, Printmaking, and more",NYC Solves; PROSE,N/A (fewer than 5 teachers),N/A (fewer than 5 teachers),22%,0%,0%,60%,2.2,84%,83%,85%,84%,N/A,N/A,90%,67%,81%,69%,69%,78,98%,86%,110 (25%),321 (72%),9% (31),15% (52),35% (123),<1% (1),0% (0),36% (128),Needs Improvement,94%,6%,0%,93%,0%,7%,98%,N/A,95%,97%,N/A,N/A,100%,97%,98%,N/A,93%,86%,95%,92%,100%,95%,N/A,N/A,95%,80%,93%,88%,95%,100%,100%,94%,N/A,N/A,94%,100%,96%,97%,100%,100%,94%,91%,94%,96%,91%,N/A,N/A,90%,100%,92%,92%,72%,95%,83%,72%,69%,82%,68%,N/A,N/A,76%,83%,76%,97%,97%,96%,97%,N/A,N/A,96%,100%,98%,89%,86%,93%,89%,N/A,N/A,91%,100%,89%,96%,87%,90%,85%,88%,N/A,N/A,85%,N/A,96%,83%,76%,74%,68%,80%,N/A,N/A,76%,N/A,81%,97%,95%,90%,94%,95%,N/A,N/A,94%,N/A,99%
02M392,Manhattan Business Academy,Good,Good,Good,manhattanbusinessacademy.org,Karen Polsonetti,"09,10,11,12,SE",411,Ed. Opt.,Local Support and Improvement,351 West 18 Street,"Manhattan, NY 10011",212-647-1983,5%,27%,60%,2%,0%,5%,7%,25%,88%,49%,51%,0%,82%,"Boys: Volleyball,Bowling,Basketball,Soccer,Baseball,Wrestling; Girls: Tennis,Volleyball,Bowling,Basketball,Softball; Co-Ed: N/A","Art Club, Business Club, CHILL Snowboarding Club, Hudson Sailing Club, Dance Team, Fitness Club, Guitar Club, National Honor Society, Peer Mediation","Graphic Design, Visual Art",Career & Technical Education; NYC Solves; Project Pivot; PROSE; Respect for All,N/A (fewer than 5 teachers),N/A (fewer than 5 teachers),16%,0%,0%,58%,15.2,68%,71%,71%,73%,100%,N/A,93%,75%,65%,100%,86%,41,53%,61%,50 (12%),103 (25%),8% (10),27% (35),58% (74),2% (2),0% (0),5% (6),Needs Improvement,43%,N/A,N/A,98%,N/A,N/A,90%,N/A,79%,95%,N/A,N/A,N/A,93%,89%,100%,90%,85%,91%,87%,88%,92%,100%,N/A,87%,86%,90%,79%,88%,93%,86%,88%,89%,N/A,94%,88%,87%,97%,100%,100%,86%,80%,87%,76%,81%,78%,N/A,69%,88%,78%,85%,43%,97%,75%,52%,60%,41%,54%,67%,N/A,75%,59%,45%,89%,87%,85%,90%,89%,N/A,100%,88%,88%,74%,73%,67%,76%,78%,N/A,69%,82%,68%,95%,86%,N/A,80%,91%,N/A,N/A,83%,80%,82%,80%,75%,N/A,79%,70%,N/A,N/A,83%,100%,73%,93%,89%,N/A,87%,94%,N/A,N/A,83%,80%,91%
02M393,Business Of Sports School,Fair,Good,Good,nycboss.org,Joshua Solomon,"09,10,11,12,SE",431,Ed. Opt.,Local Support and Improvement,439 West 49th Street,"Manhattan, NY 10019",212-246-2183,2%,34%,61%,<1%,0%,3%,8%,26%,88%,29%,71%,0%,90%,"Boys: Table Tennis,Volleyball,Basketball,Soccer,Outdoor Track,Baseball,Handball,Bowling,Indoor Track; Girls: Basketball,Soccer,Softball,Outdoor Track,Indoor Track,Flag Football,Volleyball; Co-Ed: Stunt",Gender Sexuality Alliance (GSA),"Visual Art, Graphic Design",Career & Technical Education; NYC Solves; Project Pivot,N/A (fewer than 5 teachers),32%,21%,0%,0%,37%,15.2,87%,80%,78%,80%,N/A,N/A,67%,79%,80%,100%,73%,38,63%,72%,86 (20%),212 (49%),4% (9),29% (72),63% (156),<1% (1),0% (0),3% (7),Fair,95%,N/A,N/A,87%,0%,13%,85%,N/A,90%,82%,N/A,N/A,N/A,94%,81%,67%,71%,77%,95%,100%,92%,95%,N/A,N/A,100%,83%,93%,74%,89%,100%,91%,87%,N/A,N/A,83%,71%,90%,92%,86%,95%,88%,86%,80%,81%,88%,N/A,N/A,100%,88%,86%,82%,41%,95%,75%,47%,50%,51%,45%,N/A,N/A,71%,46%,47%,91%,100%,88%,92%,N/A,N/A,100%,92%,91%,75%,60%,72%,76%,N/A,N/A,86%,62%,76%,94%,93%,N/A,89%,94%,N/A,N/A,100%,N/A,88%,82%,84%,N/A,78%,85%,N/A,N/A,100%,N/A,94%,96%,95%,N/A,89%,96%,N/A,N/A,100%,N/A,94%
02M395,A School Without Walls,,,,www.aschoolwithoutwalls.org,Veronica Coleman,"09,10,SE",135,Open,,90 Trinity Place,"Manhattan, NY 10006",N/A,7%,39%,30%,0%,0%,16%,2%,30%,69%,53%,47%,0%,74%,"Boys: Basketball,Soccer; Girls: Volleyball; Co-Ed: N/A","Gender Sexuality Alliance (GSA), Photography Club, Student Leadership Training in Circle Keeping and School Governance, Fashion Club, Student Music Club, Student Generated Elective offerings.","Computer Art / Digital Art, Fashion and Textile Design, Art History, Dance, Music History, Filmmaking / Video",NYC Solves; PROSE,N/A (fewer than 5 teachers),N/A (fewer than 5 teachers),N/A (fewer than 5 teachers),0%,0%,42%,1.2,67%,83%,79%,79%,N/A,N/A,83%,N/A,68%,85%,46%,N/A,N/A,N/A,,42 (31%),17% (7),19% (8),24% (10),0% (0),0% (0),29% (12),Fair,100%,0%,0%,100%,0%,0%,N/A,N/A,N/A,N/A,N/A,N/A,N/A,N/A,N/A,N/A,N/A,79%,90%,100%,88%,92%,N/A,N/A,100%,N/A,86%,84%,92%,88%,100%,92%,N/A,N/A,93%,N/A,95%,84%,92%,100%,85%,84%,88%,92%,88%,N/A,N/A,73%,N/A,81%,84%,59%,97%,79%,65%,67%,73%,62%,N/A,N/A,67%,N/A,73%,93%,100%,96%,85%,N/A,N/A,100%,N/A,91%,74%,67%,80%,73%,N/A,N/A,67%,N/A,76%,98%,100%,N/A,N/A,100%,N/A,N/A,100%,N/A,100%,83%,86%,N/A,N/A,100%,N/A,N/A,83%,N/A,100%,99%,97%,N/A,N/A,100%,N/A,N/A,100%,N/A,100%
02M399,The High School For Language And Diplomacy,Fair,Fair,Fair,hsflad.enschool.org/,Lisa Wang,"09,10,11,12,SE",122,Ed. Opt.,Local Support and Improvement,40 Irving Place,"Manhattan, NY 10003",212-253-2480,7%,25%,52%,2%,2%,9%,15%,16%,82%,58%,42%,0%,62%,"Boys: Handball,Baseball,Volleyball,Soccer,Basketball; Girls: Basketball,Softball,Volleyball; Co-Ed: N/A","LAD Dance Team, Basketball Club, Workplace Challenge, Debate Club, Film Club, Anime Club, Gaming Club, Fitness Club, Dramatic Arts and Talent Show, Stage Crew, Student Government, Yearbook Commitee, National Honor Society, Student Equity Team, Arts & Media Club, Peer Tutoring Program, Peer Mediators Program, Student Podcast Crew, Senior Council, LADirature Student-Led Publication.","Studio Art, Drawing, Filmmaking / Video, Theater Survey, Visual Art",Future Ready NYC; NYC Solves; Pathways Advising; Respect for All,N/A (fewer than 5 teachers),N/A (fewer than 5 teachers),N/A (fewer than 5 teachers),0%,0%,47%,2,60%,83%,80%,82%,N/A,N/A,100%,89%,80%,93%,57%,41,56%,54%,47 (39%),98 (80%),6% (7),23% (26),54% (61),2% (2),2% (2),9% (10),Good,100%,0%,0%,100%,0%,0%,88%,N/A,N/A,82%,N/A,N/A,N/A,100%,74%,N/A,N/A,70%,100%,100%,100%,100%,N/A,N/A,N/A,100%,100%,83%,96%,83%,100%,96%,N/A,N/A,100%,90%,100%,69%,86%,64%,88%,85%,100%,77%,83%,N/A,N/A,100%,90%,100%,76%,39%,97%,72%,54%,50%,83%,46%,N/A,N/A,50%,80%,33%,95%,83%,91%,100%,N/A,N/A,100%,100%,100%,62%,33%,82%,58%,N/A,N/A,50%,56%,83%,86%,92%,N/A,N/A,N/A,N/A,N/A,N/A,N/A,N/A,88%,92%,N/A,N/A,N/A,N/A,N/A,N/A,N/A,N/A,90%,92%,N/A,N/A,N/A,N/A,N/A,N/A,N/A,N/A
02M400,High School for Environmental Studies,Good,Good,Good,www.envirostudies.org,Heather Deflorio,"09,10,11,12,SE",1045,"Ed. Opt., Screened",Local Support and Improvement,444 West 56 Street,"Manhattan, NY 10019",212-262-8113,12%,13%,56%,<1%,<1%,15%,6%,17%,73%,54%,46%,<1%,87%,"Boys: Cross Country,Baseball,Basketball,Soccer,Tennis,Volleyball; Girls: Volleyball,Basketball,Handball,Tennis,Softball,Cross Country,Soccer; Co-Ed: N/A","Anime, Art, Badminton, Black Student Association, Drama, Envirothon, Environmental Media Studio, Feminist Club,Gender Sexuality Alliance (GSA), Drama, Gamers, Generation Z Club, Girls Who Code, Glee, Green Team, Hiking, Hydroponics, Internship, J Club, Latino Students Union, K-Pop, MakerSpace, Media Club, Model UN, Music, Muslim Student Association, National Honor Society, Photography, Rooftop, Science Research, Student Government, Sustainability, Table Tennis, Weight Training, Yearbook","Core Music, Theater Survey, Computer Art / Digital Art, Ceramics, Art History, Filmmaking / Video, Musical Theater, Visual Art",NYC Solves,15%,10%,17%,0%,0%,54%,3.2,88%,49%,57%,57%,80%,N/A,67%,79%,62%,80%,68%,61,86%,74%,329 (31%),241 (23%),19% (87),10% (45),46% (213),<1% (2),<1% (1),22% (100),Fair,99%,N/A,N/A,97%,N/A,N/A,98%,100%,97%,98%,N/A,N/A,97%,99%,96%,100%,98%,77%,93%,92%,90%,94%,100%,N/A,95%,95%,87%,80%,87%,81%,88%,89%,80%,N/A,83%,95%,78%,84%,86%,86%,86%,79%,76%,77%,82%,100%,N/A,74%,91%,76%,87%,58%,96%,72%,51%,51%,47%,49%,60%,N/A,59%,48%,52%,94%,91%,91%,95%,N/A,N/A,94%,95%,91%,77%,61%,87%,78%,100%,N/A,76%,87%,76%,88%,88%,90%,86%,88%,N/A,N/A,88%,N/A,100%,81%,83%,71%,86%,88%,N/A,N/A,79%,N/A,100%,93%,90%,90%,81%,92%,N/A,N/A,90%,N/A,95%
02M407,Institute for Collaborative Education,Excellent,,,iceschoolnyc.org,Peter Karp,"06,07,08,09,10,11,12,SE",287,Screened With Assessment,Local Support and Improvement,345 East 15th Street,"Manhattan, NY 10003",212-475-7972,6%,23%,22%,<1%,1%,42%,<1%,24%,35%,50%,49%,<1%,62%,"Boys: Baseball,Soccer,Basketball; Girls: Basketball,Volleyball,Softball,Soccer; Co-Ed: N/A","Music, Video Game club, chorus, community service, model UN, green team, skittles,Gender Sexuality Alliance (GSA)","Studio Art, Core Music, Music Theory / Musicianship, Fashion and Textile Design, Visual Art, Photography, Directing, Theater Survey, Theater / Play Production, Digital Photography",Consortium; DYCD: COMPASS/SONYC; PROSE,N/A (fewer than 5 teachers),N/A (fewer than 5 teachers),24%,0%,0%,49%,12.6,82%,N/A,N/A,N/A,N/A,N/A,67%,N/A,N/A,N/A,N/A,69,98%,80%,,166 (58%),8% (13),20% (33),18% (30),<1% (1),0% (0),47% (78),Needs Improvement,92%,8%,0%,89%,0%,11%,94%,N/A,91%,87%,N/A,N/A,97%,91%,97%,N/A,77%,N/A,78%,N/A,N/A,N/A,N/A,N/A,83%,N/A,N/A,N/A,67%,N/A,N/A,N/A,N/A,N/A,67%,N/A,N/A,N/A,N/A,N/A,N/A,60%,N/A,N/A,N/A,N/A,N/A,N/A,N/A,N/A,90%,73%,95%,N/A,56%,N/A,N/A,N/A,N/A,N/A,50%,N/A,N/A,78%,N/A,N/A,N/A,N/A,N/A,83%,N/A,N/A,67%,N/A,N/A,N/A,N/A,N/A,67%,N/A,N/A,N/A,83%,N/A,91%,60%,N/A,N/A,85%,N/A,89%,N/A,82%,60%,82%,93%,N/A,N/A,85%,N/A,94%,N/A,92%,100%,91%,79%,N/A,N/A,94%,N/A,100%
02M408,Professional Performing Arts High School,Excellent,Good,Needs Improvement,www.ppasnyc.org,Leah Dyer,"06,07,08,09,10,11,SE",436,Audition,Local Support and Improvement,328 West 48 Street,"Manhattan, NY 10036",212-247-8652,5%,21%,32%,<1%,0%,38%,1%,19%,45%,77%,23%,0%,73%,"Boys: Baseball,Handball,Outdoor Track,Bowling,Indoor Track,Table Tennis,Soccer,Basketball,Volleyball; Girls: Soccer,Volleyball,Softball,Flag Football,Indoor Track,Basketball,Outdoor Track; Co-Ed: Stunt",Gender Sexuality Alliance (GSA),"Voice and Diction, Musical Theater, Acting, Choreography / Dance Composition, Ballet, Dance, Modern Dance, Mixed Choir, Classroom Music, Music Theory / Musicianship, and more",DYCD: COMPASS/SONYC; NYC Solves,15%,15%,N/A (fewer than 5 teachers),N/A (fewer than 5 teachers),N/A (fewer than 5 teachers),68%,1,88%,24%,30%,38%,N/A,N/A,34%,N/A,25%,26%,22%,69,100%,76%,135 (31%),135 (31%),6% (14),17% (38),27% (60),<1% (1),0% (0),45% (102),Needs Improvement,89%,N/A,N/A,82%,0%,18%,99%,N/A,94%,100%,N/A,N/A,100%,99%,100%,N/A,100%,78%,89%,90%,88%,91%,N/A,N/A,91%,N/A,89%,69%,88%,85%,88%,90%,N/A,N/A,88%,N/A,83%,79%,85%,89%,75%,69%,69%,74%,71%,N/A,N/A,62%,N/A,73%,89%,62%,95%,64%,38%,65%,40%,33%,N/A,N/A,36%,N/A,34%,89%,95%,90%,89%,N/A,N/A,88%,N/A,85%,80%,80%,81%,79%,N/A,N/A,82%,N/A,80%,84%,62%,86%,62%,64%,N/A,N/A,58%,N/A,52%,83%,76%,62%,75%,79%,N/A,N/A,75%,N/A,77%,81%,72%,88%,64%,75%,N/A,N/A,74%,N/A,80%
02M411,Baruch College Campus High School,Excellent,Excellent,Good,www.bcchsnyc.net,Alicia Perez Katz,"09,10,11,SE",473,Screened,Local Support and Improvement,55 East 25 Street,"Manhattan, NY 10010",212-683-7440,30%,10%,29%,<1%,<1%,27%,2%,16%,58%,56%,44%,0%,85%,"Boys: Basketball,Baseball,Wrestling,Soccer; Girls: Volleyball,Softball,Basketball,Soccer,Fencing,Badminton; Co-Ed: N/A","Affinity Groups: Black & Latinx Student Union, Asian Affinity Club,Gender Sexuality Alliance (GSA), Equity Team, Jewish Club, Muslim Club. Media Clubs: School Newspaper, Media Team, Tech Team, Film Club. Service Clubs: Key Club, Lorax Environmental Club, Cookies for Cancer, NHS, SAP Board, Baruch Events Committee, Student Government. Academic/Arts Clubs: Peer Tutors, Baruch AP Tutors, Art club, Drama club, Philosophy Club, Career clubs: Rock the Street Wall Street, PENCIL partnership, Debate Team.","Studio Art, Music History, Playwriting, Visual Art, Fashion and Textile Design, Filmmaking / Video, Musical Theater",NYC Solves,N/A (fewer than 5 teachers),N/A (fewer than 5 teachers),N/A (fewer than 5 teachers),0%,0%,71%,20.5,81%,83%,64%,79%,N/A,N/A,73%,N/A,67%,64%,70%,85,95%,95%,256 (54%),276 (58%),32% (104),7% (24),25% (81),<1% (2),<1% (2),31% (98),Needs Improvement,99%,N/A,N/A,85%,0%,15%,100%,100%,N/A,100%,N/A,N/A,100%,100%,100%,N/A,100%,81%,96%,99%,91%,96%,N/A,N/A,94%,N/A,90%,88%,93%,91%,87%,95%,N/A,N/A,94%,N/A,86%,80%,100%,86%,90%,82%,81%,68%,86%,N/A,N/A,85%,N/A,83%,93%,78%,95%,78%,63%,58%,58%,65%,N/A,N/A,67%,N/A,68%,96%,96%,94%,99%,N/A,N/A,95%,N/A,96%,82%,86%,69%,80%,N/A,N/A,87%,N/A,74%,95%,86%,97%,67%,89%,N/A,N/A,80%,N/A,91%,80%,71%,71%,83%,83%,N/A,N/A,68%,N/A,100%,98%,96%,100%,67%,100%,N/A,N/A,95%,N/A,95%
02M412,N.Y.C. Lab School for Collaborative Studies,Excellent,Good,Good,www.nyclabschool.org,Brooke Jackson,"09,10,11,SE",425,"ASD/ACES Program, Screened",Local Support and Improvement,333 West 17 Street,"Manhattan, NY 10011",212-691-6119,29%,7%,18%,<1%,<1%,40%,<1%,28%,50%,46%,54%,0%,84%,"Boys: Baseball,Outdoor Track,Basketball,Soccer,Cross Country; Girls: Soccer,Volleyball,Tennis,Outdoor Track,Flag Football,Cross Country,Basketball,Softball; Co-Ed: Golf","Our clubs are created and led by students. New club proposals are always welcome. Club offerings include: Black Student Union, Asian Culture Club, La Alianza,Gender Sexuality Alliance (GSA), Muslim Student Association, Neurodiversity Student Association, Music Club, Student Government, Model UN, Bike Club, Video Game Club, Green Team, Coding Club, Chess Club, Lab Theater Company, Body Positivity, SALT Photography, Hudson River Community Sailing, Lab Report Newspaper","Core Music, Studio Art, Visual Art, Art History",NYC Solves; PROSE,N/A (fewer than 5 teachers),10%,10%,N/A (fewer than 5 teachers),N/A (fewer than 5 teachers),75%,18,92%,93%,89%,78%,N/A,N/A,88%,N/A,83%,72%,69%,83,83%,88%,217 (51%),208 (49%),30% (94),6% (19),16% (51),<1% (1),<1% (2),42% (134),Needs Improvement,99%,N/A,N/A,97%,N/A,N/A,99%,100%,N/A,N/A,N/A,N/A,98%,100%,98%,N/A,97%,83%,96%,95%,100%,92%,N/A,N/A,97%,N/A,96%,84%,93%,93%,100%,90%,N/A,N/A,93%,N/A,88%,80%,88%,91%,88%,79%,87%,55%,80%,N/A,N/A,79%,N/A,81%,94%,81%,96%,79%,65%,65%,68%,66%,N/A,N/A,63%,N/A,63%,96%,98%,100%,95%,N/A,N/A,95%,N/A,95%,80%,78%,86%,75%,N/A,N/A,83%,N/A,73%,93%,89%,94%,89%,83%,N/A,N/A,87%,N/A,79%,88%,86%,78%,89%,79%,N/A,N/A,92%,N/A,90%,96%,96%,100%,89%,96%,N/A,N/A,96%,N/A,92%
02M413,School of the Future High School,Excellent,Good,,www.sof.edu,Stacy Goldstein,"06,07,08,09,10,11,12,SE",432,Screened With Assessment,Local Support and Improvement,127 East 22 Street,"Manhattan, NY 10010",212-475-8086,19%,12%,20%,<1%,<1%,41%,2%,24%,46%,47%,53%,<1%,74%,"Boys: Soccer,Basketball,Baseball,Volleyball; Girls: Basketball,Handball,Softball,Soccer,Volleyball,Badminton; Co-Ed: N/A","Model United Nations, Student Council,Gender Sexuality Alliance (GSA), Key Club, Global Glimpse, Robotics Team, Black Student Union, Asian Student Association, Latine Heritage Club, Chess Club, Science Club, Drawing Club, Book Club, Anime Club, Games Club, Literature Magazine, Chorus, Drama Club, Debate Club, Prom Committee, Dance Club, Yearbook Committee, Trivia Club, Badminton Club, Afterschool Tutoring, SOF Green Team, Ski & Snowboard Club, The MOTH Storytellers, Operation Smile, Recording Studio Club, Science Olympiad, Social Justice Club","Visual Art, Theater, Graphic Design, Classroom Music, Music Technology, Drawing, Acting, Concert Band, Theater History, Art History",Consortium; DYCD: COMPASS/SONYC,N/A (fewer than 5 teachers),14%,14%,N/A (fewer than 5 teachers),N/A (fewer than 5 teachers),71%,17.1,79%,63%,40%,59%,N/A,N/A,55%,100%,58%,72%,68%,73,99%,78%,169 (39%),264 (61%),20% (63),13% (43),18% (59),<1% (2),<1% (1),39% (126),Needs Improvement,95%,N/A,N/A,98%,N/A,N/A,98%,94%,100%,95%,N/A,N/A,100%,100%,96%,N/A,93%,81%,91%,95%,90%,89%,N/A,N/A,89%,100%,89%,68%,73%,62%,67%,78%,N/A,N/A,73%,100%,70%,84%,96%,80%,71%,54%,62%,56%,59%,N/A,N/A,48%,N/A,62%,92%,74%,97%,67%,52%,51%,51%,56%,N/A,N/A,48%,83%,52%,85%,93%,85%,87%,N/A,N/A,82%,100%,82%,75%,77%,81%,73%,N/A,N/A,72%,100%,74%,N/A,71%,50%,N/A,93%,N/A,N/A,69%,N/A,75%,N/A,76%,58%,N/A,93%,N/A,N/A,84%,N/A,81%,N/A,80%,58%,N/A,100%,N/A,N/A,75%,N/A,80%
02M414,N.Y.C. Museum School,Excellent,Good,Good,www.nycmuseumschool.org,Andre Rodrigues,"09,10,11,12,SE",482,Screened,Local Support and Improvement,333 West 17 Street,"Manhattan, NY 10011",212-675-6206,18%,9%,27%,<1%,<1%,39%,2%,21%,46%,56%,44%,<1%,76%,"Boys: Cross Country,Soccer,Basketball,Baseball,Outdoor Track; Girls: Tennis,Cross Country,Outdoor Track,Basketball,Softball,Volleyball,Flag Football,Soccer; Co-Ed: Golf","Archive Literary and Arts Magazine, Hudson River Community Sailing, Chorus, Guitar Club, Japanese Club, Running Club, Dance Club, Sustainability Club,Gender Sexuality Alliance (GSA), Student Government, Student Activities Council, Computer Building Club, Natural Hair Club, Black Student Union, AAPI Club, Fashion & Design Club, Women's Empowerment Club, Debate Club, Social Justice Club, Sports, Statistics Club, Dungeons & Dragons Club, Drama Club, International Cooking Club, Video Game Design Club, K-Pop Club, Red Cross Club, Photoshop Club, Video Game Club","Studio Art, Photography, Mixed Media",NYC Solves; PROSE; Respect for All,N/A (fewer than 5 teachers),N/A (fewer than 5 teachers),16%,0%,0%,59%,3.2,91%,93%,90%,93%,N/A,N/A,89%,86%,86%,97%,94%,84,88%,84%,268 (56%),237 (49%),20% (64),9% (30),24% (79),<1% (1),<1% (1),41% (135),Needs Improvement,95%,N/A,N/A,96%,N/A,N/A,100%,100%,N/A,100%,N/A,N/A,100%,100%,100%,N/A,100%,75%,94%,96%,88%,87%,N/A,N/A,99%,62%,93%,87%,95%,93%,100%,96%,N/A,N/A,96%,78%,97%,79%,71%,84%,84%,72%,81%,64%,82%,N/A,N/A,66%,78%,74%,93%,79%,95%,70%,50%,48%,34%,44%,N/A,N/A,62%,22%,53%,95%,96%,97%,96%,N/A,N/A,94%,100%,97%,82%,82%,80%,77%,N/A,N/A,87%,89%,84%,88%,85%,93%,83%,85%,N/A,N/A,86%,N/A,92%,80%,75%,69%,92%,75%,N/A,N/A,76%,N/A,86%,96%,93%,93%,83%,97%,N/A,N/A,93%,N/A,94%
02M416,Eleanor Roosevelt High School,Excellent,Excellent,Good,www.erhsnyc.org,Dimitri Saliani,"09,10,11,SE",540,Screened,Local Support and Improvement,411 East 76 Street,"Manhattan, NY 10021",212-772-1220,23%,7%,23%,<1%,<1%,41%,<1%,14%,46%,59%,41%,0%,92%,"Boys: Basketball,Baseball,Outdoor Track,Soccer,Tennis; Girls: Flag Football,Soccer,Outdoor Track,Table Tennis,Volleyball,Basketball,Tennis,Cross Country,Softball; Co-Ed: Golf","Art 4 Heart, Black, Indigenous, and People of Color (BIPOC) Student Union (BSU), Asian Club, Badminton Club, Chess Club, Culinary Club, Debate Club, ElRo Naturalist Club, ElRo PawPrint, ElRo Day Planning Committee, Film and Photography Club, Finance and Investment Club, Gaming Club,Gender Sexuality Alliance (GSA), Girls Lead Our World (GLOW), Green Team, Habitat for Humanity, High School Democrats of America, Jazz Ensemble, Law Team, Life Skills Club, Math Club, Model United Nations, Pawcast, Ping Pong Club, PreMed Club, Red Cross, Stargazer Magazine, STEM Club, Student Government, Tech Club, Yearbook","Mixed Media, Ceramics, Guitar, Classroom Music, Concert Band, Digital Photography, Fashion and Textile Design, Art History, Acting",NYC Solves,17%,N/A (fewer than 5 teachers),N/A (fewer than 5 teachers),0%,0%,74%,16.2,89%,86%,52%,81%,N/A,N/A,81%,N/A,80%,97%,85%,97,99%,87%,400 (74%),318 (59%),24% (113),8% (36),22% (106),<1% (2),<1% (1),40% (191),Needs Improvement,90%,N/A,N/A,90%,N/A,N/A,99%,100%,N/A,100%,N/A,N/A,99%,100%,98%,N/A,100%,84%,95%,94%,84%,95%,N/A,N/A,97%,N/A,96%,89%,97%,97%,92%,96%,N/A,N/A,97%,N/A,96%,85%,91%,85%,94%,89%,94%,81%,84%,N/A,N/A,89%,N/A,88%,95%,89%,97%,76%,61%,58%,62%,57%,N/A,N/A,66%,N/A,63%,96%,98%,100%,93%,N/A,N/A,96%,N/A,93%,85%,86%,65%,77%,N/A,N/A,91%,N/A,78%,94%,90%,88%,93%,82%,N/A,N/A,94%,N/A,95%,82%,69%,63%,67%,68%,N/A,N/A,71%,N/A,85%,98%,97%,95%,100%,94%,N/A,N/A,98%,N/A,98%
02M418,Millennium High School,Excellent,Good,Good,www.millenniumhs.org,Colin Mcevoy,"09,10,11,12,SE",676,"D75 Special Education Inclusive Services, Screened",Local Support and Improvement,75 Broad Street,"Manhattan, NY 10004",212-825-9008,42%,5%,16%,<1%,1%,32%,1%,14%,46%,56%,44%,0%,69%,"Boys: Soccer,Football,Basketball,Indoor Track,Table Tennis,Swimming,Cross Country,Volleyball,Fencing,Outdoor Track,Baseball; Girls: Table Tennis,Swimming,Softball,Indoor Track,Soccer,Fencing,Volleyball,Cross Country,Basketball,Flag Football,Outdoor Track; Co-Ed: Stunt,Double Dutch","The Student Life Program at Millennium consists of 25+ activities that support leadership development, creative expression, social responsibility, healthy lifestyles, civic engagement, and cultural awareness. All extracurricular activities are created based on student interest., , Current (20222023) club offerings include: Art Loft, ASL (American Sign Language), ASU (Asian Student Union), Best Buddies, BLSU (Black Latinx Student Union), Brains & Gains (Workout), Chinese Culture Club, Cooking Club, Design Club, Drama Club, Fitness Club, Girl Rising, Green Team/Sustainability Team,Gender Sexuality Alliance (GSA), Jewish Student Union, Key Club, LGBTQ+ Open Art Space, Literary Magazine ?? Flux, Math Team, Mouse Squad, MSA (Muslim Student Association), Newspaper ?? The Phoenix, PreMed Club, Podcast Club, Red Cross Club, Sound Lab, Student Activities, Video Game Club, Wellness Club, Yearbook, and Young Entrepreneurs Club., , The MHS Student Senate is our representative student government organization. Senior Officers plan and coordinate communitybuilding and celebratory class events.","Studio Art, Mixed Media, Music Theory / Musicianship, Art History",NYC Solves,19%,N/A (fewer than 5 teachers),0%,0%,0%,71%,12.2,86%,81%,81%,81%,N/A,N/A,86%,83%,72%,98%,93%,85,95%,86%,254 (38%),357 (53%),44% (213),5% (23),16% (76),0% (0),<1% (3),32% (154),Needs Improvement,98%,N/A,N/A,96%,N/A,N/A,98%,100%,N/A,92%,N/A,N/A,100%,98%,99%,N/A,93%,83%,94%,94%,90%,95%,N/A,N/A,94%,71%,96%,84%,95%,94%,94%,95%,N/A,N/A,95%,100%,94%,82%,98%,90%,88%,74%,75%,81%,80%,N/A,N/A,72%,86%,82%,96%,90%,96%,69%,49%,49%,58%,50%,N/A,40%,50%,43%,53%,94%,95%,97%,95%,N/A,N/A,92%,71%,89%,75%,77%,55%,78%,N/A,40%,77%,67%,68%,91%,85%,88%,92%,70%,N/A,N/A,84%,N/A,89%,79%,68%,59%,67%,75%,N/A,N/A,72%,N/A,78%,93%,91%,95%,100%,90%,N/A,N/A,87%,N/A,93%
02M419,Landmark High School,Fair,Fair,Good,www.landmarkhs.org/,Susanna Tenny,"09,10,11,12,SE",319,Ed. Opt.,Local Support and Improvement,351 West 18 Street,"Manhattan, NY 10011",212-647-7410,1%,25%,61%,<1%,<1%,7%,13%,29%,86%,54%,46%,0%,73%,"Boys: Baseball,Soccer,Wrestling,Basketball,Volleyball,Bowling; Girls: Softball,Bowling,Volleyball,Tennis,Basketball; Co-Ed: N/A","Student-led clubs including Fashion,Gender Sexuality Alliance (GSA), Theater, Student Council Electives including: guitar, arts, chess, debate, hair styling, barbering, sewing / crochet","Studio Art, Filmmaking / Video, Visual Art, Fashion and Textile Design, Three-Dimensional Art, Guitar, Photography, Graphic Design, Illustration, Computer Art / Digital Art, and more",Career Readiness and Modern Youth Apprenticeship; Consortium; Project Pivot; PROSE,N/A (fewer than 5 teachers),N/A (fewer than 5 teachers),N/A (fewer than 5 teachers),0%,0%,56%,5,75%,N/A,59%,66%,N/A,N/A,89%,83%,69%,86%,71%,42,85%,52%,103 (32%),125 (39%),2% (4),25% (48),59% (114),1% (2),0% (0),7% (13),Needs Improvement,98%,N/A,N/A,96%,N/A,N/A,84%,N/A,91%,84%,N/A,N/A,N/A,87%,81%,100%,71%,78%,92%,N/A,89%,91%,N/A,N/A,100%,91%,92%,73%,87%,N/A,81%,87%,N/A,N/A,100%,93%,86%,88%,86%,86%,86%,79%,N/A,77%,77%,N/A,N/A,90%,93%,81%,80%,33%,96%,71%,53%,N/A,57%,51%,N/A,N/A,60%,67%,59%,92%,N/A,83%,95%,N/A,N/A,100%,100%,84%,69%,N/A,58%,74%,N/A,N/A,89%,79%,66%,94%,87%,N/A,N/A,100%,N/A,N/A,N/A,N/A,80%,91%,96%,N/A,N/A,93%,N/A,N/A,N/A,N/A,100%,89%,91%,N/A,N/A,100%,N/A,N/A,N/A,N/A,80%
02M420,High School for Health Professions and Human Services,Good,Good,Good,hphsnyc.org,Robert Gentile,"09,10,11,12,SE",1653,"Ed. Opt., Screened",Local Support and Improvement,345 East 15th Street,"Manhattan, NY 10003",212-780-9175,20%,15%,54%,1%,<1%,8%,4%,14%,80%,71%,29%,0%,90%,"Boys: Baseball,Soccer,Basketball,Handball; Girls: Volleyball,Flag Football,Cross Country,Indoor Track,Soccer,Handball,Softball,Outdoor Track,Basketball; Co-Ed: N/A","Gender Sexuality Alliance (GSA), Cheerleading, African Dance Team, Drama Club, Girl Up, American Sign Language Club, Muslim Student Alliance (MSA), Guitar Club, Christian Student Group, Gaming Club, Glee Club, Weight Training Club, Book Club, Black Student Union (BSU), La Causa, Art Club, Photography Club, Volleyball Club, Basketball Club, Environmental Club, Super Hero Club, Model UN, Debate Team, Chess Club, Badminton Club, La Fuerza, Culinary Club, Personal Finance/Financial Literacy Club, Movie Appreciation Club, UNICEF Club, CDI Men's Group, CDI Women's Group, SAT Prep Class, National Honor Society, Yearbook Club, Prom Committee, Student Government, Bridge Program","Core Music, Studio Art, Illustration, Visual Art",Career & Technical Education; Future Ready NYC; NYC Solves,21%,10%,12%,0%,N/A (fewer than 5 teachers),52%,15,84%,54%,49%,61%,58%,67%,61%,79%,59%,62%,48%,67,85%,83%,556 (34%),785 (47%),23% (255),14% (150),51% (551),2% (17),<1% (9),9% (96),Fair,97%,3%,0%,96%,0%,4%,95%,97%,94%,93%,N/A,N/A,100%,95%,96%,83%,83%,78%,91%,88%,88%,93%,76%,89%,90%,88%,88%,78%,89%,85%,88%,90%,94%,100%,90%,96%,91%,80%,87%,82%,88%,83%,79%,85%,83%,84%,89%,84%,86%,86%,90%,69%,97%,71%,48%,50%,45%,47%,58%,44%,54%,57%,54%,93%,95%,92%,93%,95%,89%,97%,92%,94%,80%,79%,73%,82%,83%,89%,76%,82%,78%,91%,83%,87%,93%,77%,N/A,N/A,82%,60%,72%,74%,71%,58%,93%,74%,N/A,N/A,77%,89%,89%,93%,87%,85%,93%,85%,N/A,N/A,96%,67%,86%
02M422,Quest to Learn,Fair,Fair,Fair,q2l.org,Marina Galazidis,"06,07,08,09,10,11,12,SE",228,Ed. Opt.,Local Support and Improvement,351 West 18 Street,"Manhattan, NY 10011",212-488-3645,6%,24%,51%,<1%,<1%,15%,12%,32%,76%,38%,62%,0%,77%,"Boys: Volleyball,Wrestling,Soccer,Basketball,Bowling,Baseball; Girls: Volleyball,Bowling,Softball,Tennis,Basketball; Co-Ed: N/A","School newspaper, Chess Club, Chinese Culture Club, Peer Tutoring, Video Game Club, Dance, Book Club, Pageant Club,Gender Sexuality Alliance (GSA), and Coding","Visual Art, Graphic Design, Theater Survey, Dance, Studio Art",21st Century Community Learning Center; Community School; DYCD: COMPASS/SONYC; NYC Solves; Project Pivot,10%,10%,16%,0%,0%,61%,2.9,82%,64%,39%,63%,N/A,N/A,59%,81%,54%,80%,78%,36,34%,58%,32 (14%),64 (28%),13% (10),19% (15),36% (29),1% (1),3% (2),25% (20),Excellent,86%,14%,0%,88%,0%,12%,75%,N/A,N/A,81%,N/A,N/A,N/A,79%,73%,N/A,63%,69%,90%,100%,89%,90%,N/A,N/A,94%,83%,93%,63%,76%,92%,84%,77%,N/A,N/A,61%,69%,72%,74%,76%,80%,83%,76%,62%,92%,70%,N/A,N/A,75%,57%,79%,79%,41%,95%,67%,49%,67%,44%,39%,N/A,N/A,67%,50%,49%,88%,100%,82%,88%,N/A,N/A,94%,94%,90%,67%,75%,76%,63%,N/A,N/A,62%,73%,65%,87%,84%,100%,90%,85%,N/A,N/A,79%,100%,82%,85%,79%,70%,93%,74%,N/A,N/A,74%,83%,84%,90%,86%,90%,100%,72%,N/A,N/A,91%,83%,82%
02M425,Leadership and Public Service High School,Good,Fair,Excellent,leadershipnyc.org,Philip Santos,"09,10,11,12,SE",266,Ed. Opt.,Local Support and Improvement,90 Trinity Place,"Manhattan, NY 10006",212-346-0007,10%,22%,62%,1%,<1%,3%,8%,15%,84%,58%,42%,0%,69%,"Boys: Soccer,Basketball; Girls: Volleyball; Co-Ed: N/A","ASPIRA, Newspaper (LEAD News), The Green Team, SUMMA (Syracuse University Mentor/Mentee Alliance, Big Brothers Big Sisters, Student Government, National Honor Society, Upward Bound, College Now, Bank of America, Zurich, New York Presbyterian Lower Manhattan, Trinity Youth, Touro College, and Syracuse University Summer College","Portfolio Development, Music History, Computer Art / Digital Art, Studio Art, Printmaking, Theater Survey",NYC Solves,N/A (fewer than 5 teachers),N/A (fewer than 5 teachers),35%,0%,0%,30%,13.2,65%,61%,48%,82%,N/A,N/A,N/A,92%,65%,91%,83%,45,61%,51%,152 (57%),74 (28%),11% (23),21% (43),61% (123),1% (3),<1% (1),3% (6),Fair,93%,N/A,N/A,90%,N/A,N/A,91%,N/A,N/A,89%,N/A,N/A,N/A,91%,92%,N/A,N/A,80%,90%,84%,72%,96%,N/A,N/A,N/A,83%,94%,81%,90%,89%,73%,96%,N/A,N/A,N/A,91%,83%,77%,74%,78%,84%,76%,68%,64%,81%,N/A,N/A,N/A,92%,70%,82%,37%,96%,72%,45%,42%,33%,48%,N/A,N/A,N/A,67%,45%,90%,84%,75%,94%,N/A,N/A,N/A,92%,90%,69%,53%,54%,76%,N/A,N/A,N/A,75%,60%,96%,96%,N/A,83%,100%,N/A,N/A,N/A,N/A,N/A,80%,81%,N/A,100%,75%,N/A,N/A,N/A,N/A,N/A,100%,96%,N/A,100%,93%,N/A,N/A,N/A,N/A,N/A
02M427,Manhattan Academy For Arts & Language,Fair,Good,Good,maalnyc.org,Siv Boletsis,"09,10,11,12,SE",302,Language Criteria,Local Support and Improvement,111 East 33 Street,"Manhattan, NY 10016",212-576-0502,<1%,3%,94%,0%,0%,2%,81%,5%,>95%,51%,49%,0%,79%,"Boys: Baseball,Basketball; Girls: Basketball,Volleyball,Softball; Co-Ed: N/A","Chess Club, Soccer Club, Arts and Crafts Club, Yearbook, School Newspaper, Art Club, Dance Club, Knitting Club","Photography, Studio Art",Dual Language or TBE; NYC Solves; New Arrivals; PROSE,N/A (fewer than 5 teachers),0%,46%,0%,0%,32%,14.2,73%,N/A,100%,77%,N/A,N/A,N/A,80%,88%,90%,80%,46,36%,60%,42 (14%),23 (8%),2% (1),2% (1),93% (43),0% (0),0% (0),2% (1),N/A,77%,N/A,N/A,100%,0%,0%,88%,N/A,N/A,90%,N/A,N/A,N/A,86%,N/A,90%,N/A,83%,88%,N/A,80%,89%,N/A,N/A,N/A,84%,88%,68%,85%,N/A,100%,85%,N/A,N/A,N/A,86%,78%,91%,100%,100%,86%,79%,N/A,80%,79%,N/A,N/A,N/A,77%,90%,75%,27%,96%,77%,58%,N/A,80%,58%,N/A,N/A,N/A,53%,70%,93%,N/A,100%,93%,N/A,N/A,N/A,93%,80%,72%,N/A,80%,74%,N/A,N/A,N/A,74%,80%,96%,87%,N/A,N/A,87%,N/A,N/A,N/A,86%,N/A,66%,47%,N/A,N/A,47%,N/A,N/A,N/A,46%,N/A,92%,94%,N/A,N/A,94%,N/A,N/A,N/A,93%,N/A
02M432,Murray Hill Academy,Fair,Fair,Good,www.mhacademy.net,Yvette Sy,"09,10,11,12,SE",238,Ed. Opt.,Local Support and Improvement,111 East 33 Street,"Manhattan, NY 10016",212-696-0195,15%,23%,46%,<1%,<1%,11%,3%,18%,79%,45%,55%,0%,85%,"Boys: Basketball,Baseball; Girls: Softball,Volleyball,Basketball; Co-Ed: N/A","Full Service NYU Health Clinic, Grade Level and All School Student Government, Robotics Club, Book Club, Cheerleading Team, Chess Club, Chinese Culture Club, Meditation Club, LGBTQ+ Club, Cooking Club, Art Club, Girls Inc, Green Team, STEP Team, Open Gym, Yearbook, College Application Supports, School Newspaper (The Paw Print), Muslim Student Union, BringChange2Mind (Mental Health) Club, Paid Internships, 12th grade Capstone Project with L+M Real Estate Development Company in Midtown Manhattan, National Honor Society, In School Internships,","Graphic Design, Theater",NYC Solves; Pathways Advising; PROSE; Respect for All,N/A (fewer than 5 teachers),0%,N/A (fewer than 5 teachers),0%,0%,62%,0,100%,67%,68%,71%,N/A,N/A,87%,100%,58%,81%,70%,49,41%,68%,120 (50%),91 (38%),15% (21),30% (41),41% (57),<1% (1),<1% (1),9% (13),Excellent,89%,N/A,N/A,98%,N/A,N/A,88%,N/A,79%,86%,N/A,N/A,N/A,91%,85%,N/A,N/A,84%,96%,91%,95%,96%,N/A,N/A,100%,100%,100%,74%,87%,79%,91%,94%,N/A,N/A,81%,N/A,90%,84%,90%,90%,91%,86%,88%,82%,93%,N/A,N/A,72%,80%,85%,82%,43%,96%,76%,53%,62%,38%,54%,N/A,N/A,56%,40%,43%,93%,92%,87%,95%,N/A,N/A,94%,100%,95%,75%,71%,52%,86%,N/A,N/A,76%,100%,76%,91%,74%,67%,83%,81%,N/A,N/A,60%,N/A,83%,80%,70%,50%,67%,88%,N/A,N/A,70%,N/A,83%,96%,91%,100%,100%,93%,N/A,N/A,80%,N/A,100%
02M437,Hudson High School of Learning Technologies,Good,Good,Good,www.hudsonhs.com/admissions.html,Michael Wilson,"09,10,11,12,SE",176,"D75 Special Education Inclusive Services, Open",Local Support and Improvement,351 West 18 Street,"Manhattan, NY 10011",212-488-3330,7%,25%,61%,0%,0%,7%,15%,24%,82%,34%,66%,0%,77%,"Boys: Soccer,Bowling,Wrestling,Basketball,Volleyball,Baseball; Girls: Volleyball,Basketball,Bowling,Softball,Tennis; Co-Ed: N/A","MANGA, Robotics, Coding, Student Choir, Yearbook,Gender Sexuality Alliance (GSA), Student Government, Art, Photography, Dance, Video Gaming, and Running Club.","Guitar, Music Technology, Studio Art",NYC Solves; Project Pivot,N/A (fewer than 5 teachers),N/A (fewer than 5 teachers),N/A (fewer than 5 teachers),0%,0%,56%,5.2,67%,82%,69%,73%,N/A,N/A,89%,85%,62%,73%,40%,50,83%,65%,83 (47%),85 (48%),10% (12),24% (29),60% (72),0% (0),0% (0),6% (7),Fair,73%,N/A,N/A,92%,N/A,N/A,83%,N/A,N/A,75%,N/A,N/A,N/A,81%,84%,N/A,90%,66%,91%,100%,86%,90%,N/A,N/A,100%,95%,91%,76%,86%,91%,89%,84%,N/A,N/A,89%,76%,85%,83%,87%,100%,85%,79%,83%,81%,77%,N/A,N/A,90%,90%,74%,86%,51%,96%,72%,51%,55%,43%,51%,N/A,N/A,78%,48%,56%,92%,100%,89%,91%,N/A,N/A,100%,95%,92%,77%,73%,67%,79%,N/A,N/A,100%,85%,73%,94%,96%,N/A,100%,90%,N/A,N/A,N/A,N/A,100%,64%,62%,N/A,67%,55%,N/A,N/A,N/A,N/A,60%,100%,100%,N/A,100%,100%,N/A,N/A,N/A,N/A,100%
02M438,International High School at Union Square,Good,Excellent,Good,www.ihs-us.org,Vadewatie Ramsuchit,"09,10,11,12",370,Language Criteria,Local Support and Improvement,40 Irving Place,"Manhattan, NY 10003",212-533-2560,5%,11%,76%,<1%,1%,5%,88%,1%,>95%,48%,52%,0%,91%,"Boys: Basketball,Soccer,Volleyball,Handball,Baseball; Girls: Softball,Volleyball,Basketball; Co-Ed: N/A","Peer Tutoring, Art Club, French Heritage Club, Hispanic Heritage Club, Arts Club (Talent Show), Asian Heritage Club, Global Kids (Drumming) City Wide Global Kids, Student Government, Glasswing,Gender Sexuality Alliance (GSA), Dream Team Club","Studio Art, Visual Art",Consortium; DYCD: COMPASS/SONYC; NYC Solves; New Arrivals,21%,N/A (fewer than 5 teachers),21%,N/A (fewer than 5 teachers),N/A (fewer than 5 teachers),46%,9,75%,94%,94%,93%,N/A,80%,93%,92%,N/A,86%,43%,53,52%,37%,,156 (42%),6% (9),15% (23),72% (113),0% (0),0% (0),6% (10),N/A,N/A,N/A,0%,100%,0%,0%,85%,N/A,N/A,84%,N/A,N/A,N/A,85%,86%,85%,N/A,84%,93%,93%,94%,92%,N/A,100%,100%,94%,N/A,87%,92%,87%,94%,92%,N/A,100%,93%,93%,N/A,89%,90%,85%,91%,89%,81%,87%,90%,N/A,100%,86%,90%,N/A,87%,53%,94%,85%,72%,87%,84%,70%,N/A,60%,64%,72%,N/A,96%,94%,100%,95%,N/A,100%,93%,96%,N/A,90%,88%,94%,90%,N/A,100%,86%,90%,N/A,95%,91%,100%,96%,90%,N/A,N/A,89%,89%,N/A,82%,83%,90%,77%,82%,N/A,N/A,89%,82%,N/A,97%,96%,100%,100%,94%,N/A,N/A,100%,95%,N/A
02M439,Manhattan Village Academy,Excellent,Good,Good,manhattanvillageacademy.org/,Christina White,"09,10,11,12,SE",404,Screened,Local Support and Improvement,43 West 22 Street,"Manhattan, NY 10010",212-242-8752,17%,15%,52%,<1%,<1%,13%,3%,19%,64%,55%,45%,0%,76%,"Boys: Baseball,Soccer,Basketball,Table Tennis; Girls: Basketball,Soccer,Softball,Table Tennis; Co-Ed: N/A","Art Club, Architecture Club, Anime Club, Book Club, Bring Change to Mind, Crafts Club, Creative Writing Club, Film Club, Fraternity, MVA Band, MVA Senior Class Fundraising Committee, National Honor Society, PM School & Saturday Academy, Spirit Week, Student Ambassadors, Student Council, Video Game Club, Yearbook Committee,Gender Sexuality Alliance (GSA)","Core Music, Concert Band, Graphic Design",NYC Solves,N/A (fewer than 5 teachers),N/A (fewer than 5 teachers),N/A (fewer than 5 teachers),0%,0%,64%,5,100%,81%,91%,76%,N/A,N/A,86%,100%,76%,58%,42%,80,100%,91%,248 (61%),232 (57%),20% (62),15% (46),49% (153),<1% (3),<1% (1),14% (42),Fair,70%,N/A,N/A,92%,N/A,N/A,98%,90%,100%,100%,N/A,N/A,100%,98%,98%,N/A,96%,79%,98%,98%,100%,96%,N/A,N/A,100%,100%,97%,89%,96%,94%,100%,97%,N/A,N/A,94%,80%,90%,67%,38%,73%,82%,70%,69%,83%,70%,N/A,N/A,65%,83%,75%,92%,76%,95%,76%,58%,48%,67%,61%,N/A,N/A,63%,33%,49%,96%,96%,96%,94%,N/A,N/A,100%,100%,95%,82%,76%,92%,88%,N/A,N/A,68%,100%,68%,88%,94%,100%,95%,95%,N/A,N/A,85%,N/A,95%,86%,77%,69%,89%,78%,N/A,N/A,70%,N/A,85%,97%,96%,100%,89%,98%,N/A,N/A,95%,N/A,100%
02M449,Vanguard High School,Good,Good,Good,www.vanguardhighschool.org,Rita Doyle,"09,10,11,12,SE",410,Ed. Opt.,Local Support and Improvement,317 East 67 Street,"Manhattan, NY 10065",212-517-5175,2%,28%,60%,<1%,<1%,8%,7%,24%,84%,51%,49%,0%,88%,"Boys: Basketball,Soccer,Volleyball,Badminton; Girls: Basketball,Swimming,Volleyball,Badminton,Soccer; Co-Ed: N/A",Gender Sexuality Alliance (GSA),"Visual Art, Core Music, Music Technology, Illustration, Classroom Music",Consortium; CS for All; Future Ready NYC; PROSE; Respect for All,19%,25%,16%,0%,N/A (fewer than 5 teachers),31%,5,72%,40%,70%,72%,N/A,N/A,50%,75%,69%,94%,72%,45,56%,74%,50 (12%),118 (29%),2% (4),24% (45),59% (110),<1% (1),1% (2),12% (22),Fair,92%,N/A,N/A,94%,N/A,N/A,88%,N/A,85%,90%,N/A,N/A,N/A,91%,82%,N/A,83%,81%,90%,100%,91%,89%,N/A,N/A,94%,91%,81%,79%,87%,100%,82%,88%,N/A,N/A,93%,100%,84%,91%,88%,94%,92%,90%,100%,92%,91%,N/A,N/A,82%,100%,82%,78%,29%,99%,79%,56%,67%,61%,53%,N/A,N/A,47%,54%,52%,94%,100%,86%,96%,N/A,N/A,94%,100%,90%,82%,67%,69%,87%,N/A,N/A,82%,85%,80%,95%,90%,N/A,85%,95%,N/A,N/A,N/A,N/A,100%,85%,83%,N/A,71%,86%,N/A,N/A,N/A,N/A,90%,94%,90%,N/A,85%,95%,N/A,N/A,N/A,N/A,100%
02M459,Manhattan International High School,Good,Good,Good,www.mihsnyc.org,Gladys Rodriguez,"09,10,11,12",373,Language Criteria,Local Support and Improvement,317 East 67 Street,"Manhattan, NY 10065",212-517-6728,8%,16%,63%,<1%,<1%,11%,73%,3%,>95%,48%,52%,0%,89%,"Boys: Basketball,Badminton,Soccer,Volleyball; Girls: Swimming,Volleyball,Badminton,Basketball,Soccer; Co-Ed: N/A","Afterschool: Cooking Club, French Heritage Club, NYPD Explorers, Theater Club, Student Government, Yearbook, Anime Club, Fitness Club, Big Brother/Big Sister, Swimming (onsite Pool in building), Gaming Club, onsite YMCA (Rowe Scholars, Community Service, Internships, Learn to Earn, Y Swear, Swimming, Global Teens, SAT Prep, Biking, College Road Trips and Rallies). Saturday Academy: Literacy Program, Regents Prep and Math Prep Summer Programs: Summer Youth Employment Program, Career Connect- Workplace Challenge with Solar One (Paid stipend), John Jay Upward Bound, College Now Summer, English Enrichment Classes, and Incoming Student Orientation Program.,Gender Sexuality Alliance (GSA)","Visual Art, Graphic Design, Studio Art, Mixed Media, Filmmaking / Video",Career Readiness and Modern Youth Apprenticeship; Consortium; CS for All; Future Ready NYC; New Arrivals; PROSE; Respect for All,26%,N/A (fewer than 5 teachers),N/A (fewer than 5 teachers),0%,0%,39%,12,83%,73%,93%,87%,N/A,N/A,88%,89%,N/A,79%,61%,47,49%,49%,32 (9%),173 (46%),10% (19),19% (37),57% (109),<1% (1),1% (2),12% (22),N/A,100%,0%,0%,86%,N/A,N/A,85%,N/A,84%,84%,N/A,N/A,N/A,81%,88%,84%,N/A,85%,89%,86%,68%,94%,N/A,N/A,92%,86%,N/A,83%,89%,87%,81%,93%,N/A,N/A,85%,87%,100%,90%,82%,92%,91%,89%,83%,89%,91%,N/A,N/A,85%,89%,83%,86%,56%,97%,82%,67%,59%,69%,66%,N/A,N/A,77%,66%,50%,92%,87%,81%,95%,N/A,N/A,96%,91%,67%,84%,65%,71%,88%,N/A,N/A,96%,84%,83%,96%,92%,95%,94%,91%,N/A,N/A,89%,92%,100%,83%,77%,80%,77%,77%,N/A,N/A,76%,80%,100%,96%,95%,95%,95%,96%,N/A,N/A,84%,96%,100%
02M475,Stuyvesant High School,Excellent,Excellent,Good,stuy.edu,Seung Yu,"09,10,11,12",3254,Test,Local Support and Improvement,345 Chambers Street,"Manhattan, NY 10282",212-312-4800,71%,2%,4%,<1%,<1%,17%,<1%,2%,45%,45%,55%,0%,95%,"Boys: Handball,Volleyball,Gymnastics,Badminton,Football,Outdoor Track,Table Tennis,Basketball,Bowling,Tennis,Lacrosse,Baseball,Cross Country,Wrestling,Soccer,Indoor Track,Fencing,Swimming; Girls: Basketball,Golf,Outdoor Track,Indoor Track,Table Tennis,Lacrosse,Cross Country,Soccer,Fencing,Handball,Volleyball,Swimming,Gymnastics,Softball,Bowling,Badminton,Tennis; Co-Ed: Cricket,Stunt,Golf",Gender Sexuality Alliance (GSA),"Art History, Core Music, Concert Band, Treble Choir, Classroom Music, String Orchestra, Drawing, Studio Art, Symphonic Orchestra, Painting, and more",Respect for All,21%,3%,10%,0%,0%,64%,4.1,94%,89%,86%,96%,100%,88%,92%,N/A,98%,86%,69%,95,100%,98%,2491 (77%),1947 (60%),71% (1951),2% (61),4% (109),<1% (16),<1% (18),17% (455),Fair,93%,N/A,N/A,55%,0%,45%,98%,99%,96%,97%,N/A,N/A,97%,100%,97%,N/A,N/A,84%,94%,95%,91%,88%,100%,78%,93%,N/A,91%,90%,98%,98%,98%,97%,100%,100%,97%,N/A,95%,82%,86%,80%,90%,81%,82%,78%,84%,94%,67%,80%,N/A,72%,96%,93%,96%,71%,51%,51%,45%,51%,50%,42%,52%,N/A,61%,96%,97%,94%,94%,100%,84%,94%,N/A,95%,81%,80%,74%,79%,75%,68%,84%,N/A,81%,89%,85%,88%,89%,78%,83%,53%,81%,N/A,78%,78%,60%,61%,71%,56%,33%,40%,56%,N/A,72%,93%,90%,92%,86%,85%,83%,80%,87%,N/A,77%
02M489,High School of Economics and Finance,Good,Good,Good,www.ecoandfin.org,Michael Stanzione,"09,10,11,12,SE",669,Ed. Opt.,Local Support and Improvement,100 Trinity Place,"Manhattan, NY 10006",212-346-0708,20%,19%,51%,<1%,<1%,9%,3%,14%,77%,44%,56%,0%,79%,"Boys: Outdoor Track,Cross Country,Handball,Basketball; Girls: Flag Football,Softball,Outdoor Track,Basketball,Cross Country,Tennis; Co-Ed: N/A","Financial Women's Association, National Honor Society, Student Government, Cooking Club, Debate Club, Model United Nations, Big Brother Big Sister, Young Professionals Mentoring Program (YPMP), Pride Club (LGBTQIA+), LitMag (Literary Magazine), Panther Prophet (School Newspaper), KMPG Mentoring Program, Book Clubs, Liberty Partnership Program, NAF Academy of Finance, Futures & Options, Exploring Careers, Investment Club, Green Team Environmental Sustainability Club, Global Glimpse, Atlantic Theater Company, Wendy Wasserstein Open Door Scholars, Mindfulness Club, Yearbook, Art Club, Federal Reserve Challenge, December Fest/MADfest (Music Art Dance), Weightlifting Club, Theater Art and Dance (TADA), Trinity Commons, Board Game Club, Chess, Discussion and Support Group, EuroChallenge, Students Demand Action, Write On, La Familia, Sister Zone, Muslim Club, Soccer Club, Ping Pong Club, Rock the Wall Street","Studio Art, Mixed Media, Theater / Play Production, Visual Art",Career & Technical Education; NYC Solves,13%,N/A (fewer than 5 teachers),11%,0%,0%,60%,17.1,82%,67%,52%,79%,N/A,N/A,63%,64%,66%,88%,84%,55,77%,68%,360 (54%),237 (35%),22% (95),17% (73),51% (219),<1% (3),<1% (3),8% (36),Fair,92%,8%,0%,93%,0%,7%,92%,93%,93%,90%,N/A,N/A,N/A,95%,90%,N/A,75%,77%,95%,90%,98%,96%,N/A,N/A,100%,91%,95%,79%,86%,84%,92%,86%,N/A,N/A,85%,73%,78%,81%,88%,81%,86%,79%,78%,72%,82%,N/A,N/A,74%,83%,79%,88%,69%,96%,68%,46%,43%,47%,48%,N/A,N/A,39%,50%,31%,95%,93%,95%,97%,N/A,N/A,87%,92%,90%,74%,68%,68%,78%,N/A,N/A,71%,75%,71%,90%,84%,92%,71%,77%,N/A,N/A,88%,N/A,78%,78%,69%,56%,86%,68%,N/A,N/A,100%,N/A,78%,94%,88%,92%,86%,83%,N/A,N/A,88%,N/A,89%
02M500,Unity Center for Urban Technologies,Excellent,Excellent,Excellent,www.schools.nyc.gov/schools/M500,Fausto De La Rosa,"09,10,11,12,SE",273,Ed. Opt.,Local Support and Improvement,111 East 33 Street,"Manhattan, NY 10016",212-576-0530,11%,14%,65%,2%,<1%,5%,18%,14%,86%,46%,54%,0%,95%,"Boys: Baseball,Basketball; Girls: Basketball,Volleyball,Softball; Co-Ed: N/A",N/A,"Graphic Design, Computer Art / Digital Art, Painting",NYC Solves; Respect for All,0%,N/A (fewer than 5 teachers),63%,0%,0%,N/A (fewer than 5 teachers),17.1,88%,100%,100%,98%,N/A,N/A,100%,100%,100%,87%,67%,44,59%,63%,196 (72%),43 (16%),9% (18),15% (30),63% (124),2% (4),1% (2),7% (14),Excellent,71%,N/A,N/A,92%,N/A,N/A,94%,N/A,N/A,96%,N/A,N/A,N/A,100%,90%,N/A,73%,86%,100%,100%,100%,100%,N/A,N/A,100%,100%,100%,95%,97%,100%,96%,98%,N/A,N/A,100%,100%,100%,80%,71%,80%,93%,96%,96%,96%,95%,N/A,N/A,100%,88%,91%,84%,54%,96%,93%,98%,100%,96%,98%,N/A,N/A,91%,100%,100%,99%,100%,96%,100%,N/A,N/A,100%,100%,100%,98%,100%,92%,99%,N/A,N/A,100%,100%,100%,94%,100%,100%,100%,100%,N/A,N/A,100%,100%,100%,98%,97%,96%,100%,98%,N/A,N/A,92%,100%,100%,100%,99%,100%,100%,99%,N/A,N/A,100%,100%,100%
02M507,Urban Assembly Gateway School for Technology,Excellent,Excellent,Excellent,www.uagateway.org,Kristina Dvorakovskaya,"09,10,11,12,SE",419,Ed. Opt.,Local Support and Improvement,439 West 49th Street,"Manhattan, NY 10019",212-246-1041,6%,20%,59%,2%,0%,12%,4%,28%,72%,18%,82%,0%,89%,"Boys: Indoor Track,Table Tennis,Soccer,Outdoor Track,Bowling,Handball,Baseball,Basketball,Volleyball; Girls: Soccer,Outdoor Track,Softball,Volleyball,Basketball,Indoor Track,Flag Football; Co-Ed: Stunt","Music Club, UAG Band, Gamer Haven, Unity Club, Creative Writing, Art Club, Paint Club, Smash Bros, Dungeons & Dragons, Anime, Yearbook, Volleyball Club, Knitting, Volunteer Club, Restorative Justice, Pokemon Go, Fitness Club, Table Top Club, Sound On, Chess, Yoga, TikTok, Music Production, Board Game club, and anything you want to start!",Mixed Media,Career & Technical Education; Career Readiness and Modern Youth Apprenticeship; NYC Solves; Project Pivot; Respect for All,16%,14%,14%,0%,0%,51%,7.1,73%,86%,87%,89%,67%,N/A,77%,100%,82%,76%,45%,62,84%,63%,129 (31%),180 (43%),6% (14),20% (50),59% (145),2% (5),0% (0),12% (29),Needs Improvement,96%,N/A,N/A,97%,N/A,N/A,100%,N/A,100%,100%,N/A,N/A,N/A,100%,100%,N/A,100%,82%,92%,91%,91%,92%,100%,N/A,90%,70%,90%,81%,90%,86%,92%,89%,100%,N/A,87%,80%,88%,87%,74%,95%,89%,83%,86%,81%,85%,100%,N/A,75%,75%,86%,90%,68%,97%,80%,67%,82%,70%,67%,67%,N/A,57%,50%,68%,94%,95%,92%,95%,100%,N/A,89%,100%,95%,83%,86%,87%,82%,83%,N/A,82%,67%,80%,97%,97%,93%,100%,96%,N/A,N/A,100%,100%,97%,95%,95%,92%,92%,97%,N/A,N/A,93%,86%,94%,98%,97%,100%,98%,97%,N/A,N/A,97%,100%,96%
02M519,Talent Unlimited High School,Excellent,Fair,Good,tuhs.nyc,William Gagstetter,"09,10,11,12,SE",445,Audition,Local Support and Improvement,317 East 67 Street,"Manhattan, NY 10065",212-737-1530,4%,21%,55%,<1%,<1%,14%,2%,18%,62%,76%,24%,0%,84%,"Boys: Soccer,Volleyball,Badminton,Basketball; Girls: Volleyball,Badminton,Basketball,Swimming,Soccer; Co-Ed: N/A","American Sign Language Club, Anointed Voices, Asian Culture Club, Chess Club, Dungeon and Dragons Club, Dance Team, Equity Team, Gospel Choir,Gender Sexuality Alliance (GSA), HOSA, Music Composition Club, Music Production Club, Newspaper Club, Piano Lab, SAT Prep, Songwriting, Student Government (SGO)","Music Theory / Musicianship, Musical Theater, Ballet, Acting, Theater History, Dance, Theater / Play Production, Repertory / Dance Company, Chamber Music, String Orchestra, and more",Career & Technical Education; NYC Solves,18%,N/A (fewer than 5 teachers),N/A (fewer than 5 teachers),0%,0%,58%,4.9,88%,55%,52%,54%,N/A,N/A,58%,N/A,51%,73%,61%,61,89%,86%,366 (82%),175 (39%),5% (19),21% (87),55% (233),<1% (2),<1% (2),14% (59),Fair,89%,N/A,N/A,91%,0%,9%,95%,N/A,96%,93%,N/A,N/A,N/A,95%,96%,N/A,89%,80%,91%,100%,89%,92%,N/A,N/A,87%,N/A,85%,79%,93%,91%,93%,92%,N/A,N/A,95%,N/A,95%,79%,91%,82%,89%,81%,92%,84%,81%,N/A,N/A,74%,N/A,78%,87%,57%,96%,73%,50%,62%,45%,50%,N/A,N/A,60%,N/A,65%,92%,100%,88%,91%,N/A,N/A,95%,N/A,89%,80%,85%,82%,78%,N/A,N/A,78%,N/A,84%,94%,86%,89%,87%,86%,N/A,N/A,81%,N/A,77%,85%,78%,89%,80%,78%,N/A,N/A,68%,N/A,92%,94%,91%,89%,97%,89%,N/A,N/A,93%,N/A,85%
02M520,Murry Bergtraum High School for Business Careers,Fair,,,www.schools.nyc.gov/schools/M520,Joyell Simmons,"09,10,11,12,SE",130,"Ed. Opt., Open",Local Support and Improvement,411 Pearl Street,"Manhattan, NY 10038",212-964-9610,6%,48%,41%,<1%,0%,3%,0%,18%,86%,45%,55%,0%,67%,"Boys: Soccer,Outdoor Track,Indoor Track,Baseball,Cross Country,Basketball,Wrestling,Lacrosse,Volleyball; Girls: Basketball,Indoor Track,Cross Country,Softball,Outdoor Track,Volleyball,Flag Football; Co-Ed: N/A",N/A,Art History,NYC Solves; Respect for All,N/A (fewer than 5 teachers),N/A (fewer than 5 teachers),N/A (fewer than 5 teachers),0%,0%,36%,4.8,93%,N/A,79%,84%,N/A,N/A,N/A,N/A,78%,N/A,N/A,41,67%,N/A,82 (63%),49 (38%),7% (7),48% (46),41% (39),0% (0),0% (0),2% (2),Fair,64%,36%,0%,96%,N/A,N/A,94%,N/A,92%,N/A,N/A,N/A,N/A,90%,100%,N/A,N/A,N/A,92%,N/A,96%,93%,N/A,N/A,N/A,N/A,100%,N/A,93%,N/A,100%,92%,N/A,N/A,N/A,N/A,100%,N/A,N/A,N/A,N/A,77%,N/A,81%,71%,N/A,N/A,N/A,N/A,90%,78%,31%,97%,N/A,50%,N/A,44%,52%,N/A,N/A,N/A,N/A,50%,90%,N/A,92%,86%,N/A,N/A,N/A,N/A,82%,69%,N/A,60%,79%,N/A,N/A,N/A,N/A,70%,N/A,67%,N/A,80%,N/A,N/A,N/A,N/A,N/A,N/A,N/A,62%,N/A,N/A,N/A,N/A,N/A,N/A,N/A,N/A,N/A,56%,N/A,60%,N/A,N/A,N/A,N/A,N/A,N/A
02M529,Jacqueline Kennedy Onassis High School,Fair,Fair,Good,JKOhighschool.org,Manuel Urena,"09,10,11,12,SE",292,Ed. Opt.,Local Support and Improvement,120 West 46 Street,"Manhattan, NY 10036",212-391-0041,3%,21%,66%,1%,<1%,7%,14%,19%,87%,62%,38%,0%,74%,"Boys: Soccer,Volleyball,Indoor Track,Basketball,Handball,Baseball,Bowling,Outdoor Track,Table Tennis; Girls: Outdoor Track,Soccer,Flag Football,Volleyball,Indoor Track,Basketball,Softball; Co-Ed: Stunt","After School Tutoring, Big Brothers/Big Sisters Work Place Mentoring Program, BSU, Coding Club, Creative Writing Club, Dance, Game Club, Helping Hands Society, LUCHA, Marsh and McLennan Mentoring Program, Morgan Stanley Mentoring Program, National Honor Society, Pickleball, Senior Council, Smash Arts Tech Team, Student Government, Journalism Club, Chess Club, Music Club, Fitness Club","Studio Art, Fashion and Textile Design, Mixed Media, Visual Art",Career & Technical Education; NYC Solves; Respect for All,24%,N/A (fewer than 5 teachers),33%,0%,0%,24%,5.1,76%,86%,63%,74%,N/A,N/A,50%,74%,69%,95%,91%,51,69%,64%,95 (33%),143 (49%),3% (6),21% (37),67% (118),1% (2),1% (2),7% (12),Needs Improvement,89%,11%,0%,95%,N/A,N/A,91%,N/A,N/A,89%,N/A,N/A,N/A,96%,85%,N/A,N/A,74%,85%,86%,89%,87%,N/A,N/A,62%,81%,91%,76%,92%,71%,97%,93%,N/A,N/A,83%,100%,94%,85%,100%,91%,87%,79%,71%,85%,79%,N/A,N/A,64%,81%,82%,81%,43%,97%,70%,48%,43%,53%,47%,N/A,N/A,43%,59%,49%,86%,86%,92%,85%,N/A,N/A,86%,90%,91%,70%,57%,69%,70%,N/A,N/A,71%,86%,77%,92%,90%,N/A,100%,86%,N/A,N/A,86%,100%,N/A,85%,80%,N/A,78%,77%,N/A,N/A,86%,86%,N/A,93%,92%,N/A,100%,86%,N/A,N/A,100%,100%,N/A
02M531,Repertory Company High School for Theatre Arts,Excellent,Good,Excellent,www.repertorycompanyhs.org,Michael Fram,"09,10,11,SE",213,Audition,Local Support and Improvement,123 West 43 Street,"Manhattan, NY 10036",212-382-1875,2%,24%,49%,1%,<1%,19%,<1%,24%,60%,80%,19%,1%,86%,"Boys: Volleyball,Baseball,Outdoor Track,Soccer,Handball,Indoor Track,Basketball,Bowling,Table Tennis; Girls: Soccer,Basketball,Softball,Outdoor Track,Flag Football,Indoor Track,Volleyball; Co-Ed: Stunt",Mainstage musical and play productions; Gender Sexuality Alliance (GSA); CORE (Coalition on Racial Equity); Black/Latinx/Jewish/AAPI Student Unions; Tech Crew,"Choreography / Dance Composition, Playwriting, Musical Theater, Technical Theater, Theater History, Theater / Play Production, Acting, Music Theory / Musicianship, Dramatic Literature, Theater, and more",NYC Solves; Respect for All,N/A (fewer than 5 teachers),N/A (fewer than 5 teachers),N/A (fewer than 5 teachers),0%,0%,77%,8.6,76%,N/A,52%,68%,N/A,N/A,56%,N/A,48%,81%,75%,62,98%,88%,81 (38%),100 (47%),3% (4),22% (32),48% (71),2% (3),<1% (1),21% (31),Needs Improvement,100%,0%,0%,98%,N/A,N/A,98%,N/A,N/A,97%,N/A,N/A,N/A,98%,N/A,N/A,100%,82%,94%,N/A,96%,94%,N/A,N/A,100%,N/A,90%,79%,87%,N/A,100%,81%,N/A,N/A,89%,N/A,70%,85%,75%,100%,92%,86%,N/A,97%,85%,N/A,N/A,86%,N/A,94%,88%,54%,98%,78%,65%,N/A,64%,70%,N/A,N/A,67%,N/A,65%,96%,N/A,93%,100%,N/A,N/A,95%,N/A,97%,83%,N/A,89%,84%,N/A,N/A,81%,N/A,74%,98%,94%,N/A,100%,94%,N/A,N/A,100%,N/A,100%,90%,86%,N/A,83%,81%,N/A,N/A,90%,N/A,88%,100%,100%,N/A,100%,100%,N/A,N/A,100%,N/A,100%
02M533,Union Square Academy for Health Sciences,Good,Good,Good,Unionsquareacademy.org,Bernardo Ascona,"09,10,11,12,SE",475,Ed. Opt.,Local Support and Improvement,40 Irving Place,"Manhattan, NY 10003",212-253-3110,13%,15%,61%,2%,<1%,6%,5%,13%,85%,67%,33%,0%,83%,"Boys: Handball,Volleyball,Soccer,Baseball,Basketball; Girls: Basketball,Softball,Volleyball; Co-Ed: N/A","Board Game Club, Basketball Club, Cinema Club, Creative Wellness Club, Dance Team, Equity Team, Get Fit Club, Hip Hop, Key Club, Martial Arts Club, Movie Club, Photography Club, Step Team, Student Government, Track Club, Video Game Club,",Core Music,Career & Technical Education; Career Readiness and Modern Youth Apprenticeship; Future Ready NYC; NYC Solves,16%,N/A (fewer than 5 teachers),25%,0%,0%,47%,12.2,78%,75%,65%,68%,N/A,N/A,71%,87%,71%,61%,54%,56,97%,88%,245 (52%),148 (31%),15% (42),15% (42),59% (167),2% (5),<1% (1),7% (19),Needs Improvement,90%,N/A,N/A,85%,0%,15%,97%,N/A,95%,96%,N/A,N/A,N/A,95%,100%,N/A,90%,76%,93%,92%,93%,94%,N/A,N/A,88%,88%,89%,80%,89%,94%,92%,86%,N/A,N/A,88%,92%,82%,80%,71%,89%,87%,82%,85%,77%,81%,N/A,N/A,84%,88%,90%,94%,82%,97%,74%,53%,52%,62%,51%,N/A,N/A,50%,71%,52%,94%,96%,91%,94%,N/A,N/A,95%,94%,90%,79%,81%,84%,75%,N/A,N/A,84%,71%,76%,90%,91%,88%,88%,93%,100%,N/A,82%,94%,90%,83%,76%,65%,69%,80%,86%,N/A,60%,94%,80%,95%,93%,85%,89%,95%,100%,N/A,83%,94%,90%
02M534,Harvest Collegiate High School,Good,Good,Good,harvestcollegiate.org,Catherine Burch,"09,10,11,12,SE",404,"D75 Special Education Inclusive Services, Open",Local Support and Improvement,34 West 14 Street,"Manhattan, NY 10011",212-242-3384,5%,23%,54%,<1%,<1%,13%,3%,25%,74%,52%,48%,0%,82%,"Boys: Soccer,Basketball,Baseball,Volleyball,Handball; Girls: Volleyball,Basketball,Softball; Co-Ed: N/A","Extracurriculars??over twenty ACTIVE CLUBS, many studentstarted including Advisory Representatives (student government), Ambassadors, Art, Asian Affinity, Black Student Union, Chess, Circlekeepers, Coding, Climate Justice,Gender Sexuality Alliance (GSA), General Film, Girls Inc., Knitting, published Literary Magazine, Model United Nations, My Brother??s Keeper, Rock Band, Art, Basketball, Broadway Junior/Musical Theater, Knitting, Sailing and boat building, Sage healing, Yearbook.","Photography, Studio Art, Concert Band, Classroom Music, Visual Art, Jazz Ensemble, Fashion and Textile Design, Art History, Computer Art / Digital Art, Piano Keyboard, and more",Consortium; Future Ready NYC; PROSE,N/A (fewer than 5 teachers),27%,22%,N/A (fewer than 5 teachers),0%,38%,11.7,81%,40%,73%,55%,N/A,N/A,64%,100%,59%,58%,39%,49,64%,73%,89 (22%),207 (51%),5% (19),23% (83),54% (197),<1% (2),<1% (1),13% (49),Needs Improvement,67%,23%,11%,78%,0%,22%,84%,N/A,89%,82%,N/A,N/A,N/A,93%,75%,N/A,68%,81%,96%,100%,98%,95%,N/A,N/A,97%,100%,92%,77%,85%,85%,89%,87%,N/A,N/A,82%,N/A,79%,92%,80%,97%,87%,80%,88%,82%,79%,N/A,N/A,75%,N/A,74%,82%,48%,95%,73%,55%,53%,55%,54%,N/A,N/A,56%,N/A,59%,93%,100%,88%,95%,N/A,N/A,92%,N/A,95%,75%,76%,78%,76%,N/A,N/A,69%,N/A,81%,92%,84%,N/A,92%,83%,N/A,N/A,85%,N/A,89%,86%,78%,N/A,67%,89%,N/A,N/A,62%,N/A,89%,98%,96%,N/A,100%,100%,N/A,N/A,92%,N/A,100%
02M542,Manhattan Bridges High School,Excellent,Excellent,Good,sites.google.com/manhattanbridgeshs.org/mbhs/home,George Lock,"09,10,11,12,SE",450,Screened: Language & Academics,Local Support and Improvement,525 West 50th Street,"Manhattan, NY 10019",212-757-5274,0%,<1%,>99%,0%,0%,0%,41%,10%,92%,43%,57%,0%,88%,"Boys: Baseball,Bowling,Basketball,Volleyball,Tennis,Soccer; Girls: Basketball,Volleyball; Co-Ed: N/A","Extra-Curriculum School Clubs: Gaming Club, Chess Club, Robotics Club, Creative Writing Club, Ping Pong Club, Girls Club, Student Government, NYPD Explorers, FBI Explorers, Film & Photography Club, Kickboxing Club, Fashion Design Club, Piano Club, Ukulele Club, School Beautification Club, School Community Service, Cooking Club, Debate Team, and Dance Club","Computer Art / Digital Art, Art History, Theater / Play Production, Social Dance",Career & Technical Education; Career Readiness and Modern Youth Apprenticeship; Dual Language or TBE; NYC Solves; New Arrivals; Respect for All,N/A (fewer than 5 teachers),N/A (fewer than 5 teachers),55%,0%,0%,27%,5.7,85%,N/A,N/A,77%,N/A,N/A,N/A,80%,74%,83%,57%,55,89%,94%,191 (42%),99 (22%),0% (0),<1% (1),>99% (215),0% (0),0% (0),0% (0),Excellent,92%,N/A,N/A,94%,N/A,N/A,93%,N/A,N/A,94%,N/A,N/A,N/A,94%,93%,88%,92%,86%,90%,N/A,N/A,90%,N/A,N/A,N/A,84%,93%,83%,88%,N/A,N/A,88%,N/A,N/A,N/A,85%,82%,88%,97%,91%,90%,86%,N/A,N/A,86%,N/A,N/A,N/A,88%,84%,91%,72%,97%,78%,57%,N/A,N/A,57%,N/A,N/A,N/A,57%,66%,94%,N/A,N/A,94%,N/A,N/A,N/A,90%,90%,82%,N/A,N/A,82%,N/A,N/A,N/A,79%,78%,95%,94%,N/A,N/A,93%,N/A,N/A,N/A,95%,91%,82%,78%,N/A,N/A,78%,N/A,N/A,N/A,84%,90%,96%,93%,N/A,N/A,93%,N/A,N/A,N/A,92%,95%
02M543,New Design High School,Good,Excellent,Good,www.newdesignhigh.com,Scott Conti,"09,10,11,12,SE",448,Ed. Opt.,Local Support and Improvement,350 Grand Street,"Manhattan, NY 10002",212-475-4148,6%,30%,60%,<1%,0%,3%,4%,26%,90%,68%,32%,0%,88%,"Boys: Basketball,Handball,Volleyball,Wrestling,Badminton,Baseball,Bowling,Soccer; Girls: Volleyball,Badminton,Wrestling,Bowling,Softball,Table Tennis,Tennis,Basketball,Swimming; Co-Ed: N/A","Podcast recording studio, music production, weekly advisory groups,Gender Sexuality Alliance (GSA), and Restorative Peer mediation","Art History, Fashion and Textile Design, Portfolio Development, Digital Photography, Studio Art, Filmmaking / Video, Advertising Art, Music Enterprise, Management, and Careers, Visual Art, Illustration, and more",NYC Solves; Project Pivot,N/A (fewer than 5 teachers),12%,10%,N/A (fewer than 5 teachers),N/A (fewer than 5 teachers),69%,21.2,90%,47%,69%,74%,N/A,N/A,56%,86%,66%,94%,87%,44,31%,68%,130 (29%),150 (33%),8% (16),25% (51),61% (126),<1% (2),0% (0),3% (6),Needs Improvement,85%,15%,0%,90%,N/A,N/A,96%,N/A,92%,97%,N/A,N/A,N/A,96%,96%,N/A,96%,76%,97%,100%,97%,96%,N/A,N/A,100%,100%,95%,77%,86%,80%,84%,88%,N/A,N/A,88%,86%,92%,86%,61%,77%,91%,88%,94%,84%,89%,N/A,N/A,89%,100%,86%,89%,58%,96%,77%,57%,59%,55%,57%,N/A,N/A,56%,71%,48%,97%,100%,94%,98%,N/A,N/A,100%,100%,95%,85%,88%,84%,85%,N/A,N/A,89%,100%,81%,90%,92%,86%,95%,89%,N/A,N/A,N/A,N/A,88%,87%,87%,57%,95%,90%,N/A,N/A,N/A,N/A,82%,98%,95%,100%,100%,90%,N/A,N/A,N/A,N/A,88%
02M545,High School for Dual Language and Asian Studies,Excellent,Good,Fair,www.schools.nyc.gov/schools/M545,Meesun John,"09,10,11,12,SE",369,Screened: Language & Academics,Local Support and Improvement,350 Grand Street,"Manhattan, NY 10002",212-475-4097,93%,<1%,2%,<1%,<1%,3%,12%,7%,74%,49%,51%,0%,54%,"Boys: Bowling,Handball,Badminton,Wrestling,Baseball,Basketball,Volleyball,Soccer; Girls: Badminton,Swimming,Basketball,Tennis,Bowling,Softball,Table Tennis,Volleyball,Wrestling; Co-Ed: N/A","Debate Club, Chinese Yo-Yo, Dual Events Committee, Homework Help, Study Hall, Guitar and Chorus Club, Lion Dance, Red Cross, Key Club, Book Club, Vision Sphere, Muslim Student Association, K-pop and Korean culture Club, Chinese Cultural Club, IT and Contemporary Studies, Chess Club, Project Gateway, Career and College Readiness","Studio Art, Visual Art",Dual Language or TBE; DYCD: COMPASS/SONYC; NYC Solves; Project Pivot; Respect for All,54%,N/A (fewer than 5 teachers),N/A (fewer than 5 teachers),0%,0%,33%,3.1,63%,75%,N/A,N/A,N/A,N/A,67%,83%,69%,92%,52%,85,99%,95%,219 (59%),195 (53%),93% (243),<1% (2),2% (4),<1% (1),<1% (1),3% (7),Needs Improvement,100%,0%,0%,92%,N/A,N/A,99%,99%,N/A,N/A,N/A,N/A,N/A,100%,98%,100%,N/A,74%,91%,92%,N/A,N/A,N/A,N/A,88%,97%,89%,85%,93%,93%,N/A,N/A,N/A,N/A,100%,89%,83%,79%,100%,75%,86%,74%,75%,N/A,N/A,N/A,N/A,70%,90%,89%,98%,97%,98%,66%,44%,43%,N/A,N/A,N/A,N/A,50%,69%,50%,93%,94%,N/A,N/A,N/A,N/A,70%,95%,89%,67%,69%,N/A,N/A,N/A,N/A,44%,72%,74%,87%,78%,79%,N/A,N/A,N/A,N/A,N/A,100%,N/A,67%,47%,44%,N/A,N/A,N/A,N/A,N/A,57%,40%,91%,89%,88%,N/A,N/A,N/A,N/A,N/A,100%,100%
02M546,Academy for Software Engineering,Good,Good,Good,afsenyc.org,Shawn Raeke,"09,10,11,12,SE",415,Open,Local Support and Improvement,40 Irving Place,"Manhattan, NY 10003",212-253-3299,15%,28%,49%,<1%,<1%,5%,8%,25%,84%,18%,82%,0%,79%,"Boys: Basketball,Volleyball,Baseball,Soccer,Handball; Girls: Softball,Volleyball,Basketball; Co-Ed: N/A","Gender Sexuality Alliance (GSA), Anime, Basketball, Community Service, Content Creator, Crafting, Dungeons & Dragons, Fitness, Green Team, HERstory Girls Club, Debate Club, Muslim Student Association, Performing Arts, Ping Pong, Poetry, Programming, Robotics, Student Ambassadors, Student Incentive Programs, Student Government, Video Game, Yearbook",Three-Dimensional Art,Career & Technical Education; Career Readiness and Modern Youth Apprenticeship; CS for All; Future Ready NYC; NYC Solves; PROSE,17%,14%,19%,0%,0%,42%,7,81%,76%,74%,66%,N/A,N/A,73%,94%,72%,80%,73%,47,47%,77%,122 (29%),125 (30%),18% (36),28% (56),45% (90),1% (2),1% (2),4% (7),Fair,98%,N/A,N/A,90%,N/A,N/A,84%,N/A,88%,77%,N/A,N/A,N/A,88%,83%,N/A,77%,76%,93%,100%,90%,92%,N/A,N/A,80%,93%,90%,75%,84%,87%,87%,83%,N/A,N/A,69%,81%,79%,87%,70%,80%,84%,80%,82%,81%,81%,N/A,N/A,67%,79%,84%,83%,48%,95%,75%,55%,58%,53%,57%,N/A,N/A,54%,65%,60%,92%,96%,92%,92%,N/A,N/A,77%,100%,90%,73%,78%,75%,72%,N/A,N/A,58%,58%,73%,93%,92%,100%,90%,89%,N/A,N/A,80%,78%,96%,84%,81%,78%,84%,81%,N/A,N/A,60%,89%,79%,96%,93%,100%,94%,91%,N/A,N/A,80%,100%,95%
02M551,Urban Assembly New York Harbor School,Good,Fair,Good,www.newyorkharborschool.org,Aneal Helms,"09,10,11,12,SE",496,Open,Local Support and Improvement,"10 South Street, Slip 7","Manhattan, NY 10004",212-458-0800,5%,17%,40%,<1%,0%,31%,3%,25%,60%,32%,68%,0%,92%,Boys: Baseball; Girls: Softball; Co-Ed: N/A,"Boat Building, Sailing, Rowing, Marine Engineering, Welding, Compost Club, Debate Club, Chess Club, Fishing, Garden Club,Gender Sexuality Alliance (GSA), Harbor Corps, Harbor SEALS, Student Council, Waterfront Club, Basketball, Soccer, Swimming, Media Club, Regents Tutoring, Cheerleading",Visual Art,Career & Technical Education; NYC Solves; PROSE,N/A (fewer than 5 teachers),N/A (fewer than 5 teachers),N/A (fewer than 5 teachers),0%,0%,69%,0.2,79%,85%,88%,90%,N/A,N/A,90%,N/A,95%,92%,80%,51,65%,56%,107 (22%),209 (42%),6% (16),17% (46),38% (104),<1% (2),0% (0),32% (86),Needs Improvement,97%,N/A,N/A,94%,N/A,N/A,94%,N/A,100%,86%,N/A,N/A,100%,100%,91%,N/A,96%,77%,89%,86%,88%,91%,N/A,N/A,89%,100%,86%,77%,88%,93%,94%,88%,N/A,N/A,84%,N/A,90%,82%,64%,88%,85%,79%,82%,82%,78%,N/A,N/A,75%,100%,81%,86%,54%,95%,70%,51%,47%,51%,49%,N/A,N/A,53%,80%,57%,89%,94%,91%,90%,N/A,N/A,88%,100%,88%,83%,88%,74%,80%,N/A,N/A,87%,80%,81%,90%,85%,86%,85%,92%,N/A,N/A,80%,N/A,86%,81%,80%,71%,83%,83%,N/A,N/A,78%,N/A,95%,94%,93%,86%,77%,100%,N/A,N/A,95%,N/A,100%
02M580,Richard R. Green High School of Teaching,Good,Excellent,Good,rrghst.org,Joan Weaver,"09,10,11,12,SE",369,Ed. Opt.,Local Support and Improvement,7 Beaver Street,"Manhattan, NY 10004",646-826-8174,12%,21%,41%,<1%,1%,20%,3%,18%,66%,62%,38%,0%,86%,"Boys: Soccer,Volleyball,Basketball; Girls: Softball,Volleyball,Basketball; Co-Ed: N/A","Chess Club, Drama, Book Club, Fashion, Game Club, Cooking Club, Badminton, Mural Club, United Girls, Student Council, CFES College For Every Student, College MAP, Photography","Studio Art, Art History, Music History, Visual Art",Community School; NYC Solves; Respect for All,N/A (fewer than 5 teachers),N/A (fewer than 5 teachers),N/A (fewer than 5 teachers),0%,0%,70%,7.1,91%,79%,89%,81%,N/A,N/A,81%,100%,78%,96%,91%,48,45%,66%,160 (43%),98 (27%),19% (36),14% (27),38% (73),0% (0),2% (3),23% (45),Fair,85%,N/A,N/A,83%,0%,17%,90%,N/A,100%,87%,N/A,N/A,N/A,90%,89%,N/A,79%,90%,96%,97%,100%,94%,N/A,N/A,95%,86%,92%,88%,94%,92%,96%,94%,N/A,N/A,92%,100%,96%,96%,96%,100%,91%,85%,82%,94%,89%,N/A,N/A,71%,86%,88%,86%,65%,95%,82%,61%,51%,66%,71%,N/A,N/A,53%,71%,76%,98%,97%,98%,97%,N/A,N/A,100%,100%,100%,87%,82%,86%,89%,N/A,N/A,86%,86%,90%,94%,88%,80%,91%,90%,N/A,N/A,89%,N/A,94%,86%,82%,72%,88%,81%,N/A,N/A,80%,N/A,94%,96%,94%,100%,88%,91%,N/A,N/A,98%,N/A,100%
02M600,The High School of Fashion Industries,Good,Excellent,Good,hsfi.nyc,Daryl Blank,"09,10,11,12,SE",1518,"Audition, D75 Special Education Inclusive Services, Ed. Opt.",Local Support and Improvement,225 West 24 Street,"Manhattan, NY 10011",212-255-1235,4%,28%,60%,<1%,<1%,5%,2%,18%,78%,87%,13%,<1%,95%,"Boys: Volleyball,Basketball,Badminton,Bowling; Girls: Swimming,Bowling,Outdoor Track,Wrestling,Indoor Track,Basketball,Volleyball,Soccer,Badminton,Cross Country,Softball; Co-Ed: Stunt","Iconoclan Hip Hop Dance Team, K-pop Dance Team, Latin Groove Dance Team, Photography, Sewing, Animal Welfare, Anime, Anti-Prom Fashion Show, Asian Culture, Black and Latina Empowerment, Black Student Union, Coding, Cooking-World Cuisine, Creative Writing, Crochet, Craft, Dungeons and Dragons, Emotions Matter, Feminist, Fashion Cares Community Service, Fashion With A Purpose, Financial Literacy, Gaming, Gardening,Gender Sexuality Alliance (GSA), Green Team, Guitar, Italian, Math, Modeling, Movie, Muslim Student Association, African American, Puerto Rican, and Latino Studies, National Honor Society, Patternmaking, Plant-Based Eating, Portfolio Development, RAPP-The Relationship Abuse Prevention Program Peer Leadership, RIF RAF Book Club, Rock Band & Song, Student Government, Sculpture, Skate Boarding Club, Sailing Club, Threads of Culture, and Watercolor Painting.","Fashion and Textile Design, Computer Art / Digital Art, Portfolio Development, Drawing, Mixed Media, Photography, Painting, Graphic Design, Studio Art, Stage Design, and more",Career & Technical Education; Career Readiness and Modern Youth Apprenticeship; CS for All; DYCD: COMPASS/SONYC; Future Ready NYC; NYC Solves; Project Pivot,10%,11%,14%,0%,N/A (fewer than 5 teachers),62%,14,78%,53%,51%,58%,67%,N/A,64%,80%,54%,80%,64%,56,89%,70%,211 (14%),505 (33%),4% (29),28% (187),59% (389),<1% (6),<1% (1),6% (41),Needs Improvement,97%,3%,0%,99%,N/A,N/A,95%,N/A,94%,95%,N/A,N/A,100%,95%,93%,91%,91%,81%,94%,92%,93%,95%,88%,N/A,94%,100%,93%,77%,89%,79%,92%,88%,71%,N/A,87%,96%,86%,84%,82%,91%,90%,86%,79%,85%,86%,62%,N/A,90%,93%,83%,89%,62%,96%,77%,53%,43%,52%,53%,33%,N/A,60%,80%,57%,95%,85%,94%,96%,89%,N/A,100%,97%,92%,84%,72%,84%,85%,67%,N/A,89%,87%,83%,94%,90%,88%,91%,89%,80%,N/A,93%,100%,97%,82%,77%,75%,82%,77%,60%,N/A,71%,83%,94%,95%,93%,100%,93%,90%,100%,N/A,100%,100%,97%
02M605,Humanities Preparatory Academy,Excellent,Good,Good,www.humanitiesprep.org,Jeannie Ferrari,"09,10,11,12,SE",265,Screened,Local Support and Improvement,351 West 18 Street,"Manhattan, NY 10011",212-929-4433,9%,15%,50%,<1%,0%,20%,5%,23%,67%,53%,47%,0%,75%,"Boys: Basketball,Soccer,Wrestling,Baseball,Bowling,Volleyball; Girls: Bowling,Volleyball,Basketball,Softball,Tennis; Co-Ed: N/A","Debate Club, National Honor Society, Robotics Team, Finance Club, Studio Art, Music Club, Yoga, Games Club, Jewelry Making Club, Screen Printing Club, School Newspaper/Vox Humana, Student Council, Big Sibling, BIPOC Alliance,Gender Sexuality Alliance (GSA), Restorative Justice Leaders, Cooking Club, Yearbook Committee, Freshman Lunch Club, Travel Club, Fitness Club, Theater Arts Club","Mixed Media, Music Theory / Musicianship, Art History",Consortium; Project Pivot; PROSE; Respect for All,N/A (fewer than 5 teachers),N/A (fewer than 5 teachers),N/A (fewer than 5 teachers),0%,0%,50%,12,86%,62%,50%,76%,N/A,N/A,82%,100%,77%,100%,95%,57,47%,83%,75 (28%),191 (72%),9% (19),14% (30),51% (108),0% (0),0% (0),20% (43),Fair,91%,N/A,N/A,89%,0%,11%,100%,N/A,N/A,100%,N/A,N/A,N/A,100%,100%,N/A,100%,86%,91%,73%,100%,88%,N/A,N/A,97%,86%,83%,84%,80%,67%,75%,84%,N/A,N/A,77%,100%,83%,97%,100%,100%,84%,70%,69%,46%,78%,N/A,N/A,58%,100%,79%,86%,58%,97%,75%,60%,77%,50%,55%,N/A,N/A,62%,57%,57%,94%,85%,93%,95%,N/A,N/A,94%,100%,96%,73%,62%,64%,70%,N/A,N/A,82%,83%,74%,92%,74%,57%,80%,75%,N/A,N/A,71%,N/A,83%,85%,84%,100%,80%,88%,N/A,N/A,86%,N/A,100%,93%,86%,83%,80%,100%,N/A,N/A,79%,N/A,100%
02M615,Chelsea Career and Technical Education High School,Good,Good,Good,www.ChelseaCTE.org,Jaivelle Reed,"09,10,11,12,SE",382,"D75 Special Education Inclusive Services, Ed. Opt., Screened",Local Support and Improvement,131 Avenue Of The Americas,"Manhattan, NY 10013",212-925-1080,14%,27%,52%,<1%,<1%,5%,5%,25%,83%,32%,68%,0%,78%,"Boys: Bowling,Baseball,Basketball,Cross Country,Indoor Track,Handball; Girls: Cross Country,Indoor Track,Basketball,Softball,Bowling; Co-Ed: N/A","Video Game Club,Gender Sexuality Alliance (GSA), Visual Arts, Chelsea Insider (School Newspaper), STEAM (3D Printing) Club, Photography Club, National Technical Honor Society, Workplace Challenges, Student Government, Key Club (Community Service), College Access, Chelsea E-Blast (School Newsletter), Academic Tutoring, and others that students can create.","Graphic Design, Mixed Media",Career & Technical Education; Career Readiness and Modern Youth Apprenticeship; CS for All; Future Ready NYC; NYC Solves,14%,22%,19%,0%,0%,43%,7.1,86%,50%,60%,59%,N/A,N/A,62%,56%,63%,69%,66%,46,69%,64%,121 (32%),145 (38%),17% (38),22% (49),54% (121),<1% (1),<1% (2),4% (10),Fair,88%,12%,0%,95%,0%,5%,92%,N/A,86%,97%,N/A,N/A,N/A,97%,90%,N/A,76%,77%,91%,89%,88%,93%,N/A,N/A,100%,89%,87%,78%,82%,83%,81%,85%,N/A,N/A,60%,90%,70%,80%,89%,80%,88%,84%,89%,84%,83%,N/A,N/A,80%,82%,77%,88%,67%,95%,74%,51%,59%,54%,47%,N/A,N/A,50%,45%,52%,94%,97%,94%,92%,N/A,N/A,100%,73%,92%,72%,66%,71%,75%,N/A,N/A,70%,73%,82%,93%,85%,93%,84%,85%,N/A,N/A,67%,N/A,81%,83%,82%,79%,78%,84%,N/A,N/A,100%,N/A,75%,92%,89%,93%,89%,89%,N/A,N/A,83%,N/A,81%
02M630,Art and Design High School,Excellent,Good,Good,www.artanddesignhs.org/,Maximillian Re Sugiura,"09,10,11,12,SE",1481,Audition,Local Support and Improvement,231-249 East 56 Street,"Manhattan, NY 10022",212-752-4340,9%,13%,41%,<1%,<1%,30%,1%,22%,48%,69%,31%,<1%,88%,"Boys: Basketball,Volleyball,Bowling,Baseball,Soccer; Girls: Fencing,Table Tennis,Soccer,Basketball,Softball,Volleyball; Co-Ed: N/A",AND Agency AND Literary AND Newscast Cat+Fish Magazine Gender Sexuality Alliance (GSA) Major League (Art Major Leadership) Black Student Union Latine Student Union AAPI Club Painting Club Green Team Fitness Club Riot Grrrl Mural Club Film Club D&D Club Philosophy and Debate Club AIA Youth Chapter *Just to Name a Few*,"Drawing, Art History, Illustration, Cartooning, Filmmaking / Video, Visual Art, Graphic Design, Architecture, Fashion and Textile Design, Photography, and more",Career & Technical Education; NYC Solves,14%,16%,11%,0%,0%,57%,5.1,85%,67%,67%,68%,100%,N/A,69%,89%,61%,92%,71%,71,96%,79%,489 (33%),502 (34%),11% (91),12% (93),38% (307),<1% (7),<1% (2),32% (259),Fair,95%,2%,3%,92%,0%,8%,96%,96%,96%,95%,N/A,N/A,97%,96%,97%,N/A,91%,79%,94%,95%,92%,95%,100%,N/A,93%,83%,94%,78%,91%,92%,85%,92%,83%,N/A,91%,86%,88%,72%,75%,75%,85%,82%,85%,83%,83%,83%,N/A,80%,75%,81%,89%,65%,96%,69%,45%,41%,49%,44%,67%,N/A,45%,62%,44%,93%,91%,92%,95%,100%,N/A,91%,88%,91%,81%,86%,78%,81%,83%,N/A,80%,50%,72%,94%,90%,94%,95%,87%,N/A,N/A,90%,N/A,82%,89%,85%,74%,92%,89%,N/A,N/A,80%,N/A,89%,95%,90%,94%,95%,88%,N/A,N/A,89%,N/A,88%
02M655,The High School for Climate Justice,Fair,Good,Good,www.climatejustice.nyc,Kimberly Swanson,"09,10,11,12,SE",332,Ed. Opt.,Local Support and Improvement,320 East 96 Street,"Manhattan, NY 10128",212-348-1694,6%,21%,62%,2%,0%,5%,7%,23%,92%,50%,50%,0%,87%,"Boys: Baseball,Soccer,Basketball; Girls: Softball,Volleyball,Soccer; Co-Ed: N/A","Clubs: Anime Club, Art Club, Band/Choir Club, Big Brother/Big Sister, Bike Club, Center for Urban Pedagogy (CUP) Program, Chess Club, Crochet Club, Dance Club, Explore Urban Spaces Club, Fashion Club, Film Club,Gender Sexuality Alliance (GSA), Music Production Club, Philosophy Club, Podcasting Club, Pono Sanctuary Visits, Resilient Schools Consortium, SAT Prep, Theater Club and Tutoring, and Student Council Culture Building: Fall Outdoor Social, Halloween Festival, Thanksgiving Pie Party, Winter Concert & Cocoa, Ice Skating, and Spring Field Day","Concert Band, Visual Art, Filmmaking / Video, Music Enterprise, Management, and Careers",NYC Solves; PROSE,N/A (fewer than 5 teachers),N/A (fewer than 5 teachers),N/A (fewer than 5 teachers),0%,0%,56%,9.2,76%,60%,67%,59%,N/A,N/A,44%,80%,68%,90%,82%,32,69%,58%,144 (43%),82 (25%),10% (16),23% (36),53% (84),1% (2),0% (0),5% (8),Fair,86%,N/A,N/A,84%,0%,16%,72%,N/A,N/A,71%,N/A,N/A,N/A,84%,62%,36%,56%,79%,93%,94%,90%,94%,N/A,N/A,100%,86%,96%,74%,87%,100%,84%,89%,N/A,N/A,60%,92%,92%,89%,93%,93%,86%,80%,78%,72%,85%,100%,N/A,64%,85%,80%,74%,31%,96%,78%,59%,72%,55%,59%,40%,N/A,64%,69%,61%,93%,100%,91%,94%,100%,N/A,92%,92%,95%,73%,78%,64%,78%,60%,N/A,64%,85%,73%,93%,85%,N/A,92%,83%,N/A,N/A,83%,N/A,88%,79%,73%,N/A,92%,68%,N/A,N/A,67%,N/A,62%,93%,91%,N/A,91%,90%,N/A,N/A,100%,N/A,100%
03M291,West End Secondary School,Excellent,Good,Fair,www.westendsecondary.com/,Joseph Rodriguez,"06,07,08,09,10,11,12,SE",414,Screened,Local Support and Improvement,227-243 West 61st Street,"Manhattan, NY 10023",212-245-1506,7%,10%,26%,0%,<1%,53%,2%,20%,35%,54%,46%,0%,75%,"Boys: Indoor Track,Outdoor Track,Basketball; Girls: Volleyball,Indoor Track,Outdoor Track; Co-Ed: N/A","Student Council , Chess, Rock climbing, Debate, WESS Talks, Black Student Union (BSU),Gender Sexuality Alliance (GSA), Model UN, Mindfullness , National Honor Society, Social Justice Club, WESS Side Stories (Newspaper), WESS Player (theater)","Visual Art, Classroom Music, Studio Art, Photography, Theater / Play Production, Portfolio Development, Drawing",DYCD: COMPASS/SONYC; Respect for All,11%,N/A (fewer than 5 teachers),11%,0%,0%,69%,0.4,70%,60%,73%,62%,N/A,N/A,65%,86%,62%,97%,88%,86,97%,89%,408 (99%),143 (35%),7% (28),10% (39),26% (106),0% (0),<1% (4),53% (218),Needs Improvement,94%,N/A,N/A,88%,0%,12%,100%,N/A,N/A,100%,N/A,N/A,100%,100%,100%,N/A,100%,79%,92%,94%,87%,86%,N/A,N/A,95%,100%,91%,70%,80%,72%,76%,79%,N/A,N/A,84%,75%,78%,74%,78%,81%,83%,75%,71%,82%,73%,N/A,N/A,75%,N/A,69%,91%,69%,96%,69%,55%,61%,57%,55%,N/A,N/A,54%,62%,58%,90%,91%,83%,93%,N/A,N/A,92%,100%,93%,79%,81%,66%,77%,N/A,N/A,84%,88%,74%,88%,79%,60%,89%,91%,N/A,N/A,79%,N/A,76%,88%,77%,73%,100%,82%,N/A,N/A,74%,N/A,90%,84%,81%,73%,78%,86%,N/A,N/A,83%,N/A,81%
03M307,"Urban Assembly School for Media Studies, The",Fair,Fair,Good,UAMHighSchool.org,Paulo Fonseca,"09,10,11,12,SE",304,"ASD/ACES Program, Ed. Opt.",Local Support and Improvement,122 Amsterdam Avenue,"Manhattan, NY 10023",212-501-1110,3%,27%,64%,<1%,0%,4%,14%,28%,86%,45%,55%,0%,81%,"Boys: Handball,Volleyball,Wrestling,Indoor Track,Badminton,Bowling,Cross Country,Baseball,Basketball,Soccer,Outdoor Track; Girls: Cross Country,Indoor Track,Volleyball,Soccer,Badminton,Outdoor Track,Basketball,Handball,Wrestling,Flag Football,Bowling,Softball; Co-Ed: N/A",Gender Sexuality Alliance (GSA),"Mixed Media, Fashion and Textile Design, Acting",Career Readiness and Modern Youth Apprenticeship; NYC Solves; Project Pivot; PROSE; Respect for All,N/A (fewer than 5 teachers),N/A (fewer than 5 teachers),18%,0%,0%,56%,0.8,68%,67%,63%,69%,N/A,N/A,67%,90%,50%,76%,62%,31,48%,50%,289 (95%),103 (34%),3% (8),27% (78),65% (187),<1% (2),0% (0),4% (11),Needs Improvement,95%,N/A,N/A,97%,0%,3%,93%,N/A,96%,91%,N/A,N/A,N/A,92%,94%,N/A,100%,71%,92%,88%,90%,92%,N/A,N/A,100%,91%,93%,74%,89%,100%,93%,87%,N/A,N/A,90%,97%,80%,87%,68%,97%,85%,81%,89%,74%,85%,N/A,N/A,70%,88%,83%,82%,40%,95%,73%,52%,67%,48%,53%,N/A,N/A,60%,56%,63%,93%,100%,90%,94%,N/A,N/A,100%,100%,97%,75%,89%,70%,77%,N/A,N/A,50%,88%,74%,93%,94%,100%,95%,93%,N/A,N/A,89%,91%,96%,88%,90%,100%,93%,88%,N/A,N/A,89%,86%,96%,96%,95%,100%,90%,97%,N/A,N/A,88%,100%,98%
03M402,The Urban Assembly School for Green Careers,Fair,Needs Improvement,Needs Improvement,www.uagreencareers.org,Kerry Rutishauser,"09,10,11,12,SE",318,Ed. Opt.,Local Support and Improvement,145 West 84 Street,"Manhattan, NY 10024",212-787-1189,<1%,21%,71%,1%,0%,4%,15%,25%,90%,47%,53%,0%,66%,"Boys: Volleyball,Soccer,Basketball,Bowling,Baseball; Girls: Softball,Bowling,Volleyball,Basketball,Tennis,Soccer; Co-Ed: N/A","International Environmental Studies and Human Rights Trips, Keepers of the Culture (Student Leadership Program),Gender Sexuality Alliance (GSA), Green Team, Student-Run Green Market, Student Council, Weightlifting Club, Yearbook Club, Anime Club, Dance Club, Game Club, Student Mentoring, AM Basketball Club, Drama Program, Paid Internships","Visual Art, Choreography / Dance Composition",Career & Technical Education; Future Ready NYC; NYC Solves; Project Pivot,N/A (fewer than 5 teachers),N/A (fewer than 5 teachers),21%,0%,0%,62%,5.1,45%,N/A,36%,42%,N/A,N/A,33%,50%,47%,48%,48%,28,33%,61%,25 (8%),173 (54%),<1% (1),19% (37),74% (146),2% (3),0% (0),4% (8),Fair,95%,N/A,N/A,82%,0%,18%,88%,N/A,88%,88%,N/A,N/A,N/A,80%,94%,N/A,83%,60%,81%,N/A,83%,82%,N/A,N/A,50%,83%,78%,56%,68%,N/A,58%,69%,N/A,N/A,78%,73%,58%,50%,52%,52%,77%,74%,N/A,76%,78%,N/A,N/A,22%,72%,73%,78%,32%,97%,58%,37%,N/A,24%,38%,N/A,N/A,56%,20%,29%,76%,N/A,66%,79%,N/A,N/A,67%,76%,76%,52%,N/A,50%,54%,N/A,N/A,11%,64%,51%,81%,64%,N/A,N/A,64%,N/A,N/A,N/A,N/A,73%,74%,76%,N/A,N/A,73%,N/A,N/A,N/A,N/A,91%,79%,71%,N/A,N/A,73%,N/A,N/A,N/A,N/A,82%
03M403,The Global Learning Collaborative,Good,Good,Excellent,www.theglcnyc.org,Karla Chiluiza,"09,10,11,12,SE",391,Ed. Opt.,Local Support and Improvement,145 West 84 Street,"Manhattan, NY 10024",212-877-1103,2%,18%,72%,1%,0%,5%,13%,23%,89%,53%,46%,<1%,82%,"Boys: Volleyball,Bowling,Basketball,Soccer,Baseball; Girls: Basketball,Volleyball,Tennis,Soccer,Bowling,Softball; Co-Ed: N/A","Model UN, Mock Trial, National Honor Society, Community Service Club, Student Council,Gender Sexuality Alliance (GSA), Environmental Club, ELA/ENL Academy Club, GLC Dance Company Club, STEP Team, Yearbook Club, Weight Training Club, Girls Empowerment Club, Chinese Language and Culture Club, French Language and Culture Club, Table Top Gaming Club, Crochet Club, Drama Club, Senior Board","Folk / Traditional Cutural Dance, Acting, Ceramics, Theater Dance, Studio Art, Theater / Play Production, Visual Art",NYC Solves; Project Pivot,N/A (fewer than 5 teachers),N/A (fewer than 5 teachers),18%,0%,0%,55%,12.1,88%,N/A,67%,77%,N/A,N/A,75%,69%,56%,85%,81%,39,33%,57%,160 (41%),152 (39%),2% (4),19% (43),71% (164),<1% (2),0% (0),6% (13),Needs Improvement,96%,N/A,N/A,98%,N/A,N/A,94%,N/A,95%,94%,N/A,N/A,N/A,95%,91%,85%,94%,78%,89%,N/A,88%,90%,N/A,N/A,100%,77%,84%,78%,89%,N/A,89%,88%,N/A,N/A,91%,92%,83%,90%,88%,96%,87%,82%,N/A,86%,83%,N/A,N/A,67%,100%,85%,79%,32%,97%,72%,48%,N/A,41%,51%,N/A,N/A,67%,46%,30%,92%,N/A,86%,93%,N/A,N/A,92%,100%,84%,77%,N/A,79%,79%,N/A,N/A,58%,79%,73%,98%,99%,N/A,100%,99%,N/A,N/A,100%,95%,100%,79%,72%,N/A,65%,75%,N/A,N/A,62%,81%,81%,99%,99%,N/A,100%,100%,N/A,N/A,100%,95%,100%
03M415,Wadleigh Secondary School for the Performing & Visual Arts,Good,Good,Good,wadleigharts.org,Lisa Denerstein,"06,07,08,09,10,11,SE",303,Audition,Local Support and Improvement,215 West 114 Street,"Manhattan, NY 10026",212-749-5800,<1%,39%,56%,<1%,0%,2%,4%,21%,87%,76%,24%,0%,71%,Boys: Basketball; Girls: Basketball; Co-Ed: N/A,"Art Club, Cheerleading, Glee Club, Volleyball Club, Gaming Club, Film Club, Yoga Club, Cosmetology Club, Theater Club, Fitness Club, Film Club, My brother's Keeper, My sister's Keeper.,Gender Sexuality Alliance (GSA)","Illustration, Music Theory / Musicianship, Acting, Mixed Choir, Studio Art, Painting, Theater / Play Production, Dance History, Drawing, Folk / Traditional Cutural Dance, and more",Community School; DYCD: Beacon; NYC Solves; Project Pivot,N/A (fewer than 5 teachers),34%,18%,N/A (fewer than 5 teachers),0%,34%,1.4,79%,N/A,42%,47%,N/A,N/A,33%,64%,54%,93%,88%,45,97%,70%,173 (57%),89 (29%),<1% (1),38% (72),57% (108),1% (2),0% (0),2% (4),Fair,100%,0%,0%,100%,0%,0%,100%,N/A,100%,100%,N/A,N/A,N/A,100%,100%,N/A,100%,74%,89%,N/A,89%,89%,N/A,N/A,100%,86%,92%,68%,85%,N/A,85%,84%,N/A,N/A,100%,82%,84%,81%,89%,85%,83%,71%,N/A,72%,72%,N/A,N/A,N/A,82%,76%,86%,51%,96%,64%,37%,N/A,37%,37%,N/A,N/A,50%,53%,45%,83%,N/A,81%,85%,N/A,N/A,100%,100%,84%,56%,N/A,59%,56%,N/A,N/A,67%,67%,52%,94%,89%,N/A,85%,89%,N/A,N/A,N/A,N/A,90%,87%,84%,N/A,86%,84%,N/A,N/A,N/A,N/A,80%,91%,89%,N/A,89%,91%,N/A,N/A,N/A,N/A,95%
03M417,Frank McCourt High School,Good,Excellent,Fair,www.fmhsnyc.org,Danielle Salzberg,"09,10,11,12,SE",427,Screened With Assessment,Local Support and Improvement,145 West 84 Street,"Manhattan, NY 10024",212-362-2015,6%,14%,48%,<1%,<1%,28%,3%,24%,61%,56%,44%,0%,73%,"Boys: Volleyball,Bowling,Basketball,Baseball,Soccer; Girls: Bowling,Soccer,Volleyball,Softball,Basketball,Tennis; Co-Ed: N/A","Student led clubs include: Art Club, Asian Heritage Club, BSU, Game Club, Girls Inc, JSU, Key Club, Music Club, Newspaper, Poetry Club, Weight Lifting Club, Yearbook,Gender Sexuality Alliance (GSA)","Studio Art, Theater / Play Production",NYC Solves; PROSE,N/A (fewer than 5 teachers),15%,21%,N/A (fewer than 5 teachers),N/A (fewer than 5 teachers),58%,14.2,73%,78%,61%,69%,N/A,N/A,67%,100%,64%,83%,51%,66,77%,71%,12 (3%),259 (61%),6% (17),13% (34),47% (125),<1% (1),0% (0),30% (80),Needs Improvement,67%,17%,15%,96%,N/A,N/A,100%,N/A,N/A,100%,N/A,N/A,100%,100%,100%,N/A,100%,79%,92%,100%,92%,90%,N/A,N/A,94%,75%,84%,80%,86%,80%,83%,86%,N/A,N/A,86%,100%,85%,90%,91%,94%,82%,70%,78%,64%,73%,N/A,N/A,66%,86%,79%,90%,64%,97%,70%,49%,56%,43%,47%,N/A,N/A,52%,71%,56%,90%,100%,85%,93%,N/A,N/A,86%,83%,90%,74%,70%,75%,74%,N/A,N/A,74%,67%,75%,90%,78%,83%,77%,81%,N/A,N/A,76%,100%,83%,80%,66%,92%,60%,71%,N/A,N/A,63%,80%,80%,85%,83%,92%,80%,84%,N/A,N/A,85%,83%,83%
03M479,Beacon High School,Excellent,Fair,Needs Improvement,beaconschool.org,Johnny Ventura,"09,10,11,12,SE",1435,Screened With Assessment,Local Support and Improvement,522 West 44th Street,"New York, NY 10036",212-465-4230,14%,12%,31%,<1%,1%,35%,<1%,20%,50%,65%,35%,0%,86%,"Boys: Indoor Track,Cross Country,Fencing,Outdoor Track,Basketball,Baseball,Soccer,Tennis; Girls: Outdoor Track,Tennis,Bowling,Fencing,Cross Country,Indoor Track,Volleyball,Soccer,Softball,Basketball; Co-Ed: N/A","Africana, Art Club, Asian Student Union, B'DAT Choir, B'DAT Freshman Project, B'DAT Mainstage Theatre, B'DAT Tech Teams,Gender Sexuality Alliance (GSA), Beacon Beat (School Newspaper), Beacon Ink (School Magazine), Marine Biology Club, Mock Trial, Pan-Asian 'Anime' Club, Current Events, Debate Team, Dungeons and Dragons, Entrepreneurship Club, Environment Club, Film Club, French Club, Game Makers Club, Girl Up, Girls in Government, Girls Who Code, Integrate Beacon (desegregation & inclusion work), Jewish Student Alliance, Key Club, Korean and Chinese Language Culture Club, Latinx Student Union, Live Poets Society, Math Club, Medical Club, Model Congress, Photography, Podcast Club, Policy and Philosophical Journal, Project ABLE (raises funds to promote literacy and education in East Africa), SAT Math Prep, Spanish Club, Stock Market Club, Student Government, Students Demand Action for Gun Safety, Stylemakers Fashion Club, Sunshine Society (Wellness Club), The Moth (Storytelling Club), Upcycling Club (Recycling Art Club), Young Democrats","Studio Art, Core Music, Percussion, Theater Survey, Filmmaking / Video, Photography, Digital Photography, Modern Dance, Portfolio Development, Folk / Traditional Cutural Dance, and more",Consortium; PROSE,8%,14%,14%,N/A (fewer than 5 teachers),0%,61%,1.1,89%,80%,71%,77%,100%,44%,83%,N/A,67%,90%,88%,77,77%,86%,271 (19%),824 (57%),14% (143),11% (113),28% (290),<1% (5),1% (12),39% (402),Needs Improvement,94%,N/A,N/A,91%,0%,9%,97%,98%,98%,94%,N/A,N/A,98%,98%,94%,N/A,93%,77%,89%,92%,76%,87%,N/A,100%,93%,N/A,90%,73%,87%,87%,84%,89%,100%,89%,87%,N/A,83%,56%,50%,62%,78%,63%,59%,65%,64%,80%,56%,65%,N/A,61%,92%,77%,97%,65%,47%,48%,32%,45%,40%,56%,51%,N/A,47%,92%,94%,92%,91%,80%,100%,91%,N/A,88%,81%,77%,80%,81%,100%,78%,84%,N/A,80%,69%,56%,71%,58%,60%,N/A,N/A,56%,N/A,38%,73%,53%,45%,67%,58%,N/A,N/A,55%,N/A,62%,69%,68%,86%,67%,71%,N/A,N/A,67%,N/A,60%
03M485,Fiorello H. LaGuardia High School of Music & Art and Performing Arts,Excellent,Good,Fair,laguardiahs.org,Deepak Marwah,"09,10,11,12,SE",2140,Audition,Local Support and Improvement,100 Amsterdam Avenue,"Manhattan, NY 10023",212-496-0700,21%,11%,18%,<1%,<1%,40%,<1%,8%,34%,70%,29%,<1%,91%,"Boys: Fencing,Soccer,Volleyball,Basketball,Baseball,Cross Country,Gymnastics,Outdoor Track,Indoor Track; Girls: Basketball,Swimming,Outdoor Track,Bowling,Softball,Fencing,Volleyball,Indoor Track,Soccer,Handball,Cross Country; Co-Ed: N/A","Clubs are student-generated at the beginning of each school year. The 2023-20234 club offerings include: A-List Step Team, Aro-spec, Art for the Heart, Black Student Union, Ceramics, Character Creation, Chinese Student Association, Choral Intertwine, Christian Students Association, Cosplay, Debate, DECA, Disney VoluntEARS Mentoring Program, Fashion, Green Team, ,Gender Sexuality Alliance (GSA), Italian Culture , Japanese , Jazz Vocal , Jewish Student Union, Key Club, Latinos Unidos, Math Empowerment , Mock Trial, Model United Nations , Neuroscience , Red Cross, Slavic , South Asian Association, Stock Market Analysis , Students for Planned Parenthood, UNICEF, and Unity Dance Crew.","Music Theory / Musicianship, Studio Art, Modern Dance, Mixed Choir, Symphonic Orchestra, Career Development / Industry Prep, Mixed Media, Acting, Ballet, Concert Band, and more",Career & Technical Education; NYC Solves,14%,12%,8%,0%,0%,60%,1,92%,60%,48%,62%,40%,N/A,66%,80%,55%,70%,67%,85,98%,82%,1051 (49%),1277 (60%),23% (390),10% (172),17% (295),<1% (3),<1% (4),41% (696),Needs Improvement,95%,N/A,N/A,80%,0%,20%,98%,99%,98%,94%,N/A,N/A,100%,99%,97%,N/A,88%,72%,91%,89%,84%,88%,N/A,N/A,93%,90%,91%,81%,88%,83%,88%,90%,100%,N/A,90%,100%,79%,73%,84%,81%,78%,66%,66%,65%,69%,100%,N/A,64%,50%,79%,95%,90%,96%,64%,44%,42%,34%,40%,60%,N/A,49%,40%,52%,91%,93%,87%,90%,100%,N/A,91%,100%,83%,86%,83%,80%,86%,60%,N/A,88%,90%,89%,84%,70%,82%,68%,66%,N/A,N/A,70%,N/A,67%,83%,72%,69%,74%,73%,N/A,N/A,71%,N/A,83%,90%,84%,93%,77%,77%,N/A,N/A,84%,N/A,77%
03M492,"High School for Law, Advocacy and Community Justice",Fair,Needs Improvement,Fair,www.lacjhs.org,Asia Burnett,"09,10,11,12,SE",442,Ed. Opt.,Local Support and Improvement,122 Amsterdam Avenue,"Manhattan, NY 10023",212-501-1201,3%,28%,64%,<1%,<1%,5%,8%,20%,87%,67%,33%,<1%,43%,"Boys: Handball,Badminton,Cross Country,Outdoor Track,Soccer,Indoor Track,Baseball,Volleyball,Wrestling,Basketball,Bowling; Girls: Volleyball,Bowling,Handball,Soccer,Badminton,Indoor Track,Flag Football,Softball,Basketball,Cross Country,Wrestling,Outdoor Track; Co-Ed: N/A",N/A,"Studio Art, Acting",NYC Solves; Project Pivot,N/A (fewer than 5 teachers),28%,N/A (fewer than 5 teachers),0%,0%,44%,3,81%,60%,23%,28%,N/A,N/A,42%,13%,28%,46%,61%,37,50%,62%,151 (34%),209 (47%),3% (10),27% (81),64% (194),<1% (3),<1% (1),4% (13),Fair,86%,N/A,N/A,85%,N/A,N/A,85%,N/A,84%,87%,N/A,N/A,N/A,89%,75%,N/A,80%,69%,79%,67%,72%,81%,N/A,N/A,83%,71%,92%,51%,56%,40%,55%,56%,N/A,N/A,70%,44%,61%,59%,46%,68%,68%,54%,80%,53%,53%,N/A,N/A,46%,56%,71%,79%,38%,95%,53%,26%,50%,18%,27%,N/A,N/A,42%,41%,48%,74%,83%,59%,80%,N/A,N/A,67%,65%,74%,48%,67%,44%,47%,N/A,N/A,64%,41%,50%,87%,82%,N/A,78%,82%,N/A,N/A,N/A,N/A,N/A,83%,79%,N/A,88%,79%,N/A,N/A,N/A,N/A,N/A,87%,90%,N/A,78%,93%,N/A,N/A,N/A,N/A,N/A
03M494,High School of Arts and Technology,Fair,Fair,Excellent,www.hsartstech.org,Bridget Garzaniti,"09,10,11,12,SE",408,Ed. Opt.,Local Support and Improvement,122 Amsterdam Avenue,"Manhattan, NY 10023",212-501-1198,3%,29%,65%,<1%,0%,<1%,7%,31%,90%,48%,52%,0%,88%,"Boys: Soccer,Basketball,Bowling,Outdoor Track,Badminton,Wrestling,Cross Country,Volleyball,Indoor Track,Baseball,Handball; Girls: Handball,Flag Football,Volleyball,Softball,Wrestling,Badminton,Outdoor Track,Cross Country,Bowling,Indoor Track,Soccer,Basketball; Co-Ed: N/A","Anime Club,Gender Sexuality Alliance (GSA), Debate Team, Tabletop and Role Game Club, Advanced Math Club, French Club, Creative Writing Club, Cooking Club, National Honor Society, Chess Club, College Career Club, Science Club, Website Design Club, Fashion Club, Community Service Club","Drawing, Studio Art, Graphic Design, Cartooning, Portfolio Development",21st Century Community Learning Center; Community School; CS for All; Future Ready NYC; NYC Solves; Pathways Advising; Project Pivot,18%,N/A (fewer than 5 teachers),20%,N/A (fewer than 5 teachers),N/A (fewer than 5 teachers),58%,1.2,58%,67%,55%,61%,N/A,N/A,N/A,75%,58%,73%,57%,33,36%,49%,166 (41%),226 (55%),4% (12),28% (80),65% (186),<1% (2),0% (0),<1% (1),Excellent,96%,N/A,N/A,96%,0%,4%,85%,N/A,90%,81%,N/A,N/A,N/A,78%,90%,82%,76%,71%,94%,100%,96%,93%,N/A,N/A,N/A,92%,93%,73%,84%,100%,84%,85%,N/A,N/A,N/A,92%,90%,84%,78%,81%,89%,87%,100%,88%,86%,N/A,N/A,N/A,93%,88%,77%,35%,96%,74%,56%,75%,60%,55%,N/A,N/A,N/A,79%,57%,94%,100%,90%,95%,N/A,N/A,N/A,85%,96%,74%,62%,67%,80%,N/A,N/A,N/A,85%,68%,95%,100%,100%,99%,100%,N/A,N/A,N/A,100%,99%,97%,99%,100%,99%,99%,N/A,N/A,N/A,100%,99%,100%,99%,100%,100%,99%,N/A,N/A,N/A,100%,99%
03M541,Manhattan / Hunter Science High School,Excellent,Excellent,Good,mhshs.org,Kevin Froner,"09,10,11,12,SE",440,Screened With Assessment,Local Support and Improvement,122 Amsterdam Avenue,"Manhattan, NY 10023",212-501-1235,27%,14%,39%,<1%,<1%,18%,<1%,20%,69%,58%,42%,0%,75%,"Boys: Indoor Track,Outdoor Track,Bowling,Basketball,Handball,Volleyball,Soccer,Cross Country,Baseball,Badminton,Wrestling; Girls: Soccer,Wrestling,Cross Country,Volleyball,Handball,Indoor Track,Softball,Flag Football,Bowling,Basketball,Outdoor Track,Badminton; Co-Ed: N/A","Senior year at Hunter College, Research Courses, Internship Opportunities, Additional Academic Supports,Gender Sexuality Alliance (GSA), AfterSchool Homework Center. Students graduate with a high school and college transcript. One year of high school Spanish for all students with additional Hunter College Spanish courses as electives. Additional year of courses in the arts and AP","String Orchestra, Studio Art, Visual Art, Filmmaking / Video",NYC Solves; Project Pivot,24%,N/A (fewer than 5 teachers),N/A (fewer than 5 teachers),0%,0%,55%,11,79%,84%,93%,84%,N/A,N/A,81%,N/A,89%,82%,75%,80,95%,92%,243 (55%),250 (57%),28% (105),14% (50),37% (137),<1% (3),<1% (1),18% (65),Needs Improvement,98%,N/A,N/A,90%,0%,10%,96%,100%,95%,92%,N/A,N/A,100%,97%,96%,N/A,92%,79%,94%,92%,97%,95%,N/A,N/A,93%,N/A,98%,86%,94%,94%,98%,95%,N/A,N/A,88%,N/A,95%,86%,100%,93%,86%,81%,82%,88%,82%,N/A,N/A,71%,N/A,80%,96%,90%,96%,74%,60%,64%,63%,53%,N/A,N/A,64%,N/A,61%,96%,95%,97%,96%,N/A,N/A,97%,N/A,99%,81%,82%,81%,81%,N/A,N/A,77%,N/A,81%,92%,86%,87%,76%,89%,N/A,N/A,86%,N/A,88%,80%,73%,60%,80%,85%,N/A,N/A,63%,N/A,86%,94%,89%,92%,92%,86%,N/A,N/A,86%,N/A,88%
03M610,Young Women's Leadership School,Excellent,Excellent,Fair,www.tywls.org,Colleen Mcgeehan,"06,07,08,09,10,11,12,SE",270,Screened,Local Support and Improvement,140 West 102 Street,"Manhattan, NY 10025",212-289-7593,7%,27%,59%,1%,<1%,4%,2%,22%,86%,100%,0%,0%,80%,"Boys: Bowling,Wrestling,Baseball,Basketball,Outdoor Track,Volleyball,Football,Soccer; Girls: Golf,Basketball,Softball,Soccer,Volleyball,Outdoor Track,Flag Football; Co-Ed: N/A","Art Club, AMNH Lang program, BSU (Black Student Union), Crochet Club, Dance Team, East Harlem PRIDE sports,Gender Sexuality Alliance (GSA), Green Team, Japan Society, LSA (Latinx Student Association), MSA (Muslim Student Association), Riley's Way, Robotics Club, Running Club, Social Justice Club, Social Media Team, STEAM Team Field Research, Step Team, Street Squash, TDF Wendy Wasserstein Theater Project, Welcome Committee","Visual Art, Illustration, Graphic Design, Studio Art, Digital Photography",DYCD: COMPASS/SONYC; NYC Solves; PROSE,0%,17%,28%,0%,0%,47%,6.1,67%,88%,74%,72%,N/A,N/A,67%,N/A,83%,93%,93%,68,86%,85%,128 (47%),135 (50%),9% (16),25% (47),62% (117),1% (2),<1% (1),3% (5),Needs Improvement,91%,N/A,N/A,89%,0%,11%,99%,N/A,93%,100%,N/A,N/A,N/A,99%,N/A,N/A,92%,84%,95%,100%,95%,95%,N/A,N/A,100%,N/A,97%,79%,94%,89%,94%,95%,N/A,N/A,100%,N/A,94%,90%,93%,93%,89%,81%,81%,87%,78%,N/A,N/A,80%,N/A,78%,90%,60%,95%,78%,57%,47%,56%,55%,N/A,N/A,100%,N/A,55%,94%,95%,88%,96%,N/A,N/A,100%,N/A,92%,83%,89%,84%,81%,N/A,N/A,67%,N/A,76%,92%,80%,88%,79%,78%,N/A,N/A,N/A,N/A,90%,73%,68%,71%,71%,61%,N/A,N/A,N/A,N/A,90%,86%,84%,88%,82%,84%,N/A,N/A,N/A,N/A,95%
03M859,Special Music School,Excellent,Excellent,,www.kaufmanmusiccenter.org/sms/,Katherine Banucci-Smith,"0K,01,02,03,04,05,06,07,08,09,10,11,12,SE",176,Audition,Local Support and Improvement,129 West 67 Street,"Manhattan, NY 10023",212-501-3318,14%,7%,21%,<1%,<1%,48%,2%,20%,35%,52%,48%,0%,78%,"Boys: Outdoor Track,Wrestling,Basketball,Indoor Track,Bowling,Handball,Baseball,Badminton,Cross Country,Volleyball,Soccer; Girls: Flag Football,Cross Country,Outdoor Track,Volleyball,Basketball,Badminton,Wrestling,Soccer,Bowling,Indoor Track,Softball,Handball; Co-Ed: N/A",Gender Sexuality Alliance (GSA),"Classroom Music, Mixed Choir, Music Theory / Musicianship, Music Technology, Music History, Chamber Music, Music Enterprise, Management, and Careers, Guitar, Symphonic Orchestra, Piano Keyboard, and more",NYC Reads,N/A (fewer than 5 teachers),N/A (fewer than 5 teachers),N/A (fewer than 5 teachers),0%,0%,58%,14.4,75%,75%,25%,76%,N/A,N/A,62%,60%,59%,67%,56%,76,92%,90%,73 (41%),80 (45%),15% (20),5% (7),20% (27),<1% (1),0% (0),49% (65),Needs Improvement,97%,N/A,N/A,100%,0%,0%,98%,N/A,N/A,N/A,N/A,N/A,96%,100%,96%,N/A,N/A,82%,94%,96%,67%,92%,N/A,N/A,97%,80%,96%,84%,92%,96%,92%,92%,N/A,N/A,89%,N/A,90%,85%,100%,78%,83%,83%,75%,100%,94%,N/A,N/A,76%,N/A,64%,92%,73%,98%,75%,55%,54%,33%,49%,N/A,N/A,61%,20%,47%,97%,90%,100%,97%,N/A,N/A,98%,100%,93%,80%,82%,42%,79%,N/A,N/A,81%,60%,83%,N/A,92%,100%,N/A,100%,N/A,N/A,76%,N/A,91%,N/A,81%,89%,N/A,67%,N/A,N/A,82%,N/A,92%,N/A,88%,89%,N/A,92%,N/A,N/A,76%,N/A,92%
03M860,Frederick Douglass Academy II Secondary School,Fair,Good,Excellent,fda2.net,Osei Owusu Afriyie,"06,07,08,09,10,11,12,SE",259,Ed. Opt.,Local Support and Improvement,215 West 114 Street,"Manhattan, NY 10026",212-865-9260,<1%,58%,34%,3%,<1%,3%,13%,31%,94%,44%,56%,0%,80%,"Boys: Football,Baseball,Volleyball,Bowling,Basketball,Soccer,Middle Schools Basketball,Wrestling,Outdoor Track; Girls: Outdoor Track,Golf,Basketball,Volleyball,Soccer,Softball,Flag Football; Co-Ed: N/A","Chess, Coding,Gender Sexuality Alliance (GSA), National Honor Society , Video Gaming Club , Culinary Arts , Debate , Robotics , Visual Media , Wellness , Peer Group Connection (PGC), Broadway Junior","Graphic Design, Mixed Media, Core Music, Painting",Community School; NYC Solves; Project Pivot,N/A (fewer than 5 teachers),26%,26%,0%,0%,34%,14.1,63%,N/A,48%,47%,43%,N/A,89%,69%,36%,88%,76%,34,59%,58%,83 (32%),89 (34%),0% (0),54% (70),38% (50),4% (5),<1% (1),2% (3),Needs Improvement,59%,N/A,N/A,92%,0%,8%,81%,N/A,87%,81%,N/A,N/A,N/A,88%,77%,67%,92%,72%,87%,N/A,85%,89%,86%,N/A,100%,75%,84%,64%,76%,N/A,76%,76%,57%,N/A,67%,74%,61%,75%,76%,80%,84%,75%,N/A,73%,80%,86%,N/A,50%,62%,78%,88%,69%,96%,66%,46%,N/A,49%,43%,14%,N/A,40%,53%,47%,84%,N/A,83%,85%,86%,N/A,90%,82%,74%,59%,N/A,55%,65%,29%,N/A,80%,66%,49%,95%,98%,N/A,100%,92%,N/A,N/A,N/A,100%,100%,92%,94%,N/A,94%,92%,N/A,N/A,N/A,86%,100%,97%,98%,N/A,97%,100%,N/A,N/A,N/A,100%,100%
04M372,Esperanza Preparatory Academy,Fair,Good,Good,epaschool.org/,Luisa Morales,"06,07,08,09,10,11,12,SE",351,"ASD/ACES Program, D75 Special Education Inclusive Services, Language Criteria",Local Support and Improvement,240 East 109 Street,"Manhattan, NY 10029",212-722-6507,<1%,11%,82%,<1%,<1%,1%,42%,21%,>95%,43%,57%,0%,85%,"Boys: Basketball,Soccer,Baseball; Girls: Volleyball,Basketball; Co-Ed: N/A",Gender Sexuality Alliance (GSA),"Art History, Music Technology, Core Music, Choreography / Dance Composition, Drawing, Modern Dance, String Orchestra",21st Century Community Learning Center; Community School; Dual Language or TBE; DYCD: COMPASS/SONYC; NYC Solves; New Arrivals,N/A (fewer than 5 teachers),N/A (fewer than 5 teachers),70%,0%,0%,19%,8.2,59%,N/A,41%,63%,N/A,N/A,100%,78%,52%,73%,58%,32,43%,36%,57 (16%),125 (36%),0% (0),13% (21),82% (128),<1% (1),<1% (1),<1% (1),Fair,84%,16%,0%,86%,9%,5%,78%,N/A,N/A,76%,N/A,N/A,N/A,86%,72%,69%,88%,75%,88%,100%,77%,90%,N/A,N/A,N/A,93%,93%,63%,81%,80%,75%,83%,N/A,N/A,100%,85%,79%,81%,90%,92%,84%,79%,N/A,61%,82%,N/A,N/A,N/A,79%,75%,86%,52%,95%,71%,52%,67%,42%,53%,N/A,N/A,80%,61%,51%,89%,83%,76%,91%,N/A,N/A,100%,90%,85%,73%,67%,64%,75%,N/A,N/A,N/A,77%,71%,92%,88%,N/A,83%,89%,N/A,N/A,N/A,89%,93%,82%,81%,N/A,88%,80%,N/A,N/A,N/A,78%,87%,92%,93%,N/A,78%,95%,N/A,N/A,N/A,94%,97%
04M435,Manhattan Center for Science and Mathematics,Excellent,Excellent,Good,mcsm.net,James Nicotri,"09,10,11,12,SE",1645,"D75 Special Education Inclusive Services, Language Criteria, Screened",Local Support and Improvement,260 Pleasant Avenue,"Manhattan, NY 10029",212-876-4639,25%,16%,45%,1%,<1%,10%,5%,18%,75%,49%,51%,<1%,94%,"Boys: Soccer,Indoor Track,Volleyball,Cross Country,Bowling,Outdoor Track,Basketball,Tennis,Baseball; Girls: Outdoor Track,Indoor Track,Volleyball,Cross Country,Bowling,Basketball,Softball,Table Tennis,Soccer; Co-Ed: N/A",N/A,"Visual Art, Digital Photography, Studio Art, Mixed Media, Core Music, Music History, Art History, Graphic Design, Filmmaking / Video",Dual Language or TBE; NYC Solves; PROSE,13%,9%,33%,0%,0%,44%,2,73%,85%,86%,87%,93%,100%,92%,84%,83%,99%,99%,81,93%,87%,1087 (66%),1010 (61%),27% (382),16% (228),43% (613),1% (18),1% (15),10% (150),Fair,99%,N/A,N/A,99%,N/A,N/A,99%,100%,100%,97%,N/A,N/A,100%,99%,98%,91%,94%,90%,95%,95%,94%,96%,93%,100%,98%,93%,94%,87%,96%,96%,98%,95%,100%,100%,98%,89%,93%,97%,98%,99%,91%,85%,87%,85%,84%,76%,100%,82%,81%,82%,91%,75%,96%,82%,64%,65%,61%,61%,65%,79%,76%,62%,57%,97%,98%,95%,96%,100%,100%,98%,85%,94%,86%,87%,83%,87%,65%,100%,84%,77%,82%,95%,85%,83%,87%,87%,78%,100%,83%,86%,89%,75%,66%,58%,71%,70%,50%,73%,66%,73%,81%,94%,90%,92%,87%,89%,89%,100%,92%,91%,90%
04M495,Park East High School,Excellent,Excellent,Good,www.parkeasths.org,Suzy Ort,"09,10,11,SE",386,Screened,Local Support and Improvement,230 East 105 Street,"Manhattan, NY 10029",212-831-1517,6%,24%,60%,1%,1%,6%,2%,22%,75%,52%,48%,0%,88%,"Boys: Volleyball,Outdoor Track,Bowling,Wrestling,Soccer,Football,Baseball,Basketball; Girls: Volleyball,Softball,Soccer,Basketball,Outdoor Track,Golf,Flag Football; Co-Ed: N/A","Anime club, Book club, Crochet Club, Muslim Student Advocacy Club, Anti Social Social Club, Art Club, Language Matters Club, Student Government, Dungeons and Dragons, National Honor Society,Gender Sexuality Alliance (GSA), Travel Club, Badminton Club, Red Cross Club, Music Club, Behind the Pride Club, PE Planners, Game Room Club, Philosophy Club, Volleyball Club, Basketball Club, Principal's Advisory Council, Money Talk Club, Photography Club, Sculpture Club and Green Team Club.","Graphic Design, Visual Art, Music History, Piano Keyboard, Core Music, Guitar, Classroom Music, Mixed Media",NYC Solves; PROSE,N/A (fewer than 5 teachers),N/A (fewer than 5 teachers),19%,0%,0%,70%,3.2,86%,95%,89%,89%,N/A,80%,86%,80%,88%,97%,95%,67,89%,91%,126 (33%),148 (38%),8% (17),21% (48),63% (142),<1% (1),1% (3),6% (13),Fair,85%,15%,0%,100%,0%,0%,99%,N/A,100%,98%,N/A,N/A,N/A,100%,98%,N/A,96%,83%,95%,91%,90%,98%,N/A,100%,95%,N/A,94%,85%,94%,95%,90%,95%,N/A,100%,95%,100%,89%,90%,86%,95%,90%,87%,79%,86%,88%,N/A,100%,83%,57%,78%,93%,75%,96%,78%,64%,54%,65%,64%,N/A,80%,64%,43%,62%,93%,96%,92%,93%,N/A,100%,96%,71%,89%,80%,75%,77%,83%,N/A,60%,78%,43%,75%,93%,90%,92%,91%,89%,N/A,N/A,85%,N/A,95%,84%,73%,62%,74%,73%,N/A,N/A,83%,N/A,82%,97%,95%,92%,91%,96%,N/A,N/A,100%,N/A,100%
04M555,Central Park East High School,Excellent,Excellent,Good,www.centralparkeasths.org,Mayra Messi,"09,10,11,12,SE",490,Screened,Local Support and Improvement,1573 Madison Avenue,"Manhattan, NY 10029",212-860-5929,13%,23%,54%,<1%,1%,7%,1%,21%,78%,57%,42%,<1%,88%,"Boys: Wrestling,Soccer,Baseball,Bowling,Volleyball,Outdoor Track,Basketball,Football; Girls: Golf,Volleyball,Softball,Soccer,Basketball,Outdoor Track,Flag Football; Co-Ed: N/A","Anime Club, Art Club, Badminton Club, Black Student Union, The Brotherhood/SisterSol, Chess Club, Class of Consciousness Club, Computer Coding, Dance, Debate Club, Digital Media & Film, Environmental Green Team, Fashion Club, French Club, Futures and Options Internship Program, Girls Who Crush Rock Climbing, Girls Who Code Club, Glamour Gals Community Service, Girls, Inc., High School Law Institute, I-Choose, International Travel Club, Korean Culture Club,Gender Sexuality Alliance (GSA), Minds Matter, Model UN, Mt. Sinai Hospital MedDocs Program, Muslim Student Association, National Honor Society, Opportunity Network, PeerTutoring Program, Photography, School Newspaper (Madison Times), SEO Scholars, Student Government Association, Red Cross Club, Science Lab Technician Club, Soccer Club, Volleyball Club, Yearbook Club","Studio Art, Visual Art, Photography",NYC Solves; PROSE; Respect for All,N/A (fewer than 5 teachers),N/A (fewer than 5 teachers),N/A (fewer than 5 teachers),0%,0%,74%,1.1,83%,81%,78%,89%,N/A,N/A,95%,N/A,78%,100%,91%,73,86%,90%,263 (54%),210 (43%),16% (58),21% (73),51% (180),1% (4),1% (5),8% (28),Fair,94%,6%,0%,94%,0%,6%,99%,95%,100%,100%,N/A,N/A,N/A,99%,100%,N/A,100%,87%,95%,100%,93%,95%,N/A,N/A,95%,N/A,96%,87%,94%,93%,93%,94%,N/A,N/A,92%,N/A,94%,95%,97%,97%,92%,86%,83%,89%,86%,N/A,N/A,87%,N/A,89%,95%,88%,97%,79%,59%,62%,55%,62%,N/A,N/A,57%,N/A,58%,96%,98%,97%,95%,N/A,N/A,96%,N/A,95%,86%,77%,84%,90%,N/A,N/A,79%,N/A,81%,93%,90%,100%,93%,88%,N/A,N/A,100%,N/A,92%,84%,70%,50%,73%,73%,N/A,N/A,80%,N/A,100%,96%,93%,100%,93%,91%,N/A,N/A,100%,N/A,92%
04M680,"Heritage School, The",Good,Good,Excellent,www.theheritageschoolnyc.com/,Dyanand Sugrim,"09,10,11,12,SE",256,Ed. Opt.,Local Support and Improvement,1680 Lexington Avenue,"Manhattan, NY 10029",212-828-2858,2%,34%,61%,1%,<1%,2%,4%,27%,89%,45%,55%,0%,76%,"Boys: Outdoor Track,Baseball,Volleyball,Wrestling,Soccer,Bowling,Basketball,Football; Girls: Basketball,Soccer,Volleyball,Flag Football,Softball,Outdoor Track,Golf; Co-Ed: N/A","Financial Literacy, Monroe College partner school, Electrical/Plumbing/OSHA/C+/Carpentry/Nursing certifications","Studio Art, Core Music, Concert Band",Community School; NYC Solves,N/A (fewer than 5 teachers),N/A (fewer than 5 teachers),N/A (fewer than 5 teachers),0%,0%,62%,12.8,62%,N/A,63%,63%,N/A,N/A,N/A,100%,62%,75%,70%,31,32%,48%,62 (24%),83 (32%),2% (2),25% (26),69% (70),0% (0),<1% (1),3% (3),Fair,95%,N/A,N/A,93%,N/A,N/A,91%,N/A,82%,95%,N/A,N/A,N/A,92%,89%,N/A,88%,71%,91%,N/A,86%,94%,N/A,N/A,N/A,100%,89%,71%,84%,N/A,85%,84%,N/A,N/A,N/A,100%,82%,68%,80%,55%,87%,80%,N/A,76%,82%,N/A,N/A,N/A,100%,84%,86%,65%,97%,69%,46%,N/A,42%,49%,N/A,N/A,N/A,67%,48%,89%,N/A,84%,92%,N/A,N/A,N/A,100%,89%,69%,N/A,64%,72%,N/A,N/A,N/A,83%,68%,97%,97%,N/A,99%,96%,N/A,N/A,N/A,100%,94%,97%,96%,N/A,96%,97%,N/A,N/A,N/A,100%,95%,97%,97%,N/A,96%,97%,N/A,N/A,N/A,100%,95%
05M148,Eagle Academy for Young Men of Harlem,Fair,Good,Fair,eagleharlem.org,Ahmed Edwards,"06,07,08,09,10,11,12,SE",160,"Ed. Opt., Open",Additional Targeted Support and Improvement,6 Edgecombe Avenue,"Manhattan, NY 10030",212-694-6051,1%,59%,33%,2%,0%,2%,9%,39%,89%,0%,100%,0%,82%,"Boys: Volleyball,Basketball,Baseball,Middle Schools Basketball; Girls: Basketball,Volleyball; Co-Ed: N/A",Podcasts; robotics; instrumental music; music production; Gender Sexuality Alliance (GSA),"Theater / Play Production, Fashion and Textile Design, Music Enterprise, Management, and Careers",Career Readiness and Modern Youth Apprenticeship; DYCD: COMPASS/SONYC; NYC Solves; Pathways Advising; Project Pivot,0%,56%,N/A (fewer than 5 teachers),0%,0%,26%,2.1,74%,N/A,57%,53%,N/A,N/A,N/A,90%,54%,72%,78%,33,42%,50%,19 (12%),53 (33%),2% (1),60% (39),31% (20),3% (2),0% (0),0% (0),Fair,86%,14%,0%,90%,0%,10%,78%,N/A,80%,N/A,N/A,N/A,N/A,N/A,78%,N/A,62%,66%,89%,N/A,91%,83%,N/A,N/A,N/A,89%,84%,62%,75%,N/A,75%,74%,N/A,N/A,N/A,70%,67%,78%,94%,89%,85%,87%,N/A,88%,84%,N/A,N/A,N/A,100%,89%,81%,53%,97%,68%,51%,N/A,52%,44%,N/A,N/A,N/A,73%,48%,81%,N/A,80%,83%,N/A,N/A,N/A,91%,74%,67%,N/A,70%,62%,N/A,N/A,N/A,90%,62%,86%,79%,N/A,82%,71%,N/A,N/A,N/A,N/A,75%,83%,83%,N/A,85%,80%,N/A,N/A,N/A,N/A,90%,86%,81%,N/A,76%,92%,N/A,N/A,N/A,N/A,75%
05M157,The Urban Assembly School for Global Commerce,Fair,Good,Excellent,uaglobalcommerce.org/,Roony Vizcaino,"09,10,11,SE",145,Ed. Opt.,Local Support and Improvement,2005 Madison Avenue,"Manhattan, NY 10035",212-831-5201,<1%,48%,46%,2%,0%,1%,9%,37%,92%,43%,57%,0%,87%,Boys: Basketball; Girls: N/A; Co-Ed: N/A,"Young Entrepreneur Expo, T-shirt Expo, Chocolate Expo, Arizona State University trip, Camp Ramapo, Internships, Gaming competition, Cisco Network Academy","Advertising Art, Graphic Design, Art Management / Business",Career & Technical Education; NYC Solves; Respect for All,N/A (fewer than 5 teachers),N/A (fewer than 5 teachers),24%,0%,0%,43%,7.1,71%,N/A,83%,75%,N/A,N/A,N/A,82%,70%,60%,15%,29,18%,19%,21 (14%),46 (32%),0% (0),46% (23),50% (25),4% (2),0% (0),0% (0),Excellent,92%,N/A,N/A,90%,0%,10%,80%,N/A,N/A,N/A,N/A,N/A,N/A,N/A,79%,N/A,80%,78%,96%,N/A,98%,92%,N/A,N/A,N/A,100%,94%,78%,96%,N/A,96%,94%,N/A,N/A,N/A,100%,89%,84%,90%,95%,87%,90%,N/A,95%,83%,N/A,N/A,N/A,82%,88%,80%,42%,95%,76%,59%,N/A,71%,45%,N/A,N/A,N/A,64%,49%,93%,N/A,92%,96%,N/A,N/A,N/A,100%,92%,77%,N/A,82%,73%,N/A,N/A,N/A,82%,68%,95%,95%,N/A,96%,92%,N/A,N/A,N/A,100%,97%,92%,92%,N/A,93%,90%,N/A,N/A,N/A,89%,95%,97%,97%,N/A,98%,96%,N/A,N/A,N/A,100%,100%
05M304,Mott Hall High School,Fair,Fair,Good,www.motthallhs.org/,Douglas Geogerian,"09,10,11,12,SE",237,Open,Local Support and Improvement,6 Edgecombe Avenue,"Manhattan, NY 10030",212-694-6020,<1%,38%,58%,<1%,0%,2%,24%,29%,91%,47%,53%,0%,82%,"Boys: Baseball,Volleyball,Basketball; Girls: Basketball,Volleyball; Co-Ed: N/A","We have a new dance studio where students are instructed by Harlem School of the Arts staff. A stateoftheart computer science lab is being built for this school year! Our clubs include: Anime Club,Gender Sexuality Alliance (GSA), Film Club, Art and Tech Club, Poetry Club, Latin Rhythms Club, Debate Club, Basketball Club","Studio Art, Mixed Media",CS for All; Dual Language or TBE; Future Ready NYC; NYC Solves; Pathways Advising; Project Pivot,N/A (fewer than 5 teachers),35%,25%,N/A (fewer than 5 teachers),N/A (fewer than 5 teachers),30%,3.2,70%,N/A,66%,71%,N/A,N/A,N/A,79%,64%,88%,88%,30,23%,53%,70 (30%),41 (17%),0% (0),42% (32),54% (41),1% (1),0% (0),3% (2),Needs Improvement,73%,N/A,N/A,88%,0%,12%,91%,N/A,90%,92%,N/A,N/A,N/A,92%,91%,92%,86%,69%,90%,N/A,88%,93%,N/A,N/A,N/A,87%,87%,72%,88%,N/A,84%,91%,N/A,N/A,N/A,91%,79%,85%,62%,96%,90%,86%,N/A,79%,91%,N/A,N/A,N/A,90%,77%,77%,39%,93%,77%,61%,N/A,67%,58%,N/A,N/A,N/A,45%,54%,91%,N/A,85%,94%,N/A,N/A,N/A,91%,84%,78%,N/A,74%,83%,N/A,N/A,N/A,74%,81%,94%,89%,N/A,89%,89%,N/A,N/A,N/A,84%,95%,84%,83%,N/A,82%,84%,N/A,N/A,N/A,75%,95%,94%,91%,N/A,90%,92%,N/A,N/A,N/A,94%,91%
05M362,Columbia Secondary School,Excellent,Good,Fair,www.columbiasecondary.org,Vikram Arora,"06,07,08,09,10,11,SE",425,Screened,Local Support and Improvement,425 West 123 Street,"Manhattan, NY 10027",212-666-1278,10%,20%,36%,<1%,<1%,28%,<1%,21%,53%,47%,53%,0%,84%,"Boys: Volleyball,Basketball,Rugby,Soccer,Cross Country; Girls: Cross Country,Volleyball,Soccer,Basketball,Rugby; Co-Ed: Golf",Gender Sexuality Alliance (GSA),"Art History, Music History, Classroom Music, Core Music",DYCD: COMPASS/SONYC,13%,10%,10%,0%,0%,65%,1.5,75%,33%,45%,47%,N/A,N/A,56%,43%,44%,27%,14%,81,89%,99%,177 (42%),201 (47%),10% (28),16% (45),33% (93),<1% (1),<1% (2),34% (95),Fair,97%,N/A,N/A,86%,N/A,N/A,97%,N/A,100%,93%,N/A,N/A,100%,96%,98%,N/A,80%,73%,94%,94%,92%,90%,N/A,N/A,99%,60%,91%,67%,86%,73%,87%,87%,N/A,N/A,92%,78%,84%,43%,50%,27%,81%,77%,71%,73%,80%,N/A,N/A,82%,N/A,75%,94%,85%,96%,64%,46%,52%,41%,43%,N/A,N/A,47%,40%,48%,92%,92%,89%,91%,N/A,N/A,93%,80%,91%,79%,81%,72%,76%,N/A,N/A,86%,60%,74%,84%,81%,63%,76%,86%,N/A,N/A,86%,N/A,84%,86%,77%,73%,75%,86%,N/A,N/A,73%,N/A,88%,92%,88%,94%,85%,89%,N/A,N/A,87%,N/A,93%
05M369,Urban Assembly School for the Performing Arts,Fair,Fair,Good,www.uaperformingarts.org,Roxanne Brown,"09,10,11,12,SE",217,Ed. Opt.,Local Support and Improvement,509 West 129 Street,"Manhattan, NY 10027",212-543-4460,<1%,56%,41%,0%,<1%,<1%,6%,32%,91%,71%,28%,<1%,84%,"Boys: Basketball; Girls: Basketball,Softball; Co-Ed: N/A","Dance, Vocal Music, Theatre, Art Club, National Honor Society, Yearbook, EPIC Theatre Ensemble, Student Government,Gender Sexuality Alliance (GSA), Peer Group Connection, Student Ambassadors, Gamers Club, Tutoring, PM School","Classroom Music, Acting, Dance",NYC Solves,N/A (fewer than 5 teachers),44%,N/A (fewer than 5 teachers),0%,0%,30%,0.2,78%,N/A,65%,72%,N/A,N/A,N/A,78%,70%,53%,53%,43,71%,51%,107 (49%),31 (14%),<1% (1),59% (63),38% (41),0% (0),<1% (1),0% (0),Excellent,94%,N/A,N/A,88%,0%,12%,86%,N/A,85%,87%,N/A,N/A,N/A,89%,80%,N/A,81%,71%,97%,N/A,96%,99%,N/A,N/A,N/A,100%,96%,75%,84%,N/A,81%,88%,N/A,N/A,N/A,64%,82%,61%,65%,56%,89%,88%,N/A,89%,88%,N/A,N/A,N/A,90%,86%,74%,22%,95%,75%,66%,N/A,65%,68%,N/A,N/A,N/A,45%,66%,88%,N/A,84%,93%,N/A,N/A,N/A,90%,88%,71%,N/A,71%,71%,N/A,N/A,N/A,90%,72%,89%,87%,N/A,88%,86%,N/A,N/A,N/A,N/A,N/A,89%,86%,N/A,86%,86%,N/A,N/A,N/A,N/A,N/A,93%,87%,N/A,75%,100%,N/A,N/A,N/A,N/A,N/A
05M499,Frederick Douglass Academy,Fair,Good,Fair,www.fda1harlem.org/,Ayisha Fullerton,"06,07,08,09,10,11,12,SE",542,"D75 Special Education Inclusive Services, Ed. Opt., Open, Screened",Comprehensive Support and Improvement,2581 7th Avenue,"Manhattan, NY 10039",212-491-4107,<1%,59%,35%,<1%,<1%,4%,8%,24%,89%,41%,59%,0%,80%,"Boys: Outdoor Track,Basketball,Football,Baseball,Soccer,Lacrosse,Volleyball,Fencing,Tennis,Indoor Track,Wrestling; Girls: Indoor Track,Tennis,Outdoor Track,Fencing,Basketball,Volleyball,Softball,Soccer,Lacrosse; Co-Ed: Double Dutch","Anime, Boys and Girls Club of Harlem, Broadcasting, Cheerleading, Chess, College and Career, Concert Band, Dance, Entrepreneurship, Harlem Lacrosse , Harlem Samba, National Honor Society (High School), Student Council, Taekwondo, Tutorial, Wellness Center, Yearbook, Yoga","Drawing, Filmmaking / Video, Core Music, Piano Keyboard, Concert Band",21st Century Community Learning Center; Community School; DYCD: COMPASS/SONYC; Project Pivot,12%,45%,22%,N/A (fewer than 5 teachers),N/A (fewer than 5 teachers),19%,7.1,88%,N/A,45%,44%,N/A,N/A,69%,56%,48%,80%,73%,40,56%,56%,56 (10%),101 (19%),<1% (1),55% (138),38% (97),1% (3),0% (0),4% (10),Fair,49%,N/A,N/A,97%,N/A,N/A,93%,N/A,92%,94%,N/A,N/A,N/A,96%,91%,N/A,88%,66%,88%,N/A,85%,94%,N/A,N/A,100%,83%,86%,60%,74%,N/A,69%,80%,N/A,N/A,92%,69%,69%,66%,80%,70%,84%,83%,N/A,82%,85%,N/A,N/A,90%,78%,81%,88%,58%,95%,65%,46%,N/A,44%,48%,60%,N/A,54%,43%,51%,87%,N/A,85%,91%,100%,N/A,92%,87%,85%,66%,N/A,64%,70%,60%,N/A,69%,65%,67%,83%,77%,N/A,76%,77%,N/A,N/A,N/A,N/A,88%,76%,70%,N/A,71%,65%,N/A,N/A,N/A,N/A,71%,88%,84%,N/A,86%,81%,N/A,N/A,N/A,N/A,82%
05M670,Thurgood Marshall Academy for Learning and Social Change,Fair,Excellent,Excellent,www.tmanyc.org,Cynthia Carmona Davis,"06,07,08,09,10,11,12,SE",323,Screened,Local Support and Improvement,200-214 West 135th Street,"Manhattan, NY 10030",212-283-8055,<1%,66%,27%,4%,<1%,<1%,3%,25%,90%,46%,54%,0%,70%,"Boys: Basketball; Girls: Basketball,Badminton,Middle Schools Basketball; Co-Ed: N/A","Brothers On a New Direction (BOND), Peer Forward Mentoring, Young Eisner Scholars Program (YES), My Brother's/Sister's Keeper, College Now, Student Government, Brotherhood/Sister Sol, YMCA, GLOW, HEAF,Gender Sexuality Alliance (GSA)","Studio Art, Music History, Art History, Graphic Design, Classroom Music, Visual Art",DYCD: COMPASS/SONYC; NYC Solves; Project Pivot,N/A (fewer than 5 teachers),53%,11%,0%,0%,29%,0,93%,N/A,48%,46%,100%,N/A,N/A,N/A,39%,100%,96%,34,47%,36%,25 (8%),151 (47%),<1% (1),67% (123),28% (51),3% (6),0% (0),1% (2),Excellent,57%,N/A,N/A,88%,0%,12%,88%,N/A,91%,83%,N/A,N/A,N/A,88%,88%,N/A,80%,75%,91%,N/A,92%,88%,100%,N/A,N/A,N/A,84%,62%,78%,N/A,79%,78%,100%,N/A,N/A,N/A,81%,89%,98%,96%,83%,82%,N/A,85%,72%,100%,N/A,N/A,N/A,80%,83%,57%,95%,67%,44%,N/A,47%,37%,83%,N/A,N/A,N/A,46%,85%,N/A,87%,82%,100%,N/A,N/A,N/A,78%,64%,N/A,65%,61%,100%,N/A,N/A,N/A,66%,93%,94%,N/A,93%,94%,100%,N/A,100%,90%,90%,92%,88%,N/A,89%,84%,92%,N/A,100%,90%,84%,98%,96%,N/A,96%,96%,92%,N/A,100%,100%,94%
05M692,"High School for Mathematics, Science and Engineering at City College",Excellent,Excellent,Good,hsmse.org,Sean Dolcy,"09,10,11",579,Test,Local Support and Improvement,240 Convent Ave,"Manhattan, NY 10031",212-281-6490,27%,11%,16%,<1%,<1%,37%,0%,8%,41%,36%,64%,0%,89%,"Boys: Soccer,Outdoor Track,Basketball,Cross Country,Volleyball,Indoor Track,Baseball; Girls: Softball,Basketball,Outdoor Track,Indoor Track,Soccer,Cross Country; Co-Ed: N/A",Gender Sexuality Alliance (GSA),"Drawing, Core Music, Guitar, Art History, Visual Art, Jazz Ensemble, Music Theory / Musicianship, Studio Art, Painting",Career & Technical Education; Respect for All,16%,N/A (fewer than 5 teachers),N/A (fewer than 5 teachers),0%,0%,65%,2.2,94%,90%,83%,91%,N/A,N/A,95%,N/A,85%,58%,52%,96,100%,88%,576 (99%),356 (61%),28% (159),10% (60),16% (94),<1% (2),<1% (4),37% (213),Needs Improvement,93%,N/A,N/A,90%,N/A,N/A,99%,100%,100%,100%,N/A,N/A,98%,100%,99%,N/A,N/A,88%,95%,94%,86%,96%,N/A,N/A,97%,N/A,97%,93%,98%,96%,96%,99%,N/A,N/A,99%,N/A,97%,89%,100%,94%,92%,87%,88%,88%,85%,N/A,N/A,88%,N/A,83%,95%,91%,96%,78%,64%,67%,53%,62%,N/A,N/A,66%,N/A,58%,94%,96%,89%,94%,N/A,N/A,95%,N/A,94%,89%,90%,70%,88%,N/A,N/A,94%,N/A,85%,92%,79%,80%,93%,68%,N/A,N/A,78%,N/A,75%,80%,63%,53%,71%,64%,N/A,N/A,68%,N/A,81%,92%,90%,91%,100%,80%,N/A,N/A,90%,N/A,94%
06M211,Inwood Early College for Health and Information Technologies,Good,Good,Good,www.inwoodEC.org,Samona Tait,"09,10,11,12,SE",347,Ed. Opt.,Local Support and Improvement,650 Academy Street,"Manhattan, NY 10034",212-567-1394,<1%,4%,95%,0%,<1%,<1%,15%,27%,87%,45%,55%,0%,85%,"Boys: Basketball,Baseball; Girls: Volleyball,Badminton,Softball; Co-Ed: N/A",1.Esports 2. Debate 3. Girls Inc 4. SHE- Shaping her earth 5. Boys club 6. Girls who code 7. Bird club 8. Gender Sexuality Alliance (GSA) 9. Government & Economic symposium,"Theater, Voice and Diction, Guitar, Computer Art / Digital Art, Core Music, Art History",Career & Technical Education; Career Readiness and Modern Youth Apprenticeship; NYC Solves,N/A (fewer than 5 teachers),19%,31%,N/A (fewer than 5 teachers),N/A (fewer than 5 teachers),44%,10.2,78%,N/A,89%,79%,N/A,N/A,N/A,90%,88%,73%,69%,37,78%,66%,23 (7%),165 (48%),<1% (2),5% (10),93% (196),0% (0),<1% (1),<1% (1),Fair,98%,N/A,N/A,99%,N/A,N/A,84%,N/A,N/A,83%,N/A,N/A,N/A,84%,84%,73%,75%,73%,95%,N/A,89%,95%,N/A,N/A,N/A,90%,95%,80%,87%,N/A,89%,87%,N/A,N/A,N/A,90%,82%,82%,96%,81%,88%,86%,N/A,67%,87%,N/A,N/A,N/A,95%,83%,85%,61%,96%,72%,47%,N/A,56%,47%,N/A,N/A,N/A,50%,48%,92%,N/A,89%,92%,N/A,N/A,N/A,87%,84%,79%,N/A,50%,80%,N/A,N/A,N/A,71%,77%,92%,88%,N/A,100%,88%,N/A,N/A,N/A,77%,89%,92%,92%,N/A,100%,92%,N/A,N/A,N/A,100%,89%,92%,90%,N/A,100%,89%,N/A,N/A,N/A,77%,92%
06M293,City College Academy of the Arts,Excellent,Good,Fair,www.ccaa293.org/,Burnedette Drysdale,"06,07,08,09,10,11,12,SE",329,Screened,Local Support and Improvement,4600 Broadway,"Manhattan, NY 10040",212-567-3164,0%,2%,94%,<1%,<1%,2%,5%,19%,88%,55%,45%,0%,76%,"Boys: Volleyball,Basketball,Soccer; Girls: Softball,Basketball,Volleyball; Co-Ed: N/A",Gender Sexuality Alliance (GSA),"Mixed Media, Piano Keyboard, Drawing, Painting, Three-Dimensional Art, Photography, Stage Design, Acting, Studio Art, Music History",DYCD: COMPASS/SONYC; NYC Solves; Respect for All,N/A (fewer than 5 teachers),11%,36%,N/A (fewer than 5 teachers),0%,42%,19.2,87%,N/A,50%,61%,N/A,N/A,70%,68%,62%,92%,96%,75,96%,83%,63 (19%),214 (65%),0% (0),2% (5),94% (282),1% (3),<1% (1),2% (7),Needs Improvement,98%,N/A,N/A,93%,0%,7%,99%,N/A,N/A,99%,N/A,N/A,N/A,98%,100%,N/A,94%,77%,89%,N/A,100%,89%,N/A,N/A,89%,83%,91%,71%,80%,N/A,100%,80%,N/A,N/A,78%,91%,87%,79%,96%,78%,84%,69%,N/A,N/A,69%,N/A,N/A,83%,73%,70%,88%,58%,96%,66%,42%,N/A,14%,43%,N/A,N/A,10%,53%,44%,89%,N/A,100%,89%,N/A,N/A,80%,91%,89%,74%,N/A,29%,76%,N/A,N/A,50%,76%,74%,87%,81%,N/A,N/A,83%,N/A,N/A,N/A,86%,79%,80%,72%,N/A,N/A,73%,N/A,N/A,N/A,86%,79%,92%,88%,N/A,N/A,89%,N/A,N/A,N/A,100%,79%
06M346,Community Health Academy of the Heights,Good,Excellent,Excellent,www.chah.nyc,David Falciani,"06,07,08,09,10,11,12,SE",355,Ed. Opt.,Local Support and Improvement,504 West 158 Street,"Manhattan, NY 10032",212-342-6600,1%,12%,84%,0%,0%,2%,16%,21%,93%,48%,52%,0%,87%,"Boys: Cross Country,Soccer,Basketball,Baseball; Girls: Middle Schools Basketball,Cross Country,Softball,Volleyball,Basketball; Co-Ed: Golf","Middle School Volleyball, Middle School Baseball (MSAL), Middle School Soccer,","Visual Art, Modern Dance, Core Music, Dance, Concert Band, Studio Art, Classroom Music, Theater",Community School; DYCD: COMPASS/SONYC; NYC Solves; Project Pivot; PROSE,N/A (fewer than 5 teachers),9%,36%,0%,0%,44%,4.4,85%,86%,70%,81%,N/A,N/A,90%,86%,81%,94%,92%,37,69%,64%,119 (34%),200 (56%),<1% (2),11% (25),86% (202),0% (0),0% (0),2% (4),Fair,95%,N/A,N/A,94%,0%,6%,89%,N/A,N/A,91%,N/A,N/A,N/A,93%,87%,80%,78%,83%,90%,86%,86%,90%,N/A,N/A,80%,90%,84%,76%,84%,100%,89%,84%,N/A,N/A,90%,92%,88%,91%,94%,98%,91%,87%,N/A,85%,87%,N/A,N/A,N/A,88%,86%,84%,55%,97%,80%,65%,100%,56%,65%,N/A,N/A,80%,66%,71%,93%,100%,92%,93%,N/A,N/A,100%,92%,93%,82%,86%,71%,83%,N/A,N/A,100%,87%,86%,98%,97%,88%,90%,98%,N/A,N/A,100%,97%,97%,97%,98%,100%,85%,99%,N/A,N/A,88%,100%,97%,99%,99%,100%,95%,100%,N/A,N/A,100%,100%,100%
06M348,Washington Heights Expeditionary Learning School,Good,Good,Excellent,www.wheelsnyc.org,Marelyn Pichardo,"PK,0K,01,02,03,04,05,06,07,08,09,10,11,12,SE",459,Ed. Opt.,Local Support and Improvement,511 West 182nd Street,"Manhattan, NY 10033",212-781-0524,<1%,2%,94%,0%,<1%,<1%,16%,24%,91%,42%,58%,0%,89%,"Boys: Basketball,Soccer,Baseball; Girls: Soccer,Flag Football,Basketball,Middle Schools Basketball; Co-Ed: N/A","Theater, Student Government,Gender Sexuality Alliance (GSA), Stoked Skateboarding Club, CryptoClub, CareerReady SYEP and Work-Based Learning","Drawing, Mixed Media, Art History",Community School; Dual Language or TBE; DYCD: COMPASS/SONYC; Future Ready NYC; NYC Reads; NYC Solves,N/A (fewer than 5 teachers),6%,49%,0%,0%,39%,1.5,78%,N/A,60%,67%,N/A,N/A,80%,74%,65%,56%,35%,42,63%,65%,130 (28%),273 (59%),1% (3),2% (6),93% (264),0% (0),0% (0),<1% (2),Good,96%,N/A,N/A,94%,N/A,N/A,93%,N/A,N/A,93%,N/A,N/A,N/A,94%,93%,92%,94%,77%,95%,N/A,100%,95%,N/A,N/A,100%,96%,95%,73%,82%,N/A,71%,82%,N/A,N/A,67%,74%,79%,77%,68%,72%,89%,88%,N/A,N/A,88%,N/A,N/A,N/A,85%,90%,83%,47%,96%,74%,55%,N/A,45%,55%,N/A,N/A,20%,58%,58%,91%,N/A,73%,92%,N/A,N/A,83%,89%,89%,81%,N/A,55%,82%,N/A,N/A,100%,79%,78%,92%,91%,N/A,N/A,91%,N/A,N/A,100%,94%,82%,95%,93%,N/A,N/A,92%,N/A,N/A,89%,100%,91%,97%,94%,N/A,N/A,94%,N/A,N/A,100%,94%,94%
06M462,The College Academy,Excellent,Good,Good,www.thecollegeacademy.com/,Timothy Sigerson,"09,10,11,12,SE",371,"ASD/ACES Program, Ed. Opt., Language Criteria",Local Support and Improvement,549 Audubon Avenue,"Manhattan, NY 10040",212-927-1841,1%,9%,88%,<1%,0%,<1%,43%,27%,95%,45%,55%,0%,83%,"Boys: Basketball,Football,Swimming,Baseball,Outdoor Track,Volleyball,Indoor Track,Soccer; Girls: Softball,Soccer,Volleyball,Indoor Track,Basketball,Outdoor Track,Swimming,Flag Football; Co-Ed: N/A","Art, Band, Music, Choir, Drama, Film, Dance, National Art Honor Society, Chess, Video Game Club, Anime, Newspaper Club, Reading/Book Club, Creative Writing, Yearbook Committee, Photography, Student Council, Technology & Digital Design, Peer Mediation,Gender Sexuality Alliance (GSA), Big Brother Big Sister, National Honor Society, Robotics, STEM club, Computer Science, coding, PSAL Sports including Varsity & JV Baseball, Softball, Football, Flag Football, Swimming, Cycling, Volleyball, Indoor Track, Outdoor Track, Wrestling, Soccer, and a brand new weight room, and more!","Drawing, Graphic Design, Theater Survey, Mixed Choir, Painting, Mixed Media, Studio Art, Visual Art",Community School; CS for All; Dual Language or TBE; Future Ready NYC; NYC Solves; New Arrivals; Project Pivot; PROSE,N/A (fewer than 5 teachers),N/A (fewer than 5 teachers),70%,0%,0%,22%,8.1,67%,N/A,64%,76%,N/A,N/A,N/A,85%,72%,100%,91%,39,86%,82%,84 (23%),96 (26%),2% (3),12% (19),86% (140),0% (0),0% (0),0% (0),Excellent,99%,N/A,N/A,99%,N/A,N/A,96%,N/A,N/A,97%,N/A,N/A,N/A,97%,95%,93%,95%,85%,91%,N/A,95%,91%,N/A,N/A,N/A,87%,94%,72%,87%,N/A,95%,86%,N/A,N/A,N/A,83%,90%,93%,100%,91%,89%,84%,N/A,87%,84%,N/A,N/A,N/A,81%,88%,85%,52%,95%,75%,56%,N/A,62%,55%,N/A,N/A,N/A,58%,66%,89%,N/A,92%,89%,N/A,N/A,N/A,82%,91%,70%,N/A,58%,71%,N/A,N/A,N/A,72%,71%,98%,94%,N/A,100%,94%,N/A,N/A,N/A,90%,94%,78%,90%,N/A,90%,90%,N/A,N/A,N/A,87%,94%,97%,96%,N/A,100%,96%,N/A,N/A,N/A,93%,96%
06M463,High School for Media and Communications,Fair,Good,Good,www.mediahs.org/,Sofia Russo,"09,10,11,12,SE",370,Ed. Opt.,Local Support and Improvement,549 Audubon Avenue,"Manhattan, NY 10040",212-927-1841,<1%,10%,87%,<1%,<1%,<1%,46%,19%,>95%,49%,50%,<1%,88%,"Boys: Indoor Track,Basketball,Volleyball,Swimming,Baseball,Football,Soccer,Outdoor Track; Girls: Basketball,Swimming,Outdoor Track,Indoor Track,Volleyball,Softball,Flag Football,Soccer; Co-Ed: N/A",Gender Sexuality Alliance (GSA),"Illustration, Core Music, Photography, Visual Art",21st Century Community Learning Center; Community School; Dual Language or TBE; DYCD: COMPASS/SONYC; NYC Solves; Project Pivot; PROSE,N/A (fewer than 5 teachers),N/A (fewer than 5 teachers),56%,0%,0%,19%,2.8,70%,N/A,67%,85%,N/A,N/A,N/A,89%,83%,100%,67%,33,51%,50%,193 (52%),78 (21%),<1% (1),10% (23),88% (205),<1% (1),0% (0),<1% (1),Good,77%,23%,0%,95%,N/A,N/A,82%,N/A,N/A,80%,N/A,N/A,N/A,89%,75%,75%,72%,80%,90%,N/A,91%,90%,N/A,N/A,N/A,94%,97%,74%,86%,N/A,85%,86%,N/A,N/A,N/A,90%,81%,91%,96%,100%,81%,70%,N/A,50%,73%,N/A,N/A,N/A,73%,64%,81%,42%,96%,71%,46%,N/A,29%,48%,N/A,N/A,N/A,44%,39%,89%,N/A,88%,90%,N/A,N/A,N/A,94%,92%,72%,N/A,46%,75%,N/A,N/A,N/A,81%,67%,96%,91%,N/A,76%,92%,N/A,N/A,N/A,93%,87%,86%,85%,N/A,85%,86%,N/A,N/A,N/A,85%,87%,95%,95%,N/A,83%,96%,N/A,N/A,N/A,96%,94%
06M467,High School for Law and Public Service,Fair,Good,Excellent,www.myhslps.org,Paula Lev,"09,10,11,12,SE",450,"ASD/ACES Program, Ed. Opt., Language Criteria",Local Support and Improvement,549 Audubon Avenue,"Manhattan, NY 10040",212-342-6130,<1%,9%,86%,<1%,<1%,2%,49%,16%,>95%,51%,49%,0%,97%,"Boys: Soccer,Swimming,Volleyball,Basketball,Outdoor Track,Football,Indoor Track,Baseball; Girls: Volleyball,Outdoor Track,Basketball,Swimming,Flag Football,Softball,Soccer,Indoor Track; Co-Ed: N/A","Mock Trial Team, Student Government, Restorative Justice Committee, Art, Band, Music, Taekwondo, Drama, Film, Dance, National Honor Society, Video Game Club, Newspaper Club, Reading/Book Club, Creative Writing, Yearbook Committee, Photography, Student Council, Technology & Digital Design, Peer Mediation, LGBTQ, Robotics, STEM club, Computer Science, Coding, Cycling, a brand new Weight Room, Wellness Fairs, Peer Forward, What You Do Matters Club, Hiking Club, We Outside Club, Yoga, and More!","Visual Art, Mixed Media, Dance, Choreography / Dance Composition",Career & Technical Education; Dual Language or TBE; NYC Solves; New Arrivals; Project Pivot; PROSE,N/A (fewer than 5 teachers),N/A (fewer than 5 teachers),49%,0%,0%,37%,4.6,46%,N/A,89%,87%,N/A,N/A,80%,92%,84%,78%,78%,32,23%,69%,149 (33%),49 (11%),<1% (1),12% (19),85% (139),<1% (1),0% (0),2% (4),Fair,90%,N/A,N/A,96%,N/A,N/A,79%,N/A,87%,77%,N/A,N/A,N/A,87%,69%,77%,59%,80%,97%,N/A,100%,96%,N/A,N/A,100%,95%,96%,85%,94%,N/A,97%,93%,N/A,N/A,100%,92%,96%,89%,95%,95%,92%,92%,N/A,97%,91%,N/A,N/A,100%,93%,92%,79%,42%,96%,87%,80%,N/A,84%,79%,N/A,N/A,90%,79%,76%,97%,N/A,97%,97%,N/A,N/A,100%,95%,98%,92%,N/A,95%,91%,N/A,N/A,90%,91%,93%,99%,100%,N/A,100%,100%,N/A,N/A,100%,100%,100%,100%,100%,N/A,100%,100%,N/A,N/A,100%,100%,100%,100%,100%,N/A,100%,99%,N/A,N/A,100%,100%,99%
06M468,High School for Health Careers and Sciences,Fair,Fair,Excellent,www.hshcs.nyc/,Javier Trejo,"09,10,11,12,SE",440,"Ed. Opt., Language Criteria",Local Support and Improvement,549 Audubon Avenue,"Manhattan, NY 10040",212-927-1841,2%,9%,87%,<1%,0%,2%,44%,20%,94%,52%,48%,0%,85%,"Boys: Volleyball,Soccer,Baseball,Indoor Track,Swimming,Basketball,Outdoor Track,Football; Girls: Flag Football,Soccer,Basketball,Indoor Track,Outdoor Track,Softball,Volleyball,Swimming; Co-Ed: N/A",N/A,"Studio Art, Graphic Design",Career & Technical Education; Community School; Dual Language or TBE; NYC Solves; Project Pivot,0%,27%,40%,0%,0%,33%,11.6,77%,40%,55%,65%,N/A,N/A,88%,78%,67%,100%,89%,37,46%,49%,92 (21%),64 (15%),4% (5),10% (12),84% (104),0% (0),0% (0),2% (3),Excellent,94%,N/A,N/A,95%,N/A,N/A,91%,N/A,N/A,89%,N/A,N/A,N/A,90%,93%,90%,75%,72%,90%,86%,84%,91%,N/A,N/A,100%,91%,91%,66%,79%,83%,88%,77%,N/A,N/A,100%,82%,80%,74%,78%,72%,86%,79%,67%,77%,79%,N/A,N/A,86%,81%,87%,80%,38%,95%,70%,55%,43%,63%,54%,N/A,N/A,75%,62%,61%,90%,100%,97%,89%,N/A,N/A,100%,88%,89%,71%,57%,57%,73%,N/A,N/A,100%,81%,83%,94%,99%,100%,100%,99%,N/A,N/A,100%,99%,98%,97%,96%,86%,97%,96%,N/A,N/A,100%,96%,96%,99%,99%,100%,100%,99%,N/A,N/A,100%,100%,100%
06M540,A. Philip Randolph Campus High School,Fair,,Fair,www.aprandolph.com,David Fanning,"09,10,11,12,SE",1377,"ASD/ACES Program, Ed. Opt., Language Criteria, Screened",Local Support and Improvement,443 West 135 Street,"Manhattan, NY 10031",212-690-6800,2%,33%,61%,<1%,<1%,2%,16%,19%,91%,51%,49%,0%,94%,"Boys: Lacrosse,Soccer,Wrestling,Swimming,Bowling,Football,Outdoor Track,Baseball,Basketball,Volleyball; Girls: Basketball,Soccer,Softball,Tennis,Lacrosse,Wrestling,Swimming,Outdoor Track,Volleyball; Co-Ed: Stunt",N/A,"Mixed Choir, Piano Keyboard, Filmmaking / Video, Visual Art, Drawing",Dual Language or TBE; NYC Solves; Project Pivot,9%,17%,38%,0%,0%,31%,12.8,94%,83%,68%,78%,N/A,N/A,N/A,80%,67%,88%,70%,37,44%,57%,188 (14%),692 (50%),3% (26),34% (257),59% (444),<1% (5),<1% (2),2% (13),Fair,71%,21%,7%,76%,N/A,N/A,68%,N/A,71%,67%,N/A,N/A,N/A,68%,69%,48%,42%,N/A,98%,100%,100%,96%,N/A,N/A,N/A,100%,100%,N/A,86%,83%,90%,86%,N/A,N/A,N/A,60%,90%,N/A,80%,83%,N/A,92%,100%,90%,91%,N/A,N/A,N/A,100%,70%,81%,55%,95%,N/A,62%,67%,59%,62%,N/A,N/A,N/A,40%,70%,95%,100%,95%,95%,N/A,N/A,N/A,100%,91%,83%,100%,86%,82%,N/A,N/A,N/A,100%,70%,86%,79%,89%,75%,81%,N/A,N/A,71%,67%,75%,72%,65%,56%,67%,64%,N/A,N/A,67%,44%,76%,93%,88%,89%,81%,93%,N/A,N/A,88%,83%,88%
06M552,Gregorio Luperon High School for Science and Mathematics,Excellent,Excellent,Excellent,glhs.nyc,Yecenia Cardoza,"09,10,11,12",637,Language Criteria,Local Support and Improvement,501 West 165th Street,"Manhattan, NY 10032",212-928-1202,0%,0%,95%,0%,0%,0%,74%,8%,>95%,44%,56%,<1%,92%,"Boys: Baseball,Basketball; Girls: Softball,Volleyball; Co-Ed: N/A",Gender Sexuality Alliance (GSA),"Piano Keyboard, Concert Band, Filmmaking / Video, Visual Art, Art History",Dual Language or TBE; DYCD: COMPASS/SONYC; NYC Solves; New Arrivals; Respect for All,N/A (fewer than 5 teachers),N/A (fewer than 5 teachers),69%,0%,0%,13%,7.9,79%,N/A,N/A,92%,N/A,N/A,N/A,93%,98%,100%,97%,44,53%,51%,198 (31%),220 (35%),0% (0),0% (0),95% (291),0% (0),0% (0),0% (0),Good,96%,N/A,N/A,92%,N/A,N/A,95%,N/A,N/A,95%,N/A,N/A,N/A,94%,96%,95%,N/A,86%,93%,N/A,N/A,92%,N/A,N/A,N/A,92%,92%,83%,92%,N/A,N/A,92%,N/A,N/A,N/A,92%,98%,93%,89%,97%,93%,91%,N/A,N/A,92%,N/A,N/A,N/A,92%,89%,89%,65%,97%,81%,65%,N/A,N/A,66%,N/A,N/A,N/A,65%,73%,94%,N/A,N/A,94%,N/A,N/A,N/A,94%,96%,86%,N/A,N/A,86%,N/A,N/A,N/A,87%,89%,98%,96%,N/A,N/A,96%,N/A,N/A,N/A,94%,100%,93%,91%,N/A,N/A,91%,N/A,N/A,N/A,91%,95%,98%,97%,N/A,N/A,97%,N/A,N/A,N/A,97%,100%
07X221,South Bronx Preparatory: A College Board School,Excellent,Good,Fair,www.southbronxprep.net,Ellen Flanagan,"06,07,08,09,10,11,12,SE",365,Ed. Opt.,Local Support and Improvement,360 East 145 Street,"Bronx, NY 10454",718-292-2211,<1%,29%,68%,0%,<1%,2%,3%,25%,>95%,52%,48%,0%,83%,"Boys: Cross Country,Outdoor Track,Lacrosse,Basketball,Volleyball,Baseball,Soccer; Girls: Table Tennis,Outdoor Track,Lacrosse,Softball,Basketball,Handball,Volleyball,Cross Country; Co-Ed: N/A",Gender Sexuality Alliance (GSA),"Studio Art, Visual Art, Illustration",DYCD: COMPASS/SONYC; NYC Solves; PROSE,N/A (fewer than 5 teachers),20%,20%,0%,0%,47%,17.2,75%,N/A,64%,67%,N/A,N/A,78%,76%,72%,83%,74%,47,64%,63%,127 (35%),92 (25%),<1% (1),26% (45),71% (121),0% (0),<1% (1),1% (2),Fair,99%,N/A,N/A,100%,0%,0%,92%,N/A,88%,94%,N/A,N/A,N/A,92%,90%,N/A,83%,79%,93%,N/A,94%,92%,N/A,N/A,90%,83%,94%,70%,88%,N/A,88%,88%,N/A,N/A,80%,85%,91%,78%,87%,91%,85%,75%,N/A,82%,73%,N/A,N/A,83%,86%,76%,91%,68%,95%,73%,50%,N/A,58%,47%,N/A,N/A,60%,49%,62%,90%,N/A,88%,91%,N/A,N/A,90%,88%,92%,78%,N/A,76%,78%,N/A,N/A,90%,85%,81%,89%,82%,N/A,80%,82%,N/A,N/A,100%,88%,76%,77%,77%,N/A,81%,75%,N/A,N/A,83%,84%,85%,90%,84%,N/A,87%,83%,N/A,N/A,100%,85%,82%
07X223,The Laboratory School of Finance and Technology: X223,Excellent,Excellent,Good,www.mshs223.org,Eric Lincoln,"06,07,08,09,10,11,12,SE",381,"Ed. Opt., Language Criteria",Local Support and Improvement,360 East 145 Street,"Bronx, NY 10454",718-585-8202,<1%,17%,81%,<1%,<1%,<1%,3%,17%,92%,50%,50%,<1%,90%,"Boys: Cross Country,Volleyball,Lacrosse,Basketball,Soccer,Outdoor Track,Baseball; Girls: Handball,Outdoor Track,Cross Country,Table Tennis,Basketball,Volleyball,Lacrosse,Softball; Co-Ed: N/A",Gender Sexuality Alliance (GSA),Music Technology,Career Readiness and Modern Youth Apprenticeship; Community School; Consortium; CS for All; Dual Language or TBE; Future Ready NYC; NYC Solves; PROSE,N/A (fewer than 5 teachers),17%,44%,0%,0%,25%,1.2,79%,N/A,65%,70%,N/A,N/A,N/A,60%,56%,76%,56%,58,89%,75%,130 (34%),202 (53%),<1% (1),17% (52),81% (247),<1% (1),<1% (2),<1% (2),Excellent,93%,N/A,N/A,98%,N/A,N/A,97%,N/A,N/A,96%,N/A,N/A,N/A,100%,93%,100%,100%,78%,95%,N/A,95%,95%,N/A,N/A,N/A,89%,92%,77%,91%,N/A,88%,91%,N/A,N/A,N/A,97%,91%,89%,98%,91%,91%,89%,N/A,87%,90%,N/A,N/A,N/A,80%,87%,89%,61%,96%,74%,53%,N/A,53%,53%,N/A,N/A,N/A,66%,53%,90%,N/A,89%,91%,N/A,N/A,N/A,97%,94%,84%,N/A,82%,85%,N/A,N/A,N/A,91%,79%,92%,93%,N/A,94%,92%,N/A,N/A,N/A,96%,93%,89%,85%,N/A,81%,86%,N/A,N/A,N/A,100%,95%,96%,96%,N/A,98%,95%,N/A,N/A,N/A,96%,98%
07X259,"H.E.R.O. High (Health, Education, and Research Occupations High School)",Fair,Fair,Good,herohigh.net,Kristin Cahill Garcia,"09,10,11,12,SE",717,Ed. Opt.,Local Support and Improvement,455 Southern Blvd,"Bronx, NY 10455",718-585-8013,2%,33%,63%,<1%,<1%,1%,9%,22%,94%,66%,34%,0%,84%,"Boys: Baseball,Indoor Track,Basketball,Soccer,Outdoor Track,Swimming; Girls: Soccer,Table Tennis,Bowling,Basketball,Wrestling,Indoor Track,Volleyball,Softball,Swimming,Outdoor Track; Co-Ed: N/A",Gender Sexuality Alliance (GSA),"Studio Art, Visual Art, Theater Survey, Filmmaking / Video, Modern Dance, Improvisation, Acting",Career & Technical Education; Career Readiness and Modern Youth Apprenticeship; Future Ready NYC; NYC Solves; Project Pivot,N/A (fewer than 5 teachers),17%,26%,0%,0%,44%,11.2,64%,N/A,53%,67%,N/A,N/A,N/A,70%,67%,93%,78%,35,51%,62%,,345 (48%),2% (8),33% (131),62% (245),<1% (3),<1% (1),2% (7),Needs Improvement,94%,6%,0%,86%,0%,14%,86%,N/A,84%,86%,N/A,N/A,N/A,90%,77%,85%,61%,74%,89%,N/A,87%,90%,N/A,N/A,N/A,91%,87%,58%,77%,N/A,87%,73%,N/A,N/A,N/A,42%,81%,83%,79%,90%,86%,83%,N/A,86%,82%,N/A,N/A,N/A,83%,81%,78%,39%,94%,68%,41%,N/A,38%,42%,N/A,N/A,N/A,48%,56%,89%,N/A,83%,92%,N/A,N/A,N/A,92%,98%,61%,N/A,70%,56%,N/A,N/A,N/A,46%,58%,93%,87%,N/A,71%,94%,N/A,N/A,N/A,N/A,92%,89%,83%,N/A,80%,83%,N/A,N/A,N/A,N/A,79%,93%,91%,N/A,88%,91%,N/A,N/A,N/A,N/A,92%
07X334,International Community High School,Good,Good,Good,www.internationalcommunityhs.org/,Berena Cabarcas,"09,10,11,12",361,Language Criteria,Local Support and Improvement,345 Brook Avenue,"Bronx, NY 10454",718-665-4128,2%,12%,82%,<1%,<1%,2%,86%,11%,>95%,44%,56%,0%,88%,"Boys: Soccer,Basketball,Baseball; Girls: Soccer,Volleyball,Basketball; Co-Ed: Table Tennis","Advisory/CREW, ASPIRA Leadership Program, Yucca Arts, Animation, Chess Club, Gaming Club, Karoke Club, Afro-Caribbean Dance, Hip-Hop Dance, After-School Tutoring, Capoeira, Center for the Urban Pedagogy, Narrative 4, Computer Science/Website Design, Per Scholas, STEM Club, Drama, Internship Program, Math Wizard Competition, Peer Mediation, Open Mike Club, SAT Prep Classes, Saturday Family Programs, Sauti Yetu, Girls Leadership Institute, Student Government, Studio Art, Sunday Baseball and Basketball Clinics,Gender Sexuality Alliance (GSA)","Visual Art, Classroom Music",Consortium; Future Ready NYC; New Arrivals; Pathways Advising; Project Pivot; PROSE,18%,N/A (fewer than 5 teachers),32%,0%,0%,39%,17.7,86%,N/A,93%,87%,N/A,N/A,N/A,89%,92%,86%,73%,50,65%,46%,2 (1%),148 (41%),2% (3),15% (22),79% (117),2% (3),<1% (1),1% (2),Good,N/A,81%,N/A,86%,N/A,N/A,83%,N/A,100%,80%,N/A,N/A,N/A,81%,86%,82%,N/A,81%,85%,80%,74%,86%,N/A,N/A,N/A,83%,86%,74%,88%,N/A,86%,88%,N/A,N/A,N/A,88%,80%,77%,55%,74%,89%,87%,80%,84%,88%,N/A,N/A,N/A,86%,93%,85%,58%,96%,76%,60%,60%,72%,58%,N/A,N/A,N/A,59%,71%,89%,80%,94%,88%,N/A,N/A,N/A,89%,93%,80%,60%,83%,80%,N/A,N/A,N/A,81%,80%,94%,92%,N/A,100%,93%,N/A,N/A,N/A,95%,N/A,86%,86%,N/A,N/A,88%,N/A,N/A,N/A,87%,N/A,94%,92%,N/A,100%,95%,N/A,N/A,N/A,95%,N/A
07X427,Community School for Social Justice,Fair,Excellent,Excellent,www.cssjbronx.org,Jaime Guzman,"09,10,11,12,SE",197,Ed. Opt.,Local Support and Improvement,350 Gerard Avenue,"Bronx, NY 10451",718-402-8481,0%,27%,69%,<1%,0%,1%,20%,28%,94%,50%,50%,0%,92%,"Boys: Baseball,Table Tennis,Outdoor Track,Fencing,Basketball,Cross Country; Girls: Indoor Track,Volleyball,Flag Football,Outdoor Track,Cross Country,Table Tennis,Fencing,Softball; Co-Ed: Stunt",N/A,"Computer Art / Digital Art, Theater Survey, Filmmaking / Video, Guitar, Playwriting",Community School; Consortium; Pathways Advising; PROSE,N/A (fewer than 5 teachers),N/A (fewer than 5 teachers),25%,0%,0%,60%,7.6,95%,N/A,87%,87%,N/A,N/A,N/A,93%,81%,95%,75%,31,38%,49%,,86 (44%),0% (0),28% (24),70% (61),0% (0),0% (0),1% (1),Good,94%,N/A,N/A,95%,N/A,N/A,85%,N/A,N/A,88%,N/A,N/A,N/A,91%,78%,N/A,70%,90%,94%,N/A,92%,96%,N/A,N/A,N/A,93%,86%,86%,90%,N/A,85%,93%,N/A,N/A,N/A,90%,81%,97%,95%,100%,95%,91%,N/A,85%,96%,N/A,N/A,N/A,93%,90%,80%,44%,95%,88%,81%,N/A,83%,83%,N/A,N/A,N/A,67%,79%,96%,N/A,93%,98%,N/A,N/A,N/A,97%,92%,92%,N/A,85%,96%,N/A,N/A,N/A,97%,84%,96%,88%,N/A,80%,93%,N/A,N/A,N/A,N/A,N/A,90%,89%,N/A,80%,100%,N/A,N/A,N/A,N/A,N/A,97%,96%,N/A,90%,100%,N/A,N/A,N/A,N/A,N/A
07X473,Mott Haven Village Preparatory High School,Fair,Good,Excellent,mhvpschool.com,Jaime Dubei,"09,10,11,12,SE",175,Ed. Opt.,Local Support and Improvement,701 St. Anns Avenue,"Bronx, NY 10455",718-402-0571,<1%,21%,77%,0%,<1%,1%,11%,31%,>95%,51%,49%,0%,78%,"Boys: Rugby,Soccer,Basketball,Cross Country,Indoor Track,Volleyball,Outdoor Track,Tennis,Baseball,Bowling; Girls: Softball,Volleyball,Outdoor Track,Badminton,Cross Country,Soccer,Basketball,Flag Football,Indoor Track; Co-Ed: N/A","Arts Club, Beauty Club, Chess Club, Dance/Step Club, Movie Club, Nature Club, Broadway Bridges/Early stages to see Broadway shows. We encourage new clubs to form based on student interest. Partnership with the 40th Precinct for Youth Leadership in the community.,Gender Sexuality Alliance (GSA)","Studio Art, Mixed Media, Three-Dimensional Art, Drawing, Fashion and Textile Design, Graphic Design, Digital Photography",NYC Solves; Project Pivot,0%,N/A (fewer than 5 teachers),N/A (fewer than 5 teachers),0%,0%,68%,1.2,79%,N/A,64%,68%,N/A,N/A,N/A,83%,67%,79%,68%,28,50%,35%,,62 (35%),<1% (1),18% (29),79% (124),0% (0),<1% (1),1% (2),Excellent,100%,0%,0%,97%,N/A,N/A,87%,N/A,N/A,85%,N/A,N/A,N/A,89%,N/A,N/A,73%,77%,91%,N/A,86%,91%,N/A,N/A,N/A,92%,90%,63%,82%,N/A,86%,80%,N/A,N/A,N/A,92%,86%,91%,95%,100%,85%,75%,N/A,79%,75%,N/A,N/A,N/A,77%,77%,80%,43%,97%,68%,38%,N/A,40%,38%,N/A,N/A,N/A,46%,39%,87%,N/A,87%,86%,N/A,N/A,N/A,92%,93%,65%,N/A,60%,68%,N/A,N/A,N/A,77%,65%,96%,98%,N/A,83%,100%,N/A,N/A,N/A,100%,100%,89%,89%,N/A,67%,92%,N/A,N/A,N/A,80%,100%,97%,96%,N/A,83%,97%,N/A,N/A,N/A,100%,100%
07X495,University Heights Secondary School,Excellent,Excellent,Excellent,UniversityHeightsHighSchool.org,Hazel Joseph Roseboro,"09,10,11,SE",556,Screened With Assessment,Local Support and Improvement,701 St. Anns Avenue,"Bronx, NY 10455",718-292-0578,5%,31%,58%,1%,0%,3%,2%,21%,82%,52%,47%,<1%,93%,"Boys: Tennis,Bowling,Rugby,Cross Country,Basketball,Indoor Track,Volleyball,Baseball,Soccer,Outdoor Track; Girls: Badminton,Outdoor Track,Basketball,Softball,Volleyball,Indoor Track,Cross Country,Soccer,Flag Football; Co-Ed: N/A","3D Printing, Alpha's Greatest Legacy (formerly Young Achievers), Anime Club, Archery, Arduino Club, Art to Art Broadway Show Program, Arts Connection, Baking Club, Band,Girls Club Etta Gamma Rho, Book Club, Bronx FAB Lab, Business and Economics, Center for Educational Innovation Broadway Theater Program, Careerwise Executive Apprenticeship Program, Chess Club, Columbia University NY Bioforce Internship Program, Columbia University Freedom and Citizenship Program, Columbia University HK Maker Lab Summer Program, Columbia University Irving Medical Center eCLOSE Institute, Computer Applications in Technology, Computer Science For All, Cornell University Cooperative Extension Nutrition Club, Cycling, Debate Team, Drawing, Dreamyard Dance and Theatre, Einstein Enrichment Program, Engineering, Fellowship Initiative, First Robotics Class, First Year Seminar, Fordham University STEP Program, E-Sports Gaming, Gardening,Gender Sexuality Alliance (GSA), Geospatial Program at Bronx Community College, Girls Write Now, Global STEM Alliance 1000 Girls 1000 Futures Mentoring Program, Good Shepherd Life Link Program, Graphic Design, HNN Heights News Network (News Program), Karate, Memorial Sloan Kettering Cancer Center Summer Exposure Program, Microsoft IT Academy, Model UN, Music Club, Narrative 4 Ambassadors, National Society of Black Engineers, New York City Urban Debate Team, Read Alliance,Hospital for SPecial Surgery, Knitting Club,Top Teens of America, SAGA, NFTE (Network For Teaching Entrepreneurship), Questbridge, Pencil Partnership, Political Science, Painting, Psychology, Rockefeller University LAB Jumpstart, Rockefeller University Summer Science Research Program, Rocking the Boat, SAT Prep, SEO Sponsors for Educational Opportunity, Sociology, STEM Institute at City College, Student Ambassadors, Student Government, Summer Bridge, Summer Search, Talent Search (Academic Enrichment Program),Upward Bound (College Enrichment Program), Upward Bound Math and Science, Web Design, Workplace Challenge, Writing Center, Yearbook, Young Men United Club, and more.","Core Music, Classroom Music, Dance Improvisation, Painting, Graphic Design, Drawing, Mixed Media, Computer Art / Digital Art",Career Readiness and Modern Youth Apprenticeship; Consortium; CS for All; Future Ready NYC,N/A (fewer than 5 teachers),27%,39%,N/A (fewer than 5 teachers),N/A (fewer than 5 teachers),30%,15,85%,68%,70%,78%,100%,N/A,89%,80%,77%,77%,69%,59,96%,90%,213 (38%),178 (32%),6% (30),31% (155),58% (292),<1% (4),0% (0),3% (14),Fair,99%,N/A,N/A,98%,N/A,N/A,100%,N/A,100%,100%,N/A,N/A,N/A,100%,100%,N/A,100%,86%,94%,100%,88%,95%,100%,N/A,100%,80%,94%,84%,92%,88%,92%,94%,80%,N/A,88%,100%,86%,97%,100%,100%,93%,90%,94%,88%,92%,100%,N/A,67%,100%,91%,92%,70%,96%,77%,53%,42%,47%,57%,60%,N/A,44%,60%,59%,96%,100%,96%,96%,100%,N/A,78%,100%,97%,82%,84%,79%,84%,80%,N/A,78%,80%,83%,100%,100%,94%,100%,100%,100%,N/A,100%,100%,100%,99%,99%,94%,100%,100%,100%,N/A,100%,100%,100%,100%,100%,100%,100%,100%,100%,N/A,100%,100%,100%
07X500,Hostos-Lincoln Academy of Science,Good,Excellent,Fair,www.hostoslincoln.org,Nicholas Paarlberg,"06,07,08,09,10,11,12,SE",304,"D75 Special Education Inclusive Services, Screened",Local Support and Improvement,600 Saint Ann's Avenue,"Bronx, NY 10455",718-402-5640,<1%,25%,73%,<1%,0%,<1%,5%,24%,91%,48%,52%,0%,79%,"Boys: Outdoor Track,Basketball,Cross Country; Girls: Cross Country,Volleyball,Outdoor Track; Co-Ed: N/A","literary magazine, music, theater, studio arts, math team, science team, film club","Photography, Studio Art, Visual Art, Acting, Playwriting, Computer Art / Digital Art, Classroom Music",NYC Solves; Project Pivot; Respect for All,18%,30%,18%,0%,0%,35%,20.1,88%,N/A,48%,54%,N/A,N/A,N/A,67%,53%,68%,68%,65,72%,84%,26 (9%),95 (31%),<1% (1),24% (42),74% (128),<1% (1),0% (0),<1% (1),Excellent,98%,N/A,N/A,97%,N/A,N/A,88%,N/A,93%,86%,N/A,N/A,N/A,83%,93%,N/A,60%,80%,92%,N/A,87%,94%,N/A,N/A,N/A,84%,87%,72%,89%,N/A,82%,91%,N/A,N/A,N/A,88%,92%,86%,88%,79%,91%,88%,N/A,89%,88%,N/A,N/A,N/A,78%,80%,88%,61%,96%,73%,44%,N/A,44%,44%,N/A,N/A,N/A,59%,49%,93%,N/A,89%,94%,N/A,N/A,N/A,81%,88%,77%,N/A,79%,76%,N/A,N/A,N/A,78%,73%,87%,71%,N/A,50%,77%,N/A,N/A,N/A,N/A,82%,78%,80%,N/A,67%,84%,N/A,N/A,N/A,N/A,91%,90%,83%,N/A,71%,87%,N/A,N/A,N/A,N/A,91%
07X522,Bronx Design and Construction Academy,Fair,Good,Good,www.bxdesign.org,Joyce Pulphus,"09,10,11,12,SE",225,Ed. Opt.,Local Support and Improvement,333 East 151 Street,"Bronx, NY 10451",718-402-7690,<1%,31%,68%,0%,0%,<1%,18%,36%,94%,20%,80%,0%,86%,"Boys: Soccer,Tennis,Bowling,Football,Outdoor Track,Baseball,Basketball,Volleyball; Girls: Flag Football,Volleyball; Co-Ed: N/A","Video Game Club, Music Club, Movie Club, Art Club, Tech Squad, Student Government, Book Club Architecture Club, BuildON Community Service","Studio Art, Architecture, Mixed Media, Drawing",Career & Technical Education; Community School; Future Ready NYC; NYC Solves; Project Pivot,N/A (fewer than 5 teachers),41%,22%,N/A (fewer than 5 teachers),N/A (fewer than 5 teachers),30%,7.9,74%,N/A,81%,75%,N/A,N/A,N/A,81%,81%,96%,91%,36,55%,25%,95 (42%),69 (31%),<1% (1),29% (40),69% (95),0% (0),0% (0),<1% (1),Good,88%,N/A,N/A,95%,N/A,N/A,85%,N/A,N/A,83%,N/A,N/A,N/A,N/A,80%,80%,73%,72%,90%,N/A,94%,88%,N/A,N/A,N/A,87%,88%,64%,79%,N/A,89%,76%,N/A,N/A,N/A,72%,84%,81%,83%,95%,87%,84%,N/A,86%,82%,N/A,N/A,N/A,82%,83%,88%,59%,97%,72%,51%,N/A,60%,47%,N/A,N/A,N/A,57%,56%,87%,N/A,90%,86%,N/A,N/A,N/A,74%,83%,79%,N/A,81%,79%,N/A,N/A,N/A,77%,77%,94%,89%,N/A,100%,87%,N/A,N/A,N/A,78%,88%,88%,92%,N/A,89%,93%,N/A,N/A,N/A,75%,94%,92%,94%,N/A,100%,92%,N/A,N/A,N/A,90%,94%
07X527,Bronx Leadership Academy II High School,Good,Good,Excellent,www.schools.nyc.gov/schools/X527,Rose Lobianco,"09,10,11,12,SE",381,"D75 Special Education Inclusive Services, Ed. Opt.",Local Support and Improvement,730 Concourse Village West,"Bronx, NY 10451",718-292-7171,1%,32%,65%,1%,0%,<1%,14%,28%,>95%,45%,55%,0%,88%,"Boys: Wrestling,Volleyball,Basketball,Outdoor Track,Cross Country,Indoor Track,Baseball,Football,Soccer; Girls: Indoor Track,Outdoor Track,Rugby,Basketball,Volleyball,Soccer,Softball,Cross Country; Co-Ed: Golf","After School Tutoring and Saturday School Tutoring (All Subjects) Clubs (Cheerleading, Dance,Gender Sexuality Alliance (GSA), Step, Theatre/Drama, Yearbook, Video Gaming, Student Council, (additional clubs as per student interest), Internship Programs: Big Brother/Big Sister; Here-to-Here, Genesys Works, Career-Wise, SYEP. Partnerships: Montefiore Clinic, iMentor College Program, Campus Student Success Center, Advanced Placement for All, National Honor Society, Peer Group Connection, BuildOn Community Service, Opening Act Theatre and Drama, Guns Down Life Up, The Leadership Program","Studio Art, Percussion, Repertory / Dance Company, Choreography / Dance Composition, Social Dance",Career Readiness and Modern Youth Apprenticeship; Future Ready NYC; NYC Solves; Project Pivot,N/A (fewer than 5 teachers),46%,N/A (fewer than 5 teachers),0%,0%,40%,9.1,80%,N/A,78%,80%,N/A,N/A,N/A,86%,68%,93%,82%,36,44%,63%,100 (26%),187 (49%),<1% (2),33% (83),63% (158),2% (4),0% (0),1% (3),Good,73%,N/A,N/A,91%,0%,9%,92%,N/A,90%,93%,N/A,N/A,N/A,91%,92%,81%,96%,74%,95%,N/A,89%,99%,N/A,N/A,N/A,98%,95%,79%,92%,N/A,89%,95%,N/A,N/A,N/A,93%,92%,80%,84%,82%,92%,88%,N/A,88%,90%,N/A,N/A,N/A,89%,89%,85%,48%,95%,74%,54%,N/A,54%,54%,N/A,N/A,N/A,60%,49%,92%,N/A,89%,94%,N/A,N/A,N/A,94%,88%,79%,N/A,75%,81%,N/A,N/A,N/A,81%,73%,95%,98%,N/A,98%,97%,N/A,N/A,N/A,95%,97%,84%,70%,N/A,63%,73%,N/A,N/A,N/A,72%,73%,99%,98%,N/A,98%,98%,N/A,N/A,N/A,95%,96%
07X548,Careers in Sports High School,Fair,Excellent,Good,www.cishs.org,Johanny Garcia,"09,10,11,12,SE",457,Ed. Opt.,Local Support and Improvement,730 Concourse Village West,"Bronx, NY 10451",718-292-7110,0%,27%,71%,<1%,0%,2%,15%,29%,>95%,25%,75%,0%,86%,"Boys: Indoor Track,Outdoor Track,Wrestling,Basketball,Volleyball,Football,Baseball,Cross Country,Soccer; Girls: Softball,Cross Country,Soccer,Outdoor Track,Volleyball,Indoor Track,Rugby,Basketball; Co-Ed: Golf",Gender Sexuality Alliance (GSA),"Studio Art, Mixed Media, Computer Art / Digital Art, Visual Art",Community School; DYCD: COMPASS/SONYC; NYC Solves; Project Pivot,0%,26%,40%,N/A (fewer than 5 teachers),0%,26%,13.6,89%,N/A,75%,78%,N/A,N/A,86%,72%,78%,100%,91%,19,24%,38%,147 (32%),137 (30%),0% (0),24% (61),74% (189),<1% (1),0% (0),1% (3),Excellent,97%,N/A,N/A,98%,N/A,N/A,65%,N/A,81%,60%,N/A,N/A,N/A,58%,68%,59%,55%,80%,91%,N/A,89%,92%,N/A,N/A,80%,85%,86%,72%,87%,N/A,86%,87%,N/A,N/A,100%,84%,89%,92%,94%,97%,86%,81%,N/A,85%,80%,N/A,N/A,71%,80%,83%,82%,57%,94%,76%,59%,N/A,57%,60%,N/A,N/A,43%,55%,59%,92%,N/A,90%,93%,N/A,N/A,100%,88%,88%,78%,N/A,78%,78%,N/A,N/A,57%,75%,77%,94%,84%,N/A,78%,86%,N/A,N/A,N/A,67%,86%,77%,76%,N/A,100%,70%,N/A,N/A,N/A,80%,100%,92%,89%,N/A,89%,89%,N/A,N/A,N/A,83%,93%
07X551,The Urban Assembly Bronx Academy of Letters,Fair,Fair,Good,www.bronxletters.org/,Amy Schless,"06,07,08,09,10,11,12,SE",343,"ASD/ACES Program, Open",Comprehensive Support and Improvement,339 Morris Avenue,"Bronx, NY 10451",718-401-4891,<1%,31%,63%,<1%,<1%,3%,14%,33%,>95%,42%,58%,0%,76%,"Boys: Fencing,Table Tennis,Basketball,Outdoor Track,Cross Country,Baseball; Girls: Volleyball,Indoor Track,Cross Country,Softball,Outdoor Track,Table Tennis,Flag Football,Fencing; Co-Ed: Stunt",Gender Sexuality Alliance (GSA),"Mixed Media, Photography, Modern Dance, Acting, Concert Band, Visual Art, Ceramics, Theater / Play Production, Computer Art / Digital Art",DYCD: COMPASS/SONYC; NYC Solves; Project Pivot,N/A (fewer than 5 teachers),16%,25%,0%,0%,46%,4.2,71%,N/A,39%,58%,N/A,N/A,64%,56%,50%,82%,73%,32,44%,43%,39 (11%),115 (34%),<1% (1),33% (41),60% (74),2% (3),0% (0),4% (5),Excellent,98%,N/A,N/A,95%,0%,5%,80%,N/A,78%,90%,N/A,N/A,N/A,79%,81%,78%,73%,71%,87%,N/A,77%,91%,N/A,N/A,88%,85%,87%,58%,82%,N/A,74%,85%,N/A,N/A,91%,82%,75%,82%,73%,82%,81%,74%,N/A,75%,72%,N/A,N/A,89%,74%,79%,79%,34%,96%,68%,49%,N/A,42%,52%,N/A,N/A,64%,54%,54%,90%,N/A,86%,92%,N/A,N/A,82%,87%,90%,63%,N/A,58%,66%,N/A,N/A,64%,64%,61%,92%,88%,N/A,89%,89%,N/A,N/A,N/A,89%,88%,88%,88%,N/A,81%,90%,N/A,N/A,N/A,78%,95%,96%,93%,N/A,89%,94%,N/A,N/A,N/A,100%,95%
07X600,Alfred E. Smith Career and Technical Education High School,Good,Fair,,www.aesmithhs.org,Evan Schwartz,"09,10,11,12,SE",399,"Ed. Opt., Language Criteria, Screened",Local Support and Improvement,333 East 151 Street,"Bronx, NY 10451",718-993-5000,2%,25%,71%,1%,0%,2%,13%,25%,93%,15%,85%,0%,80%,"Boys: Basketball,Outdoor Track,Soccer,Baseball,Bowling,Tennis,Football,Volleyball; Girls: Flag Football,Volleyball; Co-Ed: N/A","Academic Tutorial Programs, Automotive Youth Educational System (AYES) Internships, Dance club, Music Production Club, Drone Club, Skills USA, Electric Car Competition, Competitive Citywide Robotic Team, Co-op Education, Modern Dance, PSAT and SAT Prep Skills, USA Wrestling",Graphic Design,Career & Technical Education; Dual Language or TBE; NYC Solves; Project Pivot,16%,18%,40%,0%,0%,26%,12.2,82%,N/A,65%,61%,N/A,N/A,N/A,50%,59%,86%,71%,34,70%,61%,75 (19%),112 (28%),1% (2),29% (46),66% (105),1% (2),0% (0),1% (2),Excellent,98%,N/A,N/A,97%,N/A,N/A,83%,N/A,87%,82%,N/A,N/A,N/A,88%,83%,76%,84%,75%,92%,N/A,91%,94%,N/A,N/A,N/A,75%,90%,63%,76%,N/A,78%,75%,N/A,N/A,N/A,86%,75%,82%,79%,93%,86%,79%,N/A,72%,83%,N/A,N/A,N/A,80%,81%,82%,46%,96%,70%,46%,N/A,42%,46%,N/A,N/A,N/A,70%,41%,90%,N/A,82%,95%,N/A,N/A,N/A,90%,88%,66%,N/A,64%,66%,N/A,N/A,N/A,60%,68%,N/A,92%,N/A,94%,93%,N/A,N/A,N/A,N/A,83%,N/A,90%,N/A,88%,91%,N/A,N/A,N/A,N/A,100%,N/A,97%,N/A,100%,95%,N/A,N/A,N/A,N/A,100%
07X625,Bronx Legacy High School,Fair,Fair,Good,www.thisisthex.com/,Kameca Waugh,"09,10,11,12,SE",276,Open,Local Support and Improvement,730 Concourse Village West,"Bronx, NY 10451",N/A,0%,28%,71%,<1%,0%,<1%,15%,22%,94%,59%,41%,0%,79%,"Boys: Football,Basketball,Volleyball,Baseball,Cross Country,Indoor Track,Outdoor Track,Soccer,Wrestling; Girls: Volleyball,Outdoor Track,Soccer,Softball,Cross Country,Rugby,Basketball,Indoor Track; Co-Ed: Golf",Gender Sexuality Alliance (GSA),"Visual Art, Art History, Photography",Future Ready NYC; NYC Solves; Project Pivot; PROSE,N/A (fewer than 5 teachers),44%,26%,0%,0%,N/A (fewer than 5 teachers),4.2,57%,N/A,76%,78%,N/A,N/A,N/A,83%,81%,90%,70%,40,55%,N/A,59 (21%),133 (48%),0% (0),29% (49),69% (116),1% (2),0% (0),<1% (1),Fair,88%,13%,0%,93%,N/A,N/A,93%,N/A,91%,94%,N/A,N/A,N/A,92%,94%,N/A,N/A,74%,88%,N/A,84%,89%,N/A,N/A,N/A,84%,93%,67%,88%,N/A,86%,88%,N/A,N/A,N/A,86%,75%,54%,30%,45%,84%,84%,N/A,89%,82%,N/A,N/A,N/A,85%,80%,80%,39%,97%,71%,58%,N/A,57%,59%,N/A,N/A,N/A,67%,59%,92%,N/A,87%,94%,N/A,N/A,N/A,93%,97%,72%,N/A,76%,70%,N/A,N/A,N/A,74%,69%,96%,95%,N/A,97%,96%,N/A,N/A,N/A,95%,97%,87%,82%,N/A,80%,82%,N/A,N/A,N/A,73%,87%,96%,95%,N/A,100%,95%,N/A,N/A,N/A,100%,97%
07X670,Health Opportunities High School,Fair,Good,Good,www.hopschool.com,Andrew Clayman,"09,10,11,12,SE",195,Ed. Opt.,Local Support and Improvement,350 Gerard Avenue,"Bronx, NY 10451",718-401-1826,0%,33%,63%,2%,<1%,<1%,19%,29%,>95%,62%,38%,0%,87%,"Boys: Baseball,Basketball,Fencing,Table Tennis,Cross Country,Outdoor Track; Girls: Cross Country,Fencing,Volleyball,Outdoor Track,Table Tennis,Flag Football,Indoor Track,Softball; Co-Ed: Stunt","Photography Club, Dance Club, Cat Rock, Chills, Recycling,Gender Sexuality Alliance (GSA), Music/Choir, Science Club, Debate Club, Love Thyself , Boy 2 Men Video Gaming, NYPD Explorers, Year Book Club, Peer Tutoring Program, GCD Jewish Home, College Now, Internship Programs","Modern Dance, Visual Art",Career Readiness and Modern Youth Apprenticeship; Community School; Future Ready NYC; NYC Solves; Project Pivot,N/A (fewer than 5 teachers),27%,N/A (fewer than 5 teachers),0%,0%,36%,0.2,91%,N/A,76%,84%,N/A,N/A,N/A,100%,81%,100%,89%,26,21%,49%,104 (53%),54 (28%),0% (0),36% (46),62% (79),2% (3),0% (0),0% (0),Excellent,93%,N/A,N/A,93%,N/A,N/A,69%,N/A,82%,59%,N/A,N/A,N/A,78%,53%,N/A,55%,82%,94%,N/A,87%,97%,N/A,N/A,N/A,100%,86%,75%,88%,N/A,87%,88%,N/A,N/A,N/A,88%,79%,67%,61%,56%,88%,88%,N/A,84%,91%,N/A,N/A,N/A,100%,76%,83%,53%,93%,76%,58%,N/A,58%,57%,N/A,N/A,N/A,75%,58%,95%,N/A,93%,95%,N/A,N/A,N/A,100%,93%,82%,N/A,85%,82%,N/A,N/A,N/A,100%,73%,89%,98%,N/A,100%,98%,N/A,N/A,N/A,100%,100%,85%,76%,N/A,80%,73%,N/A,N/A,N/A,56%,74%,97%,98%,N/A,100%,97%,N/A,N/A,N/A,100%,100%
08X269,Bronx Studio School for Writers and Artists,Good,Fair,Excellent,www.bsswa.org/,Dawn Verhille,"06,07,08,09,10,11,12,SE",331,Ed. Opt.,Local Support and Improvement,928 Simpson Street,"Bronx, NY 10459",718-893-5158,<1%,18%,80%,<1%,0%,<1%,7%,24%,94%,57%,43%,0%,74%,"Boys: Rugby,Soccer,Basketball,Wrestling; Girls: Volleyball,Basketball,Wrestling,Rugby; Co-Ed: N/A","Gender Sexuality Alliance (GSA), Men of BSSWA, We Rise (Girls Group), Girl Hack, Global Kids High School Leadership, Beat! Global (music program), Global Kids College and Career Club, Student Government, Senior Council, Academic Clinic, Spring Musical, Elevate NY, Casita Maria, SAT Prep, Regents Prep, C.A.T.C.H","Ceramics, Filmmaking / Video, Three-Dimensional Art, Acting, Piano Keyboard, Studio Art, Drawing, Dance, Concert Band, Directing, and more",Community School; DYCD: COMPASS/SONYC; NYC Solves,N/A (fewer than 5 teachers),14%,27%,N/A (fewer than 5 teachers),N/A (fewer than 5 teachers),54%,7.1,73%,N/A,62%,64%,N/A,N/A,100%,55%,68%,86%,63%,35,48%,73%,18 (5%),75 (23%),0% (0),18% (16),81% (71),0% (0),0% (0),1% (1),Fair,97%,N/A,N/A,89%,0%,11%,91%,N/A,N/A,89%,N/A,N/A,N/A,90%,93%,86%,86%,67%,89%,N/A,86%,89%,N/A,N/A,88%,75%,90%,63%,82%,N/A,75%,83%,N/A,N/A,88%,79%,82%,76%,82%,78%,82%,72%,N/A,63%,74%,N/A,N/A,N/A,81%,79%,84%,41%,95%,66%,42%,N/A,42%,42%,N/A,N/A,78%,51%,52%,92%,N/A,93%,91%,N/A,N/A,100%,90%,89%,69%,N/A,58%,72%,N/A,N/A,44%,68%,74%,94%,96%,N/A,98%,96%,N/A,N/A,N/A,96%,95%,91%,87%,N/A,87%,88%,N/A,N/A,N/A,92%,83%,98%,96%,N/A,96%,96%,N/A,N/A,N/A,96%,94%
08X282,Women's Academy of Excellence,Fair,Fair,Good,www.thewae.org,Arnette Crocker,"09,10,11,12,SE",165,Ed. Opt.,Local Support and Improvement,456 White Plains Road,"Bronx, NY 10473",718-542-0740,10%,26%,43%,4%,2%,13%,23%,21%,91%,100%,0%,0%,63%,"Boys: Indoor Track,Basketball,Volleyball,Wrestling,Cross Country; Girls: Softball,Cross Country,Basketball,Indoor Track,Volleyball; Co-Ed: N/A","School Public Relations Team (WAE News), Ambassadors Club, Gem 2 Diamonds Club, Student Council, Girls Who Code, My Sister's Keeper Club, ACE IT Peer Tutoring, Montefiore Internship Program, Instructional Student Leadership Team (ISLT), We Can Play Too","Visual Art, Dramatic Literature, Art History",Career Readiness and Modern Youth Apprenticeship; NYC Solves,N/A (fewer than 5 teachers),35%,N/A (fewer than 5 teachers),0%,0%,29%,20.2,88%,62%,55%,55%,N/A,N/A,56%,77%,56%,94%,75%,34,35%,47%,65 (39%),80 (48%),11% (14),26% (32),39% (48),5% (6),2% (3),13% (16),Fair,33%,N/A,N/A,91%,N/A,N/A,74%,N/A,N/A,67%,N/A,N/A,N/A,74%,N/A,N/A,N/A,68%,78%,73%,81%,85%,60%,N/A,65%,82%,78%,69%,82%,69%,97%,79%,100%,N/A,67%,70%,76%,85%,94%,94%,84%,78%,100%,82%,64%,80%,N/A,89%,87%,60%,83%,50%,96%,61%,26%,38%,24%,27%,20%,N/A,17%,26%,40%,80%,92%,82%,76%,100%,N/A,65%,87%,74%,50%,69%,52%,42%,80%,N/A,39%,52%,40%,94%,84%,90%,94%,88%,N/A,N/A,56%,100%,75%,80%,77%,70%,88%,88%,N/A,N/A,38%,75%,75%,92%,85%,80%,100%,79%,N/A,N/A,78%,92%,100%
08X293,Renaissance High School for Musical Theater and the Arts,Good,Excellent,Excellent,www.renaissancemtt.org,Paul Gumina,"09,10,11,12,SE",416,"D75 Special Education Inclusive Services, Ed. Opt.",Local Support and Improvement,3000 East Tremont Avenue,"Bronx, NY 10461",718-430-6390,1%,25%,68%,<1%,<1%,4%,2%,24%,84%,69%,31%,0%,90%,"Boys: Lacrosse,Baseball,Soccer,Outdoor Track,Indoor Track,Basketball,Wrestling,Football,Rugby; Girls: Soccer,Flag Football,Outdoor Track,Softball,Indoor Track,Lacrosse,Bowling,Cross Country,Volleyball,Basketball; Co-Ed: Stunt,Cricket","Acting, Beginning and Advanced Band, Concert Choir, Drawing & Painting, Family Activities,Gender Sexuality Alliance (GSA), Graduation Committees, International Travel Opportunities, Mentoring, Musical Productions, Musical Theater, National Honor Society, Peer Leader Opportunities, Robotics, Service Learning Opportunities, Set Design, Stage Crew, Student Government, Studio Art, Tutoring, Varsity Voices, Yearbook Journalism","Studio Art, Concert Band, Piano Keyboard, Acting, Mixed Choir, Costume Design and Implementation, Musical Theater, Visual Art, Stage Management, Theater / Play Production, and more",NYC Solves; Pathways Advising; Project Pivot; PROSE,N/A (fewer than 5 teachers),24%,27%,N/A (fewer than 5 teachers),N/A (fewer than 5 teachers),41%,3,82%,N/A,51%,75%,N/A,N/A,73%,86%,73%,85%,59%,46,67%,45%,,55 (13%),1% (2),25% (43),67% (114),1% (2),<1% (1),4% (6),Excellent,77%,N/A,N/A,98%,N/A,N/A,90%,N/A,92%,89%,N/A,N/A,N/A,92%,87%,N/A,79%,82%,94%,80%,92%,95%,N/A,N/A,93%,71%,92%,73%,87%,83%,78%,88%,N/A,N/A,100%,86%,87%,93%,97%,97%,87%,81%,67%,82%,80%,N/A,N/A,93%,88%,93%,85%,52%,95%,73%,48%,50%,45%,51%,N/A,N/A,40%,50%,58%,91%,100%,88%,92%,N/A,N/A,93%,88%,96%,72%,67%,66%,72%,N/A,N/A,87%,88%,80%,98%,96%,100%,98%,96%,N/A,N/A,100%,100%,98%,92%,95%,N/A,95%,94%,N/A,N/A,100%,100%,97%,100%,99%,100%,99%,98%,N/A,N/A,100%,100%,100%
08X312,Millennium Art Academy,Good,Good,Excellent,www.bxmaa.com/index.html,Herman Guy,"09,10,11,12,SE",327,"ASD/ACES Program, Ed. Opt.",Local Support and Improvement,1980 Lafayette Avenue,"Bronx, NY 10473",718-824-0978,3%,28%,65%,<1%,<1%,2%,8%,28%,92%,63%,37%,0%,82%,"Boys: Football,Outdoor Track,Baseball,Basketball,Soccer; Girls: Soccer,Indoor Track,Softball,Basketball,Badminton,Volleyball,Outdoor Track,Tennis; Co-Ed: N/A","Visual Arts Courses, Art Endorsed Diplomas, AP Art 2D, Digital Art, Theater Arts, Theater Productions (Plays), Honors Theater, Lincoln Center Partnership, NYU Partnership, Filmmaking, Screenwriting, Broadcasting, Drivers Education, Crochet,NEST/ASD/NYU Program, Good Shepherd (Mentorship Program), Ernst & Young (Mentorship), Career Visions (Clubs/Pm School), 21st Century Learning (School Events), Lincoln Center (Teaching Artist Coop Collaboration, Field Trips, etc.), NYU Nest (Staff Training & Support), RAIN (Fashion, Senior Care, Entrepreneurship, Alzheimer??s awareness), Theater Connections (Theater Shows, Artist Presentations, etc., College And Career Day, Parks Department (Community Service), NYC High School Principals Association, Bronx Education Leadership Consortium (Borough President??s Office Ex. Yoga Studio), CSA Bronx Executive Committee (Local Politicians Ex. Inner courtyard), Project Pivot: Hook Arts Media (Film Class, Broadcasting Class), POTTS (Soup Kitchen), Concourse House (Shelter),Gender Sexuality Alliance (GSA)","Painting, Stage Design, Computer Art / Digital Art, Studio Art, Illustration, Dance / Introduction to Dance, Drawing, Theater Survey, Visual Art, Theater / Play Production, and more",NYC Solves; Project Pivot,N/A (fewer than 5 teachers),13%,26%,0%,0%,47%,12.2,74%,75%,56%,65%,N/A,N/A,N/A,67%,56%,92%,82%,43,53%,42%,69 (21%),74 (23%),1% (2),27% (39),68% (98),<1% (1),1% (2),0% (0),Fair,94%,N/A,N/A,98%,N/A,N/A,91%,N/A,96%,88%,N/A,N/A,N/A,94%,85%,N/A,90%,81%,95%,88%,92%,95%,N/A,N/A,N/A,93%,93%,72%,82%,56%,86%,82%,N/A,N/A,N/A,62%,83%,92%,86%,95%,81%,74%,56%,67%,78%,N/A,N/A,N/A,71%,76%,84%,46%,96%,75%,49%,56%,42%,51%,N/A,N/A,N/A,41%,51%,96%,100%,92%,98%,N/A,N/A,N/A,100%,94%,67%,50%,63%,68%,N/A,N/A,N/A,50%,62%,97%,97%,100%,96%,98%,N/A,N/A,N/A,100%,97%,94%,96%,100%,91%,97%,N/A,N/A,N/A,100%,97%,99%,98%,100%,100%,97%,N/A,N/A,N/A,100%,98%
08X320,Pelham Lab High School,Fair,Fair,Good,pelhamlabhs.org,Jason Wagner,"09,10,11,12,SE",310,Ed. Opt.,Local Support and Improvement,3000 East Tremont Avenue,"Bronx, NY 10461",718-904-5090,8%,27%,52%,3%,<1%,8%,13%,26%,89%,44%,56%,0%,82%,"Boys: Rugby,Basketball,Wrestling,Football,Soccer,Indoor Track,Baseball,Lacrosse,Outdoor Track; Girls: Indoor Track,Volleyball,Outdoor Track,Lacrosse,Softball,Cross Country,Basketball,Bowling,Soccer,Flag Football; Co-Ed: Stunt,Cricket","Gender Sexuality Alliance (GSA), Community Change Afterschool programs, The Shop Young Men's Mentoring Group, Student Government, National Honor Society, Newspaper.","Studio Art, Drawing, Computer Art / Digital Art, Dance Technical Production, Dance / Introduction to Dance, Visual Art",NYC Solves; Project Pivot,N/A (fewer than 5 teachers),25%,18%,N/A (fewer than 5 teachers),N/A (fewer than 5 teachers),43%,11.2,71%,78%,67%,47%,50%,N/A,65%,81%,63%,58%,33%,37,45%,52%,99 (32%),79 (25%),8% (10),30% (40),52% (68),2% (3),<1% (1),6% (8),Fair,91%,N/A,N/A,98%,N/A,N/A,78%,N/A,67%,76%,N/A,N/A,N/A,77%,79%,N/A,63%,75%,91%,90%,95%,92%,100%,N/A,77%,82%,90%,63%,79%,85%,79%,79%,83%,N/A,63%,80%,82%,87%,88%,96%,86%,83%,81%,89%,79%,83%,N/A,86%,85%,85%,81%,42%,96%,70%,46%,71%,46%,40%,50%,N/A,50%,58%,46%,89%,90%,89%,90%,100%,N/A,77%,91%,90%,69%,62%,75%,66%,83%,N/A,73%,76%,72%,94%,91%,93%,92%,90%,100%,N/A,93%,95%,93%,90%,86%,73%,87%,87%,100%,N/A,86%,82%,89%,92%,90%,93%,90%,89%,100%,N/A,92%,90%,90%
08X348,Schuylerville Preparatory High School,Needs Improvement,Fair,Fair,www.schuylervilleprephs.org,Jordana Bell,"09,10,11,12,SE",343,Ed. Opt.,Local Support and Improvement,3000 East Tremont Avenue,"Bronx, NY 10461",718-904-5080,9%,22%,54%,3%,<1%,8%,15%,23%,88%,39%,61%,0%,61%,"Boys: Wrestling,Baseball,Outdoor Track,Rugby,Basketball,Soccer,Indoor Track,Football,Lacrosse; Girls: Softball,Volleyball,Bowling,Soccer,Flag Football,Cross Country,Outdoor Track,Lacrosse,Indoor Track,Basketball; Co-Ed: Cricket,Stunt","After school clubs: Herstory, Gaming, Art, Fashion, Dance,Gender Sexuality Alliance (GSA)","Visual Art, Three-Dimensional Art, Cartooning, Graphic Design, Portfolio Development",NYC Solves; Project Pivot,19%,N/A (fewer than 5 teachers),44%,N/A (fewer than 5 teachers),N/A (fewer than 5 teachers),26%,1,78%,50%,63%,54%,N/A,N/A,56%,83%,42%,75%,53%,28,23%,48%,48 (14%),97 (28%),12% (16),27% (36),45% (59),2% (3),0% (0),9% (12),Needs Improvement,100%,0%,0%,76%,0%,24%,72%,N/A,65%,70%,N/A,N/A,N/A,75%,71%,82%,50%,68%,89%,80%,91%,93%,N/A,N/A,84%,79%,92%,72%,83%,68%,88%,83%,N/A,N/A,80%,84%,86%,83%,100%,88%,80%,68%,70%,65%,68%,N/A,N/A,65%,72%,69%,80%,38%,97%,71%,48%,39%,51%,50%,N/A,N/A,43%,46%,57%,90%,91%,88%,90%,N/A,N/A,95%,94%,92%,67%,61%,65%,68%,N/A,N/A,75%,69%,68%,91%,79%,100%,75%,72%,N/A,N/A,86%,86%,86%,73%,77%,67%,75%,80%,N/A,N/A,86%,88%,87%,88%,90%,100%,88%,86%,N/A,N/A,100%,100%,93%
08X349,Bronx River High School,Excellent,Good,Good,bronxriverhs.org,Gregory Fucheck,"09,10,11,12,SE",418,Ed. Opt.,Local Support and Improvement,3000 East Tremont Avenue,"Bronx, NY 10461",718-904-4210,9%,21%,65%,<1%,0%,5%,12%,23%,88%,42%,58%,0%,84%,"Boys: Outdoor Track,Lacrosse,Rugby,Baseball,Basketball,Indoor Track,Football,Soccer,Wrestling; Girls: Softball,Cross Country,Flag Football,Indoor Track,Bowling,Lacrosse,Volleyball,Basketball,Outdoor Track,Soccer; Co-Ed: Cricket,Stunt","Internships, National Honor Society, NYPD Law Enforcement Explorers, One-on-One Tutoring,Gender Sexuality Alliance (GSA), Engineering Club, Science Club, Environmental Justice Club, Chess Club, Student Council, Yearbook Club, Acting Out performance program, Video Game Club, Art Club, Career Explorers program, and Community Service Club",Mixed Media,NYC Solves; Project Pivot,N/A (fewer than 5 teachers),15%,33%,0%,0%,42%,11.2,76%,75%,57%,67%,N/A,N/A,45%,73%,66%,55%,42%,43,76%,70%,,62 (15%),8% (12),21% (32),64% (96),0% (0),0% (0),5% (8),Excellent,98%,N/A,N/A,100%,0%,0%,95%,N/A,96%,94%,N/A,N/A,N/A,98%,93%,87%,89%,77%,91%,88%,89%,92%,N/A,N/A,93%,94%,92%,72%,85%,88%,79%,86%,N/A,N/A,85%,86%,87%,89%,85%,88%,85%,79%,77%,78%,78%,N/A,N/A,87%,76%,80%,88%,61%,97%,73%,56%,51%,55%,57%,N/A,N/A,60%,46%,64%,90%,91%,91%,89%,N/A,N/A,100%,89%,94%,72%,80%,72%,71%,N/A,N/A,73%,81%,75%,93%,86%,90%,69%,91%,N/A,N/A,100%,89%,96%,83%,84%,78%,77%,90%,N/A,N/A,80%,88%,96%,95%,92%,100%,89%,91%,N/A,N/A,100%,89%,92%
08X367,"Archimedes Academy for Math, Science and Technology Applications",Fair,Fair,Good,www.archimedesacademy.org,Audrey Connolly,"06,07,08,09,10,11,12,SE",291,Ed. Opt.,Local Support and Improvement,456 White Plains Road,"Bronx, NY 10473",718-617-5046,7%,21%,66%,2%,0%,3%,13%,35%,92%,36%,64%,0%,67%,"Boys: Indoor Track,Cross Country,Volleyball,Wrestling,Basketball; Girls: Basketball,Indoor Track,Softball,Volleyball,Cross Country; Co-Ed: N/A",Gender Sexuality Alliance (GSA),"Studio Art, Core Music, Mixed Choir, Visual Art, Dance / Introduction to Dance, Dance",21st Century Community Learning Center; Community School; DYCD: COMPASS/SONYC; NYC Solves,12%,14%,22%,0%,0%,49%,3,75%,42%,38%,39%,0%,N/A,22%,53%,44%,69%,60%,31,53%,51%,59 (20%),94 (32%),8% (10),21% (27),66% (83),4% (5),0% (0),<1% (1),Fair,93%,N/A,N/A,92%,0%,8%,74%,N/A,61%,77%,N/A,N/A,N/A,72%,76%,60%,58%,68%,86%,87%,84%,88%,83%,N/A,62%,90%,81%,55%,66%,48%,65%,70%,33%,N/A,78%,71%,69%,76%,85%,80%,77%,78%,85%,73%,82%,N/A,N/A,40%,67%,79%,80%,41%,96%,63%,42%,46%,46%,41%,0%,N/A,33%,30%,42%,86%,92%,81%,87%,67%,N/A,100%,84%,82%,56%,46%,59%,59%,20%,N/A,33%,62%,58%,90%,88%,90%,89%,87%,83%,N/A,N/A,95%,90%,76%,85%,90%,86%,84%,86%,N/A,N/A,89%,88%,94%,90%,78%,91%,90%,100%,N/A,N/A,100%,91%
08X376,Antonia Pantoja Preparatory Academy: A College Board School,Fair,Good,Good,Appabx.org,Michael Mercanti-Anthony,"06,07,08,09,10,11,12,SE",236,"D75 Special Education Inclusive Services, Open",Local Support and Improvement,1980 Lafayette Avenue,"Bronx, NY 10473",718-824-3152,6%,19%,69%,2%,<1%,3%,14%,33%,93%,54%,46%,0%,73%,"Boys: Outdoor Track,Soccer,Middle Schools Basketball,Football,Basketball,Baseball; Girls: Indoor Track,Outdoor Track,Softball,Tennis,Badminton,Basketball,Soccer,Volleyball; Co-Ed: N/A",YMCA After School Program for Middle School YMCA Internships for High School Gardening Club Gender Sexuality Alliance (GSA) Lego Club Art Club Student Government High School Dances Middle School Dances,"Visual Art, Painting, Graphic Design, Digital Photography, Illustration, Filmmaking / Video",Community School; DYCD: COMPASS/SONYC; NYC Solves; Project Pivot,N/A (fewer than 5 teachers),21%,33%,N/A (fewer than 5 teachers),N/A (fewer than 5 teachers),26%,2.5,79%,38%,48%,44%,N/A,N/A,57%,64%,49%,76%,61%,31,61%,46%,42 (18%),70 (30%),6% (5),23% (19),67% (56),2% (2),1% (1),1% (1),Fair,86%,N/A,N/A,96%,N/A,N/A,89%,N/A,N/A,87%,N/A,N/A,N/A,83%,N/A,N/A,93%,74%,87%,73%,92%,86%,N/A,N/A,83%,80%,82%,60%,77%,75%,80%,77%,N/A,N/A,86%,76%,80%,90%,95%,92%,78%,73%,64%,78%,74%,N/A,N/A,80%,81%,76%,81%,39%,95%,66%,39%,42%,46%,36%,N/A,N/A,50%,40%,38%,84%,84%,83%,83%,N/A,N/A,75%,86%,82%,63%,47%,62%,65%,N/A,N/A,75%,69%,65%,93%,94%,100%,93%,94%,N/A,N/A,88%,98%,94%,92%,92%,100%,92%,91%,N/A,N/A,88%,90%,91%,96%,95%,95%,95%,95%,N/A,N/A,88%,100%,96%
08X405,Herbert H. Lehman High School,Fair,Good,Good,www.lehmanhs.com/,Denise Williams,"09,10,11,12,SE",1111,"ASD/ACES Program, D75 Special Education Inclusive Services, Ed. Opt., Screened, Zoned Priority",Local Support and Improvement,3000 East Tremont Avenue,"Bronx, NY 10461",718-904-4200,7%,27%,56%,2%,<1%,7%,11%,22%,82%,42%,58%,<1%,89%,"Boys: Rugby,Soccer,Indoor Track,Outdoor Track,Basketball,Wrestling,Lacrosse,Football,Baseball; Girls: Soccer,Indoor Track,Softball,Bowling,Volleyball,Flag Football,Cross Country,Outdoor Track,Basketball,Lacrosse; Co-Ed: Cricket,Stunt","Spectrum, STEM Club, Gaming Club, Tabletop Games Club, Girls Group, Arts and Crafts Club, Opening Act (Drama), Weight Training Club, Dance Club, MSA, Poets Club, Guitar Club, Robotics Club,Gender Sexuality Alliance (GSA)","Computer Art / Digital Art, Digital Photography, Acting, Cartooning, Classroom Music, Theater Survey, Guitar, Filmmaking / Video",Community School; NYC Solves,N/A (fewer than 5 teachers),9%,24%,0%,0%,59%,1.1,76%,59%,48%,52%,70%,N/A,56%,62%,47%,73%,49%,38,38%,57%,57 (5%),209 (19%),7% (23),32% (99),51% (160),2% (6),<1% (1),6% (18),Good,97%,N/A,N/A,94%,0%,6%,82%,87%,86%,80%,N/A,N/A,N/A,85%,80%,75%,69%,76%,93%,93%,91%,93%,92%,N/A,93%,87%,88%,66%,79%,76%,82%,78%,69%,N/A,81%,70%,72%,88%,98%,98%,81%,75%,74%,77%,75%,79%,N/A,71%,74%,78%,88%,62%,96%,72%,49%,54%,51%,46%,57%,N/A,52%,50%,51%,92%,90%,92%,91%,93%,N/A,92%,90%,87%,72%,67%,67%,75%,86%,N/A,66%,70%,72%,91%,83%,88%,78%,85%,80%,N/A,74%,90%,77%,79%,75%,71%,76%,77%,80%,N/A,59%,82%,77%,92%,87%,92%,88%,87%,80%,N/A,71%,95%,82%
08X432,Bronx Bridges High School,Good,Good,Excellent,bronxbridges.org/,Nelsie Castillo,"09,10,11,12,SE",385,Language Criteria,Local Support and Improvement,1980 Lafayette Avenue,"Bronx, NY 10473",718-829-2984,6%,9%,79%,<1%,<1%,3%,69%,15%,>95%,40%,60%,0%,85%,Boys: N/A; Girls: N/A; Co-Ed: Table Tennis,N/A,"Studio Art, Painting",Dual Language or TBE; DYCD: COMPASS/SONYC; NYC Solves; New Arrivals; Project Pivot,N/A (fewer than 5 teachers),N/A (fewer than 5 teachers),47%,0%,0%,31%,10,50%,55%,85%,72%,N/A,N/A,90%,76%,59%,88%,74%,45,55%,35%,97 (25%),87 (23%),10% (15),10% (15),78% (114),0% (0),0% (0),2% (3),Excellent,96%,N/A,N/A,100%,0%,0%,91%,N/A,N/A,91%,N/A,N/A,N/A,94%,89%,91%,88%,80%,85%,84%,79%,86%,N/A,N/A,82%,85%,79%,72%,86%,94%,90%,85%,N/A,N/A,83%,86%,78%,83%,88%,79%,86%,83%,91%,81%,82%,N/A,N/A,92%,83%,88%,87%,59%,97%,73%,55%,65%,48%,54%,N/A,N/A,69%,56%,57%,89%,78%,97%,90%,N/A,N/A,62%,89%,88%,70%,73%,60%,71%,N/A,N/A,77%,73%,67%,96%,97%,100%,100%,96%,N/A,N/A,N/A,99%,100%,95%,94%,100%,93%,93%,N/A,N/A,N/A,94%,100%,98%,97%,100%,93%,97%,N/A,N/A,N/A,99%,100%
08X452,Gotham Collaborative High School,Fair,Excellent,Excellent,www.gchs.nyc,David Liu,"09,10,11,12,SE",308,"D75 Special Education Inclusive Services, Ed. Opt., Open",Local Support and Improvement,1980 Lafayette Avenue,"Bronx, NY 10473",718-597-1587,3%,28%,62%,2%,<1%,4%,25%,23%,95%,43%,57%,0%,87%,"Boys: Outdoor Track,Baseball,Basketball,Football,Soccer; Girls: Outdoor Track,Tennis,Badminton,Softball,Soccer,Volleyball,Basketball,Indoor Track; Co-Ed: N/A","Student Clubs: Algebra Ace, Board Game, Cheer Dance, Cooking, Learner's Permit,Gender Sexuality Alliance (GSA), NextGen Podcast, Visual Arts, Other. Student Government National Honor Society Community Service Activities Extended Days / Weekend Programs Field Days Shorten Fridays Schedule PSAL SPORTS - GIRLS Badminton, Basketball, Indoor Track, Outdoor Track, Soccer, Softball, Tennis, Volleyball PSAL SPORTS - BOYS Baseball, Basketball, Football, Outdoor Track, Soccer","Computer Art / Digital Art, Graphic Design, Acting, Visual Art",21st Century Community Learning Center; Career Readiness and Modern Youth Apprenticeship; Community School; Future Ready NYC; NYC Solves; Project Pivot; PROSE,N/A (fewer than 5 teachers),26%,32%,0%,0%,23%,7.2,90%,50%,79%,79%,83%,N/A,86%,91%,62%,84%,81%,45,82%,56%,16 (5%),77 (25%),1% (2),27% (37),65% (89),3% (4),1% (2),1% (2),Fair,89%,N/A,N/A,89%,N/A,N/A,93%,N/A,100%,88%,N/A,N/A,N/A,97%,90%,88%,82%,80%,96%,100%,94%,96%,83%,N/A,100%,96%,91%,82%,92%,100%,92%,90%,100%,N/A,100%,94%,85%,90%,88%,97%,90%,89%,88%,85%,92%,83%,N/A,71%,84%,84%,87%,68%,96%,80%,67%,62%,67%,69%,83%,N/A,29%,79%,41%,95%,100%,95%,96%,100%,N/A,83%,97%,87%,78%,50%,75%,80%,100%,N/A,83%,86%,69%,97%,99%,100%,98%,99%,100%,N/A,100%,99%,100%,80%,85%,70%,81%,87%,100%,N/A,82%,84%,81%,100%,99%,100%,98%,99%,100%,N/A,100%,99%,100%
08X530,Longwood Preparatory Academy,Good,Good,Excellent,www.longwoodprep.org,Asya Johnson,"09,10,11,12,SE",348,Ed. Opt.,Local Support and Improvement,965 Longwood Avenue,"Bronx, NY 10459",718-860-1242,<1%,30%,67%,<1%,0%,1%,13%,31%,94%,53%,47%,0%,86%,"Boys: Baseball,Basketball,Wrestling; Girls: Softball,Basketball,Soccer,Volleyball; Co-Ed: N/A","Anime club, cheerleading, podcast club, music production club, HerStory, SWAG Kings,Gender Sexuality Alliance (GSA), Cooking Club, Bronx Youth Connect, Black Scholars United, Latino American Student Organization, Art Club","Mixed Media, Digital Photography, Piano Keyboard, Music Technology, Percussion",21st Century Community Learning Center; Career & Technical Education; Community School; Future Ready NYC; NYC Solves,N/A (fewer than 5 teachers),40%,34%,N/A (fewer than 5 teachers),N/A (fewer than 5 teachers),20%,8.7,77%,N/A,77%,75%,N/A,N/A,N/A,90%,73%,97%,100%,31,52%,45%,100 (29%),134 (39%),1% (2),31% (57),66% (121),0% (0),0% (0),1% (2),Fair,94%,N/A,N/A,94%,N/A,N/A,86%,N/A,87%,85%,N/A,N/A,N/A,87%,86%,N/A,86%,78%,92%,N/A,95%,91%,N/A,N/A,N/A,84%,91%,72%,85%,N/A,89%,84%,N/A,N/A,N/A,93%,90%,86%,95%,92%,88%,84%,N/A,88%,83%,N/A,N/A,N/A,73%,85%,87%,57%,96%,73%,47%,N/A,48%,47%,N/A,N/A,N/A,48%,49%,93%,N/A,93%,93%,N/A,N/A,N/A,97%,89%,80%,N/A,79%,81%,N/A,N/A,N/A,88%,74%,96%,97%,N/A,95%,97%,N/A,N/A,N/A,100%,97%,94%,94%,N/A,86%,97%,N/A,N/A,N/A,100%,91%,99%,99%,N/A,98%,99%,N/A,N/A,N/A,100%,100%
08X558,Westchester Square Academy,Fair,Fair,Fair,westchestersquare.org,Marques Rich,"09,10,11,12,SE",410,"Ed. Opt., Screened",Local Support and Improvement,3000 East Tremont Avenue,"Bronx, NY 10461",718-904-5050,11%,25%,55%,<1%,<1%,6%,10%,25%,86%,43%,57%,<1%,73%,"Boys: Outdoor Track,Lacrosse,Basketball,Football,Soccer,Wrestling,Baseball,Rugby,Indoor Track; Girls: Soccer,Softball,Indoor Track,Basketball,Lacrosse,Bowling,Volleyball,Cross Country,Flag Football,Outdoor Track; Co-Ed: Cricket,Stunt","Anime/Video Game Club, Leaders of Tomorrow Club, AntiBullying Committee, Yearbook Club, African Student Association Club, Book Club, Chess Club, Dance Ensemble,Gender Sexuality Alliance (GSA), National Honors Society, National Honors Society of Dance Arts, Student Government, Wellness Committee, Peer Group Connections, Advisory, Internship","Studio Art, Theater, Choreography / Dance Composition, Visual Art",NYC Solves; Project Pivot,N/A (fewer than 5 teachers),22%,34%,N/A (fewer than 5 teachers),N/A (fewer than 5 teachers),31%,1.9,69%,50%,45%,53%,N/A,N/A,31%,68%,51%,54%,54%,43,68%,61%,70 (17%),53 (13%),7% (6),19% (16),65% (56),2% (2),1% (1),5% (4),Good,93%,N/A,N/A,89%,0%,11%,84%,N/A,83%,86%,N/A,N/A,N/A,86%,83%,71%,71%,74%,92%,97%,85%,93%,N/A,N/A,93%,88%,91%,59%,76%,81%,72%,75%,N/A,N/A,69%,96%,80%,77%,81%,81%,84%,80%,88%,79%,77%,N/A,N/A,73%,89%,81%,82%,42%,95%,67%,46%,53%,45%,46%,N/A,N/A,33%,57%,50%,89%,94%,89%,88%,N/A,N/A,80%,93%,89%,63%,64%,58%,67%,N/A,N/A,40%,79%,70%,89%,77%,86%,79%,74%,N/A,N/A,83%,100%,79%,78%,66%,93%,68%,65%,N/A,N/A,50%,70%,82%,89%,88%,100%,89%,83%,N/A,N/A,100%,100%,83%
08X561,Bronx Compass High School,Fair,Good,Good,www.bronxcompass.org/,Steven Neal,"09,10,11,12,SE",400,Ed. Opt.,Local Support and Improvement,1980 Lafayette Avenue,"Bronx, NY 10473",718-828-1206,8%,26%,61%,3%,<1%,2%,11%,27%,91%,39%,61%,0%,82%,"Boys: Basketball,Outdoor Track,Soccer,Baseball,Football; Girls: Soccer,Volleyball,Badminton,Outdoor Track,Indoor Track,Tennis,Basketball,Softball; Co-Ed: N/A","National Honor Society, Student Council (Dragons of the Round Table!), Video Game Club, NYPD Explorers,Gender Sexuality Alliance (GSA), Weightlifting Club, Mental Health Awareness Club, Journalism Club, Hispanic Culture Club, Environmental Club, Mentors Club, Culinary Arts Club, Dance club, Cheerleading, Arts and Crafts Club, Music Club, Soccer Club, Drama Club, Yearbook","Filmmaking / Video, Music Technology, Acting, Art History",NYC Solves; Pathways Advising; Project Pivot,N/A (fewer than 5 teachers),28%,44%,N/A (fewer than 5 teachers),N/A (fewer than 5 teachers),25%,3.7,72%,57%,56%,61%,80%,N/A,67%,81%,61%,80%,60%,35,34%,34%,93 (23%),227 (57%),7% (19),29% (83),58% (163),3% (8),0% (0),2% (7),Good,98%,N/A,N/A,92%,0%,8%,91%,N/A,89%,93%,N/A,N/A,N/A,100%,86%,N/A,91%,75%,94%,100%,93%,94%,90%,N/A,83%,93%,95%,67%,84%,70%,73%,89%,100%,N/A,83%,73%,81%,88%,97%,90%,81%,74%,80%,74%,73%,80%,N/A,67%,79%,80%,84%,58%,95%,73%,54%,56%,52%,54%,60%,N/A,50%,58%,64%,94%,96%,96%,94%,100%,N/A,83%,90%,87%,73%,62%,69%,75%,100%,N/A,67%,77%,73%,93%,90%,81%,89%,90%,86%,N/A,100%,89%,94%,80%,83%,79%,78%,87%,86%,N/A,71%,97%,86%,95%,92%,85%,89%,95%,71%,N/A,100%,95%,94%
08X636,Virtual Innovators Academy,,,,www.schools.nyc.gov/schools/X636,Terri Grey,"09,10,SE",186,Open,,916 Eagle Avenue,"Bronx, NY 10456",N/A,7%,30%,41%,0%,1%,16%,4%,31%,79%,56%,44%,0%,82%,"Boys: Wrestling,Cross Country,Football,Indoor Track,Volleyball,Outdoor Track,Soccer,Baseball,Basketball; Girls: Rugby,Softball,Basketball,Outdoor Track,Indoor Track,Soccer,Volleyball,Cross Country; Co-Ed: Golf","Student Government, Restorative Justice/ Peer Jury, Virtual Theater Arts and Film Making, Virtual Coding and Web Design, Virtual Anime, Digital Animation and Art Society, Podcasting, Broadcast Journalism, Drone Aviation,Gender Sexuality Alliance (GSA)",Computer Art / Digital Art,CS for All; Future Ready NYC; NYC Solves; PROSE,N/A (fewer than 5 teachers),33%,N/A (fewer than 5 teachers),0%,0%,N/A (fewer than 5 teachers),1.2,93%,N/A,100%,100%,N/A,N/A,100%,N/A,100%,92%,100%,N/A,N/A,N/A,3 (2%),35 (19%),10% (4),27% (11),32% (13),0% (0),2% (1),24% (10),Needs Improvement,92%,N/A,N/A,79%,0%,21%,N/A,N/A,N/A,N/A,N/A,N/A,N/A,N/A,N/A,N/A,N/A,81%,99%,88%,100%,100%,N/A,N/A,100%,N/A,96%,93%,85%,N/A,100%,88%,N/A,N/A,100%,N/A,78%,95%,100%,100%,84%,84%,60%,78%,88%,N/A,N/A,93%,N/A,90%,87%,63%,97%,81%,56%,20%,59%,51%,N/A,N/A,86%,N/A,57%,97%,80%,100%,98%,N/A,N/A,100%,N/A,97%,75%,56%,76%,67%,N/A,N/A,93%,N/A,77%,93%,86%,N/A,82%,88%,N/A,N/A,100%,N/A,64%,94%,92%,N/A,88%,100%,N/A,N/A,88%,N/A,73%,93%,92%,N/A,88%,94%,N/A,N/A,100%,N/A,91%
09X227,Bronx Collegiate Academy,Good,Excellent,Good,www.bronxcollegiate.org,D White,"09,10,11,12,SE",431,Ed. Opt.,Local Support and Improvement,240 East 172 Street,"Bronx, NY 10457",718-410-4077,2%,29%,64%,1%,<1%,3%,9%,22%,92%,54%,46%,0%,95%,"Boys: Baseball,Wrestling,Outdoor Track,Indoor Track,Volleyball,Basketball,Soccer,Bowling,Cross Country; Girls: Outdoor Track,Wrestling,Flag Football,Volleyball,Softball,Cross Country,Basketball,Indoor Track; Co-Ed: N/A","Anime, BCA Band, Community Service, Cosmetology, Dance, Journalism, Mentoring Young Men, Photography,Gender Sexuality Alliance (GSA), Swimming, Video Game Club, Video Game Production, Mouse Squad, Model UN, Music Production, Student Council, Fashion, Intramural Sports, Bike Club","Drawing, Filmmaking / Video, Art History",Community School; Future Ready NYC; NYC Solves; Project Pivot,N/A (fewer than 5 teachers),24%,28%,0%,0%,38%,13.5,90%,N/A,73%,76%,80%,N/A,100%,81%,69%,76%,66%,46,61%,60%,120 (28%),172 (40%),2% (5),26% (60),68% (156),<1% (2),<1% (1),2% (4),Excellent,89%,11%,0%,98%,N/A,N/A,93%,N/A,96%,90%,N/A,N/A,N/A,88%,100%,75%,91%,83%,95%,N/A,97%,95%,80%,N/A,100%,83%,90%,79%,89%,N/A,91%,89%,N/A,N/A,75%,83%,85%,95%,100%,93%,90%,86%,N/A,82%,87%,100%,N/A,88%,92%,91%,87%,60%,95%,80%,51%,N/A,43%,54%,N/A,N/A,75%,79%,60%,97%,N/A,98%,97%,N/A,N/A,100%,100%,98%,86%,N/A,85%,88%,N/A,N/A,75%,83%,87%,92%,88%,N/A,87%,88%,N/A,N/A,N/A,100%,92%,78%,74%,N/A,72%,73%,N/A,N/A,N/A,N/A,96%,97%,95%,N/A,97%,94%,N/A,N/A,N/A,100%,100%
09X231,Eagle Academy for Young Men,Fair,Good,,www.eaglebronx.org/,Hector Velazquez,"06,07,08,09,10,11,12,SE",313,Ed. Opt.,Local Support and Improvement,4143 Third Avenue,"Bronx, NY 10457",718-466-8000,<1%,55%,42%,1%,0%,<1%,5%,28%,88%,0%,100%,0%,86%,"Boys: Basketball,Indoor Track,Baseball,Wrestling; Girls: N/A; Co-Ed: N/A","Art Therapy, Barbering, BoyzIIMen Podcast Program, Culinary Arts, Financial Literacy Instruction, Free Art,Gender Sexuality Alliance (GSA), Karaoke, Student Newspaper, Student Government","Mixed Media, Digital Photography, Visual Art, Classroom Music",21st Century Community Learning Center; Community School; DYCD: COMPASS/SONYC; Future Ready NYC; NYC Solves; Project Pivot,0%,45%,34%,0%,0%,18%,9,79%,100%,56%,63%,N/A,N/A,N/A,73%,53%,92%,92%,32,34%,63%,61 (19%),73 (23%),<1% (1),53% (61),44% (51),2% (2),0% (0),0% (0),Fair,84%,N/A,N/A,87%,0%,13%,82%,N/A,83%,80%,N/A,N/A,N/A,N/A,82%,N/A,77%,79%,92%,80%,94%,90%,N/A,N/A,N/A,90%,89%,59%,77%,80%,75%,78%,N/A,N/A,N/A,80%,75%,75%,82%,67%,82%,81%,N/A,80%,84%,N/A,N/A,N/A,75%,89%,93%,81%,96%,73%,56%,80%,59%,52%,N/A,N/A,N/A,45%,63%,88%,80%,88%,88%,N/A,N/A,N/A,91%,89%,71%,100%,73%,69%,N/A,N/A,N/A,64%,75%,N/A,81%,N/A,75%,89%,N/A,N/A,N/A,N/A,80%,N/A,84%,N/A,79%,89%,N/A,N/A,N/A,N/A,78%,N/A,100%,N/A,100%,100%,N/A,N/A,N/A,N/A,100%
09X241,"Urban Assembly School for Applied Math and Science, The",Good,Good,Good,AMSbronx.org,Ingrid Chung,"06,07,08,09,10,11,12,SE",331,Ed. Opt.,Local Support and Improvement,1595 Bathgate Avenue,"Bronx, NY 10457",718-466-7800,0%,25%,74%,<1%,0%,0%,12%,28%,94%,47%,53%,0%,89%,"Boys: Baseball,Middle Schools Basketball,Wrestling,Cross Country,Basketball; Girls: Basketball,Softball,Wrestling,Flag Football,Cross Country; Co-Ed: Double Dutch","ACTIVITIES AMS Newspaper, AMS Art Club, DIY, Pi5NY, Student Leadership Committees, Young Men & Women Leadership Programs, SCHOOL SPORTS Cheer, Dance, Flag Football, Rowing, Soccer Club, Tennis PSAL SPORTS - COED Double Dutch, Wrestling, Volleyball PSAL SPORTS - GIRLS Basketball, Cross Country, Flag Football, Softball, Volleyball, Wrestling PSAL SPORTS - BOYS Baseball, Basketball, Cross Country, Volleyball, Wrestling","Ceramics, Music Technology, Studio Art, Portfolio Development, Filmmaking / Video, Photography, Fashion and Textile Design, Music Enterprise, Management, and Careers, Core Music, Computer Art / Digital Art, and more",DYCD: COMPASS/SONYC; NYC Solves; Project Pivot; PROSE,N/A (fewer than 5 teachers),22%,38%,0%,0%,33%,6.1,67%,N/A,54%,68%,N/A,N/A,N/A,70%,64%,77%,58%,35,47%,68%,117 (35%),156 (47%),0% (0),22% (58),77% (199),<1% (2),0% (0),0% (0),Excellent,99%,N/A,N/A,95%,N/A,N/A,83%,N/A,76%,84%,N/A,N/A,N/A,90%,76%,88%,71%,79%,87%,N/A,81%,89%,N/A,N/A,N/A,85%,86%,69%,85%,N/A,83%,85%,N/A,N/A,N/A,88%,85%,88%,88%,95%,87%,81%,N/A,73%,83%,N/A,N/A,N/A,79%,83%,77%,30%,96%,75%,56%,N/A,53%,57%,N/A,N/A,N/A,54%,61%,91%,N/A,86%,93%,N/A,N/A,N/A,92%,90%,79%,N/A,71%,83%,N/A,N/A,N/A,79%,69%,92%,87%,N/A,86%,88%,N/A,N/A,N/A,77%,77%,91%,91%,N/A,88%,91%,N/A,N/A,N/A,75%,90%,96%,93%,N/A,92%,93%,N/A,N/A,N/A,83%,86%
09X250,Eximius College Preparatory Academy: A College Board School,Good,Good,Fair,tinyurl.com/eximiushs,Jonathan Daly,"09,10,11,12,SE",343,Ed. Opt.,Local Support and Improvement,1363 Fulton Avenue,"Bronx, NY 10456",718-992-7154,<1%,31%,65%,<1%,<1%,2%,10%,24%,94%,48%,52%,<1%,84%,"Boys: Basketball,Baseball,Soccer; Girls: Soccer,Softball,Basketball,Badminton,Volleyball; Co-Ed: Stunt","CFES (College for Every Student),Gender Sexuality Alliance (GSA), Knitting Club, Multicultural Club, Sister's United, Boys 2 Men, School Newspaper","Studio Art, Three-Dimensional Art, Art History, Graphic Design",NYC Solves; Project Pivot,N/A (fewer than 5 teachers),23%,26%,0%,0%,45%,13,65%,N/A,78%,74%,N/A,N/A,N/A,69%,64%,93%,89%,47,64%,73%,94 (27%),125 (36%),2% (3),30% (49),66% (110),<1% (1),<1% (1),1% (2),Excellent,93%,N/A,N/A,95%,N/A,N/A,89%,N/A,92%,91%,N/A,N/A,N/A,94%,84%,70%,76%,82%,87%,N/A,82%,88%,N/A,N/A,N/A,100%,86%,72%,85%,N/A,84%,87%,N/A,N/A,N/A,79%,92%,84%,89%,89%,87%,80%,N/A,78%,81%,N/A,N/A,N/A,93%,78%,89%,67%,96%,72%,52%,N/A,63%,45%,N/A,N/A,N/A,53%,53%,93%,N/A,92%,93%,N/A,N/A,N/A,93%,96%,69%,N/A,68%,70%,N/A,N/A,N/A,47%,69%,90%,79%,N/A,78%,79%,N/A,N/A,N/A,N/A,85%,76%,69%,N/A,68%,68%,N/A,N/A,N/A,N/A,69%,92%,81%,N/A,85%,78%,N/A,N/A,N/A,N/A,69%
09X252,Mott Hall Bronx High School,Good,Good,Good,sites.google.com/a/mhbx.org/mott-hall-bronx-high-school/home,Kathryn Malloy,"09,10,11,12,SE",341,Ed. Opt.,Local Support and Improvement,1595 Bathgate Avenue,"Bronx, NY 10457",718-466-6800,<1%,26%,71%,1%,0%,<1%,13%,26%,>95%,47%,53%,0%,82%,"Boys: Basketball,Cross Country,Baseball,Wrestling; Girls: Flag Football,Wrestling,Softball,Cross Country,Basketball; Co-Ed: Double Dutch","After School Clubs: Coding, Anime, Black Student Union, Building Ladies Up, Student Government,Gender Sexuality Alliance (GSA), STEP Team, Cheerleading Team, Double Dutch Club, Travel Club, Delta Gems, Club Track and Field, Rugby, Boys Intramural Basketball",Visual Art,NYC Solves; Project Pivot,0%,18%,32%,0%,0%,43%,12.9,71%,N/A,62%,73%,N/A,N/A,N/A,84%,66%,90%,72%,40,52%,68%,,131 (38%),<1% (2),27% (60),70% (155),2% (4),0% (0),<1% (2),Excellent,100%,0%,0%,93%,N/A,N/A,85%,N/A,83%,84%,N/A,N/A,N/A,92%,76%,94%,77%,81%,94%,N/A,96%,94%,N/A,N/A,N/A,94%,95%,71%,91%,N/A,90%,91%,N/A,N/A,N/A,89%,94%,91%,86%,93%,89%,84%,N/A,81%,84%,N/A,N/A,N/A,78%,93%,82%,40%,95%,75%,54%,N/A,51%,56%,N/A,N/A,N/A,53%,56%,96%,N/A,93%,97%,N/A,N/A,N/A,100%,97%,78%,N/A,80%,77%,N/A,N/A,N/A,71%,78%,92%,88%,N/A,77%,91%,N/A,N/A,N/A,94%,83%,86%,90%,N/A,89%,89%,N/A,N/A,N/A,89%,92%,95%,92%,N/A,85%,94%,N/A,N/A,N/A,100%,92%
09X260,Bronx Center for Science and Mathematics,Excellent,Good,Good,bronxcenter.nyc/,Young Kim,"09,10,11,SE",381,Ed. Opt.,Local Support and Improvement,1363 Fulton Avenue,"Bronx, NY 10456",718-992-7089,7%,30%,60%,<1%,<1%,2%,7%,24%,90%,42%,58%,0%,86%,"Boys: Soccer,Basketball,Baseball; Girls: Basketball,Softball,Volleyball,Soccer,Badminton; Co-Ed: Stunt","ACTIVITIES Art, Coding, Culinary Arts, Fitness, Student Voice Club, Tutoring, Leadership, Peer Mediation, Peer Tutoring, Science Club, Student Voice Committee, Theater, Video Game Club, Yearbook, Dance, Chess, Badminton,Gender Sexuality Alliance (GSA), Music, Photography, Robotics, Anime, Ping Pong, National Honors Society, Science National Honors Society, Spanish National Honors Society PSAL SPORTS - COED Stunt PSAL SPORTS - GIRLS Badminton, Basketball, Soccer, Softball, Volleyball PSAL SPORTS - BOYS Baseball, Basketball, Soccer","Visual Art, Acting, Music History, Theater",Career Readiness and Modern Youth Apprenticeship; NYC Solves; PROSE; Respect for All,N/A (fewer than 5 teachers),20%,20%,0%,0%,50%,3.4,80%,79%,64%,74%,N/A,N/A,100%,59%,67%,94%,94%,53,77%,85%,84 (22%),184 (48%),7% (14),27% (56),60% (125),<1% (2),<1% (1),4% (9),Fair,97%,N/A,N/A,94%,N/A,N/A,96%,N/A,93%,96%,N/A,N/A,N/A,96%,96%,100%,95%,79%,92%,95%,90%,93%,N/A,N/A,100%,94%,91%,75%,84%,68%,84%,86%,N/A,N/A,N/A,81%,84%,79%,94%,87%,90%,89%,90%,87%,90%,N/A,N/A,100%,78%,91%,88%,57%,95%,77%,61%,67%,56%,63%,N/A,N/A,67%,74%,63%,92%,100%,91%,91%,N/A,N/A,100%,89%,91%,77%,76%,74%,79%,N/A,N/A,67%,74%,86%,90%,89%,82%,93%,90%,N/A,N/A,86%,100%,95%,82%,78%,80%,76%,78%,N/A,N/A,67%,89%,85%,94%,91%,92%,93%,92%,N/A,N/A,83%,88%,92%
09X263,Validus Preparatory Academy,Fair,Needs Improvement,Fair,validusprep.org,Jonathan Clayton,"09,10,11,12,SE",273,Ed. Opt.,Local Support and Improvement,1595 Bathgate Avenue,"Bronx, NY 10457",718-466-4000,0%,40%,60%,0%,0%,<1%,12%,34%,>95%,44%,56%,0%,72%,"Boys: Wrestling,Cross Country,Basketball,Baseball; Girls: Flag Football,Basketball,Wrestling,Cross Country,Softball; Co-Ed: Double Dutch","BuildOn, Movie Club, Fitness Club, Cooking Club, Student Government, Art Club, Yearbook Committee, Band, Talented Tenth, CREW Competitions,Gender Sexuality Alliance (GSA)","Art History, Mixed Media, Drawing, Visual Art",NYC Solves; Project Pivot,N/A (fewer than 5 teachers),55%,N/A (fewer than 5 teachers),0%,0%,27%,1.2,95%,N/A,75%,61%,N/A,N/A,N/A,79%,68%,89%,67%,22,23%,60%,29 (11%),144 (53%),0% (0),35% (54),64% (100),0% (0),0% (0),<1% (1),Excellent,61%,30%,9%,74%,N/A,N/A,66%,N/A,61%,69%,N/A,N/A,N/A,67%,66%,40%,50%,70%,90%,N/A,89%,90%,N/A,N/A,N/A,100%,95%,64%,81%,N/A,82%,82%,N/A,N/A,N/A,90%,82%,64%,56%,56%,83%,81%,N/A,83%,80%,N/A,N/A,N/A,79%,86%,79%,40%,95%,67%,48%,N/A,50%,46%,N/A,N/A,N/A,62%,56%,88%,N/A,90%,86%,N/A,N/A,N/A,92%,92%,73%,N/A,77%,70%,N/A,N/A,N/A,83%,69%,86%,85%,N/A,87%,84%,N/A,N/A,N/A,100%,89%,80%,86%,N/A,84%,86%,N/A,N/A,N/A,100%,93%,90%,92%,N/A,94%,91%,N/A,N/A,N/A,100%,96%
09X297,Morris Academy for Collaborative Studies,Good,Good,Excellent,www.macsx297.org,Rachel Field Dennis,"09,10,11,12,SE",404,Ed. Opt.,Local Support and Improvement,1110 Boston Road,"Bronx, NY 10456",718-617-5312,<1%,24%,75%,<1%,0%,<1%,9%,30%,>95%,44%,55%,<1%,83%,"Boys: Soccer,Basketball,Baseball; Girls: Volleyball,Softball,Soccer,Badminton,Basketball; Co-Ed: N/A","Extended Day / Lunch Tutoring (All Subjects), Cooking Club, Student Ambassador, Art Club, Japanese Club, Morning Gym, Robotics, Game Club, Music/Recording Studio, JROTC,Gender Sexuality Alliance (GSA), College and Career Club, Lego Club, Dance Club, Sports Club, National Honor Society, Spanish National Honor Society, Peer Group Connection","Mixed Media, Art History, Computer Art / Digital Art, Visual Art",Community School; NYC Solves,N/A (fewer than 5 teachers),19%,19%,0%,0%,47%,2,67%,N/A,75%,71%,N/A,N/A,N/A,68%,76%,88%,68%,41,56%,60%,100 (25%),147 (36%),<1% (1),23% (43),75% (143),0% (0),0% (0),2% (3),Good,97%,N/A,N/A,95%,0%,5%,83%,N/A,77%,86%,N/A,N/A,N/A,87%,82%,87%,60%,80%,91%,N/A,88%,92%,N/A,N/A,N/A,84%,89%,70%,84%,N/A,84%,83%,N/A,N/A,N/A,82%,81%,88%,94%,91%,87%,84%,N/A,79%,85%,N/A,N/A,N/A,88%,79%,83%,49%,96%,71%,47%,N/A,42%,47%,N/A,N/A,N/A,44%,50%,89%,N/A,77%,92%,N/A,N/A,N/A,88%,86%,70%,N/A,64%,72%,N/A,N/A,N/A,60%,65%,97%,94%,N/A,97%,94%,N/A,N/A,N/A,95%,94%,85%,88%,N/A,89%,88%,N/A,N/A,N/A,100%,94%,97%,97%,N/A,100%,96%,N/A,N/A,N/A,95%,94%
09X324,Bronx Early College Academy for Teaching & Learning,Excellent,Good,Good,www.beca324.org/apps/pages/index.jsp?uREC_ID=3391370&type=d&pREC_ID=2382276,Yvette Rivera,"06,07,08,09,10,11,12,SE",292,Screened With Assessment,Local Support and Improvement,250 East 164 Street,"Bronx, NY 10456",718-681-8287,2%,21%,74%,1%,1%,<1%,9%,25%,93%,49%,51%,0%,78%,"Boys: Basketball,Soccer; Girls: Badminton,Volleyball; Co-Ed: N/A",",Gender Sexuality Alliance (GSA)","Filmmaking / Video, Graphic Design",Career & Technical Education; Career Readiness and Modern Youth Apprenticeship; Community School; NYC Solves; PROSE,0%,16%,31%,N/A (fewer than 5 teachers),0%,47%,13,63%,N/A,67%,67%,N/A,N/A,N/A,80%,59%,100%,77%,48,85%,54%,,74 (25%),2% (3),21% (30),73% (104),<1% (1),2% (3),0% (0),Excellent,99%,N/A,N/A,89%,0%,11%,95%,N/A,100%,93%,N/A,N/A,N/A,97%,93%,85%,88%,75%,93%,N/A,88%,94%,N/A,N/A,N/A,87%,90%,64%,81%,N/A,83%,80%,N/A,N/A,N/A,86%,78%,81%,90%,74%,85%,85%,N/A,83%,86%,N/A,N/A,N/A,75%,87%,90%,67%,97%,70%,47%,N/A,50%,46%,N/A,N/A,N/A,44%,52%,88%,N/A,83%,89%,N/A,N/A,N/A,94%,85%,66%,N/A,63%,67%,N/A,N/A,N/A,74%,64%,97%,97%,N/A,91%,98%,N/A,N/A,N/A,100%,100%,89%,95%,N/A,100%,96%,N/A,N/A,N/A,90%,100%,94%,94%,N/A,82%,96%,N/A,N/A,N/A,100%,95%
09X327,Comprehensive Model School Project M.S. 327,Good,Good,Good,www.schools.nyc.gov/schools/X327,Alixandre Ricci,"06,07,08,09,10,11,12,SE",372,"D75 Special Education Inclusive Services, Open",Local Support and Improvement,1501 Jerome Avenue,"Bronx, NY 10452",718-294-8111,0%,16%,83%,0%,0%,<1%,7%,24%,94%,48%,52%,0%,78%,"Boys: Basketball,Baseball,Outdoor Track; Girls: Basketball,Outdoor Track,Volleyball,Middle Schools Basketball; Co-Ed: N/A","Greek Club, Book Club, Yearbook Club, Board Game Club, Kindness Club, Road Runners, E-Sports Club, Hydroponics, Green Team,Gender Sexuality Alliance (GSA)","Core Music, Fashion and Textile Design, Printmaking, Illustration, Improvisation, Art History, Visual Art",DYCD: COMPASS/SONYC; NYC Solves; Project Pivot; PROSE,N/A (fewer than 5 teachers),24%,36%,0%,0%,27%,10.1,76%,N/A,45%,62%,N/A,N/A,33%,56%,52%,91%,80%,45,51%,69%,83 (22%),99 (27%),0% (0),18% (24),81% (108),0% (0),0% (0),<1% (1),Excellent,85%,15%,0%,96%,0%,4%,92%,N/A,83%,93%,N/A,N/A,N/A,96%,88%,N/A,78%,80%,91%,N/A,89%,92%,N/A,N/A,80%,83%,88%,69%,88%,N/A,88%,88%,N/A,N/A,60%,91%,85%,90%,96%,98%,87%,82%,N/A,89%,81%,N/A,N/A,N/A,81%,76%,87%,54%,95%,72%,47%,N/A,44%,47%,N/A,N/A,40%,41%,49%,91%,N/A,85%,92%,N/A,N/A,83%,91%,89%,79%,N/A,76%,79%,N/A,N/A,83%,78%,76%,92%,88%,N/A,78%,89%,N/A,N/A,N/A,100%,87%,85%,81%,N/A,82%,80%,N/A,N/A,N/A,89%,78%,94%,90%,N/A,82%,90%,N/A,N/A,N/A,94%,90%
09X329,DreamYard Preparatory School,Good,,,www.dyprep.org,Anthony Santiago,"09,10,11,12,SE",294,Ed. Opt.,Local Support and Improvement,240 East 172 Street,"Bronx, NY 10457",718-410-4242,<1%,24%,72%,1%,<1%,2%,16%,29%,>95%,51%,49%,0%,N/A,"Boys: Indoor Track,Basketball,Bowling,Outdoor Track,Cross Country,Wrestling,Soccer,Baseball,Volleyball; Girls: Outdoor Track,Volleyball,Flag Football,Cross Country,Indoor Track,Wrestling,Basketball,Softball; Co-Ed: N/A","Arts Sharing After School Arts Programming: Dance, Music, Theater Production, ENL/Literacy Support, Arts & Craft, Anime/Manga Club, Music Production,Gender Sexuality Alliance (GSA), Young Men's Empowerment Group, Young Women's Empowerment Group","Visual Art, Classroom Music, Theater, Theater / Play Production, Mixed Media, Dance / Introduction to Dance, Core Music, Art History, Acting, Mixed Choir, and more",Community School; Future Ready NYC; NYC Solves; Project Pivot,0%,19%,48%,0%,0%,26%,2.2,59%,N/A,N/A,N/A,N/A,N/A,N/A,N/A,N/A,N/A,N/A,38,48%,70%,51 (17%),183 (62%),<1% (1),23% (43),75% (138),0% (0),1% (2),<1% (1),Excellent,90%,N/A,N/A,93%,0%,7%,86%,N/A,88%,84%,N/A,N/A,N/A,90%,81%,92%,61%,N/A,N/A,N/A,N/A,N/A,N/A,N/A,N/A,N/A,N/A,N/A,N/A,N/A,N/A,N/A,N/A,N/A,N/A,N/A,N/A,N/A,N/A,N/A,N/A,N/A,N/A,N/A,N/A,N/A,N/A,N/A,N/A,N/A,88%,63%,97%,N/A,N/A,N/A,N/A,N/A,N/A,N/A,N/A,N/A,N/A,N/A,N/A,N/A,N/A,N/A,N/A,N/A,N/A,N/A,N/A,N/A,N/A,N/A,N/A,N/A,N/A,N/A,N/A,N/A,N/A,N/A,N/A,N/A,N/A,N/A,N/A,N/A,N/A,N/A,N/A,N/A,N/A,N/A,N/A,N/A,N/A,N/A,N/A,N/A,N/A,N/A,N/A,N/A,N/A,N/A,N/A,N/A,N/A
09X365,Academy for Language and Technology,Excellent,Excellent,Excellent,www.schools.nyc.gov/schools/X365,Jose Vinales,"09,10,11,12",357,Language Criteria,Local Support and Improvement,1700 Macombs Road,"Bronx, NY 10453",718-731-0219,0%,0%,>99%,0%,0%,0%,72%,9%,>95%,42%,58%,0%,100%,"Boys: Soccer,Volleyball,Basketball,Baseball; Girls: Volleyball,Softball; Co-Ed: N/A","Girls' Group, Anime Club, Mouse Squad, Coding Club, BronxConnect",Computer Art / Digital Art,Career & Technical Education; Dual Language or TBE; NYC Solves; New Arrivals; Respect for All,0%,0%,48%,0%,0%,44%,10.9,52%,N/A,N/A,100%,N/A,N/A,N/A,100%,100%,92%,76%,49,91%,63%,158 (44%),95 (27%),0% (0),0% (0),>99% (252),0% (0),0% (0),0% (0),Excellent,100%,0%,0%,95%,N/A,N/A,98%,N/A,N/A,98%,N/A,N/A,N/A,100%,96%,98%,N/A,92%,100%,N/A,N/A,100%,N/A,N/A,N/A,100%,100%,99%,100%,N/A,N/A,100%,N/A,N/A,N/A,100%,100%,90%,92%,96%,94%,98%,N/A,N/A,98%,N/A,N/A,N/A,98%,95%,91%,74%,98%,98%,100%,N/A,N/A,100%,N/A,N/A,N/A,100%,100%,100%,N/A,N/A,100%,N/A,N/A,N/A,100%,100%,100%,N/A,N/A,100%,N/A,N/A,N/A,100%,100%,98%,100%,N/A,N/A,100%,N/A,N/A,N/A,100%,100%,99%,99%,N/A,N/A,99%,N/A,N/A,N/A,99%,100%,100%,100%,N/A,N/A,100%,N/A,N/A,N/A,100%,100%
09X403,Bronx International High School,Good,Fair,Excellent,www.bronxinternationalhs.com,Joaquin Vega Vargas,"09,10,11,12",397,Language Criteria,Local Support and Improvement,1110 Boston Road,"Bronx, NY 10456",718-620-1053,1%,23%,73%,2%,<1%,1%,93%,2%,>95%,48%,52%,0%,87%,"Boys: Soccer,Baseball,Basketball; Girls: Basketball,Volleyball,Softball,Soccer,Badminton; Co-Ed: N/A","Culture Clubs, Media Arts Club, Yearbook Club, Unity Club.,Gender Sexuality Alliance (GSA)","Computer Art / Digital Art, Studio Art, Percussion, Guitar",Career & Technical Education; Community School; Consortium; CS for All; Future Ready NYC; New Arrivals; PROSE,27%,23%,N/A (fewer than 5 teachers),N/A (fewer than 5 teachers),N/A (fewer than 5 teachers),37%,18.2,93%,N/A,97%,85%,N/A,N/A,N/A,89%,N/A,89%,67%,41,71%,42%,22 (6%),65 (16%),2% (2),31% (35),62% (70),2% (2),<1% (1),2% (2),N/A,N/A,88%,N/A,N/A,0%,N/A,86%,N/A,N/A,82%,N/A,N/A,N/A,95%,73%,86%,N/A,77%,84%,N/A,67%,91%,N/A,N/A,N/A,82%,N/A,75%,88%,N/A,94%,86%,N/A,N/A,N/A,87%,N/A,63%,44%,53%,81%,75%,N/A,84%,73%,N/A,N/A,N/A,74%,N/A,82%,47%,95%,73%,54%,N/A,73%,49%,N/A,N/A,N/A,53%,N/A,94%,N/A,91%,94%,N/A,N/A,N/A,93%,N/A,79%,N/A,78%,78%,N/A,N/A,N/A,79%,N/A,100%,99%,N/A,100%,98%,N/A,N/A,N/A,98%,N/A,99%,100%,N/A,100%,100%,N/A,N/A,N/A,100%,N/A,100%,99%,N/A,98%,100%,N/A,N/A,N/A,99%,N/A
09X412,Bronx High School of Business,Fair,Fair,Good,www.schools.nyc.gov/schools/X412,Alice Bajana Vega,"09,10,11,12,SE",294,Ed. Opt.,Local Support and Improvement,240 East 172 Street,"Bronx, NY 10457",718-410-4060,<1%,32%,64%,1%,<1%,1%,19%,27%,>95%,44%,56%,0%,84%,"Boys: Bowling,Cross Country,Outdoor Track,Wrestling,Volleyball,Indoor Track,Basketball,Baseball,Soccer; Girls: Basketball,Volleyball,Cross Country,Wrestling,Flag Football,Indoor Track,Softball,Outdoor Track; Co-Ed: N/A","Gaming Club, Yearbook Club, Basketball Morning Club, DYI Jewelry Making Club, Cosmetology, Culinary, Student Government, Magic the Game Club, Self-Defense","Theater, Music Theory / Musicianship, Guitar, Drawing",Community School; CS for All; Future Ready NYC; NYC Solves,0%,20%,37%,0%,0%,40%,7.8,83%,N/A,63%,63%,N/A,N/A,N/A,70%,40%,84%,75%,38,60%,40%,62 (21%),73 (25%),0% (0),33% (38),64% (74),0% (0),<1% (1),2% (2),Good,88%,N/A,N/A,90%,N/A,N/A,80%,N/A,82%,83%,N/A,N/A,N/A,85%,74%,86%,54%,74%,92%,N/A,93%,90%,N/A,N/A,N/A,91%,90%,70%,85%,N/A,85%,84%,N/A,N/A,N/A,86%,82%,81%,84%,78%,80%,78%,N/A,77%,79%,N/A,N/A,N/A,82%,75%,84%,48%,95%,72%,52%,N/A,55%,50%,N/A,N/A,N/A,58%,46%,88%,N/A,88%,89%,N/A,N/A,N/A,88%,89%,71%,N/A,72%,70%,N/A,N/A,N/A,76%,60%,89%,94%,N/A,92%,94%,N/A,N/A,N/A,86%,91%,90%,95%,N/A,100%,93%,N/A,N/A,N/A,N/A,88%,94%,93%,N/A,82%,97%,N/A,N/A,N/A,100%,90%
09X413,Bronx High School for Medical Science,Good,Good,Fair,www.bxmedsci.com,Sarah Lenihan,"06,07,08,09,10,11,12,SE",260,Screened,Local Support and Improvement,240 East 172 Street,"Bronx, NY 10457",718-410-4040,5%,21%,72%,1%,<1%,<1%,11%,28%,94%,52%,48%,0%,75%,"Boys: Cross Country,Volleyball,Baseball,Outdoor Track,Bowling,Basketball,Indoor Track,Wrestling,Soccer; Girls: Cross Country,Softball,Volleyball,Outdoor Track,Basketball,Wrestling,Indoor Track,Flag Football; Co-Ed: N/A","Clubs such as yearbook, film, art, ping pong, soccer, robotics,Gender Sexuality Alliance (GSA)","Music History, Acting, Musical Theater",DYCD: COMPASS/SONYC; Future Ready NYC; NYC Solves; Project Pivot,N/A (fewer than 5 teachers),20%,42%,N/A (fewer than 5 teachers),N/A (fewer than 5 teachers),37%,2.8,78%,18%,47%,41%,N/A,N/A,N/A,54%,50%,74%,70%,38,52%,78%,20 (8%),71 (27%),7% (6),20% (16),68% (56),4% (3),1% (1),0% (0),Excellent,97%,N/A,N/A,100%,0%,0%,87%,N/A,87%,90%,N/A,N/A,N/A,90%,83%,88%,70%,75%,89%,70%,86%,90%,N/A,N/A,N/A,82%,91%,62%,75%,70%,70%,75%,N/A,N/A,N/A,82%,73%,84%,88%,88%,80%,68%,89%,56%,70%,N/A,N/A,N/A,83%,77%,91%,75%,96%,66%,40%,33%,42%,40%,N/A,N/A,N/A,52%,41%,87%,73%,86%,88%,N/A,N/A,N/A,85%,88%,68%,64%,63%,69%,N/A,N/A,N/A,71%,72%,87%,75%,N/A,71%,75%,N/A,N/A,N/A,82%,67%,81%,76%,N/A,64%,77%,N/A,N/A,N/A,82%,71%,83%,75%,N/A,50%,81%,N/A,N/A,N/A,82%,76%
09X505,"Bronx School for Law, Government and Justice",Fair,Good,Fair,www.BronxLGJ.org,Johanie Hernandez,"06,07,08,09,10,11,12,SE",444,Ed. Opt.,Local Support and Improvement,244 East 163 Street,"Bronx, NY 10451",718-410-3430,<1%,21%,77%,<1%,<1%,<1%,8%,23%,92%,51%,49%,0%,83%,"Boys: Basketball,Indoor Track,Volleyball,Baseball,Bowling,Outdoor Track,Cross Country; Girls: Volleyball,Cross Country,Indoor Track,Outdoor Track,Basketball,Softball; Co-Ed: N/A",N/A,"Advertising Art, Theater Survey, Photography, Computer Art / Digital Art, Studio Art, Music Technology, Visual Art",DYCD: COMPASS/SONYC; NYC Solves; Project Pivot; PROSE,N/A (fewer than 5 teachers),22%,27%,0%,0%,44%,N/A,69%,100%,65%,70%,86%,N/A,N/A,67%,67%,90%,77%,43,46%,63%,138 (31%),149 (34%),<1% (1),22% (46),77% (163),<1% (1),<1% (1),0% (0),Excellent,98%,N/A,N/A,93%,0%,7%,82%,N/A,74%,84%,N/A,N/A,N/A,88%,76%,71%,77%,72%,85%,N/A,76%,88%,86%,N/A,N/A,86%,85%,60%,79%,80%,80%,79%,71%,N/A,N/A,76%,71%,77%,79%,83%,85%,83%,N/A,84%,83%,N/A,N/A,N/A,90%,89%,88%,64%,96%,67%,49%,40%,50%,48%,71%,N/A,N/A,62%,53%,88%,100%,88%,87%,86%,N/A,N/A,84%,85%,71%,100%,65%,71%,86%,N/A,N/A,76%,73%,85%,84%,N/A,84%,84%,N/A,N/A,N/A,87%,91%,84%,77%,N/A,75%,78%,N/A,N/A,N/A,93%,80%,89%,84%,N/A,89%,82%,N/A,N/A,N/A,93%,88%
09X517,Frederick Douglass Academy III Secondary School,Good,Good,Excellent,fdaiiibx.org,Jumel Carlos,"09,10,11,12,SE",241,Ed. Opt.,Local Support and Improvement,3630 Third Avenue,"Bronx, NY 10456",718-538-9726,0%,39%,59%,<1%,0%,<1%,16%,30%,>95%,52%,48%,0%,82%,"Boys: Basketball,Soccer,Baseball; Girls: Volleyball,Badminton,Basketball; Co-Ed: Stunt","Behind the Book program in which our Grade 9 scholars create their own book, , Additional clubs such as: Boys and Girls, Mindfulness, Chess, Cooking, Video club and Music, Podcast club","Concert Band, Art History, Three-Dimensional Art, Computer Art / Digital Art, Painting, Portfolio Development",Community School; NYC Solves; Project Pivot; Respect for All,0%,50%,23%,0%,0%,23%,8.9,82%,N/A,54%,59%,N/A,N/A,N/A,88%,51%,83%,83%,28,43%,64%,45 (19%),107 (44%),0% (0),36% (46),62% (80),0% (0),0% (0),2% (2),Fair,84%,N/A,N/A,82%,0%,18%,87%,N/A,90%,86%,N/A,N/A,N/A,84%,90%,86%,81%,74%,90%,N/A,87%,91%,N/A,N/A,N/A,100%,88%,70%,90%,N/A,93%,88%,N/A,N/A,N/A,85%,84%,86%,83%,88%,90%,86%,N/A,92%,82%,N/A,N/A,N/A,87%,80%,87%,61%,98%,73%,54%,N/A,48%,58%,N/A,N/A,N/A,67%,34%,89%,N/A,94%,85%,N/A,N/A,N/A,95%,76%,69%,N/A,73%,67%,N/A,N/A,N/A,64%,60%,97%,99%,N/A,100%,98%,N/A,N/A,N/A,100%,100%,95%,90%,N/A,88%,91%,N/A,N/A,N/A,93%,91%,100%,100%,N/A,100%,100%,N/A,N/A,N/A,100%,100%
09X525,Bronx Leadership Academy High School,Good,Good,Good,bronxleadershipacademy.org,Courtnei Davis,"09,10,11,SE",370,"Ed. Opt., Open",Local Support and Improvement,1710 Webster Avenue,"Bronx, NY 10457",718-299-4274,<1%,32%,64%,2%,0%,1%,15%,34%,>95%,48%,52%,0%,69%,"Boys: Volleyball,Basketball; Girls: Basketball,Softball,Volleyball; Co-Ed: N/A","Scholar Government, Game Room, Dance, Film, Music Production, Scholar Internships, SYEP, WorkLearnGrow,Gender Sexuality Alliance (GSA)","Classroom Music, Piano Keyboard, Art History",Community School; Future Ready NYC; NYC Solves; Pathways Advising; Project Pivot,N/A (fewer than 5 teachers),29%,42%,0%,0%,N/A (fewer than 5 teachers),3,77%,N/A,64%,63%,80%,N/A,N/A,81%,63%,82%,71%,24,48%,42%,187 (51%),183 (49%),0% (0),33% (81),63% (155),2% (6),0% (0),2% (4),Excellent,98%,N/A,N/A,90%,0%,10%,99%,N/A,100%,98%,N/A,N/A,N/A,100%,97%,95%,95%,70%,87%,N/A,88%,87%,100%,N/A,N/A,94%,80%,59%,76%,N/A,74%,77%,N/A,N/A,N/A,81%,82%,77%,88%,82%,80%,74%,N/A,69%,77%,100%,N/A,N/A,85%,84%,84%,56%,96%,69%,47%,N/A,47%,46%,80%,N/A,N/A,55%,54%,85%,N/A,82%,87%,80%,N/A,N/A,88%,84%,63%,N/A,62%,63%,60%,N/A,N/A,72%,67%,93%,86%,N/A,91%,81%,N/A,N/A,N/A,83%,95%,86%,87%,N/A,90%,87%,N/A,N/A,N/A,100%,100%,97%,93%,N/A,87%,97%,N/A,N/A,N/A,100%,95%
09X543,High School for Violin and Dance,Fair,Good,Good,www.hsvd.org,Franklin Sim,"09,10,11,SE",113,Ed. Opt.,Local Support and Improvement,1110 Boston Road,"Bronx, NY 10456",718-842-0687,0%,27%,71%,<1%,0%,<1%,19%,29%,>95%,75%,25%,0%,60%,"Boys: Basketball,Baseball,Soccer; Girls: Volleyball,Basketball,Soccer,Softball,Badminton; Co-Ed: N/A",Gender Sexuality Alliance (GSA),"String Orchestra, Dance / Introduction to Dance",Future Ready NYC; NYC Solves; Pathways Advising,N/A (fewer than 5 teachers),N/A (fewer than 5 teachers),33%,0%,0%,28%,13.5,61%,N/A,76%,48%,N/A,N/A,N/A,42%,42%,100%,82%,29,30%,38%,49 (43%),51 (45%),0% (0),31% (22),68% (49),1% (1),0% (0),0% (0),Excellent,100%,0%,0%,85%,N/A,N/A,81%,N/A,N/A,81%,N/A,N/A,N/A,81%,N/A,N/A,N/A,75%,81%,N/A,62%,88%,N/A,N/A,N/A,77%,72%,63%,80%,N/A,62%,84%,N/A,N/A,N/A,75%,75%,76%,71%,76%,83%,73%,N/A,79%,72%,N/A,N/A,N/A,62%,71%,92%,77%,96%,64%,48%,N/A,47%,48%,N/A,N/A,N/A,38%,48%,78%,N/A,67%,82%,N/A,N/A,N/A,85%,71%,52%,N/A,33%,58%,N/A,N/A,N/A,77%,57%,91%,87%,N/A,91%,83%,N/A,N/A,N/A,100%,100%,77%,77%,N/A,67%,82%,N/A,N/A,N/A,100%,100%,92%,81%,N/A,75%,84%,N/A,N/A,N/A,100%,100%
09X564,Claremont International HS,Excellent,Good,Good,claremontihs.org,Elizabeth Demchak,"09,10,11,12,SE",366,Language Criteria,Local Support and Improvement,240 East 172 Street,"Bronx, NY 10457",718-410-4001,<1%,19%,77%,1%,<1%,1%,87%,9%,>95%,47%,53%,0%,93%,"Boys: Soccer,Baseball,Basketball; Girls: Soccer,Volleyball,Basketball; Co-Ed: Table Tennis",Gender Sexuality Alliance (GSA),"Theater Survey, Visual Art, Dance / Introduction to Dance, Drawing, Mixed Choir, Painting, Percussion",Career Readiness and Modern Youth Apprenticeship; Community School; Consortium; NYC Solves; New Arrivals; Project Pivot; PROSE; Respect for All,N/A (fewer than 5 teachers),N/A (fewer than 5 teachers),31%,0%,0%,58%,12.2,85%,N/A,86%,75%,N/A,N/A,N/A,77%,67%,79%,79%,40,59%,48%,54 (15%),182 (50%),0% (0),18% (44),80% (194),<1% (2),<1% (1),<1% (1),Excellent,57%,0%,43%,89%,N/A,N/A,85%,N/A,100%,80%,N/A,N/A,N/A,89%,78%,84%,N/A,87%,91%,N/A,85%,92%,N/A,N/A,N/A,91%,88%,77%,89%,N/A,98%,87%,N/A,N/A,N/A,89%,86%,93%,100%,84%,88%,86%,N/A,87%,86%,N/A,N/A,N/A,85%,75%,85%,57%,96%,83%,68%,N/A,76%,66%,N/A,N/A,N/A,69%,50%,95%,N/A,95%,95%,N/A,N/A,N/A,95%,88%,85%,N/A,82%,87%,N/A,N/A,N/A,83%,100%,96%,93%,N/A,93%,93%,N/A,N/A,N/A,92%,100%,88%,83%,N/A,92%,80%,N/A,N/A,N/A,82%,83%,95%,96%,N/A,96%,96%,N/A,N/A,N/A,95%,100%
09X568,Young Women's Leadership School of the Bronx,Excellent,Good,Good,www.tywlsbronx.org,Devon Eisenberg,"06,07,08,09,10,11,12,SE",295,Screened With Assessment,Local Support and Improvement,1865 Morris Avenue,"Bronx, NY 10453",718-731-2590,4%,25%,67%,<1%,0%,2%,5%,21%,89%,100%,0%,0%,85%,"Boys: N/A; Girls: Volleyball,Basketball,Badminton; Co-Ed: N/A","Basketball, Volleyball, Badminton","Computer Art / Digital Art, Core Music, Studio Art",Career Readiness and Modern Youth Apprenticeship; DYCD: COMPASS/SONYC; NYC Solves; PROSE,N/A (fewer than 5 teachers),N/A (fewer than 5 teachers),25%,0%,0%,48%,5.2,83%,47%,42%,44%,N/A,N/A,50%,33%,47%,64%,39%,56,56%,87%,124 (42%),132 (45%),4% (7),26% (42),65% (105),<1% (1),0% (0),3% (5),Fair,70%,N/A,N/A,89%,0%,11%,97%,N/A,100%,95%,N/A,N/A,N/A,97%,N/A,N/A,100%,74%,94%,100%,94%,93%,N/A,N/A,100%,89%,92%,70%,85%,89%,87%,84%,N/A,N/A,83%,90%,85%,91%,94%,97%,89%,86%,92%,91%,84%,N/A,N/A,N/A,93%,91%,88%,59%,95%,71%,49%,61%,51%,48%,N/A,N/A,29%,46%,56%,93%,100%,94%,91%,N/A,N/A,100%,86%,92%,70%,78%,72%,69%,N/A,N/A,57%,70%,70%,94%,91%,94%,92%,90%,N/A,N/A,100%,98%,91%,89%,82%,75%,85%,82%,N/A,N/A,67%,90%,84%,96%,94%,94%,98%,92%,N/A,N/A,100%,98%,95%
10X141,Riverdale / Kingsbridge Academy (Middle School / High School 141),Excellent,Good,Good,www.rka141.org,Lori O Mara,"06,07,08,09,10,11,12,SE",680,Screened,Local Support and Improvement,660 West 237 Street,"Bronx, NY 10463",718-796-8516,4%,8%,64%,<1%,<1%,21%,6%,20%,56%,48%,52%,0%,76%,"Boys: Basketball,Baseball,Outdoor Track,Cross Country,Wrestling,Soccer; Girls: Soccer,Basketball,Cross Country,Softball,Volleyball,Outdoor Track; Co-Ed: Golf","Model UN Club, Science Olympiad, Debate, Key Club, Girls Inc., Museum Club, Social Justice Club, Black Student Union,Gender Sexuality Alliance (GSA), Outdoors Club, Sewing Club, Literary Magazine, Yearbook, Newspaper, Theatre and Advance Band","Ceramics, Core Music, Mixed Media, Painting, Studio Art, Filmmaking / Video",DYCD: COMPASS/SONYC,N/A (fewer than 5 teachers),13%,21%,0%,0%,58%,17.2,87%,41%,46%,55%,N/A,N/A,52%,55%,50%,92%,82%,58,68%,75%,148 (22%),259 (38%),6% (23),9% (33),56% (215),<1% (1),<1% (1),27% (105),Excellent,81%,N/A,N/A,98%,0%,2%,94%,N/A,N/A,94%,N/A,N/A,93%,99%,90%,77%,97%,76%,89%,88%,82%,88%,N/A,N/A,93%,86%,86%,62%,75%,76%,74%,75%,N/A,N/A,77%,70%,75%,78%,90%,85%,82%,76%,77%,76%,76%,N/A,N/A,76%,73%,81%,92%,75%,98%,65%,43%,32%,32%,42%,N/A,N/A,52%,39%,52%,89%,97%,84%,87%,N/A,N/A,91%,88%,87%,73%,70%,65%,74%,N/A,N/A,74%,75%,74%,90%,82%,83%,86%,80%,N/A,N/A,85%,75%,84%,86%,82%,87%,78%,85%,N/A,N/A,75%,82%,85%,91%,87%,83%,86%,86%,N/A,N/A,91%,92%,87%
10X213,Bronx Engineering and Technology Academy,Good,Good,Excellent,betahighschool.org,Mark House,"09,10,11,12,SE",304,"ASD/ACES Program, Ed. Opt.",Local Support and Improvement,99 Terrace View Avenue,"Bronx, NY 10463",718-563-6678,3%,28%,63%,<1%,<1%,5%,11%,34%,90%,16%,84%,0%,85%,"Boys: Football,Outdoor Track,Baseball,Soccer,Volleyball,Indoor Track,Cross Country,Basketball; Girls: Cross Country,Golf,Handball,Basketball,Volleyball,Outdoor Track,Tennis,Indoor Track,Soccer,Softball,Flag Football; Co-Ed: Golf,Stunt","Student Government, Gaming Club, Entrepreneurship Club, Robotics (NYC FIRST),Gender Sexuality Alliance (GSA)","Architecture, Visual Art",Career & Technical Education; NYC Solves; Project Pivot,N/A (fewer than 5 teachers),44%,19%,N/A (fewer than 5 teachers),N/A (fewer than 5 teachers),25%,4.4,81%,N/A,75%,78%,N/A,N/A,N/A,89%,70%,100%,97%,31,40%,57%,44 (14%),145 (48%),4% (6),29% (49),60% (101),0% (0),1% (2),6% (10),Good,95%,N/A,N/A,83%,0%,17%,91%,N/A,100%,87%,N/A,N/A,N/A,N/A,91%,83%,85%,83%,92%,N/A,83%,95%,N/A,N/A,N/A,82%,88%,79%,90%,N/A,92%,88%,N/A,N/A,N/A,92%,91%,96%,97%,97%,89%,88%,N/A,89%,86%,N/A,N/A,N/A,92%,89%,83%,43%,96%,79%,60%,N/A,63%,60%,N/A,N/A,N/A,58%,59%,95%,N/A,89%,97%,N/A,N/A,N/A,92%,97%,77%,N/A,85%,72%,N/A,N/A,N/A,83%,76%,97%,94%,100%,95%,94%,N/A,N/A,90%,95%,95%,90%,85%,100%,88%,82%,N/A,N/A,82%,81%,86%,98%,99%,100%,97%,99%,N/A,N/A,100%,100%,100%
10X225,Theatre Arts Production Company School,Fair,Fair,Good,www.tapconyc.org,Ron Link,"06,07,08,09,10,11,12,SE",387,Audition,Local Support and Improvement,2225 Webster Avenue,"Bronx, NY 10457",718-584-0832,<1%,26%,69%,<1%,<1%,1%,7%,26%,94%,71%,29%,<1%,81%,"Boys: Volleyball,Baseball; Girls: Softball,Volleyball; Co-Ed: N/A","Afterschool Dance, Anime/manga, Art Club, Art of Comics Club, Beyond Differences, Cooking- Food Explorers, Cheerleading Club, Crochet Club, Cultural Club- LGTQAI+ , Drumming Workshops, Esports- Minecraft, Esports- Super Smash Brothers, Farm to Table Club, Fashion, Film,Gender Sexuality Alliance (GSA), High School Play, Makeup and Beauty, Middle School Play, Middle School Social Club/Homework Help, Morning Fitness Club, Music Bands, Musical Theatre, Photography, Running Club, Self-care/yoga/meditation, Student Government, Technical Theatre Club, Television Studio Club, Theatre Lighting Design Club, Video Tech Squad, Writing Club.","Theater, Jazz Ensemble, Drawing, Computer Art / Digital Art, Modern Dance, Filmmaking / Video, Mixed Choir, Technical Theater, Dance Technical Production, Portfolio Development, and more",Career & Technical Education; Community School; DYCD: COMPASS/SONYC; NYC Solves,9%,18%,18%,0%,0%,48%,12.5,88%,N/A,54%,57%,N/A,N/A,60%,87%,65%,80%,58%,32,44%,53%,76 (20%),141 (36%),<1% (1),25% (44),69% (123),0% (0),<1% (1),<1% (1),Excellent,94%,N/A,N/A,97%,N/A,N/A,82%,N/A,74%,86%,N/A,N/A,N/A,78%,92%,90%,71%,74%,92%,N/A,88%,94%,N/A,N/A,80%,92%,94%,64%,81%,N/A,82%,79%,N/A,N/A,100%,88%,77%,81%,81%,89%,81%,68%,N/A,69%,67%,N/A,N/A,N/A,72%,73%,82%,43%,95%,68%,45%,N/A,48%,44%,N/A,N/A,40%,45%,45%,88%,N/A,85%,88%,N/A,N/A,100%,94%,92%,69%,N/A,65%,71%,N/A,N/A,80%,91%,74%,90%,86%,N/A,91%,83%,N/A,N/A,N/A,60%,89%,89%,90%,N/A,100%,87%,N/A,N/A,N/A,80%,92%,95%,92%,N/A,100%,90%,N/A,N/A,N/A,N/A,88%
10X228,Jonas Bronck Academy,,Excellent,Good,www.jonasbronckacademy.org,Brenda Gonzalez,"06,07,08,09,SE",74,Screened,Local Support and Improvement,400 East Fordham Road,"Bronx, NY 10458",718-365-2502,7%,19%,73%,0%,0%,1%,4%,18%,91%,51%,49%,0%,81%,Boys: N/A; Girls: N/A; Co-Ed: N/A,Gender Sexuality Alliance (GSA),"Dance, Classroom Music",DYCD: COMPASS/SONYC; Project Pivot; PROSE,17%,17%,31%,0%,0%,35%,12,59%,69%,75%,83%,N/A,N/A,100%,80%,73%,100%,93%,N/A,N/A,N/A,,,N/A,N/A,N/A,N/A,N/A,N/A,N/A,98%,N/A,N/A,100%,0%,0%,N/A,N/A,N/A,N/A,N/A,N/A,N/A,N/A,N/A,N/A,N/A,80%,89%,86%,76%,93%,N/A,N/A,83%,100%,83%,63%,83%,69%,75%,85%,N/A,N/A,88%,81%,85%,89%,97%,89%,83%,83%,N/A,77%,90%,N/A,N/A,N/A,N/A,90%,94%,79%,99%,70%,55%,44%,57%,54%,N/A,N/A,100%,47%,58%,87%,89%,79%,88%,N/A,N/A,100%,83%,83%,69%,38%,64%,73%,N/A,N/A,50%,62%,73%,94%,90%,92%,83%,91%,N/A,N/A,N/A,100%,94%,90%,83%,69%,71%,85%,N/A,N/A,N/A,75%,81%,96%,92%,100%,82%,93%,N/A,N/A,N/A,89%,97%
10X237,"The Marie Curie High School for Medicine, Nursing, and Health Professions",Fair,Fair,Needs Improvement,www.mchsbronx.org,Peta Gaye Williams,"09,10,11,12,SE",262,Ed. Opt.,Local Support and Improvement,120 West 231 Street,"Bronx, NY 10463",718-432-6491,2%,27%,66%,2%,0%,3%,14%,27%,93%,73%,27%,0%,71%,"Boys: Basketball; Girls: Flag Football,Softball,Basketball; Co-Ed: N/A","Cooking club, SGA, Green Justice","Studio Art, Visual Art, Graphic Design",Career Readiness and Modern Youth Apprenticeship; Future Ready NYC; NYC Solves; Pathways Advising; Project Pivot,0%,28%,N/A (fewer than 5 teachers),0%,0%,64%,6.1,88%,N/A,49%,58%,N/A,N/A,60%,68%,58%,61%,43%,28,30%,66%,81 (31%),123 (47%),2% (3),31% (51),61% (100),1% (2),0% (0),3% (5),Needs Improvement,94%,N/A,N/A,93%,N/A,N/A,82%,N/A,91%,74%,N/A,N/A,N/A,83%,79%,N/A,64%,72%,85%,N/A,86%,84%,N/A,N/A,80%,67%,84%,79%,88%,N/A,84%,89%,N/A,N/A,67%,80%,84%,69%,96%,95%,88%,86%,N/A,78%,90%,N/A,N/A,83%,89%,82%,83%,46%,95%,68%,37%,N/A,26%,40%,N/A,N/A,50%,41%,47%,88%,N/A,89%,89%,N/A,N/A,50%,93%,92%,64%,N/A,57%,68%,N/A,N/A,17%,57%,54%,54%,26%,N/A,26%,26%,N/A,N/A,N/A,14%,9%,51%,19%,N/A,24%,17%,N/A,N/A,N/A,0%,0%,26%,33%,N/A,33%,33%,N/A,N/A,N/A,11%,20%
10X243,West Bronx Academy for the Future,Fair,Fair,Good,www.westbronxacademy.org,Wilper Morales,"06,07,08,09,10,11,12,SE",362,Ed. Opt.,Additional Targeted Support and Improvement,500 East Fordham Road,"Bronx, NY 10458",718-563-7139,<1%,17%,81%,0%,0%,<1%,18%,27%,94%,54%,46%,0%,69%,"Boys: Outdoor Track,Basketball,Cross Country,Swimming,Volleyball,Baseball,Indoor Track; Girls: Volleyball,Cross Country,Basketball,Outdoor Track,Soccer,Softball,Indoor Track,Badminton,Flag Football; Co-Ed: N/A","Student Council, Girls United, Young Men with No Limits, Yearbook Club, Art Club, Music Club, TDF Wendy Wasserstein Theatre Scholarship, YDDC Dance Club, Young Men in the Workplace, Unity Club, Photography Club, Gemini Student Group, Catrock Outdoor Education program, TREC Campus Band, ACDP After School Enrichment Program, After school and Saturday Regents prep, AP for All, One Goal program, Genesys Works corporate internship, Capital One Bank internship, Lifeguard training, Partnership with Gear Up at Lehman College, College Now program, Annual upstate overnight college trip, Annual senior activities like overnight trip, prom, Senior Day, many trips, etc","Studio Art, Music Technology, Playwriting, Theater, Painting",DYCD: COMPASS/SONYC; NYC Solves,N/A (fewer than 5 teachers),25%,38%,0%,0%,32%,20.2,85%,N/A,48%,33%,N/A,N/A,20%,42%,45%,70%,50%,36,41%,71%,80 (22%),163 (45%),<1% (1),18% (39),80% (172),0% (0),0% (0),<1% (1),Good,90%,N/A,N/A,96%,0%,4%,87%,N/A,77%,89%,N/A,N/A,N/A,88%,84%,62%,86%,62%,84%,N/A,76%,85%,N/A,N/A,100%,83%,83%,50%,61%,N/A,74%,58%,N/A,N/A,60%,63%,64%,73%,72%,77%,80%,73%,N/A,68%,74%,N/A,N/A,N/A,80%,81%,91%,74%,95%,59%,34%,N/A,34%,33%,N/A,N/A,40%,47%,42%,81%,N/A,78%,82%,N/A,N/A,80%,79%,86%,60%,N/A,50%,61%,N/A,N/A,100%,64%,68%,87%,88%,N/A,95%,86%,N/A,N/A,N/A,88%,93%,84%,82%,N/A,76%,83%,N/A,N/A,N/A,88%,88%,93%,90%,N/A,100%,88%,N/A,N/A,N/A,81%,94%
10X264,Bronx Academy for Software Engineering (BASE),Good,Good,Excellent,bronxsoftware.org,Benjamin Grossman,"09,10,11,12,SE",367,Ed. Opt.,Local Support and Improvement,2474 Crotona Avenue,"Bronx, NY 10458",718-733-6024,4%,24%,67%,1%,<1%,2%,7%,30%,92%,15%,84%,<1%,78%,"Boys: Basketball,Baseball; Girls: Volleyball,Softball; Co-Ed: N/A","Anime, Competitive Gaming,Gender Sexuality Alliance (GSA), Robotics, Chess, Student Leadership, Economic Democracy, Book Club, Fitness Club, MTG","Studio Art, Portfolio Development",Career & Technical Education; NYC Solves; PROSE,N/A (fewer than 5 teachers),17%,34%,0%,0%,39%,11.2,63%,50%,58%,63%,N/A,N/A,67%,87%,70%,44%,38%,43,41%,68%,78 (21%),118 (32%),5% (7),23% (35),66% (99),1% (2),1% (2),2% (3),Excellent,92%,8%,0%,93%,0%,7%,88%,N/A,89%,88%,N/A,N/A,N/A,88%,88%,86%,89%,82%,94%,88%,95%,94%,N/A,N/A,100%,94%,87%,70%,81%,50%,82%,82%,N/A,N/A,100%,73%,82%,88%,81%,84%,86%,83%,100%,85%,83%,N/A,N/A,67%,81%,76%,79%,39%,95%,77%,65%,62%,70%,64%,N/A,N/A,33%,76%,66%,96%,100%,95%,95%,N/A,N/A,100%,94%,93%,75%,100%,78%,72%,N/A,N/A,80%,71%,73%,94%,94%,N/A,90%,94%,N/A,N/A,N/A,100%,94%,93%,95%,N/A,90%,96%,N/A,N/A,N/A,100%,97%,98%,97%,N/A,95%,99%,N/A,N/A,N/A,100%,100%
10X268,Kingsbridge International High School,Needs Improvement,Fair,Good,www.schools.nyc.gov/schools/X268,Elisia Downing,"09,10,11,12",224,Language Criteria,Comprehensive Support and Improvement,2780 Reservoir Avenue,"Bronx, NY 10468",718-329-8580,2%,4%,92%,0%,0%,2%,89%,2%,>95%,48%,52%,0%,70%,"Boys: Soccer,Volleyball,Baseball,Basketball,Bowling,Handball,Outdoor Track; Girls: Volleyball,Outdoor Track,Table Tennis,Bowling,Swimming,Softball,Basketball; Co-Ed: N/A","Girls Inc., Gaming Club, Art Club, PSAL Baseball, PSAL Soccer, PSAL Baseball, PSAL Softball, National Honor Society, Student Government, and Campus Council.","Drawing, Three-Dimensional Art, Ceramics, Visual Art",NYC Solves; New Arrivals,N/A (fewer than 5 teachers),N/A (fewer than 5 teachers),55%,0%,0%,25%,2.1,85%,N/A,80%,72%,N/A,N/A,N/A,73%,N/A,85%,63%,25,14%,32%,17 (8%),58 (26%),3% (2),6% (4),90% (65),0% (0),0% (0),1% (1),N/A,N/A,N/A,0%,100%,0%,0%,55%,N/A,N/A,54%,N/A,N/A,N/A,63%,45%,55%,N/A,72%,79%,N/A,N/A,78%,N/A,N/A,N/A,80%,N/A,60%,74%,N/A,80%,73%,N/A,N/A,N/A,73%,N/A,82%,89%,90%,75%,77%,N/A,60%,77%,N/A,N/A,N/A,75%,N/A,87%,57%,94%,66%,44%,N/A,67%,42%,N/A,N/A,N/A,43%,N/A,88%,N/A,83%,88%,N/A,N/A,N/A,87%,N/A,68%,N/A,83%,69%,N/A,N/A,N/A,67%,N/A,93%,94%,N/A,100%,94%,N/A,N/A,N/A,96%,N/A,83%,86%,N/A,57%,87%,N/A,N/A,N/A,87%,N/A,97%,97%,N/A,100%,96%,N/A,N/A,N/A,97%,N/A
10X284,Bronx School of Law and Finance,Good,Good,Excellent,www.schools.nyc.gov/schools/X284,Jessica Goring,"09,10,11,12,SE",334,Ed. Opt.,Local Support and Improvement,99 Terrace View Avenue,"Bronx, NY 10463",718-561-0113,1%,21%,73%,0%,<1%,3%,13%,19%,93%,52%,47%,<1%,87%,"Boys: Indoor Track,Volleyball,Football,Soccer,Basketball,Baseball,Cross Country,Outdoor Track; Girls: Basketball,Tennis,Golf,Softball,Indoor Track,Handball,Volleyball,Soccer,Cross Country,Outdoor Track,Flag Football; Co-Ed: Stunt,Golf","Moot Court, Mock Trial, Explorers Club, Gaming Club, Edible Art, Chess Club, Bracelet Making Club, Crochet Club, Homework Help, BIWOCA, Movie Club, Dance Club","Studio Art, Visual Art, Digital Photography, Mixed Media, Three-Dimensional Art",Career & Technical Education; Future Ready NYC; NYC Solves; Project Pivot,N/A (fewer than 5 teachers),N/A (fewer than 5 teachers),33%,0%,0%,41%,12.2,89%,N/A,67%,65%,N/A,N/A,N/A,77%,60%,100%,81%,30,46%,67%,42 (13%),128 (38%),4% (5),21% (30),71% (101),0% (0),0% (0),4% (5),Needs Improvement,85%,15%,0%,88%,0%,13%,84%,N/A,N/A,84%,N/A,N/A,N/A,86%,82%,64%,60%,81%,90%,N/A,88%,90%,N/A,N/A,100%,100%,79%,76%,83%,N/A,85%,81%,N/A,N/A,80%,87%,88%,94%,95%,100%,88%,85%,N/A,88%,83%,N/A,N/A,83%,87%,88%,83%,54%,95%,74%,42%,N/A,44%,42%,N/A,N/A,50%,27%,56%,91%,N/A,94%,90%,N/A,N/A,83%,87%,88%,77%,N/A,79%,76%,N/A,N/A,83%,71%,91%,97%,94%,N/A,94%,95%,N/A,N/A,86%,100%,94%,92%,92%,N/A,97%,92%,N/A,N/A,86%,100%,97%,99%,97%,N/A,100%,96%,N/A,N/A,100%,100%,97%
10X342,International School for Liberal Arts,Good,Excellent,Good,islaschool.com,Gicel Adon,"06,07,08,09,10,11,12,SE",342,Language Criteria,Comprehensive Support and Improvement,2780 Reservoir Avenue,"Bronx, NY 10468",718-329-8570,0%,0%,100%,0%,0%,0%,70%,9%,>95%,48%,52%,0%,92%,"Boys: Volleyball,Handball,Baseball,Outdoor Track,Basketball,Soccer,Bowling; Girls: Bowling,Swimming,Softball,Basketball,Volleyball,Table Tennis,Outdoor Track; Co-Ed: N/A",Gender Sexuality Alliance (GSA),"Studio Art, Theater / Play Production, Visual Art",Community School; Dual Language or TBE; DYCD: COMPASS/SONYC; NYC Solves; New Arrivals,N/A (fewer than 5 teachers),N/A (fewer than 5 teachers),65%,0%,0%,17%,4.6,72%,N/A,N/A,70%,N/A,N/A,N/A,69%,62%,72%,61%,41,50%,34%,73 (21%),156 (46%),0% (0),0% (0),100% (190),0% (0),0% (0),0% (0),Needs Improvement,81%,N/A,N/A,92%,N/A,N/A,92%,N/A,N/A,92%,N/A,N/A,N/A,93%,91%,91%,70%,80%,91%,N/A,N/A,91%,N/A,N/A,N/A,89%,77%,71%,83%,N/A,N/A,83%,N/A,N/A,N/A,85%,89%,91%,91%,96%,90%,92%,N/A,N/A,92%,N/A,N/A,N/A,90%,91%,89%,59%,94%,74%,55%,N/A,N/A,55%,N/A,N/A,N/A,55%,68%,91%,N/A,N/A,91%,N/A,N/A,N/A,89%,87%,81%,N/A,N/A,81%,N/A,N/A,N/A,81%,89%,96%,94%,N/A,N/A,94%,N/A,N/A,N/A,94%,92%,88%,86%,N/A,N/A,86%,N/A,N/A,N/A,88%,93%,95%,93%,N/A,N/A,93%,N/A,N/A,N/A,92%,93%
10X351,Bronx Collaborative High School,Fair,,,www.bxchs.org,Brett Schneider,"09,10,11,12,SE",423,Open,Local Support and Improvement,100 West Mosholu Parkway South,"Bronx, NY 10468",718-543-1023,2%,14%,72%,1%,<1%,2%,24%,28%,>95%,45%,55%,0%,61%,"Boys: Cross Country,Football,Basketball,Indoor Track,Swimming,Outdoor Track,Volleyball,Wrestling,Tennis,Soccer,Baseball; Girls: Bowling,Indoor Track,Softball,Handball,Swimming,Volleyball,Flag Football,Cross Country,Basketball,Outdoor Track,Soccer,Gymnastics; Co-Ed: N/A",Gender Sexuality Alliance (GSA),"Music Theory / Musicianship, Musical Theater, Theater Survey, Visual Art, Dramatic Literature, Percussion, Graphic Design, Piano Keyboard, Improvisation, Art History",Consortium; Dual Language or TBE; Future Ready NYC; Project Pivot; PROSE,N/A (fewer than 5 teachers),16%,24%,0%,0%,55%,11.2,84%,N/A,73%,61%,N/A,N/A,N/A,79%,61%,83%,72%,21,13%,46%,240 (57%),252 (60%),2% (6),12% (34),72% (202),<1% (2),<1% (1),1% (3),Excellent,77%,13%,10%,89%,N/A,N/A,86%,N/A,80%,87%,N/A,N/A,N/A,94%,81%,73%,83%,N/A,83%,N/A,93%,79%,N/A,N/A,N/A,75%,81%,N/A,79%,N/A,92%,81%,N/A,N/A,N/A,90%,59%,N/A,67%,67%,N/A,78%,N/A,82%,74%,N/A,N/A,N/A,83%,68%,75%,22%,94%,N/A,38%,N/A,44%,36%,N/A,N/A,N/A,39%,33%,95%,N/A,100%,94%,N/A,N/A,N/A,89%,91%,57%,N/A,44%,60%,N/A,N/A,N/A,74%,45%,N/A,75%,N/A,N/A,67%,N/A,N/A,N/A,N/A,N/A,N/A,86%,N/A,N/A,80%,N/A,N/A,N/A,N/A,N/A,N/A,100%,N/A,N/A,100%,N/A,N/A,N/A,N/A,N/A
10X353,World View High School,Excellent,Good,Good,worldviewhs.org,Martin Hernandez,"09,10,11,12,SE",633,"Ed. Opt., Language Criteria",Local Support and Improvement,100 West Mosholu Parkway South,"Bronx, NY 10468",718-601-0391,4%,15%,74%,<1%,<1%,2%,25%,17%,91%,45%,55%,0%,82%,"Boys: Cross Country,Swimming,Tennis,Basketball,Football,Indoor Track,Volleyball,Outdoor Track,Soccer,Baseball,Wrestling; Girls: Handball,Indoor Track,Soccer,Gymnastics,Bowling,Volleyball,Softball,Flag Football,Swimming,Outdoor Track,Basketball,Cross Country; Co-Ed: N/A","German, Japanese, Spanish, Debate, Business, Intro to Computer Science, Health, Anatomy, Criminal Justice, Forensic Science, Nutrition, Fitness/Weightlifting, Psychology, Journalism, Creative Writing, Current Events, Graphic Design, Film Studies, History through Film, Art History, Personal Finance, etc. Green Team, El Club de Lectura, Wellness Club, Bring Change to Mind, Origami Club, Travel Club, Multicultural Club, Board Games Club, Crochet Club, Student Government, Debate Team, Literary Arts Magazine, Poetry Club, Video Game Club, etc.","Studio Art, Computer Art / Digital Art",Dual Language or TBE; NYC Solves; Project Pivot; PROSE,N/A (fewer than 5 teachers),N/A (fewer than 5 teachers),38%,0%,0%,49%,10.5,51%,75%,62%,81%,N/A,N/A,88%,84%,81%,87%,76%,48,66%,67%,194 (31%),433 (68%),4% (21),17% (79),72% (340),<1% (1),<1% (4),2% (8),Good,92%,N/A,N/A,91%,0%,9%,92%,N/A,96%,91%,N/A,N/A,N/A,92%,93%,85%,85%,79%,93%,100%,89%,93%,N/A,N/A,88%,88%,93%,75%,89%,91%,87%,89%,N/A,N/A,89%,85%,87%,84%,87%,93%,88%,84%,82%,90%,84%,N/A,N/A,67%,85%,82%,88%,58%,97%,74%,54%,73%,51%,53%,N/A,N/A,78%,58%,59%,93%,100%,94%,92%,N/A,N/A,78%,87%,96%,74%,86%,68%,75%,N/A,N/A,78%,73%,79%,93%,91%,88%,96%,91%,N/A,N/A,N/A,97%,89%,89%,87%,50%,79%,89%,N/A,N/A,N/A,98%,85%,94%,90%,88%,100%,90%,N/A,N/A,N/A,97%,93%
10X368,In-Tech Academy (M.S. / High School 368),Good,Good,Good,www.in-techacademy.org,David Weissberg,"06,07,08,09,10,11,12,SE",537,Screened With Assessment,Local Support and Improvement,2975 Tibbett Avenue,"Bronx, NY 10463",718-432-4300,1%,7%,88%,<1%,<1%,3%,13%,22%,88%,43%,57%,0%,83%,"Boys: Middle Schools Basketball,Baseball,Outdoor Track,Basketball,Soccer; Girls: Outdoor Track,Volleyball,Basketball,Softball; Co-Ed: N/A","After school and Saturday Academy College Advisory SAT Test Prep Clubs: National Honor Society, Debate, Media, Student Government, Chess, Mouse Squad, E-Sports, GEAR-UP, Leadership, Youth Court Middle School CBO: Riverdale Neighborhood House PSAL SPORTS - GIRLS Basketball, Outdoor Track, Softball, Volleyball PSAL SPORTS - BOYS Baseball, Basketball, Soccer,Gender Sexuality Alliance (GSA)","Mixed Media, Concert Band, Guitar, Art History, Fashion and Textile Design",Career & Technical Education; CS for All; Dual Language or TBE; DYCD: COMPASS/SONYC; Future Ready NYC,N/A (fewer than 5 teachers),23%,34%,0%,0%,33%,3,90%,79%,61%,57%,100%,N/A,62%,67%,64%,93%,80%,44,62%,69%,91 (17%),111 (21%),3% (6),8% (13),85% (147),<1% (1),0% (0),3% (6),Excellent,80%,N/A,N/A,97%,0%,3%,90%,N/A,N/A,90%,N/A,N/A,N/A,97%,85%,77%,72%,77%,90%,71%,89%,90%,83%,N/A,96%,86%,90%,69%,81%,86%,79%,82%,86%,N/A,81%,76%,83%,80%,84%,85%,88%,84%,88%,86%,83%,N/A,N/A,89%,78%,84%,89%,66%,96%,68%,48%,60%,44%,48%,57%,N/A,54%,61%,63%,89%,93%,84%,89%,71%,N/A,89%,92%,87%,78%,80%,65%,79%,71%,N/A,73%,80%,79%,90%,83%,N/A,44%,85%,N/A,N/A,N/A,100%,81%,82%,74%,N/A,70%,72%,N/A,N/A,100%,81%,82%,93%,90%,N/A,67%,92%,N/A,N/A,N/A,100%,85%
10X374,Knowledge and Power Preparatory Academy International High School (Kappa),Excellent,Good,Good,www.kappainternational.org,Katheryn Fierman,"09,10,11,12,SE",408,Ed. Opt.,Local Support and Improvement,500 East Fordham Road,"Bronx, NY 10458",718-933-1247,3%,25%,66%,<1%,<1%,4%,13%,24%,94%,57%,43%,0%,88%,"Boys: Volleyball,Indoor Track,Baseball,Cross Country,Basketball,Swimming,Outdoor Track; Girls: Softball,Volleyball,Basketball,Soccer,Outdoor Track,Flag Football,Badminton,Cross Country,Indoor Track; Co-Ed: N/A","KAPPA Student Government Organization (SGO), Mentoring in Medicine, KAPPA Dance Team,Gender Sexuality Alliance (GSA), KAPPA Art Club, Drama Club, KAPPA Peer Mentoring, Junior Reserve Officers' Training Corps (JROTC), RockEDU at Rockefeller University, Bronx Institute GEAR UP, After School Program at the American Museum of Natural History, Fordham University Instep Program, Center for Urban Pedagogy Program, Woodland Ecology Research Mentorship, College Now at Bronx Community College, Bronx Community College STEP Program, NYC Ladders for Leaders, Madison Square Boys and Girls Club, GENESYS Works, SALTZ and SRMP Internship at the American Museum of Natural History, NYC Botanical Garden, Architect, Construction, Engineering Internship (ACE), Wildlife Conservation Society at the Bronx Zoo Internship, Simpson Thacher & Bartlett LLP Internship, Lifeguard Training, LAZAR Summer Academy, COOP Tech, Enrichment Opportunities (SAT Regents Prep, College Trips, Library Internship), Capital One Internship, CIEE Global Trips","Studio Art, Theater / Play Production, Visual Art",NYC Solves; PROSE,N/A (fewer than 5 teachers),N/A (fewer than 5 teachers),30%,N/A (fewer than 5 teachers),0%,42%,3,52%,45%,55%,66%,N/A,N/A,55%,62%,58%,72%,66%,49,52%,76%,26 (6%),207 (51%),4% (11),25% (62),68% (168),0% (0),0% (0),2% (6),Excellent,54%,N/A,N/A,81%,0%,19%,96%,N/A,95%,98%,N/A,N/A,N/A,98%,95%,95%,86%,81%,93%,82%,97%,92%,N/A,N/A,83%,90%,95%,75%,87%,83%,88%,87%,N/A,N/A,83%,89%,89%,89%,86%,100%,91%,87%,83%,90%,88%,N/A,N/A,54%,85%,90%,85%,50%,95%,77%,59%,33%,64%,59%,N/A,N/A,54%,51%,65%,91%,92%,95%,91%,N/A,N/A,77%,87%,93%,80%,58%,82%,81%,N/A,N/A,73%,83%,85%,93%,86%,89%,86%,87%,N/A,N/A,73%,83%,88%,83%,80%,80%,80%,79%,N/A,N/A,83%,76%,81%,92%,90%,80%,90%,91%,N/A,N/A,92%,95%,94%
10X433,High School for Teaching and the Professions,Good,Excellent,Excellent,www.teachingandprofessionshs.org/,Roberto Hernandez,"09,10,11,12,SE",361,"ASD/ACES Program, Ed. Opt.",Local Support and Improvement,2780 Reservoir Avenue,"Bronx, NY 10468",718-329-7380,2%,15%,80%,<1%,<1%,1%,24%,29%,94%,51%,49%,0%,86%,"Boys: Outdoor Track,Baseball,Basketball,Volleyball,Bowling,Handball,Soccer; Girls: Swimming,Outdoor Track,Bowling,Softball,Table Tennis,Volleyball,Basketball; Co-Ed: N/A",Peer Group Connection Student Council Girl Talk My Brother's Keeper Gender Sexuality Alliance (GSA) Swim Club Video Game Club Science Club Yearbook Club Book Club Chess Club Dance Club Anime Club Fitness Club Newsletter Club T&P Fun Fridays,"Painting, Filmmaking / Video",Community School; Dual Language or TBE; Future Ready NYC; NYC Solves; PROSE,N/A (fewer than 5 teachers),N/A (fewer than 5 teachers),53%,0%,0%,31%,6.4,89%,N/A,82%,70%,N/A,N/A,N/A,79%,71%,93%,90%,33,28%,68%,70 (19%),72 (20%),2% (2),13% (16),84% (107),<1% (1),<1% (1),<1% (1),Excellent,99%,N/A,N/A,95%,N/A,N/A,92%,N/A,N/A,92%,N/A,N/A,N/A,98%,87%,92%,83%,86%,89%,N/A,83%,91%,N/A,N/A,N/A,87%,88%,77%,85%,N/A,88%,84%,N/A,N/A,N/A,92%,80%,95%,100%,97%,93%,87%,N/A,93%,86%,N/A,N/A,N/A,88%,88%,90%,69%,95%,80%,68%,N/A,72%,67%,N/A,N/A,N/A,65%,69%,90%,N/A,97%,89%,N/A,N/A,N/A,92%,90%,77%,N/A,86%,76%,N/A,N/A,N/A,88%,83%,98%,98%,N/A,100%,98%,N/A,N/A,N/A,98%,96%,89%,89%,N/A,91%,90%,N/A,N/A,N/A,85%,94%,98%,98%,N/A,96%,99%,N/A,N/A,N/A,98%,98%
10X434,Belmont Preparatory High School,Good,Excellent,Needs Improvement,www.belmontprephs.org,Stephen Gumbs,"09,10,11,12,SE",369,Screened,Local Support and Improvement,500 East Fordham Road,"Bronx, NY 10458",718-733-4559,1%,21%,74%,1%,0%,2%,14%,25%,92%,52%,48%,0%,79%,"Boys: Outdoor Track,Indoor Track,Cross Country,Basketball,Volleyball,Baseball,Swimming; Girls: Basketball,Badminton,Volleyball,Indoor Track,Soccer,Outdoor Track,Flag Football,Cross Country,Softball; Co-Ed: N/A","Cheerleading, Step Program","Mixed Media, Filmmaking / Video, Computer Art / Digital Art",Career Readiness and Modern Youth Apprenticeship; NYC Solves,N/A (fewer than 5 teachers),N/A (fewer than 5 teachers),29%,0%,0%,46%,17.2,88%,N/A,45%,54%,N/A,N/A,33%,57%,44%,91%,73%,51,49%,79%,39 (11%),178 (48%),1% (2),22% (42),71% (134),2% (4),0% (0),4% (7),Excellent,66%,34%,0%,94%,N/A,N/A,99%,N/A,96%,100%,N/A,N/A,N/A,100%,98%,N/A,95%,79%,92%,N/A,91%,93%,N/A,N/A,100%,87%,94%,74%,81%,N/A,83%,80%,N/A,N/A,100%,79%,79%,90%,95%,95%,89%,84%,N/A,86%,85%,N/A,N/A,100%,91%,87%,88%,65%,96%,73%,54%,N/A,51%,57%,N/A,N/A,33%,62%,64%,91%,N/A,93%,90%,N/A,N/A,100%,88%,89%,71%,N/A,67%,73%,N/A,N/A,67%,72%,60%,87%,70%,N/A,76%,69%,N/A,N/A,N/A,88%,77%,64%,62%,N/A,76%,57%,N/A,N/A,N/A,88%,77%,85%,78%,N/A,91%,73%,N/A,N/A,N/A,81%,80%
10X437,Fordham High School for the Arts,Excellent,Excellent,Good,www.fordhamhighschoolforthearts.org,Michael Johnson,"09,10,11,12,SE",349,Audition,Local Support and Improvement,500 East Fordham Road,"Bronx, NY 10458",718-733-4656,3%,30%,62%,1%,<1%,3%,2%,18%,78%,74%,26%,0%,94%,"Boys: Basketball,Baseball,Volleyball,Cross Country,Outdoor Track,Swimming,Indoor Track; Girls: Flag Football,Cross Country,Outdoor Track,Badminton,Soccer,Basketball,Softball,Volleyball,Indoor Track; Co-Ed: N/A","Building Brothers (MBK), Soaring Sisters (MSK),Gender Sexuality Alliance (GSA), RUOK, Gaming Club, Computer Science Club (Project Invent), KPop Club, Dance Team, Debate Team, SAT and ACT Exam Preparation, Student Council, and the National Honor Society","Art History, Theater History, Acting, Ballet, Voice and Diction, Studio Art, Music Theory / Musicianship, Theater / Play Production, Career Development / Industry Prep, Theater Survey, and more",Career & Technical Education; Career Readiness and Modern Youth Apprenticeship; CS for All; Future Ready NYC; NYC Solves,0%,21%,N/A (fewer than 5 teachers),0%,0%,62%,4,48%,75%,44%,55%,N/A,N/A,67%,100%,54%,88%,61%,72,96%,90%,248 (71%),171 (49%),3% (10),30% (86),63% (182),1% (3),<1% (1),3% (8),Excellent,100%,0%,0%,100%,0%,0%,99%,N/A,100%,98%,N/A,N/A,N/A,100%,97%,N/A,95%,87%,99%,100%,100%,98%,N/A,N/A,100%,100%,98%,82%,91%,100%,93%,89%,N/A,N/A,100%,100%,98%,89%,100%,100%,94%,92%,100%,94%,90%,N/A,N/A,100%,100%,88%,92%,77%,98%,80%,68%,90%,68%,68%,N/A,N/A,67%,100%,76%,95%,100%,97%,94%,N/A,N/A,89%,100%,93%,81%,90%,83%,80%,N/A,N/A,56%,100%,82%,92%,90%,80%,92%,89%,N/A,N/A,88%,N/A,88%,81%,76%,50%,74%,78%,N/A,N/A,75%,N/A,89%,93%,90%,80%,94%,88%,N/A,N/A,100%,N/A,89%
10X438,Fordham Leadership Academy,Good,Good,Excellent,www.fordhamleadership.com,Fiorella Cabrejos,"09,10,11,SE",380,Ed. Opt.,Local Support and Improvement,500 East Fordham Road,"Bronx, NY 10458",718-733-5024,1%,22%,73%,2%,0%,2%,9%,21%,92%,52%,48%,0%,88%,"Boys: Volleyball,Cross Country,Outdoor Track,Indoor Track,Baseball,Basketball,Swimming; Girls: Cross Country,Soccer,Outdoor Track,Softball,Volleyball,Badminton,Basketball,Indoor Track,Flag Football; Co-Ed: N/A","Peer Group Connection, The Leadership Program, Student Leadership Network, College Bridge Cafe, Student Council, Community Service,Gender Sexuality Alliance (GSA)","Studio Art, Painting",Career Readiness and Modern Youth Apprenticeship; Community School; CS for All; Future Ready NYC; NYC Solves,N/A (fewer than 5 teachers),N/A (fewer than 5 teachers),50%,0%,0%,38%,9.2,38%,N/A,55%,65%,83%,N/A,N/A,71%,54%,82%,45%,43,44%,61%,195 (51%),249 (66%),1% (3),23% (66),71% (203),2% (5),0% (0),2% (7),Excellent,95%,N/A,N/A,96%,N/A,N/A,99%,N/A,95%,100%,N/A,N/A,N/A,100%,98%,100%,94%,68%,95%,N/A,90%,98%,83%,N/A,80%,82%,90%,80%,87%,N/A,91%,86%,83%,N/A,N/A,100%,79%,74%,82%,73%,84%,87%,N/A,87%,87%,100%,N/A,100%,100%,88%,91%,67%,96%,76%,56%,N/A,58%,54%,50%,N/A,60%,89%,52%,94%,N/A,95%,93%,83%,N/A,100%,94%,88%,78%,N/A,82%,78%,83%,N/A,80%,100%,76%,93%,94%,N/A,96%,94%,N/A,N/A,100%,96%,100%,93%,92%,N/A,85%,93%,N/A,N/A,100%,97%,90%,98%,96%,N/A,98%,96%,N/A,N/A,100%,97%,98%
10X439,Bronx High School for Law and Community Service,Good,Good,Excellent,www.bronxlawhs.org,Michael Barakat,"09,10,11,12,SE",383,Ed. Opt.,Local Support and Improvement,500 East Fordham Road,"Bronx, NY 10458",718-733-5274,3%,22%,70%,2%,<1%,3%,12%,28%,92%,56%,44%,0%,88%,"Boys: Swimming,Indoor Track,Outdoor Track,Baseball,Basketball,Volleyball,Cross Country; Girls: Soccer,Indoor Track,Outdoor Track,Softball,Cross Country,Flag Football,Volleyball,Badminton,Basketball; Co-Ed: N/A","Art Club, Athena Club/ Women of Strength, Badminton Club, Book Club, Dance Club, Empowerment for Women, Film Club, JROTC, Journalism Club, Men of Strength, Moot Court/ Mock Trial, Track Club/Team, Volleyball Club","Painting, Filmmaking / Video, Concert Band",Career & Technical Education; Career Readiness and Modern Youth Apprenticeship; NYC Solves; PROSE; Respect for All,N/A (fewer than 5 teachers),21%,18%,0%,0%,47%,14,91%,70%,63%,69%,80%,N/A,33%,77%,67%,97%,96%,38,31%,67%,100 (26%),97 (25%),3% (5),28% (45),64% (103),1% (2),<1% (1),4% (6),Excellent,93%,7%,0%,96%,N/A,N/A,94%,N/A,100%,90%,N/A,N/A,N/A,93%,95%,85%,85%,83%,96%,100%,95%,97%,100%,N/A,83%,93%,95%,82%,92%,90%,95%,92%,100%,N/A,91%,93%,92%,92%,100%,97%,91%,87%,90%,92%,85%,100%,N/A,83%,81%,89%,88%,54%,95%,76%,44%,50%,43%,44%,60%,N/A,42%,42%,40%,97%,100%,97%,97%,100%,N/A,83%,97%,99%,81%,80%,74%,83%,80%,N/A,83%,81%,76%,95%,92%,N/A,83%,93%,N/A,N/A,N/A,89%,100%,88%,91%,N/A,91%,97%,N/A,N/A,N/A,100%,96%,98%,95%,N/A,83%,97%,N/A,N/A,N/A,100%,96%
10X440,DeWitt Clinton High School,Good,Good,Excellent,DeWittClintonHS.com,Pierre Orbe,"09,10,11,12,SE",1140,"D75 Special Education Inclusive Services, Ed. Opt., Language Criteria, Screened",Local Support and Improvement,100 West Mosholu Parkway South,"Bronx, NY 10468",718-543-1000,8%,26%,59%,2%,1%,3%,9%,22%,89%,47%,53%,0%,94%,"Boys: Indoor Track,Baseball,Swimming,Cross Country,Wrestling,Tennis,Volleyball,Basketball,Soccer,Football,Outdoor Track; Girls: Handball,Indoor Track,Swimming,Softball,Volleyball,Basketball,Outdoor Track,Gymnastics,Flag Football,Soccer,Cross Country,Bowling; Co-Ed: N/A","Paid Internships with Industry Partners after school,Gender Sexuality Alliance (GSA)","Visual Art, Classroom Music, Printmaking, Guitar, Choreography / Dance Composition",Career Readiness and Modern Youth Apprenticeship; Community School; CS for All; Future Ready NYC; NYC Solves; Project Pivot,N/A (fewer than 5 teachers),20%,30%,N/A (fewer than 5 teachers),0%,39%,7.6,58%,75%,69%,64%,82%,70%,93%,74%,55%,84%,73%,60,91%,65%,486 (43%),488 (43%),9% (79),26% (244),56% (519),2% (23),2% (15),3% (27),Good,92%,8%,0%,92%,N/A,N/A,94%,100%,91%,94%,N/A,N/A,N/A,95%,93%,97%,82%,72%,95%,96%,95%,96%,94%,82%,93%,92%,93%,68%,81%,76%,84%,81%,100%,55%,83%,75%,78%,77%,94%,70%,86%,80%,86%,81%,78%,88%,73%,86%,85%,82%,91%,72%,97%,71%,49%,53%,51%,48%,50%,20%,71%,51%,53%,94%,98%,94%,93%,100%,91%,100%,92%,94%,79%,77%,79%,78%,88%,73%,79%,72%,72%,92%,95%,92%,95%,96%,88%,100%,100%,97%,97%,91%,90%,76%,91%,92%,75%,83%,88%,93%,92%,98%,96%,100%,97%,96%,88%,100%,100%,100%,97%
10X442,"Celia Cruz Bronx High School of Music, The",Excellent,Good,Good,cchighschoolofmusic.org,Vern Ram,"09,10,11,12,SE",411,Audition,Local Support and Improvement,2780 Reservoir Avenue,"Bronx, NY 10468",718-329-8550,2%,29%,65%,<1%,0%,1%,4%,19%,83%,62%,38%,0%,89%,"Boys: Bowling,Handball,Basketball,Outdoor Track,Baseball,Soccer,Volleyball; Girls: Basketball,Table Tennis,Swimming,Volleyball,Outdoor Track,Softball,Bowling; Co-Ed: N/A",Restorative Justice League Culinary Arts Cosmetology My Sister's Keeper My Brother's Keeper GSA (Gender Sexuality Alliance) Real Estate & Marketing Gospel Choir Celia Cruz Steppers Game Design Club Robotics National Honors Society (NHS) Student Council Restorative Justice Youth Council Mastering AI Club Chess Club Science Research Club,"Piano Keyboard, Music Theory / Musicianship, Mixed Choir, Concert Band, Symphonic Orchestra, Opera, String Orchestra, Musical Theater, Jazz Ensemble, Classroom Music, and more",Future Ready NYC; NYC Solves,N/A (fewer than 5 teachers),24%,36%,N/A (fewer than 5 teachers),N/A (fewer than 5 teachers),36%,0.6,91%,20%,57%,51%,N/A,N/A,N/A,78%,71%,67%,55%,61,90%,89%,145 (35%),179 (44%),3% (8),30% (89),64% (188),<1% (2),0% (0),2% (5),Fair,100%,0%,0%,93%,N/A,N/A,98%,N/A,97%,98%,N/A,N/A,N/A,98%,98%,N/A,95%,81%,95%,80%,96%,96%,N/A,N/A,60%,89%,96%,77%,88%,100%,90%,86%,N/A,N/A,100%,100%,82%,77%,78%,69%,88%,80%,40%,82%,81%,N/A,N/A,80%,78%,74%,95%,88%,95%,74%,52%,20%,48%,55%,N/A,N/A,60%,78%,59%,94%,100%,96%,93%,N/A,N/A,100%,100%,96%,84%,80%,82%,85%,N/A,N/A,80%,78%,84%,93%,89%,N/A,93%,87%,N/A,N/A,N/A,N/A,88%,85%,80%,N/A,85%,79%,N/A,N/A,N/A,N/A,85%,93%,89%,N/A,100%,85%,N/A,N/A,N/A,N/A,96%
10X445,The Bronx High School of Science,Excellent,Excellent,Good,bxscience.edu,Marian Hoyle,"09,10,11,12",2979,Test,Local Support and Improvement,75 West 205 Street,"Bronx, NY 10468",718-817-7700,61%,5%,9%,<1%,<1%,20%,<1%,2%,46%,46%,54%,<1%,95%,"Boys: Volleyball,Soccer,Table Tennis,Indoor Track,Cross Country,Baseball,Swimming,Fencing,Outdoor Track,Bowling,Lacrosse,Handball,Basketball,Wrestling,Badminton,Tennis; Girls: Tennis,Cross Country,Golf,Table Tennis,Basketball,Flag Football,Volleyball,Swimming,Badminton,Lacrosse,Softball,Fencing,Outdoor Track,Wrestling,Bowling,Handball,Gymnastics,Indoor Track,Soccer; Co-Ed: Golf,Cricket","Student Diversity Committee,Gender Sexuality Alliance (GSA), Sexual Assault Prevention Board, Drama (Play/Musical), Mock Trial, Model UN, Robotics (Sciborgs/FeMaidens), S!NG, Speech and Debate, Business Society, DECA, Entrepreneurship Club, Get Your Life Together Club (GYLT), Investment Society, Pre-Medical Society, East Asian Entertainment Club, Filipino Culture Club, French Culture Club, Hindi Cinema Club, Japanese Culture Club, Italian Club, Jewish Student Union, Muslim Students' Association, Latin Club, Lunar New Year Productions, Martial Arts Culture Club, NASHA of Culture, Seekers Christian Fellowship, Vivo Latino, World Culture Cooking Club, E-Sports Club, Chess Club, Dungeons and Dragons, A Cappella Club, Bronx Science Fashion Show, Chamber Music, Crafts for Humanity, DIY Club, Edible Arts, Film Production Club, Jazz Club, Starving Artists Society, Painting Club, Dynamo Literary Magazine, Exposition, Journal of Biology (JOB), Astronomy Club, BioEthics, Bronx Science Hackers, Science Olympiad, Machine Learning Club, Amnesty International, Best Buddies Bronx Science, Current Events Forum, Helping out NYC's Youth, Key Club, LEAP (League of Environmental and Animal Protection) Club, Mental Health Association, National Organization for Women, Red Cross Club, Unicef","Studio Art, Music History, Art History, Concert Band, Photography, Acting, Graphic Design, Symphonic Orchestra, Music Technology, Mixed Choir, and more",N/A,17%,N/A (fewer than 5 teachers),11%,0%,0%,66%,3.9,87%,64%,69%,73%,76%,44%,71%,N/A,69%,71%,62%,96,100%,99%,1925 (65%),1635 (55%),62% (1688),5% (141),9% (252),<1% (23),<1% (21),19% (516),Excellent,77%,N/A,N/A,97%,N/A,N/A,99%,100%,97%,94%,N/A,N/A,100%,99%,99%,N/A,91%,84%,95%,95%,91%,94%,95%,100%,95%,N/A,97%,85%,93%,92%,95%,94%,95%,100%,95%,N/A,92%,85%,94%,91%,90%,79%,80%,75%,81%,82%,56%,78%,N/A,74%,96%,90%,96%,71%,53%,53%,40%,53%,71%,47%,58%,N/A,61%,95%,96%,95%,96%,95%,93%,93%,N/A,92%,82%,83%,64%,76%,82%,67%,87%,N/A,76%,90%,88%,89%,91%,84%,N/A,N/A,85%,N/A,81%,79%,58%,58%,61%,61%,N/A,N/A,58%,N/A,75%,96%,94%,94%,93%,97%,N/A,N/A,92%,N/A,90%
10X477,Marble Hill High School for International Studies,Excellent,Good,Good,www.marblehillschool.org,Kirsten Larson,"09,10,11,12,SE",405,"Language Criteria, Screened",Local Support and Improvement,99 Terrace View Avenue,"Bronx, NY 10463",718-561-0973,7%,13%,74%,1%,<1%,3%,29%,18%,92%,54%,45%,<1%,88%,"Boys: Indoor Track,Baseball,Outdoor Track,Volleyball,Basketball,Soccer,Cross Country,Football; Girls: Outdoor Track,Soccer,Handball,Basketball,Cross Country,Indoor Track,Flag Football,Softball,Volleyball,Tennis,Golf; Co-Ed: Golf,Stunt","Clubs International Poetry Club, Model UN, Coding Club,Gender Sexuality Alliance (GSA), The Black Student Union (BSU), Chess club, Student Union, Art club, Math club, and Foodies Club, iMentor, Saturday Academy, After School Tutoring, Summer Pre-College Programs at Cornell, NYU, Marist, Tufts, Skidmore, Syracuse","Studio Art, Percussion, Choreography / Dance Composition, Acting, Graphic Design, Fashion and Textile Design, Folk / Traditional Cutural Dance, Mixed Choir, Filmmaking / Video, Digital Photography",NYC Solves; New Arrivals; Project Pivot; Respect for All,15%,N/A (fewer than 5 teachers),32%,0%,0%,47%,17,88%,78%,74%,70%,100%,N/A,83%,72%,62%,83%,48%,53,64%,80%,95 (23%),160 (40%),12% (21),14% (26),66% (121),3% (5),1% (2),3% (6),Excellent,87%,N/A,N/A,97%,N/A,N/A,91%,N/A,N/A,87%,N/A,N/A,N/A,98%,82%,77%,78%,72%,91%,89%,86%,92%,100%,N/A,100%,88%,90%,76%,86%,84%,82%,86%,N/A,N/A,100%,77%,89%,86%,79%,90%,89%,88%,92%,89%,87%,100%,N/A,92%,90%,82%,91%,71%,95%,72%,50%,59%,53%,48%,80%,N/A,54%,56%,55%,92%,100%,89%,91%,100%,N/A,92%,88%,89%,69%,70%,60%,69%,100%,N/A,92%,72%,64%,89%,91%,77%,87%,94%,N/A,N/A,67%,95%,97%,82%,79%,71%,74%,81%,N/A,N/A,N/A,88%,90%,95%,93%,92%,81%,97%,N/A,N/A,80%,95%,90%
10X524,Crotona International High School,Good,Excellent,Excellent,www.crotonaihs.org/,Shweta Ratra,"09,10,11,12",349,Language Criteria,Local Support and Improvement,2474 Crotona Avenue,"Bronx, NY 10458",718-561-8701,1%,5%,93%,0%,0%,<1%,97%,3%,>95%,46%,54%,0%,85%,"Boys: Basketball,Baseball; Girls: Softball,Volleyball; Co-Ed: N/A",Gender Sexuality Alliance (GSA),"Computer Art / Digital Art, Advertising Art",Career & Technical Education; Consortium; Future Ready NYC; NYC Solves; New Arrivals,23%,N/A (fewer than 5 teachers),32%,0%,0%,27%,9,59%,N/A,91%,74%,N/A,N/A,N/A,75%,88%,83%,83%,48,81%,43%,,93 (27%),1% (2),6% (9),91% (132),0% (0),0% (0),1% (2),N/A,73%,N/A,N/A,70%,N/A,N/A,81%,N/A,N/A,79%,N/A,N/A,N/A,87%,76%,81%,N/A,78%,92%,N/A,82%,92%,N/A,N/A,N/A,91%,100%,67%,82%,N/A,73%,83%,N/A,N/A,N/A,82%,100%,91%,92%,96%,91%,87%,N/A,73%,88%,N/A,N/A,N/A,87%,88%,87%,66%,96%,75%,58%,N/A,45%,57%,N/A,N/A,N/A,58%,62%,93%,N/A,100%,93%,N/A,N/A,N/A,93%,100%,73%,N/A,55%,74%,N/A,N/A,N/A,74%,88%,97%,100%,N/A,100%,100%,N/A,N/A,N/A,100%,100%,100%,100%,N/A,100%,100%,N/A,N/A,N/A,100%,100%,100%,100%,N/A,100%,100%,N/A,N/A,N/A,100%,100%
10X546,Bronx Theatre High School,Good,Good,Excellent,www.bxtheatre.org/,Shoundel Mcintosh,"09,10,11,12,SE",234,Ed. Opt.,Local Support and Improvement,99 Terrace View Avenue,"Bronx, NY 10463",718-329-2902,<1%,29%,63%,1%,0%,4%,9%,27%,92%,63%,36%,<1%,89%,"Boys: Outdoor Track,Basketball,Football,Cross Country,Soccer,Indoor Track,Baseball,Volleyball; Girls: Softball,Indoor Track,Soccer,Flag Football,Cross Country,Golf,Handball,Tennis,Volleyball,Basketball,Outdoor Track; Co-Ed: Golf,Stunt","Our Lunch is Booked Club, Anime & Video Game Club, Step Team, Guitar Club, African Dance Club, Black Pearl, National Honor Society, Kingsbridge Heights Community Center activities, Orgullo Hispanic Club, Social Media Club,Gender Sexuality Alliance (GSA), Senior Events Committee, Youth Leadership Coalition","Acting, Costume Design and Implementation, Playwriting, Theater / Play Production, Visual Art",DYCD: COMPASS/SONYC; NYC Solves; Project Pivot,0%,22%,37%,0%,0%,37%,3,85%,N/A,67%,70%,N/A,N/A,33%,73%,62%,92%,67%,25,37%,56%,56 (24%),71 (30%),<1% (1),29% (30),60% (62),2% (2),0% (0),6% (6),Excellent,84%,16%,0%,91%,0%,9%,91%,N/A,94%,88%,N/A,N/A,N/A,93%,86%,100%,89%,85%,94%,N/A,98%,92%,N/A,N/A,100%,90%,90%,73%,81%,N/A,80%,82%,N/A,N/A,80%,82%,78%,90%,96%,93%,90%,86%,N/A,84%,88%,N/A,N/A,86%,92%,84%,79%,41%,96%,78%,58%,N/A,55%,60%,N/A,N/A,57%,58%,45%,90%,N/A,85%,92%,N/A,N/A,86%,92%,88%,75%,N/A,75%,75%,N/A,N/A,67%,83%,66%,97%,95%,N/A,91%,97%,N/A,N/A,100%,93%,96%,90%,93%,N/A,91%,95%,N/A,N/A,100%,100%,93%,97%,96%,N/A,93%,98%,N/A,N/A,100%,100%,96%
10X549,Discovery High School,Excellent,Excellent,Excellent,www.schools.nyc.gov/schools/X549,Rolando Rivera,"09,10,11,12,SE",388,Open,Local Support and Improvement,2780 Reservoir Avenue,"Bronx, NY 10468",718-733-3872,3%,14%,81%,<1%,0%,2%,16%,29%,94%,42%,58%,0%,80%,"Boys: Soccer,Bowling,Volleyball,Outdoor Track,Baseball,Handball,Basketball; Girls: Table Tennis,Swimming,Volleyball,Softball,Outdoor Track,Basketball,Bowling; Co-Ed: N/A",Gender Sexuality Alliance (GSA),"Art History, Graphic Design",NYC Solves,17%,N/A (fewer than 5 teachers),N/A (fewer than 5 teachers),0%,0%,53%,17.2,70%,73%,67%,57%,N/A,N/A,50%,58%,61%,89%,82%,39,54%,57%,23 (6%),104 (27%),4% (5),13% (16),78% (95),<1% (1),0% (0),4% (5),Fair,89%,11%,0%,95%,N/A,N/A,94%,N/A,N/A,95%,N/A,N/A,N/A,98%,90%,100%,86%,82%,93%,100%,95%,93%,N/A,N/A,100%,88%,90%,74%,84%,90%,98%,81%,N/A,N/A,83%,69%,74%,94%,100%,89%,85%,80%,91%,77%,81%,N/A,N/A,67%,77%,77%,91%,77%,97%,77%,56%,55%,69%,55%,N/A,N/A,50%,51%,53%,94%,100%,98%,93%,N/A,N/A,100%,92%,91%,74%,100%,78%,74%,N/A,N/A,33%,67%,68%,96%,93%,100%,88%,94%,N/A,N/A,N/A,97%,91%,87%,87%,100%,76%,89%,N/A,N/A,N/A,91%,83%,97%,95%,100%,92%,95%,N/A,N/A,N/A,97%,95%
10X565,High School for Energy and Technology,Good,Fair,Excellent,www.hsenergytech.org,Marie Guillaume,"09,10,11,12,SE",355,Ed. Opt.,Local Support and Improvement,2474 Crotona Avenue,"Bronx, NY 10458",718-733-3080,2%,26%,69%,<1%,<1%,1%,13%,26%,94%,31%,69%,0%,65%,"Boys: Baseball,Basketball; Girls: Volleyball,Softball; Co-Ed: N/A","African Dance, Anime, Art, Bridges(School To Work), Cheerleading, Chess, Community Building, Computer Training, Coop Jobs, Digital Media, Drones, English as a New Language, Financial Management, Fitness center, ESports Gaming, GEMS,Gender Sexuality Alliance (GSA), Girls Inc., Guitar, Health and Wellness, Peer Mediation/Conflict Resolution, Peer Mentoring, Peer Tutoring, Photography, Regents Prep, Saturday Academy, SkillsUSA, Spanish Dance Club, Special Education, STEM Club, Student Council, Student Empowerment Alliance(SEA), Summer Youth Employment Program, Cultural trips to Broadway shows and sporting events.",Computer Art / Digital Art,Career & Technical Education; Career Readiness and Modern Youth Apprenticeship; NYC Solves,N/A (fewer than 5 teachers),35%,48%,0%,0%,N/A (fewer than 5 teachers),8.9,69%,67%,51%,43%,N/A,N/A,80%,58%,37%,75%,55%,32,47%,53%,64 (18%),148 (42%),2% (3),23% (43),72% (133),<1% (1),1% (2),2% (4),Excellent,99%,N/A,N/A,96%,N/A,N/A,95%,N/A,89%,96%,N/A,N/A,N/A,100%,93%,83%,95%,68%,85%,100%,84%,85%,N/A,N/A,100%,84%,76%,57%,69%,100%,81%,66%,N/A,N/A,N/A,77%,73%,79%,92%,88%,79%,70%,71%,70%,70%,N/A,N/A,80%,83%,68%,80%,35%,96%,64%,42%,57%,46%,39%,N/A,N/A,60%,46%,44%,84%,86%,92%,82%,N/A,N/A,80%,84%,80%,55%,43%,59%,54%,N/A,N/A,40%,54%,53%,96%,91%,N/A,89%,91%,N/A,N/A,N/A,93%,92%,91%,92%,100%,91%,92%,N/A,N/A,N/A,100%,92%,95%,93%,80%,85%,95%,N/A,N/A,N/A,97%,94%
10X696,High School of American Studies at Lehman College,Excellent,Good,Good,hsas-lehman.org,Alessandro Weiss,"09,10,11",403,Test,Local Support and Improvement,2925 Goulden Avenue,"Bronx, NY 10468",718-329-2144,22%,7%,21%,<1%,<1%,42%,0%,4%,40%,54%,46%,<1%,73%,"Boys: Outdoor Track,Bowling,Tennis,Baseball,Basketball,Cross Country; Girls: Basketball,Tennis,Softball,Cross Country,Outdoor Track; Co-Ed: N/A","Asian American Students' Association, Arista, Art, Band, Black Student Union, Book Club, Chess, Chorus, Committee on Equity and Diversity, Community Service Club, Dance Team, Debate, Drama, Economics Team, Environmental Club, Fragrance Club, Geography Club, Girls Who Code,Gender Sexuality Alliance (GSA), Jewish Student Union, Mock Trial, Model UN, Moot Court, Muslim Students' Association, Latinx Club, Lion Dance Club, Literary Magazine/Newspaper, Poetry, Pre-Medical Club, Senior Government, Spanish Honors Society, Senior Government, Student Government, Table Tennis, Women's Empowerment Club, Yoga","Studio Art, Core Music, Visual Art",N/A,18%,N/A (fewer than 5 teachers),N/A (fewer than 5 teachers),0%,0%,54%,18.1,96%,93%,92%,95%,N/A,N/A,94%,N/A,100%,69%,37%,95,100%,99%,301 (75%),222 (55%),24% (73),8% (25),20% (59),<1% (2),1% (4),40% (122),N/A,0%,0%,100%,91%,N/A,N/A,100%,100%,N/A,100%,N/A,N/A,100%,100%,100%,N/A,N/A,83%,92%,91%,96%,89%,N/A,N/A,93%,N/A,100%,88%,99%,98%,96%,99%,N/A,N/A,99%,N/A,100%,78%,88%,56%,90%,72%,72%,76%,76%,N/A,N/A,69%,N/A,50%,96%,93%,96%,65%,46%,45%,36%,53%,N/A,N/A,46%,N/A,60%,94%,94%,96%,99%,N/A,N/A,93%,N/A,90%,81%,71%,71%,82%,N/A,N/A,87%,N/A,90%,91%,85%,91%,67%,87%,N/A,N/A,85%,N/A,89%,84%,71%,76%,73%,81%,N/A,N/A,67%,N/A,78%,95%,90%,94%,83%,87%,N/A,N/A,90%,N/A,89%
11X249,Bronx Health Sciences High School,Excellent,Good,Fair,twitter.com/bronx_health,Justine Sharoyan,"09,10,11,12,SE",352,Ed. Opt.,Local Support and Improvement,750 Baychester Avenue,"Bronx, NY 10475",718-904-5450,5%,53%,35%,3%,<1%,1%,6%,20%,81%,54%,46%,0%,73%,"Boys: Outdoor Track,Volleyball,Cross Country,Indoor Track,Soccer,Basketball,Tennis,Baseball,Swimming,Wrestling,Football; Girls: Wrestling,Cross Country,Basketball,Indoor Track,Flag Football,Outdoor Track,Softball,Tennis,Swimming,Volleyball,Soccer; Co-Ed: Stunt","Art Club, Arts Beautification Club, Beauty Club, Chess Club, Dance Team, Educators Rising, Science Club, Mouse Squad, Knitting Club, LGBTQ Club, Mindfulness, My Brother's Keeper, National Honor Society, Peer Group Connection, Recycling / Green Team, Senior Committee, Student Council, Theatre Club, Track Club, Video Game Club, Volleyball Club, Yoga/Fitness, softball club, Bring Change to Mind, Anime,Gender Sexuality Alliance (GSA)","Visual Art, Theater History, Acting",NYC Solves; Project Pivot,N/A (fewer than 5 teachers),19%,N/A (fewer than 5 teachers),0%,0%,52%,3.4,44%,75%,63%,58%,33%,N/A,N/A,N/A,51%,87%,61%,40,57%,76%,169 (48%),,6% (12),54% (100),33% (61),4% (7),1% (2),1% (2),Excellent,100%,0%,0%,100%,0%,0%,98%,N/A,98%,97%,N/A,N/A,N/A,98%,97%,N/A,89%,77%,90%,69%,92%,91%,100%,N/A,100%,N/A,83%,69%,86%,77%,86%,87%,100%,N/A,100%,100%,82%,82%,90%,87%,88%,85%,62%,88%,84%,83%,N/A,100%,100%,87%,88%,64%,97%,68%,40%,23%,42%,40%,33%,N/A,60%,17%,47%,88%,77%,91%,86%,83%,N/A,80%,83%,87%,65%,58%,67%,60%,50%,N/A,100%,83%,63%,88%,83%,N/A,83%,93%,N/A,N/A,N/A,N/A,100%,82%,83%,N/A,91%,86%,N/A,N/A,N/A,N/A,100%,90%,83%,N/A,91%,86%,N/A,N/A,N/A,N/A,100%
11X265,Bronx Lab School,Good,Excellent,Excellent,www.bronxlabschool.org,Albert Sylvia,"09,10,11,12,SE",218,"D75 Special Education Inclusive Services, Ed. Opt.",Local Support and Improvement,800 East Gun Hill Road,"Bronx, NY 10467",718-696-3700,5%,44%,47%,2%,<1%,<1%,16%,30%,91%,42%,58%,0%,94%,"Boys: Cross Country,Football,Indoor Track,Basketball,Swimming,Baseball,Outdoor Track,Soccer; Girls: Cross Country,Swimming,Indoor Track,Volleyball,Softball,Basketball,Outdoor Track; Co-Ed: N/A","Paid Internships, Paid afterschool programs, Drama ?? Epic Theatre Ensemble , Visual Arts , Academic Enrichment , Fitness , Student Voice Council, Yearbook , STOKED skateboarding and design, SYEP Guaranteed Positions, Documentary Film Making, Girls/Boys Support Groups, Mural Creation, Explore Week / Community Service, Advisory Trips,Gender Sexuality Alliance (GSA)","Mixed Media, Art History",Career Readiness and Modern Youth Apprenticeship; Community School; Consortium; CS for All; DYCD: Beacon; Future Ready NYC; Project Pivot; PROSE,N/A (fewer than 5 teachers),N/A (fewer than 5 teachers),N/A (fewer than 5 teachers),0%,0%,62%,1.6,100%,60%,86%,84%,N/A,N/A,N/A,90%,83%,100%,91%,47,83%,58%,,78 (36%),5% (4),47% (40),46% (39),0% (0),1% (1),1% (1),Excellent,98%,N/A,N/A,98%,N/A,N/A,88%,N/A,88%,90%,N/A,N/A,N/A,95%,82%,100%,82%,89%,97%,100%,98%,95%,N/A,N/A,N/A,90%,100%,86%,95%,86%,98%,91%,N/A,N/A,N/A,95%,96%,98%,100%,100%,95%,94%,100%,97%,90%,N/A,N/A,N/A,95%,93%,83%,53%,98%,87%,76%,50%,80%,78%,N/A,N/A,N/A,71%,83%,97%,100%,95%,98%,N/A,N/A,N/A,100%,97%,93%,88%,94%,93%,N/A,N/A,N/A,100%,97%,99%,97%,N/A,96%,98%,N/A,N/A,N/A,100%,100%,97%,99%,N/A,98%,100%,N/A,N/A,N/A,92%,96%,99%,98%,N/A,100%,95%,N/A,N/A,N/A,100%,100%
11X270,Academy for Scholarship and Entrepreneurship: A College Board School,Good,Excellent,Good,www.schools.nyc.gov/schools/X270,Zenobia White,"09,10,11,12,SE",391,Ed. Opt.,Local Support and Improvement,921 East 228th Street,"Bronx, NY 10466",718-696-3840,1%,65%,29%,3%,<1%,1%,3%,22%,86%,50%,50%,0%,80%,"Boys: Bowling,Outdoor Track,Basketball,Soccer,Lacrosse; Girls: Basketball,Volleyball,Soccer,Outdoor Track,Bowling; Co-Ed: N/A","Art Club, Cheerleading Team, Chess Club, Dance Club,Gender Sexuality Alliance (GSA), Guitar Club, PGC Program, and Weight Lifting Club","Advertising Art, Art History, Studio Art, Visual Art",Career & Technical Education; Career Readiness and Modern Youth Apprenticeship; CS for All; Future Ready NYC; NYC Solves; PROSE,N/A (fewer than 5 teachers),45%,16%,N/A (fewer than 5 teachers),N/A (fewer than 5 teachers),29%,19.2,84%,N/A,67%,64%,N/A,N/A,N/A,N/A,65%,100%,91%,30,73%,48%,122 (31%),224 (57%),2% (5),64% (182),29% (82),3% (9),<1% (2),1% (3),Good,99%,N/A,N/A,95%,N/A,N/A,82%,N/A,89%,71%,N/A,N/A,N/A,77%,86%,82%,50%,81%,92%,N/A,92%,91%,N/A,N/A,N/A,N/A,95%,67%,82%,N/A,83%,75%,N/A,N/A,N/A,N/A,75%,89%,90%,100%,86%,77%,N/A,82%,61%,N/A,N/A,N/A,N/A,82%,88%,67%,95%,73%,52%,N/A,50%,54%,N/A,N/A,N/A,N/A,68%,89%,N/A,88%,89%,N/A,N/A,N/A,N/A,84%,68%,N/A,73%,56%,N/A,N/A,N/A,N/A,70%,96%,93%,N/A,95%,86%,N/A,N/A,N/A,N/A,100%,85%,82%,N/A,83%,81%,N/A,N/A,N/A,N/A,94%,94%,93%,N/A,95%,86%,N/A,N/A,N/A,N/A,100%
11X275,High School of Computers and Technology,Fair,Excellent,Excellent,www.hsctbronx.org/,David Wills,"09,10,11,12,SE",453,"D75 Special Education Inclusive Services, Ed. Opt.",Local Support and Improvement,800 East Gun Hill Road,"Bronx, NY 10467",718-696-3930,4%,38%,51%,1%,<1%,5%,10%,32%,86%,20%,80%,0%,89%,"Boys: Basketball,Football,Indoor Track,Cross Country,Soccer,Swimming,Baseball,Outdoor Track; Girls: Softball,Swimming,Cross Country,Indoor Track,Volleyball,Basketball,Outdoor Track; Co-Ed: N/A",Gender Sexuality Alliance (GSA),"Visual Art, Art Management / Business",Career & Technical Education; CS for All; DYCD: COMPASS/SONYC; Future Ready NYC; NYC Solves; Project Pivot,N/A (fewer than 5 teachers),33%,17%,0%,0%,33%,6.5,92%,86%,64%,72%,N/A,N/A,75%,75%,70%,92%,76%,41,56%,54%,67 (15%),142 (31%),6% (11),38% (70),50% (91),1% (2),<1% (1),4% (7),Fair,98%,N/A,N/A,94%,0%,6%,85%,N/A,82%,83%,N/A,N/A,N/A,N/A,87%,N/A,65%,81%,94%,86%,93%,96%,N/A,N/A,89%,100%,95%,71%,81%,69%,81%,82%,N/A,N/A,78%,95%,89%,96%,97%,100%,90%,88%,86%,92%,87%,N/A,N/A,70%,83%,87%,86%,62%,96%,75%,50%,50%,54%,47%,N/A,N/A,60%,54%,56%,90%,93%,88%,92%,N/A,N/A,100%,96%,90%,77%,79%,71%,81%,N/A,N/A,80%,79%,78%,97%,95%,100%,95%,94%,N/A,N/A,100%,94%,93%,85%,79%,89%,73%,81%,N/A,N/A,90%,63%,78%,98%,95%,89%,100%,91%,N/A,N/A,100%,89%,90%
11X288,Collegiate Institute for Math and Science,Good,Good,Good,www.cimsnyc.org,Fredrick Nelson,"09,10,11,12,SE",530,Ed. Opt.,Local Support and Improvement,925 Astor Avenue,"Bronx, NY 10469",718-944-3635,13%,25%,39%,2%,<1%,16%,7%,20%,81%,36%,64%,0%,81%,"Boys: Soccer,Indoor Track,Tennis,Baseball,Basketball,Outdoor Track,Volleyball,Football,Lacrosse,Bowling; Girls: Soccer,Volleyball,Outdoor Track,Softball,Indoor Track,Bowling,Basketball,Lacrosse,Gymnastics; Co-Ed: N/A",Gender Sexuality Alliance (GSA),"Illustration, Graphic Design",NYC Solves; Project Pivot,N/A (fewer than 5 teachers),37%,23%,0%,0%,23%,10.2,89%,60%,55%,59%,67%,N/A,50%,69%,58%,100%,96%,52,70%,78%,166 (31%),262 (49%),16% (56),27% (93),33% (115),2% (8),<1% (3),15% (54),Excellent,100%,0%,0%,96%,N/A,N/A,93%,N/A,94%,94%,N/A,N/A,89%,94%,93%,82%,84%,78%,90%,93%,88%,92%,100%,N/A,87%,89%,87%,70%,80%,87%,81%,79%,67%,N/A,79%,83%,85%,87%,88%,96%,86%,77%,84%,74%,78%,100%,N/A,75%,74%,77%,91%,73%,96%,70%,47%,51%,53%,41%,43%,N/A,48%,35%,46%,89%,94%,87%,88%,86%,N/A,89%,84%,84%,72%,82%,69%,73%,86%,N/A,69%,67%,72%,92%,86%,88%,86%,87%,N/A,N/A,89%,91%,84%,83%,81%,67%,89%,81%,N/A,N/A,72%,100%,85%,93%,89%,88%,89%,88%,N/A,N/A,91%,100%,84%
11X290,Bronx Academy of Health Careers,Fair,Excellent,Good,www.bxahc.org,Dawn Santiago,"09,10,11,12,SE",318,Ed. Opt.,Local Support and Improvement,800 East Gun Hill Road,"Bronx, NY 10467",718-696-3340,2%,46%,47%,2%,<1%,3%,11%,25%,92%,64%,36%,0%,81%,"Boys: Baseball,Outdoor Track,Swimming,Cross Country,Basketball,Indoor Track,Football,Soccer; Girls: Softball,Cross Country,Basketball,Indoor Track,Swimming,Volleyball,Outdoor Track; Co-Ed: N/A","AfterSchool Tutoring, Saturday School, Lunch and Learn Tutoring, PM School Tutoring, National Honor Society, Duro Work Force, College Now, ExpandEd, Peer Mediation, Year Book Squad, Student Government, Beacon Program, Peer Group Connection, Multicultural Club, Talent Show, Multicultural Show, Dance Team, Cheerleading, Step Team, PSAL, School Sports Teams, Moonshot Program, SYEP,Gender Sexuality Alliance (GSA), and College Trips/Internships","Studio Art, Visual Art, Art History, Classroom Music",Future Ready NYC; NYC Solves; Project Pivot,N/A (fewer than 5 teachers),42%,38%,0%,0%,N/A (fewer than 5 teachers),12.1,79%,100%,71%,70%,N/A,N/A,86%,91%,78%,90%,60%,29,46%,56%,152 (48%),89 (28%),2% (3),44% (72),49% (79),1% (2),<1% (1),3% (5),Fair,97%,N/A,N/A,94%,N/A,N/A,81%,N/A,88%,78%,N/A,N/A,N/A,88%,74%,64%,68%,83%,91%,100%,87%,93%,N/A,N/A,100%,100%,90%,72%,86%,100%,85%,90%,N/A,N/A,83%,96%,82%,90%,90%,100%,88%,81%,100%,81%,82%,N/A,N/A,57%,85%,82%,88%,68%,97%,75%,53%,83%,48%,54%,N/A,N/A,86%,56%,58%,90%,100%,86%,91%,N/A,N/A,100%,93%,85%,71%,100%,66%,73%,N/A,N/A,86%,80%,68%,95%,89%,67%,88%,91%,N/A,N/A,67%,93%,89%,80%,84%,67%,83%,85%,N/A,N/A,83%,90%,86%,96%,93%,83%,92%,95%,N/A,N/A,83%,100%,95%
11X299,Astor Collegiate Academy,Fair,Fair,Good,www.astorcollegiate.org,Sandra Burgos,"09,10,11,12,SE",413,"Ed. Opt., Open",Local Support and Improvement,925 Astor Avenue,"Bronx, NY 10469",718-944-3418,11%,30%,45%,1%,<1%,11%,10%,22%,81%,40%,60%,0%,80%,"Boys: Tennis,Lacrosse,Bowling,Baseball,Soccer,Football,Basketball,Volleyball,Indoor Track,Outdoor Track; Girls: Basketball,Bowling,Indoor Track,Lacrosse,Soccer,Outdoor Track,Softball,Gymnastics,Volleyball; Co-Ed: N/A","Anime, Juijitsu, Dance, Drama (Campus wide), Jazz & Concert Bands (Campus wide), Peer Mediation, National Honor Society, Astor Pearls, Cheerleading (Campus wide), Fitness, Piano Lab, Robotics, SViC & Student Government.","Studio Art, Computer Art / Digital Art, Theater / Play Production",CS for All; Future Ready NYC; NYC Solves; Project Pivot,N/A (fewer than 5 teachers),27%,N/A (fewer than 5 teachers),0%,0%,52%,13.8,88%,46%,54%,61%,N/A,N/A,54%,75%,54%,85%,74%,39,52%,67%,68 (16%),211 (51%),12% (29),32% (79),44% (110),1% (3),1% (3),10% (24),Excellent,97%,N/A,N/A,96%,N/A,N/A,91%,N/A,100%,85%,N/A,N/A,N/A,93%,89%,85%,88%,77%,90%,81%,93%,91%,N/A,N/A,84%,69%,85%,71%,84%,75%,85%,84%,N/A,N/A,87%,76%,77%,82%,91%,85%,83%,79%,71%,87%,73%,N/A,N/A,80%,78%,84%,87%,57%,96%,70%,40%,18%,52%,32%,N/A,N/A,44%,50%,44%,91%,89%,91%,93%,N/A,N/A,84%,83%,86%,76%,78%,79%,68%,N/A,N/A,88%,65%,73%,90%,83%,71%,78%,87%,N/A,N/A,92%,60%,91%,80%,74%,59%,84%,74%,N/A,N/A,69%,43%,82%,92%,90%,88%,94%,86%,N/A,N/A,100%,100%,94%
11X418,Bronx High School for the Visual Arts,Fair,Good,Good,bhsva418.com,Iris Witherspoon,"09,10,11,12,SE",414,"D75 Special Education Inclusive Services, Ed. Opt.",Local Support and Improvement,2040 Antin Pl,"Bronx, NY 10462",718-319-5160,3%,22%,57%,<1%,<1%,16%,9%,26%,88%,61%,39%,<1%,71%,"Boys: Basketball,Volleyball; Girls: Volleyball,Basketball; Co-Ed: N/A","Student Council, Learning Leaders, Council for Unity, Safe Club, Cooking/Cubcake, Robotics, Newsletter, Publications, Film club, Music club, Film club, COOP program, Work-base Learning,Gender Sexuality Alliance (GSA), paid internships and much, much more.","Graphic Design, Studio Art, Art Management / Business, Mixed Media, Painting, Digital Photography, Art History, Visual Art",Career & Technical Education; NYC Solves,14%,25%,14%,0%,0%,36%,9.2,56%,75%,70%,74%,N/A,N/A,67%,83%,70%,94%,97%,33,45%,51%,123 (30%),136 (33%),2% (4),24% (49),58% (119),<1% (2),<1% (1),14% (28),Excellent,80%,N/A,N/A,89%,0%,11%,81%,N/A,83%,78%,N/A,N/A,82%,78%,85%,88%,85%,73%,96%,88%,96%,99%,N/A,N/A,89%,89%,95%,75%,87%,100%,90%,86%,N/A,N/A,81%,89%,86%,75%,77%,84%,81%,77%,100%,75%,78%,N/A,N/A,72%,76%,89%,88%,55%,94%,70%,46%,38%,43%,46%,N/A,N/A,48%,67%,47%,91%,100%,90%,93%,N/A,N/A,88%,90%,92%,63%,50%,56%,69%,N/A,N/A,58%,71%,70%,91%,84%,80%,85%,84%,N/A,N/A,89%,N/A,100%,79%,74%,20%,93%,74%,N/A,N/A,75%,N/A,100%,94%,91%,100%,85%,91%,N/A,N/A,100%,N/A,100%
11X455,Harry S Truman High School,Fair,Good,,bxtrumanhighschool.com,Keri Alfano,"09,10,11,12,SE",1691,"ASD/ACES Program, Ed. Opt., Open, Zoned Guarantee",Local Support and Improvement,750 Baychester Avenue,"Bronx, NY 10475",718-904-5400,3%,46%,46%,1%,<1%,2%,9%,25%,83%,43%,57%,0%,92%,"Boys: Tennis,Basketball,Swimming,Soccer,Baseball,Cross Country,Volleyball,Football,Wrestling,Outdoor Track,Indoor Track; Girls: Tennis,Volleyball,Cross Country,Basketball,Softball,Indoor Track,Soccer,Outdoor Track,Swimming,Flag Football,Wrestling; Co-Ed: Stunt",African Club Art/Mural Club Baking Club Book Club Build On Caribbean Club Cheerleading Club Chess Club Choir Club College Advisory Community Service Cosmetology Club Court Crafty Hands Club Creative Writing Club Culinary Club Culture Club Drill Team Gender Sexuality Alliance (GSA) Girls Empowerment Group Law Mock Trial & Mock Library Club Mathletes Club Media Club Men of Strength Muslim Student Association Open Space Club Peer Leadership Club Performance Arts Club Physics Club Project Peace Robotics Club Softball Club Step Team Student Government Video Game Club Writers Group Yearbook Club Zumba Club,"Studio Art, Graphic Design, Core Music, Theater / Play Production, Photography, Mixed Media, Visual Art, Concert Band, Classroom Music, Ceramics, and more",DYCD: Beacon; Future Ready NYC; NYC Solves; Project Pivot,N/A (fewer than 5 teachers),25%,16%,0%,0%,52%,11,90%,45%,50%,52%,54%,20%,69%,62%,58%,76%,70%,37,48%,50%,217 (13%),452 (27%),5% (33),50% (365),41% (297),1% (9),<1% (5),2% (14),Excellent,92%,N/A,N/A,90%,N/A,N/A,79%,94%,81%,75%,N/A,N/A,N/A,84%,75%,67%,62%,74%,92%,100%,92%,91%,92%,100%,92%,86%,93%,69%,80%,82%,82%,76%,82%,N/A,73%,78%,80%,82%,81%,83%,87%,81%,88%,82%,80%,67%,N/A,92%,86%,81%,91%,74%,97%,71%,41%,67%,44%,35%,47%,60%,42%,64%,58%,93%,91%,93%,94%,87%,100%,83%,93%,95%,73%,75%,75%,71%,73%,N/A,75%,68%,76%,N/A,84%,N/A,87%,81%,N/A,N/A,57%,72%,83%,N/A,83%,N/A,84%,81%,N/A,N/A,86%,72%,87%,N/A,88%,N/A,88%,86%,N/A,N/A,83%,76%,90%
11X508,Bronxdale High School,Fair,Excellent,Good,www.bronxdalehs.org,Grace White,"09,10,11,12,SE",360,"ASD/ACES Program, D75 Special Education Inclusive Services, Open",Local Support and Improvement,925 Astor Avenue,"Bronx, NY 10469",718-944-3655,4%,33%,54%,1%,0%,8%,7%,26%,83%,48%,52%,0%,91%,"Boys: Volleyball,Baseball,Soccer,Bowling,Indoor Track,Outdoor Track,Lacrosse,Football,Basketball,Tennis; Girls: Volleyball,Softball,Basketball,Outdoor Track,Lacrosse,Bowling,Indoor Track,Gymnastics,Soccer; Co-Ed: N/A","Umoja Black Student Union, Girls Empowerment Club; Brother 2 Brother; Bring Change to Mind; Chess Club; Anime Club; Culinary Academy; Gaming Club; Brazilian Jiu Jitsu; Global Kids; Yearbook; Sports Club; Dance Team; Art Club; Green Team; Gender Sexuality Alliance (GSA); Rappers & Writers; Student Council; Peer Mediators, Peer Group Connection; Youth Court","Studio Art, Dance / Introduction to Dance, Art History, Dance, Choreography / Dance Composition, Visual Art",Career & Technical Education; Community School; NYC Solves; Project Pivot; PROSE,N/A (fewer than 5 teachers),20%,20%,N/A (fewer than 5 teachers),N/A (fewer than 5 teachers),54%,6.1,90%,89%,81%,69%,N/A,N/A,84%,69%,79%,93%,88%,32,44%,63%,50 (14%),124 (34%),3% (4),36% (54),53% (81),<1% (1),0% (0),8% (12),Excellent,99%,N/A,N/A,96%,N/A,N/A,77%,N/A,77%,68%,N/A,N/A,N/A,85%,67%,55%,74%,85%,95%,100%,98%,93%,N/A,N/A,100%,86%,95%,80%,92%,100%,91%,91%,N/A,N/A,95%,79%,91%,91%,95%,93%,90%,86%,100%,88%,81%,N/A,N/A,100%,75%,89%,88%,68%,95%,82%,72%,92%,73%,69%,N/A,N/A,85%,53%,77%,97%,100%,98%,95%,N/A,N/A,100%,94%,98%,83%,83%,86%,80%,N/A,N/A,95%,81%,82%,94%,92%,90%,92%,92%,N/A,N/A,100%,86%,88%,85%,90%,80%,88%,92%,N/A,N/A,95%,93%,91%,96%,93%,90%,91%,94%,N/A,N/A,95%,100%,91%
11X509,High School of Language and Innovation,Good,Good,Good,www.languageandinnovation.org,Julie Nariman,"09,10,11,12",371,Language Criteria,Local Support and Improvement,925 Astor Avenue,"Bronx, NY 10469",718-944-3625,6%,10%,70%,<1%,<1%,12%,86%,4%,>95%,47%,52%,<1%,78%,"Boys: Outdoor Track,Lacrosse,Indoor Track,Bowling,Basketball,Volleyball,Tennis,Football,Baseball,Soccer; Girls: Soccer,Basketball,Indoor Track,Lacrosse,Outdoor Track,Bowling,Softball,Volleyball,Gymnastics; Co-Ed: N/A",Gender Sexuality Alliance (GSA),"Photography, Fashion and Textile Design, Visual Art",NYC Solves; New Arrivals; Project Pivot,N/A (fewer than 5 teachers),19%,31%,N/A (fewer than 5 teachers),0%,39%,13.2,77%,75%,71%,77%,N/A,N/A,71%,79%,100%,96%,92%,44,57%,50%,67 (18%),122 (33%),7% (11),11% (17),59% (87),1% (2),<1% (1),20% (29),N/A,73%,N/A,N/A,100%,0%,0%,92%,N/A,N/A,88%,N/A,N/A,100%,93%,91%,92%,N/A,75%,82%,80%,72%,86%,N/A,N/A,73%,82%,78%,71%,80%,74%,68%,83%,N/A,N/A,74%,80%,78%,80%,83%,79%,83%,77%,65%,60%,81%,N/A,N/A,70%,77%,90%,90%,68%,97%,71%,53%,50%,45%,53%,N/A,N/A,60%,53%,70%,90%,80%,90%,93%,N/A,N/A,83%,90%,100%,71%,50%,43%,79%,N/A,N/A,66%,72%,90%,91%,89%,78%,73%,98%,N/A,N/A,59%,90%,90%,80%,78%,67%,76%,85%,N/A,N/A,50%,80%,90%,92%,90%,78%,70%,100%,N/A,N/A,59%,92%,90%
11X513,New World High School,Excellent,Good,Excellent,www.schools.nyc.gov/schools/x513,Mithat Gashi,"09,10,11,12,SE",320,Language Criteria,Local Support and Improvement,921 East 228th Street,"Bronx, NY 10466",718-696-3800,3%,16%,74%,<1%,<1%,6%,59%,4%,>95%,53%,47%,0%,86%,"Boys: Soccer,Lacrosse,Basketball,Bowling,Outdoor Track; Girls: Bowling,Soccer,Basketball,Volleyball,Outdoor Track; Co-Ed: N/A","Student Government, Youth Philanthropy Initiative (YPI), Community Service, Yearbook, Enrichment Activities including chess club, aspiring architects & engineers club, international club, dance, music, talent shows,Gender Sexuality Alliance (GSA), and multicultural shows","Theater / Play Production, Filmmaking / Video, Core Music",NYC Solves; New Arrivals; Project Pivot,N/A (fewer than 5 teachers),N/A (fewer than 5 teachers),N/A (fewer than 5 teachers),0%,0%,67%,7,76%,100%,91%,86%,N/A,N/A,87%,90%,89%,100%,77%,49,65%,66%,91 (28%),134 (42%),4% (6),17% (26),69% (107),2% (3),<1% (1),8% (12),N/A,91%,N/A,N/A,73%,N/A,N/A,92%,N/A,100%,88%,N/A,N/A,N/A,93%,91%,90%,N/A,81%,88%,100%,83%,89%,N/A,N/A,93%,87%,75%,78%,90%,100%,87%,91%,N/A,N/A,87%,90%,78%,81%,95%,77%,90%,85%,100%,91%,84%,N/A,N/A,93%,85%,89%,92%,77%,96%,75%,52%,75%,49%,52%,N/A,N/A,53%,52%,33%,94%,100%,93%,93%,N/A,N/A,100%,91%,89%,75%,88%,81%,73%,N/A,N/A,80%,80%,67%,97%,97%,100%,100%,96%,N/A,N/A,91%,98%,100%,91%,88%,100%,85%,90%,N/A,N/A,82%,90%,100%,100%,98%,100%,100%,98%,N/A,N/A,100%,98%,100%
11X514,The Bronxwood Preparatory Academy,Good,Good,Excellent,www.bronxwoodprep.com,Felicia Bray,"09,10,11,12,SE",385,Ed. Opt.,Local Support and Improvement,921 East 228th Street,"Bronx, NY 10466",718-696-3820,2%,57%,36%,2%,<1%,2%,8%,24%,82%,49%,51%,0%,79%,"Boys: Lacrosse,Outdoor Track,Soccer,Basketball,Bowling; Girls: Outdoor Track,Volleyball,Soccer,Bowling,Basketball; Co-Ed: N/A","Cooking Club, Photography Club, Step Club, Anime Club, Podcast, National Honors Society, College Trips, Art Club, dance Club,Gender Sexuality Alliance (GSA), Student Employment...","Visual Art, Graphic Design",CS for All; Future Ready NYC; NYC Solves; Project Pivot; Respect for All,N/A (fewer than 5 teachers),25%,19%,N/A (fewer than 5 teachers),0%,50%,3,56%,83%,70%,82%,80%,N/A,60%,83%,72%,93%,87%,42,73%,58%,16 (4%),164 (43%),2% (5),59% (162),35% (95),1% (4),<1% (2),1% (4),Excellent,96%,N/A,N/A,94%,N/A,N/A,96%,N/A,94%,100%,N/A,N/A,N/A,98%,93%,100%,95%,74%,91%,83%,90%,94%,60%,N/A,83%,79%,94%,75%,87%,100%,84%,91%,100%,N/A,83%,87%,84%,84%,80%,87%,87%,81%,83%,81%,83%,80%,N/A,50%,93%,84%,92%,73%,96%,71%,52%,50%,55%,50%,0%,N/A,60%,65%,53%,90%,100%,89%,90%,100%,N/A,67%,96%,93%,75%,67%,75%,76%,60%,N/A,67%,73%,75%,97%,96%,100%,96%,97%,60%,N/A,100%,92%,96%,90%,91%,100%,90%,93%,N/A,N/A,60%,77%,91%,98%,97%,100%,96%,99%,N/A,N/A,100%,92%,95%
11X542,Pelham Preparatory Academy,Good,Excellent,Excellent,www.pelhamprepacademy.org,Benvenuto Ferron,"09,10,11,12,SE",439,Ed. Opt.,Local Support and Improvement,925 Astor Avenue,"Bronx, NY 10469",718-944-3601,5%,34%,50%,1%,<1%,8%,6%,24%,80%,46%,54%,0%,90%,"Boys: Indoor Track,Football,Baseball,Tennis,Outdoor Track,Soccer,Basketball,Volleyball,Lacrosse,Bowling; Girls: Basketball,Gymnastics,Indoor Track,Volleyball,Softball,Bowling,Soccer,Outdoor Track,Lacrosse; Co-Ed: N/A","Student Government, Art Club, Chess Club, Gaming Club, National Honor Society, Hispanic Honor Society, Concert & Jazz Band, JiuJitsu, Lincoln Center Theatre, Pelham Press Newspaper, Opening Act, Bella Abzug ""Bali Girls"", Culture Club, Black Student Union, Muslim Student Association, Weight Lifting Club, Basketball Club,Gender Sexuality Alliance (GSA)","Concert Band, Computer Art / Digital Art, Visual Art, Studio Art",NYC Solves; Project Pivot,N/A (fewer than 5 teachers),N/A (fewer than 5 teachers),39%,0%,0%,46%,8.1,73%,50%,56%,67%,71%,N/A,61%,82%,61%,94%,85%,44,58%,69%,97 (22%),140 (32%),7% (15),33% (71),47% (101),2% (5),1% (3),8% (17),Good,100%,0%,0%,99%,N/A,N/A,92%,N/A,94%,88%,N/A,N/A,N/A,92%,92%,90%,90%,81%,93%,94%,94%,93%,86%,N/A,91%,88%,90%,77%,85%,82%,85%,86%,100%,N/A,82%,89%,83%,82%,86%,80%,89%,85%,76%,88%,84%,86%,N/A,86%,81%,92%,91%,74%,95%,74%,52%,43%,54%,49%,71%,N/A,59%,55%,47%,93%,90%,93%,94%,86%,N/A,91%,95%,94%,79%,81%,73%,82%,86%,N/A,80%,81%,75%,94%,94%,85%,97%,93%,100%,N/A,94%,93%,98%,91%,88%,85%,89%,86%,100%,N/A,94%,100%,95%,97%,96%,92%,98%,95%,100%,N/A,94%,93%,100%
11X544,High School for Contemporary Arts,Fair,Good,Excellent,hs544x.echalksites.com,Melissa Peters,"09,10,11,12,SE",281,"Ed. Opt., Open",Local Support and Improvement,800 East Gun Hill Road,"Bronx, NY 10467",718-944-5610,1%,39%,52%,2%,<1%,3%,11%,36%,93%,61%,39%,0%,83%,"Boys: Swimming,Soccer,Cross Country,Football,Baseball,Basketball,Indoor Track,Outdoor Track; Girls: Cross Country,Outdoor Track,Softball,Basketball,Volleyball,Indoor Track,Swimming; Co-Ed: N/A","Podcast, Art Club, Peer Group Connection (PGC), COOP Student Aide Internship, Restorative Justice, Peer Mediation.","Playwriting, Music Technology, Computer Art / Digital Art, Visual Art, Acting, Piano Keyboard, Illustration, Dance, Theater, Music History, and more",NYC Solves; Project Pivot,N/A (fewer than 5 teachers),36%,21%,0%,0%,36%,3.1,79%,N/A,61%,45%,N/A,N/A,40%,62%,31%,83%,47%,33,44%,42%,89 (32%),202 (72%),1% (3),37% (80),55% (119),2% (4),<1% (2),3% (6),Excellent,68%,N/A,N/A,88%,0%,12%,87%,N/A,79%,93%,N/A,N/A,N/A,89%,85%,N/A,90%,80%,94%,N/A,97%,91%,N/A,N/A,100%,100%,92%,65%,78%,N/A,93%,68%,N/A,N/A,80%,92%,77%,71%,67%,67%,82%,77%,N/A,84%,72%,N/A,N/A,60%,71%,87%,85%,60%,95%,73%,51%,N/A,73%,36%,N/A,N/A,40%,29%,55%,94%,N/A,97%,94%,N/A,N/A,80%,93%,97%,67%,N/A,81%,57%,N/A,N/A,40%,79%,71%,97%,96%,N/A,100%,95%,N/A,N/A,100%,92%,96%,95%,94%,N/A,100%,95%,N/A,N/A,100%,92%,89%,96%,93%,N/A,94%,95%,N/A,N/A,100%,92%,93%
11X545,Bronx Aerospace High School,Good,Good,Good,www.bxaerospacecte.org,Jose Zayas,"09,10,11,12,SE",174,Ed. Opt.,Local Support and Improvement,800 East Gun Hill Road,"Bronx, NY 10467",718-696-6010,2%,37%,56%,<1%,0%,3%,16%,22%,88%,32%,68%,0%,89%,"Boys: Football,Basketball,Baseball,Swimming,Outdoor Track,Soccer,Indoor Track,Cross Country; Girls: Basketball,Outdoor Track,Softball,Volleyball,Swimming,Cross Country,Indoor Track; Co-Ed: N/A",Should say Ed Rising not Ed Rishning,Three-Dimensional Art,Career & Technical Education; Community School; NYC Solves; Project Pivot,N/A (fewer than 5 teachers),38%,0%,0%,0%,50%,3.1,100%,N/A,75%,85%,N/A,N/A,N/A,80%,82%,88%,59%,34,55%,40%,99 (57%),51 (29%),<1% (1),37% (38),61% (63),0% (0),0% (0),2% (2),Fair,79%,21%,0%,94%,N/A,N/A,85%,N/A,N/A,89%,N/A,N/A,N/A,N/A,80%,N/A,N/A,81%,91%,N/A,90%,91%,N/A,N/A,N/A,90%,88%,73%,86%,N/A,82%,88%,N/A,N/A,N/A,88%,97%,81%,81%,82%,90%,84%,N/A,82%,85%,N/A,N/A,N/A,80%,91%,90%,72%,96%,74%,60%,N/A,66%,58%,N/A,N/A,N/A,64%,67%,84%,N/A,84%,82%,N/A,N/A,N/A,84%,91%,78%,N/A,70%,83%,N/A,N/A,N/A,68%,82%,97%,93%,N/A,95%,92%,N/A,N/A,N/A,100%,86%,86%,86%,N/A,88%,86%,N/A,N/A,N/A,80%,86%,96%,95%,N/A,95%,94%,N/A,N/A,N/A,92%,93%
12X242,Mott Hall V,Good,Good,Good,www.motthallv.org,Peter Oroszlany,"06,07,08,09,10,11,12,SE",364,Ed. Opt.,Local Support and Improvement,1551 East 172 Street,"Bronx, NY 10472",718-620-8160,2%,13%,83%,<1%,<1%,<1%,15%,27%,94%,47%,53%,0%,85%,"Boys: Baseball,Volleyball,Swimming,Soccer,Bowling,Badminton,Basketball; Girls: Volleyball,Badminton,Softball,Basketball,Soccer,Outdoor Track; Co-Ed: N/A","Student Council, Culinary Club, Theater Club, Social Justice Club, Video Game Club, Chess Club, 6th-8th After School program","Visual Art, Core Music, Ceramics, Classroom Music, Filmmaking / Video",DYCD: COMPASS/SONYC; NYC Solves,N/A (fewer than 5 teachers),9%,36%,0%,0%,41%,19.2,73%,67%,87%,81%,82%,N/A,N/A,82%,80%,100%,93%,41,50%,73%,52 (14%),116 (32%),5% (6),13% (17),80% (106),2% (2),<1% (1),<1% (1),Fair,99%,N/A,N/A,99%,N/A,N/A,91%,N/A,N/A,90%,N/A,N/A,N/A,88%,94%,77%,86%,76%,91%,92%,95%,90%,94%,N/A,N/A,84%,84%,74%,90%,82%,96%,89%,88%,N/A,N/A,95%,85%,75%,85%,89%,89%,84%,100%,80%,83%,N/A,N/A,N/A,94%,89%,89%,55%,95%,73%,46%,67%,48%,44%,56%,N/A,N/A,60%,55%,94%,82%,92%,95%,88%,N/A,N/A,96%,92%,80%,67%,76%,81%,83%,N/A,N/A,87%,78%,92%,93%,86%,94%,94%,80%,N/A,N/A,94%,90%,85%,82%,83%,76%,82%,91%,N/A,N/A,84%,88%,97%,93%,100%,94%,92%,90%,N/A,N/A,93%,89%
12X248,"Metropolitan High School, The",Needs Improvement,Good,Fair,www.themetropolitanhs.org/,Mohamed Zaimi,"09,10,11,12,SE",167,"D75 Special Education Inclusive Services, Open",Local Support and Improvement,1180 Rev. J.A. Polite Ave.,"Bronx, NY 10459",718-991-4634,0%,34%,64%,0%,0%,2%,19%,36%,>95%,41%,59%,0%,82%,"Boys: Soccer,Basketball,Baseball; Girls: Basketball,Soccer,Volleyball,Badminton,Softball; Co-Ed: N/A","After school tutoring, Music, Choir, Dance, Cooking club, STEM club, Garden club, Monthly Townhall Celebrations, Monthly Perfect Attendance Trips, School-Wide Day Trips, Phipps After-school, Social Emotional Events,Gender Sexuality Alliance (GSA), Career and College Fairs, Paid student internship","Classroom Music, Core Music, Visual Art, Art History",21st Century Community Learning Center; Community School; CS for All; Future Ready NYC; NYC Solves; Project Pivot,N/A (fewer than 5 teachers),33%,N/A (fewer than 5 teachers),0%,0%,33%,1.5,62%,N/A,79%,68%,N/A,N/A,N/A,80%,77%,100%,83%,23,14%,31%,107 (64%),28 (17%),0% (0),38% (41),61% (65),0% (0),0% (0),0% (0),Excellent,91%,N/A,N/A,86%,N/A,N/A,74%,N/A,73%,75%,N/A,N/A,N/A,N/A,68%,73%,69%,74%,91%,N/A,97%,88%,N/A,N/A,N/A,71%,92%,71%,82%,N/A,81%,82%,N/A,N/A,N/A,100%,82%,89%,100%,94%,82%,75%,N/A,74%,75%,N/A,N/A,N/A,87%,88%,80%,42%,94%,74%,55%,N/A,65%,51%,N/A,N/A,N/A,50%,56%,97%,N/A,97%,98%,N/A,N/A,N/A,100%,96%,72%,N/A,77%,71%,N/A,N/A,N/A,75%,78%,92%,93%,N/A,92%,94%,N/A,N/A,N/A,100%,92%,66%,64%,N/A,62%,63%,N/A,N/A,N/A,69%,56%,92%,94%,N/A,92%,96%,N/A,N/A,N/A,91%,96%
12X251,Explorations Academy H.S.,Good,Excellent,Excellent,www.explorationsnyc.us/,Steven Remeika,"09,10,11,12,SE",277,Ed. Opt.,Local Support and Improvement,1619 Boston Road,"Bronx, NY 10460",718-893-6173,1%,30%,65%,1%,0%,2%,21%,28%,>95%,42%,58%,0%,83%,"Boys: Basketball,Baseball,Soccer; Girls: Softball,Badminton,Volleyball; Co-Ed: N/A",Gender Sexuality Alliance (GSA),"Illustration, Computer Art / Digital Art, Acting, Graphic Design, Scenic Design and Implementation, Studio Art, Mixed Media",NYC Solves; Project Pivot; PROSE,N/A (fewer than 5 teachers),19%,44%,0%,0%,26%,1,93%,N/A,84%,84%,N/A,N/A,N/A,89%,88%,90%,79%,26,31%,37%,53 (19%),90 (32%),0% (0),30% (34),67% (76),2% (2),0% (0),2% (2),Excellent,97%,N/A,N/A,97%,N/A,N/A,78%,N/A,78%,79%,N/A,N/A,N/A,77%,79%,58%,70%,78%,91%,N/A,90%,92%,N/A,N/A,N/A,89%,89%,77%,88%,N/A,91%,85%,N/A,N/A,N/A,93%,93%,85%,86%,86%,89%,84%,N/A,91%,82%,N/A,N/A,N/A,88%,85%,90%,70%,94%,80%,68%,N/A,77%,64%,N/A,N/A,N/A,71%,75%,93%,N/A,97%,91%,N/A,N/A,N/A,90%,92%,83%,N/A,85%,82%,N/A,N/A,N/A,92%,91%,96%,96%,N/A,95%,97%,N/A,N/A,N/A,100%,100%,88%,86%,N/A,85%,87%,N/A,N/A,N/A,90%,87%,99%,98%,N/A,97%,99%,N/A,N/A,N/A,100%,100%
12X267,Bronx Latin,Excellent,Good,Good,www.bronxlatin.com,Annette Fiorentino,"06,07,08,09,10,11,SE",314,Ed. Opt.,Local Support and Improvement,800 Home Street,"Bronx, NY 10456",718-991-6349,<1%,17%,80%,<1%,<1%,<1%,10%,25%,94%,54%,46%,0%,81%,"Boys: Basketball; Girls: Outdoor Track,Volleyball; Co-Ed: N/A","National Honor Society, YLC - Youth Leadership Council, Opening Act (drama),Gender Sexuality Alliance (GSA), Brotherhood, S.H.I.N.E. (Sisterhood, Hope, Identity, Networking, Excellence), gardening club, yearbook, College Now (Lehman College), music, art club, robotics","Core Music, Theater / Play Production, Visual Art, Filmmaking / Video",NYC Solves; Project Pivot,N/A (fewer than 5 teachers),21%,30%,0%,0%,34%,12,74%,N/A,80%,76%,N/A,N/A,N/A,79%,81%,93%,88%,61,91%,73%,124 (39%),130 (41%),<1% (1),17% (38),80% (184),<1% (1),<1% (1),1% (3),Good,96%,N/A,N/A,87%,0%,13%,96%,N/A,N/A,97%,N/A,N/A,N/A,98%,93%,94%,94%,78%,91%,N/A,89%,92%,N/A,N/A,N/A,81%,88%,75%,91%,N/A,93%,90%,N/A,N/A,N/A,94%,90%,70%,81%,60%,91%,84%,N/A,84%,84%,N/A,N/A,N/A,81%,88%,87%,49%,94%,73%,53%,N/A,56%,54%,N/A,N/A,N/A,38%,63%,88%,N/A,86%,89%,N/A,N/A,N/A,89%,83%,76%,N/A,76%,77%,N/A,N/A,N/A,62%,80%,95%,94%,N/A,95%,93%,N/A,N/A,N/A,90%,93%,86%,87%,N/A,95%,85%,N/A,N/A,N/A,78%,80%,97%,98%,N/A,100%,98%,N/A,N/A,N/A,100%,97%
12X271,East Bronx Academy for the Future,Good,Good,Good,www.eastbronxacademy.org,Sarah Scrogin,"06,07,08,09,10,11,12,SE",406,Ed. Opt.,Local Support and Improvement,1716 Southern Boulevard,"Bronx, NY 10460",718-861-8641,1%,22%,71%,2%,2%,1%,20%,35%,>95%,50%,50%,0%,73%,"Boys: Basketball,Soccer,Baseball; Girls: Volleyball,Badminton,Softball; Co-Ed: N/A",PSAL Sports - Boys & Girls,"Music History, Digital Photography, Art History, Music Theory / Musicianship, Core Music, Visual Art",Community School; DYCD: COMPASS/SONYC; Future Ready NYC; NYC Solves; PROSE,0%,24%,35%,0%,0%,36%,20.2,91%,75%,44%,54%,33%,N/A,N/A,67%,54%,71%,65%,42,64%,63%,113 (28%),118 (29%),2% (3),22% (41),71% (134),3% (5),2% (4),2% (3),Good,93%,7%,0%,92%,0%,8%,84%,N/A,88%,84%,N/A,N/A,N/A,83%,85%,64%,82%,77%,88%,83%,92%,87%,100%,N/A,N/A,85%,83%,63%,80%,75%,88%,77%,71%,N/A,N/A,90%,84%,93%,90%,98%,87%,83%,N/A,86%,82%,83%,N/A,N/A,94%,84%,86%,52%,95%,72%,51%,25%,49%,53%,14%,N/A,N/A,55%,52%,86%,88%,92%,84%,100%,N/A,N/A,85%,86%,74%,75%,74%,74%,57%,N/A,N/A,76%,73%,94%,85%,N/A,82%,85%,N/A,N/A,N/A,92%,83%,80%,77%,N/A,72%,79%,N/A,N/A,N/A,73%,82%,93%,91%,N/A,97%,89%,N/A,N/A,N/A,88%,93%
12X388,Pan American International High School at Monroe,Excellent,Good,Excellent,www.paihsmonroe.org/,Mary Pollack,"09,10,11",332,Language Criteria,Local Support and Improvement,1300 Boynton Avenue,"Bronx, NY 10472",718-991-7238,0%,<1%,>99%,0%,0%,0%,93%,2%,>95%,45%,55%,0%,78%,"Boys: Basketball,Baseball,Volleyball,Bowling,Swimming,Badminton,Soccer; Girls: Badminton,Basketball,Softball,Volleyball,Soccer,Outdoor Track; Co-Ed: N/A","Anime Club, Game Club,Gender Sexuality Alliance (GSA), Puzzle Club, Spanish Literature Club, Poetry Club, Art Club",Visual Art,Community School; Consortium; NYC Solves; New Arrivals; PROSE,0%,0%,48%,0%,0%,52%,5,81%,N/A,N/A,88%,N/A,N/A,N/A,89%,80%,79%,69%,30,63%,43%,62 (19%),60 (18%),0% (0),0% (0),100% (117),0% (0),0% (0),0% (0),N/A,100%,0%,0%,100%,0%,0%,90%,N/A,N/A,90%,N/A,N/A,N/A,86%,94%,90%,N/A,87%,93%,N/A,N/A,93%,N/A,N/A,N/A,93%,100%,85%,96%,N/A,N/A,96%,N/A,N/A,N/A,96%,100%,94%,97%,97%,91%,90%,N/A,N/A,90%,N/A,N/A,N/A,90%,100%,87%,58%,96%,82%,66%,N/A,N/A,66%,N/A,N/A,N/A,67%,80%,96%,N/A,N/A,96%,N/A,N/A,N/A,96%,100%,85%,N/A,N/A,85%,N/A,N/A,N/A,85%,100%,98%,98%,N/A,N/A,98%,N/A,N/A,N/A,98%,100%,89%,89%,N/A,N/A,89%,N/A,N/A,N/A,88%,100%,99%,99%,N/A,N/A,99%,N/A,N/A,N/A,99%,100%
12X478,The Cinema School,Fair,Fair,Fair,www.thecinemaschool.com,Keisha Warner,"09,10,11,12,SE",318,Screened,Local Support and Improvement,1551 East 172 Street,"Bronx, NY 10472",718-620-2560,<1%,19%,77%,1%,<1%,<1%,11%,28%,92%,53%,47%,<1%,71%,"Boys: Soccer,Basketball,Volleyball,Bowling,Baseball,Swimming,Badminton; Girls: Volleyball,Softball,Badminton,Basketball,Outdoor Track,Soccer; Co-Ed: N/A",Gender Sexuality Alliance (GSA),"Filmmaking / Video, Visual Art",NYC Solves; Project Pivot,N/A (fewer than 5 teachers),27%,19%,N/A (fewer than 5 teachers),N/A (fewer than 5 teachers),39%,11,77%,N/A,56%,67%,N/A,N/A,N/A,90%,56%,100%,88%,34,36%,72%,153 (48%),207 (65%),<1% (2),17% (40),79% (183),2% (4),<1% (1),<1% (1),Good,77%,23%,0%,90%,0%,10%,90%,N/A,N/A,93%,N/A,N/A,N/A,88%,91%,N/A,83%,67%,90%,N/A,86%,92%,N/A,N/A,N/A,87%,89%,65%,85%,N/A,82%,86%,N/A,N/A,N/A,96%,84%,71%,77%,73%,76%,66%,N/A,60%,69%,N/A,N/A,N/A,70%,72%,84%,46%,96%,62%,31%,N/A,34%,30%,N/A,N/A,N/A,25%,36%,87%,N/A,87%,87%,N/A,N/A,N/A,79%,86%,60%,N/A,65%,59%,N/A,N/A,N/A,71%,58%,85%,76%,N/A,75%,77%,N/A,N/A,N/A,71%,88%,80%,82%,N/A,77%,84%,N/A,N/A,N/A,64%,88%,87%,80%,N/A,62%,86%,N/A,N/A,N/A,93%,88%
12X479,Bronx Career and College Preparatory High School,Needs Improvement,Fair,Good,bccprep.com,Nicole Winn,"09,10,11,12,SE",155,Ed. Opt.,Comprehensive Support and Improvement,800 Home Street,"Bronx, NY 10456",718-542-4011,3%,39%,56%,0%,<1%,0%,20%,30%,>95%,40%,60%,0%,90%,"Boys: N/A; Girls: Volleyball,Outdoor Track; Co-Ed: N/A",N/A,"Studio Art, Visual Art, Portfolio Development",Community School; Future Ready NYC; NYC Solves; Project Pivot,0%,40%,N/A (fewer than 5 teachers),0%,0%,N/A (fewer than 5 teachers),2.1,80%,N/A,81%,90%,N/A,N/A,N/A,95%,85%,95%,95%,26,37%,44%,,45 (29%),5% (3),41% (23),50% (28),0% (0),2% (1),0% (0),Good,74%,N/A,N/A,92%,N/A,N/A,63%,N/A,70%,61%,N/A,N/A,N/A,57%,68%,N/A,67%,62%,91%,N/A,90%,91%,N/A,N/A,N/A,85%,80%,74%,88%,N/A,87%,88%,N/A,N/A,N/A,84%,89%,77%,67%,95%,92%,90%,N/A,87%,91%,N/A,N/A,N/A,84%,89%,77%,38%,98%,71%,57%,N/A,65%,57%,N/A,N/A,N/A,60%,70%,89%,N/A,84%,91%,N/A,N/A,N/A,70%,85%,85%,N/A,77%,91%,N/A,N/A,N/A,85%,90%,92%,91%,N/A,88%,95%,N/A,N/A,N/A,100%,100%,81%,87%,N/A,92%,88%,N/A,N/A,N/A,88%,94%,99%,100%,N/A,100%,100%,N/A,N/A,N/A,100%,100%
12X511,Bronx Envision Academy,Fair,Good,Good,bronxenvision.org,Emily Shu,"09,10,11,12,SE",264,Ed. Opt.,Local Support and Improvement,1619 Boston Road,"Bronx, NY 10460",718-589-1590,1%,34%,62%,0%,0%,<1%,14%,31%,>95%,48%,52%,0%,83%,"Boys: Soccer,Basketball,Baseball; Girls: Softball,Badminton,Volleyball; Co-Ed: N/A","Saturday school, Lunch club, independent reading, regents prep, college trips, dance, art, music, leadership program","Studio Art, Core Music, Dance / Introduction to Dance, Theater Survey, Music Technology, Ballet, Modern Dance, Art History, Visual Art, Jazz Dance",Community School; CS for All; Future Ready NYC; NYC Solves; Project Pivot; PROSE,N/A (fewer than 5 teachers),27%,32%,N/A (fewer than 5 teachers),N/A (fewer than 5 teachers),38%,13.2,79%,N/A,52%,62%,N/A,N/A,N/A,64%,59%,90%,71%,31,41%,47%,71 (27%),102 (39%),<1% (1),39% (49),57% (72),0% (0),0% (0),0% (0),Excellent,86%,N/A,N/A,95%,N/A,N/A,73%,N/A,78%,70%,N/A,N/A,N/A,81%,64%,70%,62%,79%,92%,N/A,88%,94%,N/A,N/A,N/A,90%,91%,67%,79%,N/A,83%,78%,N/A,N/A,N/A,61%,77%,88%,87%,87%,86%,82%,N/A,85%,80%,N/A,N/A,N/A,71%,88%,84%,51%,96%,67%,42%,N/A,43%,42%,N/A,N/A,N/A,44%,55%,87%,N/A,90%,85%,N/A,N/A,N/A,85%,85%,64%,N/A,64%,64%,N/A,N/A,N/A,52%,64%,92%,84%,N/A,84%,86%,N/A,N/A,N/A,93%,90%,81%,88%,N/A,88%,89%,N/A,N/A,N/A,94%,96%,95%,92%,N/A,94%,92%,N/A,N/A,N/A,100%,95%
12X521,The Metropolitan Soundview High School,Fair,Good,Good,www.metrosoundviewhighschool.org,Emarilix Lopez,"09,10,11,12,SE",383,Ed. Opt.,Local Support and Improvement,1300 Boynton Avenue,"Bronx, NY 10472",718-860-8240,2%,22%,72%,2%,0%,2%,20%,35%,>95%,42%,58%,0%,85%,"Boys: Badminton,Basketball,Baseball,Bowling,Volleyball,Swimming,Soccer; Girls: Softball,Outdoor Track,Volleyball,Badminton,Soccer,Basketball; Co-Ed: N/A","Video Gaming, Peer Group Connection,Gender Sexuality Alliance (GSA)","Computer Art / Digital Art, Graphic Design",CS for All; DYCD: Beacon; Future Ready NYC; NYC Solves; Project Pivot,N/A (fewer than 5 teachers),23%,33%,N/A (fewer than 5 teachers),N/A (fewer than 5 teachers),39%,9,69%,83%,50%,42%,60%,N/A,N/A,59%,46%,81%,68%,28,30%,45%,74 (19%),147 (38%),2% (4),25% (42),70% (117),0% (0),0% (0),2% (4),Excellent,91%,N/A,N/A,97%,N/A,N/A,73%,N/A,72%,75%,N/A,N/A,N/A,79%,69%,54%,63%,77%,91%,86%,97%,90%,80%,N/A,N/A,86%,86%,63%,80%,83%,82%,79%,N/A,N/A,N/A,78%,85%,86%,89%,83%,84%,80%,100%,79%,80%,60%,N/A,N/A,89%,85%,89%,66%,97%,71%,46%,33%,61%,44%,40%,N/A,N/A,58%,44%,91%,100%,94%,91%,N/A,N/A,N/A,93%,88%,66%,83%,72%,64%,N/A,N/A,N/A,80%,65%,94%,91%,N/A,100%,87%,N/A,N/A,N/A,94%,90%,82%,86%,N/A,73%,88%,N/A,N/A,N/A,80%,93%,96%,93%,N/A,83%,95%,N/A,N/A,N/A,92%,94%
12X550,High School of World Cultures,Good,Excellent,Excellent,www.schools.nyc.gov/schools/X550,Leslie Aquino,"09,10,11,12",379,Language Criteria,Local Support and Improvement,1300 Boynton Avenue,"Bronx, NY 10472",718-860-8120,2%,6%,89%,<1%,<1%,1%,83%,4%,>95%,42%,58%,0%,87%,"Boys: Soccer,Baseball,Basketball,Volleyball,Bowling,Swimming,Badminton; Girls: Softball,Basketball,Badminton,Soccer,Volleyball,Outdoor Track; Co-Ed: N/A","BUILD NYC Entrepreneurship Program, Culinary, Computer Science, BuildON Community Service Learning, ArteLatAm Mural Workshops, That Suits You boys empowerment group, BrainPower Mindfulness, Kaplan SAT prep, ASPIRA, Students in Action, Dream Squad, Student Government, OmniLearn STEM labs, Liberty Partnership, Newspaper club, PSAL, after school clubs, Saturday Academy,Gender Sexuality Alliance (GSA)","Studio Art, Mixed Media, Theater, Drawing",21st Century Community Learning Center; Career & Technical Education; Community School; Dual Language or TBE; NYC Solves; New Arrivals; PROSE,N/A (fewer than 5 teachers),N/A (fewer than 5 teachers),39%,0%,0%,33%,1.4,79%,N/A,83%,81%,N/A,N/A,N/A,83%,N/A,81%,72%,39,45%,22%,71 (19%),136 (36%),2% (3),5% (7),91% (139),<1% (1),1% (2),<1% (1),N/A,100%,0%,0%,89%,N/A,N/A,80%,N/A,N/A,79%,N/A,N/A,N/A,83%,78%,80%,N/A,82%,91%,N/A,75%,92%,N/A,N/A,N/A,88%,N/A,78%,81%,N/A,88%,82%,N/A,N/A,N/A,80%,N/A,86%,90%,97%,85%,82%,N/A,78%,83%,N/A,N/A,N/A,83%,N/A,90%,65%,95%,75%,57%,N/A,67%,57%,N/A,N/A,N/A,57%,N/A,90%,N/A,89%,91%,N/A,N/A,N/A,89%,N/A,74%,N/A,75%,76%,N/A,N/A,N/A,74%,N/A,94%,96%,100%,95%,96%,N/A,N/A,N/A,97%,67%,94%,94%,83%,95%,94%,N/A,N/A,N/A,94%,67%,97%,96%,100%,95%,96%,N/A,N/A,N/A,97%,83%
12X641,Bard High School Early College Bronx,,,,bhsec.bard.edu/our-network/bronx/,Siska Brutsaert,"09,11,SE",122,N/A,,1619 Boston Road,"Bronx, NY 10460",N/A,15%,34%,42%,<1%,<1%,5%,<1%,8%,78%,58%,42%,0%,60%,"Boys: Basketball,Soccer,Baseball; Girls: Softball,Volleyball,Badminton; Co-Ed: N/A",Gender Sexuality Alliance (GSA),"Core Music, Classroom Music",NYC Solves; PROSE,0%,N/A (fewer than 5 teachers),N/A (fewer than 5 teachers),0%,0%,N/A (fewer than 5 teachers),1.2,25%,71%,78%,74%,N/A,N/A,50%,N/A,50%,86%,57%,N/A,N/A,N/A,,98 (80%),15% (18),34% (41),42% (51),<1% (1),<1% (1),5% (6),N/A,91%,N/A,N/A,100%,0%,0%,N/A,N/A,N/A,N/A,N/A,N/A,N/A,N/A,N/A,N/A,N/A,73%,98%,100%,97%,98%,N/A,N/A,100%,N/A,89%,81%,92%,94%,89%,96%,N/A,N/A,67%,N/A,80%,92%,100%,100%,73%,66%,65%,73%,64%,N/A,N/A,67%,N/A,60%,96%,89%,97%,68%,38%,47%,32%,36%,N/A,N/A,67%,N/A,40%,96%,100%,100%,94%,N/A,N/A,83%,N/A,90%,70%,81%,70%,70%,N/A,N/A,67%,N/A,60%,88%,100%,100%,100%,100%,N/A,N/A,N/A,N/A,N/A,84%,86%,86%,100%,80%,N/A,N/A,N/A,N/A,N/A,95%,97%,100%,100%,92%,N/A,N/A,N/A,N/A,N/A
12X682,Fannie Lou Hamer Freedom High School,Good,Good,Excellent,www.flhfhs.org,Jeffrey Palladino,"09,10,11,12,SE",445,Ed. Opt.,Local Support and Improvement,1021 Jennings Street,"Bronx, NY 10460",718-861-0521,2%,24%,71%,<1%,<1%,<1%,18%,33%,>95%,47%,53%,0%,92%,"Boys: Basketball,Volleyball,Baseball; Girls: Volleyball,Softball,Basketball; Co-Ed: N/A","Anime Club, Art, Building Beats Music Production, Corporate Workplace (Job Training and Paid Internship), Crochet Club, Environmental Science Club, Entrepreneurship classes, Film Club, JPMorgan Live, MSG Classroom, Restorative Justice, Rocking The Boat, Sports, Student Government, Tennis, Skateboarding, Video Game Club, Yearbook, Yoga","Dramatic Literature, Studio Art, Visual Art",Career Readiness and Modern Youth Apprenticeship; Community School; Consortium; Future Ready NYC; PROSE,0%,13%,40%,0%,0%,45%,10,93%,N/A,81%,87%,N/A,N/A,N/A,83%,80%,81%,73%,33,83%,52%,,211 (47%),3% (6),28% (60),68% (148),<1% (1),<1% (1),<1% (1),Good,79%,N/A,N/A,91%,0%,9%,85%,N/A,86%,84%,N/A,N/A,N/A,84%,86%,96%,81%,83%,95%,100%,92%,96%,N/A,N/A,N/A,89%,94%,81%,92%,80%,86%,94%,N/A,N/A,N/A,87%,89%,91%,95%,92%,91%,89%,100%,90%,89%,N/A,N/A,N/A,84%,89%,76%,27%,96%,83%,75%,67%,80%,72%,N/A,N/A,N/A,61%,74%,95%,100%,92%,96%,N/A,N/A,N/A,91%,93%,87%,67%,84%,88%,N/A,N/A,N/A,84%,84%,96%,94%,80%,88%,95%,N/A,N/A,N/A,100%,93%,91%,88%,60%,89%,88%,N/A,N/A,N/A,89%,89%,99%,99%,80%,98%,99%,N/A,N/A,N/A,100%,98%
12X684,Wings Academy,Fair,Fair,,wingsnation.org,Monique Jackson Dickens,"09,10,11,12,SE",236,Ed. Opt.,Local Support and Improvement,1122 East 180 Street,"Bronx, NY 10460",718-597-1751,<1%,40%,56%,<1%,0%,2%,9%,36%,94%,39%,61%,0%,80%,"Boys: Basketball; Girls: Softball,Volleyball,Basketball; Co-Ed: N/A","My Brother's Keeper Initiative, Teen Outreach Program (TOP Club), HerHonor Mentoring Program, Open Stage Project, Bronx River Art Center (BRAC), Student Government Association, Phipps Neighborhoods College Access, Beacon Program","Core Music, Graphic Design",Community School; DYCD: Beacon; Future Ready NYC; NYC Solves; Pathways Advising; Project Pivot,N/A (fewer than 5 teachers),63%,21%,0%,0%,N/A (fewer than 5 teachers),2.5,83%,N/A,64%,57%,N/A,N/A,N/A,N/A,71%,100%,50%,23,27%,47%,44 (19%),76 (32%),1% (1),42% (40),56% (54),1% (1),0% (0),0% (0),Excellent,90%,N/A,N/A,91%,0%,9%,75%,N/A,68%,81%,N/A,N/A,N/A,88%,69%,N/A,75%,68%,89%,N/A,88%,90%,N/A,N/A,N/A,N/A,93%,58%,76%,N/A,82%,68%,N/A,N/A,N/A,N/A,82%,64%,77%,69%,88%,83%,N/A,80%,85%,N/A,N/A,N/A,N/A,94%,80%,40%,96%,66%,51%,N/A,49%,55%,N/A,N/A,N/A,N/A,50%,85%,N/A,87%,84%,N/A,N/A,N/A,N/A,94%,60%,N/A,57%,62%,N/A,N/A,N/A,N/A,53%,N/A,77%,N/A,N/A,78%,N/A,N/A,N/A,N/A,N/A,N/A,93%,N/A,100%,89%,N/A,N/A,N/A,N/A,80%,N/A,71%,N/A,80%,67%,N/A,N/A,N/A,N/A,80%
13K265,Dr. Susan S. McKinney Secondary School of the Arts,Fair,Fair,Good,mckinneyssa.com,Nicole Sledge,"06,07,08,09,10,11,12,SE",144,"Audition, D75 Special Education Inclusive Services",Local Support and Improvement,101 Park Avenue,"Brooklyn, NY 11205",718-834-6760,1%,71%,26%,1%,0%,0%,<1%,36%,89%,54%,46%,0%,62%,"Boys: Cross Country,Badminton,Basketball,Middle Schools Basketball; Girls: Basketball,Cross Country; Co-Ed: Double Dutch",Gender Sexuality Alliance (GSA),"Studio Art, Classroom Music, Dance, Theater",DYCD: Beacon; NYC Solves; Project Pivot,16%,55%,N/A (fewer than 5 teachers),0%,0%,19%,1,65%,N/A,63%,68%,N/A,N/A,N/A,N/A,58%,86%,68%,31,34%,46%,70 (49%),57 (40%),1% (1),76% (72),22% (21),1% (1),0% (0),0% (0),Good,78%,22%,0%,96%,N/A,N/A,67%,N/A,76%,N/A,N/A,N/A,N/A,73%,62%,N/A,54%,71%,90%,N/A,86%,98%,N/A,N/A,N/A,N/A,85%,65%,85%,N/A,82%,93%,N/A,N/A,N/A,N/A,85%,86%,91%,91%,81%,74%,N/A,70%,84%,N/A,N/A,N/A,N/A,75%,80%,36%,96%,67%,48%,N/A,57%,33%,N/A,N/A,N/A,N/A,50%,87%,N/A,83%,93%,N/A,N/A,N/A,N/A,88%,68%,N/A,67%,72%,N/A,N/A,N/A,N/A,57%,91%,89%,N/A,89%,88%,N/A,N/A,N/A,N/A,86%,79%,78%,N/A,77%,81%,N/A,N/A,N/A,N/A,87%,93%,87%,N/A,83%,96%,N/A,N/A,N/A,N/A,90%
13K350,Urban Assembly School of Music and Art,Good,Good,Good,uamusicandart.org,Samir Vural,"09,10,11,12,SE",95,"Ed. Opt., Open",Local Support and Improvement,49 Flatbush Avenue Extension,"Brooklyn, NY 11201",718-858-0249,0%,66%,28%,1%,1%,2%,3%,24%,81%,56%,44%,0%,84%,"Boys: Soccer,Bowling; Girls: Table Tennis,Soccer,Bowling; Co-Ed: Cricket","Student Government, Yearbook, Arts (Art Portfolio, Modern Band, Music Production, Dance, Fashion, Media Arts/Video/Animation, Musical Theater, Photography, Culinary Arts, and more), MBK/MSK, Peer Group Connections (Peer Leadership),Gender Sexuality Alliance (GSA), Fall Arts Festival, Spring Spotlight Showcase, Frequent Trips (Broadway shows, concerts, team building activities)","Classroom Music, Concert Band, Mixed Choir, Symphonic Orchestra, Portfolio Development, Jazz Ensemble, Repertory / Dance Company, Studio Art, Core Music, Mixed Media, and more",Community School; NYC Solves,N/A (fewer than 5 teachers),N/A (fewer than 5 teachers),N/A (fewer than 5 teachers),0%,0%,N/A (fewer than 5 teachers),1.6,42%,N/A,95%,86%,N/A,N/A,N/A,N/A,100%,100%,100%,45,56%,58%,51 (54%),19 (20%),0% (0),64% (45),30% (21),1% (1),0% (0),3% (2),Fair,91%,N/A,N/A,90%,N/A,N/A,92%,N/A,95%,N/A,N/A,N/A,N/A,100%,N/A,N/A,N/A,78%,95%,N/A,100%,85%,N/A,N/A,N/A,N/A,78%,85%,97%,N/A,100%,92%,N/A,N/A,N/A,N/A,100%,96%,91%,100%,92%,92%,N/A,96%,85%,N/A,N/A,N/A,N/A,88%,77%,30%,97%,80%,61%,N/A,70%,46%,N/A,N/A,N/A,N/A,50%,100%,N/A,100%,100%,N/A,N/A,N/A,N/A,100%,82%,N/A,83%,77%,N/A,N/A,N/A,N/A,100%,96%,96%,N/A,94%,100%,N/A,N/A,N/A,N/A,100%,90%,96%,N/A,94%,100%,N/A,N/A,N/A,N/A,100%,89%,78%,N/A,76%,83%,N/A,N/A,N/A,N/A,86%
13K412,Brooklyn Community Arts & Media High School (BCAM),Good,Good,Good,bcamhs.org,James Obrien,"09,10,11,12,SE",397,"ASD/ACES Program, Ed. Opt.",Local Support and Improvement,300 Willoughby Avenue,"Brooklyn, NY 11205",718-230-5748,<1%,58%,30%,1%,<1%,3%,6%,36%,87%,53%,46%,<1%,80%,"Boys: Table Tennis,Basketball,Handball; Girls: Flag Football,Basketball; Co-Ed: Stunt","Student Council, Student Leadership, AdvisoryFamily, Fine Art, Filmmaking, Photography, Modeling, Fashion Design, Podcast, Journalism, Theater, Yearbook, Choir, Debate, Modern Dance, Global Travel, New Orleans Exchange Travel, My Brothers Keeper, My Sisters Keeper, Track & Field, Flag Football,Gender Sexuality Alliance (GSA)","Visual Art, Computer Art / Digital Art, Studio Art, Digital Photography, Drawing",Community School; NYC Solves,13%,46%,N/A (fewer than 5 teachers),0%,0%,30%,18.2,85%,N/A,30%,51%,N/A,N/A,33%,80%,44%,69%,71%,33,32%,57%,59 (15%),125 (31%),<1% (1),59% (119),30% (61),<1% (2),0% (0),2% (5),Excellent,93%,N/A,N/A,95%,0%,5%,87%,N/A,87%,83%,N/A,N/A,N/A,90%,84%,N/A,74%,77%,93%,N/A,91%,95%,N/A,N/A,100%,90%,94%,62%,70%,N/A,66%,74%,N/A,N/A,78%,91%,65%,88%,83%,97%,86%,80%,N/A,82%,82%,N/A,N/A,67%,73%,88%,86%,62%,97%,69%,40%,N/A,39%,44%,N/A,N/A,67%,73%,57%,90%,N/A,87%,97%,N/A,N/A,89%,91%,90%,63%,N/A,62%,65%,N/A,N/A,67%,80%,68%,92%,85%,N/A,90%,75%,N/A,N/A,N/A,N/A,62%,86%,90%,N/A,89%,88%,N/A,N/A,N/A,N/A,77%,88%,82%,N/A,82%,75%,N/A,N/A,N/A,N/A,69%
13K419,"Science Skills Center High School for Science, Technology and the Creative Arts",Excellent,Fair,Good,scienceskillscenterhs.org/,Dahlia Mcgregor,"09,10,11,12,SE",494,"Ed. Opt., Screened",Local Support and Improvement,49 Flatbush Avenue Extension,"Brooklyn, NY 11201",718-243-9413,8%,61%,22%,1%,<1%,3%,3%,17%,79%,40%,60%,0%,66%,"Boys: Basketball,Outdoor Track; Girls: Softball,Table Tennis,Soccer; Co-Ed: N/A","Journalism Club (Publication done by Student-Monthly School Newsletter), National Society of Black Engineers, National Student Council Chapter/Student Government Organization, National Honor Society Chapter, Arts Club, Dance Club, Computer Science Club, Gaming Club, Chess Club, Anime Club, Muslim Student Union, Debate Club,Gender Sexuality Alliance (GSA), Multicultural Book Club, My Brothers Keeper, My Sisters keeper","Painting, Drawing, Core Music, Choreography / Dance Composition, Piano Keyboard, Three-Dimensional Art, Studio Art, Visual Art",Career & Technical Education; Community School; NYC Solves,13%,37%,13%,N/A (fewer than 5 teachers),0%,26%,12.4,58%,72%,55%,47%,N/A,N/A,55%,100%,52%,83%,77%,56,84%,83%,261 (53%),266 (54%),8% (32),61% (243),23% (90),1% (4),<1% (2),2% (9),Needs Improvement,96%,N/A,N/A,93%,N/A,N/A,97%,N/A,98%,93%,N/A,N/A,N/A,99%,95%,N/A,100%,70%,81%,90%,80%,85%,N/A,N/A,67%,100%,79%,52%,63%,68%,64%,62%,N/A,N/A,50%,100%,71%,72%,87%,66%,83%,73%,96%,73%,71%,N/A,N/A,64%,100%,76%,94%,83%,96%,58%,30%,43%,30%,25%,N/A,N/A,18%,62%,36%,82%,97%,83%,80%,N/A,N/A,82%,88%,82%,48%,67%,49%,38%,N/A,N/A,45%,88%,55%,90%,86%,100%,79%,100%,N/A,N/A,N/A,N/A,92%,85%,83%,75%,87%,80%,N/A,N/A,N/A,N/A,100%,92%,93%,92%,92%,100%,N/A,N/A,N/A,N/A,100%
13K430,Brooklyn Technical High School,Excellent,Good,Fair,bths.edu,David Newman,"09,10,11,12",5804,Test,Local Support and Improvement,29 Ft Greene Place,"Brooklyn, NY 11217",718-804-6400,60%,5%,7%,<1%,<1%,24%,<1%,2%,52%,43%,57%,<1%,96%,"Boys: Bowling,Indoor Track,Basketball,Cross Country,Tennis,Outdoor Track,Wrestling,Handball,Swimming,Badminton,Fencing,Volleyball,Table Tennis,Football,Baseball,Lacrosse,Soccer; Girls: Tennis,Basketball,Golf,Indoor Track,Bowling,Lacrosse,Fencing,Handball,Volleyball,Cross Country,Swimming,Badminton,Table Tennis,Outdoor Track,Softball,Wrestling,Soccer; Co-Ed: Cricket,Golf,Stunt",Gender Sexuality Alliance (GSA),"Computer Art / Digital Art, String Orchestra, Concert Band, Mixed Choir, Studio Art, Portfolio Development, Classroom Music, Filmmaking / Video, Treble Choir, Jazz Ensemble, and more",Career & Technical Education; Respect for All,19%,8%,9%,0%,0%,58%,7.7,88%,74%,66%,77%,75%,80%,77%,N/A,81%,60%,39%,94,100%,89%,4307 (74%),3215 (55%),60% (3399),5% (283),7% (393),<1% (33),<1% (40),24% (1371),Needs Improvement,92%,N/A,N/A,94%,0%,6%,98%,99%,93%,93%,N/A,N/A,98%,99%,97%,N/A,94%,83%,96%,97%,87%,95%,96%,95%,97%,N/A,97%,87%,95%,95%,92%,95%,96%,95%,97%,N/A,92%,78%,89%,70%,88%,81%,83%,75%,80%,82%,93%,78%,N/A,81%,94%,86%,97%,74%,60%,60%,51%,55%,61%,61%,62%,N/A,71%,96%,96%,94%,96%,96%,92%,95%,N/A,98%,86%,86%,71%,83%,86%,78%,88%,N/A,87%,85%,78%,80%,72%,73%,81%,78%,75%,N/A,88%,69%,54%,53%,61%,57%,67%,50%,56%,N/A,73%,92%,84%,87%,78%,78%,88%,77%,80%,N/A,93%
13K439,Brooklyn International High School,Good,Excellent,Good,www.mybihs.org/,Kathleen Rucker,"09,10,11,12",317,Language Criteria,Local Support and Improvement,49 Flatbush Avenue Extension,"Brooklyn, NY 11201",718-643-9315,15%,12%,65%,<1%,<1%,7%,87%,5%,95%,41%,59%,0%,92%,"Boys: Soccer,Bowling; Girls: Bowling,Soccer,Table Tennis; Co-Ed: Cricket",Gender Sexuality Alliance (GSA),"Studio Art, Dance / Introduction to Dance",Community School; Consortium; Future Ready NYC; New Arrivals; PROSE,N/A (fewer than 5 teachers),0%,N/A (fewer than 5 teachers),0%,0%,69%,10,88%,88%,91%,96%,N/A,N/A,100%,94%,100%,100%,96%,43,86%,48%,,78 (25%),16% (27),16% (27),63% (105),0% (0),<1% (1),4% (7),N/A,100%,0%,0%,58%,N/A,N/A,70%,N/A,N/A,57%,N/A,N/A,N/A,78%,65%,70%,N/A,86%,92%,86%,79%,96%,N/A,N/A,92%,91%,N/A,81%,89%,80%,96%,89%,N/A,N/A,100%,90%,80%,94%,92%,96%,91%,87%,96%,76%,87%,N/A,N/A,92%,86%,100%,86%,55%,97%,85%,67%,84%,65%,62%,N/A,N/A,85%,65%,60%,95%,88%,100%,95%,N/A,N/A,100%,94%,100%,84%,88%,77%,82%,N/A,N/A,100%,82%,100%,96%,93%,100%,87%,91%,N/A,N/A,100%,93%,N/A,85%,82%,93%,76%,79%,N/A,N/A,86%,82%,N/A,96%,95%,93%,93%,95%,N/A,N/A,100%,96%,N/A
13K483,The Urban Assembly School for Law and Justice,Good,Good,Good,sljhs.org,Kristin Ferrales,"09,10,11,12,SE",436,Ed. Opt.,Local Support and Improvement,283 Adams Street,"Brooklyn, NY 11201",718-858-1160,4%,58%,33%,1%,0%,3%,3%,17%,81%,64%,36%,0%,80%,"Boys: Basketball,Soccer; Girls: Soccer,Volleyball,Basketball; Co-Ed: N/A","Art Club, Black Student Union, Chess Club, Broadway's Babies, Dance, Speech & Debate, Drama & Creative Arts,Gender Sexuality Alliance (GSA), Yearbook, Young Men's Initiative, Young Women's Association, StuCo, Latino Culture Club, Local Programs, Opportunity Programs, Study Abroad, Internships","Theater Survey, Portfolio Development, Mixed Media, Core Music, Graphic Design",NYC Solves; Project Pivot; PROSE,0%,21%,15%,0%,0%,56%,4.1,65%,80%,69%,67%,N/A,N/A,91%,67%,75%,90%,41%,39,33%,79%,109 (25%),147 (34%),3% (6),56% (108),35% (68),2% (3),0% (0),2% (4),Good,96%,N/A,N/A,86%,0%,14%,90%,N/A,86%,95%,N/A,N/A,N/A,90%,88%,N/A,67%,78%,92%,75%,95%,91%,N/A,N/A,91%,88%,85%,66%,83%,50%,86%,79%,80%,N/A,100%,100%,89%,92%,97%,97%,89%,81%,82%,83%,79%,80%,N/A,100%,75%,77%,83%,39%,96%,73%,56%,50%,57%,51%,40%,N/A,92%,44%,52%,90%,75%,91%,89%,80%,N/A,100%,56%,87%,69%,42%,73%,63%,80%,N/A,100%,75%,70%,93%,86%,80%,89%,84%,N/A,N/A,80%,N/A,80%,88%,87%,90%,87%,87%,N/A,N/A,90%,N/A,90%,93%,92%,80%,94%,92%,N/A,N/A,90%,N/A,90%
13K527,Urban Assembly Institute of Math and Science for Young Women,Good,Good,Good,www.uainstitute.org,Kiri Soares,"06,07,08,09,10,11,12,SE",280,Ed. Opt.,Local Support and Improvement,283 Adams Street,"Brooklyn, NY 11201",718-260-2300,12%,56%,15%,<1%,1%,13%,9%,18%,88%,100%,0%,0%,78%,"Boys: Soccer,Basketball; Girls: Volleyball,Soccer,Basketball; Co-Ed: N/A","UAI offers an array of in-day and after school programming: Photography Club, Hydroponic Gardening, Green Team, Youth Leadership Council (YLC), Student Government,Gender Sexuality Alliance (GSA), Cheer Team, Step Team, Anime Club, Zine Club, Dance Club, Gaming Club, Arts and Crafts and Community Service opportunities",Theater Survey,DYCD: COMPASS/SONYC; NYC Solves,N/A (fewer than 5 teachers),35%,N/A (fewer than 5 teachers),0%,0%,48%,14.1,60%,60%,63%,66%,N/A,N/A,62%,87%,63%,91%,85%,42,61%,75%,147 (53%),95 (34%),11% (21),58% (108),17% (31),0% (0),2% (4),11% (21),Excellent,92%,N/A,N/A,86%,0%,14%,96%,N/A,100%,N/A,N/A,N/A,N/A,96%,N/A,N/A,94%,78%,89%,82%,93%,90%,N/A,N/A,82%,93%,94%,76%,89%,91%,89%,93%,N/A,N/A,85%,100%,93%,80%,79%,74%,90%,86%,88%,88%,83%,N/A,N/A,79%,91%,90%,85%,48%,96%,76%,62%,56%,64%,58%,N/A,N/A,59%,86%,70%,92%,91%,91%,95%,N/A,N/A,97%,100%,95%,75%,74%,76%,84%,N/A,N/A,65%,87%,74%,92%,89%,86%,89%,90%,N/A,N/A,87%,93%,97%,80%,83%,85%,85%,84%,N/A,N/A,77%,69%,87%,92%,88%,89%,91%,84%,N/A,N/A,84%,100%,87%
13K594,Gotham Professional Arts Academy,Good,,Needs Improvement,www.gothamacademy.org,Robert Michelin,"09,10,11,12,SE",244,Ed. Opt.,Local Support and Improvement,561 Grand Avenue,"Brooklyn, NY 11238",718-230-7270,1%,70%,24%,1%,0%,2%,2%,36%,85%,67%,33%,0%,87%,"Boys: Outdoor Track,Indoor Track; Girls: Outdoor Track,Indoor Track; Co-Ed: N/A","Podcasting, literary magazine, dance, guitar, drumming,Gender Sexuality Alliance (GSA), knitting, rock climbing, intramural basketball, art club, student government, theatre and improv, student government, running club, Gotham Scholars, SEO, Brooklyn STEAM, ArtsConnection, Whitney Museum, Brooklyn Museum, Mass MoCA, music production and more!","Studio Art, Dramatic Literature, Drawing, Photography",Community School; Consortium; PROSE,N/A (fewer than 5 teachers),29%,21%,0%,0%,33%,5.8,71%,N/A,36%,N/A,N/A,N/A,N/A,N/A,29%,47%,40%,53,100%,53%,44 (18%),77 (32%),2% (3),68% (127),26% (48),<1% (1),0% (0),3% (6),Fair,93%,8%,0%,92%,0%,8%,89%,N/A,90%,N/A,N/A,N/A,N/A,89%,88%,N/A,79%,N/A,100%,N/A,100%,N/A,N/A,N/A,N/A,N/A,100%,N/A,87%,N/A,90%,N/A,N/A,N/A,N/A,N/A,83%,N/A,67%,60%,N/A,81%,N/A,91%,N/A,N/A,N/A,N/A,N/A,71%,77%,34%,94%,N/A,62%,N/A,55%,N/A,N/A,N/A,N/A,N/A,43%,93%,N/A,90%,N/A,N/A,N/A,N/A,N/A,100%,80%,N/A,80%,N/A,N/A,N/A,N/A,N/A,71%,73%,57%,N/A,N/A,N/A,N/A,N/A,N/A,N/A,N/A,86%,71%,N/A,N/A,N/A,N/A,N/A,N/A,N/A,N/A,69%,57%,N/A,N/A,N/A,N/A,N/A,N/A,N/A,N/A
13K595,Bedford Academy High School,Excellent,Excellent,Good,bedfordacademyhs.org,Adofo Muhammad,"09,10,11,SE",362,Screened,Local Support and Improvement,1119 Bedford Avenue,"Brooklyn, NY 11216",718-398-3061,6%,69%,15%,<1%,<1%,4%,<1%,14%,68%,54%,46%,0%,67%,"Boys: Basketball,Outdoor Track; Girls: Basketball,Outdoor Track; Co-Ed: N/A","College tours, College Classes, Student Government, Internships and Peer to Peer Tutorial Services","Music Technology, Piano Keyboard, Music Theory / Musicianship",NYC Solves; PROSE; Respect for All,25%,54%,N/A (fewer than 5 teachers),0%,0%,N/A (fewer than 5 teachers),14.4,79%,82%,85%,86%,N/A,N/A,80%,N/A,73%,90%,71%,58,79%,77%,113 (31%),110 (30%),8% (17),64% (138),17% (37),<1% (1),<1% (1),6% (13),Good,85%,N/A,N/A,89%,N/A,N/A,99%,N/A,99%,N/A,N/A,N/A,N/A,100%,98%,N/A,N/A,81%,94%,89%,96%,90%,N/A,N/A,91%,N/A,86%,81%,96%,100%,95%,95%,N/A,N/A,100%,N/A,100%,88%,90%,90%,88%,85%,94%,88%,81%,N/A,N/A,64%,N/A,90%,92%,75%,98%,71%,42%,39%,41%,42%,N/A,N/A,50%,N/A,34%,93%,89%,92%,98%,N/A,N/A,91%,N/A,90%,77%,72%,76%,79%,N/A,N/A,90%,N/A,72%,90%,86%,N/A,82%,91%,N/A,N/A,N/A,N/A,78%,87%,80%,N/A,81%,73%,N/A,N/A,N/A,N/A,89%,94%,92%,N/A,91%,91%,N/A,N/A,N/A,N/A,89%
13K605,George Westinghouse Career and Technical Education High School,Fair,Good,Good,www.westinghousehs.org,Joey Arzuaga,"09,10,11,12,SE",565,"D75 Special Education Inclusive Services, Ed. Opt., Open, Screened",Local Support and Improvement,105 Tech Place,"Brooklyn, NY 11201",718-625-6130,4%,60%,30%,1%,0%,3%,3%,27%,81%,28%,72%,0%,85%,"Boys: Indoor Track,Soccer,Bowling,Handball,Basketball,Baseball,Outdoor Track; Girls: Indoor Track,Volleyball,Softball,Outdoor Track,Basketball; Co-Ed: N/A","Anime Club, Art Club, Book Club, Chess Club, Cheer Club, Cookie Club, Drama Club, Fitness Club, Video Gaming Club,Gender Sexuality Alliance (GSA), Guitar Club, Key Club, My Brother??s Keeper, My. Sisters Keeper, Podcast Club, FIRST Robotics Team, National Honor Society, PACE Upward Bound @ Pace University, Brooklyn TRIO @ Brooklyn College, Bridging the Gap @ New York City College of Technology, RAPP Program","Drawing, Core Music, Piano Keyboard",Career & Technical Education; CS for All; Future Ready NYC; NYC Solves; Project Pivot,N/A (fewer than 5 teachers),28%,10%,N/A (fewer than 5 teachers),0%,46%,N/A,86%,47%,52%,58%,N/A,N/A,73%,58%,49%,75%,75%,33,62%,54%,93 (16%),189 (33%),5% (11),56% (134),33% (78),2% (4),0% (0),3% (7),Needs Improvement,89%,11%,0%,92%,N/A,N/A,89%,N/A,89%,85%,N/A,N/A,N/A,90%,88%,N/A,87%,68%,90%,93%,90%,89%,N/A,N/A,90%,91%,93%,65%,82%,80%,83%,81%,N/A,N/A,91%,75%,80%,78%,75%,90%,83%,80%,88%,81%,76%,N/A,N/A,75%,82%,84%,85%,60%,96%,65%,40%,35%,41%,40%,N/A,N/A,33%,38%,37%,88%,100%,85%,91%,N/A,N/A,100%,100%,91%,70%,76%,69%,69%,N/A,N/A,92%,62%,71%,91%,95%,100%,95%,91%,N/A,N/A,100%,80%,89%,89%,85%,73%,88%,78%,N/A,N/A,83%,80%,87%,94%,94%,100%,92%,96%,N/A,N/A,100%,N/A,89%
13K670,Benjamin Banneker Academy,Good,Fair,Fair,www.benjaminbanneker.nyc,Kinsley Kwateng,"09,10,11,12,SE",839,Screened,Local Support and Improvement,71-77 Clinton Avenue,"Brooklyn, NY 11205",718-797-3702,2%,75%,17%,1%,<1%,2%,1%,14%,74%,52%,48%,0%,84%,"Boys: Soccer,Cross Country,Basketball,Bowling,Baseball,Indoor Track,Fencing,Outdoor Track; Girls: Fencing,Basketball,Soccer,Volleyball,Indoor Track,Softball,Cross Country,Outdoor Track,Tennis; Co-Ed: N/A",N/A,"Dance / Introduction to Dance, Studio Art, Core Music, Visual Art, Jazz Dance, Filmmaking / Video",NYC Solves,N/A (fewer than 5 teachers),56%,N/A (fewer than 5 teachers),0%,0%,31%,8.2,73%,40%,47%,45%,N/A,N/A,86%,N/A,57%,76%,62%,52,83%,75%,286 (34%),439 (52%),2% (11),73% (427),16% (96),1% (7),1% (6),2% (14),Fair,99%,N/A,N/A,95%,N/A,N/A,97%,N/A,98%,97%,N/A,N/A,N/A,98%,95%,N/A,86%,76%,91%,100%,90%,91%,N/A,N/A,100%,N/A,92%,68%,79%,60%,82%,75%,N/A,N/A,88%,N/A,85%,83%,90%,86%,83%,76%,71%,76%,75%,N/A,N/A,88%,N/A,82%,83%,48%,95%,68%,41%,29%,41%,46%,N/A,N/A,62%,N/A,61%,86%,86%,87%,85%,N/A,N/A,100%,N/A,86%,66%,57%,68%,56%,N/A,N/A,75%,N/A,70%,90%,86%,N/A,84%,89%,N/A,N/A,N/A,N/A,100%,84%,80%,N/A,78%,78%,N/A,N/A,N/A,N/A,100%,86%,83%,N/A,84%,78%,N/A,N/A,N/A,N/A,100%
13K674,"City Polytechnic High School of Engineering, Architecture, and Technology",Good,Good,Good,www.citypolyhs.org,Rachel Hill,"09,10,11,12,SE",429,Ed. Opt.,Local Support and Improvement,105 Tech Place,"Brooklyn, NY 11201",718-875-1473,8%,61%,24%,3%,<1%,3%,4%,19%,74%,18%,82%,0%,88%,"Boys: Baseball,Bowling,Indoor Track,Soccer,Outdoor Track,Handball,Basketball; Girls: Basketball,Indoor Track,Volleyball,Softball,Outdoor Track; Co-Ed: N/A",Gender Sexuality Alliance (GSA),Studio Art,Career & Technical Education; NYC Solves,N/A (fewer than 5 teachers),24%,15%,0%,0%,44%,1.1,62%,55%,63%,57%,33%,N/A,100%,55%,53%,62%,54%,46,51%,69%,,206 (48%),9% (22),59% (149),24% (60),2% (6),<1% (1),3% (8),Good,96%,N/A,N/A,100%,0%,0%,84%,N/A,89%,74%,N/A,N/A,N/A,88%,83%,N/A,79%,72%,95%,95%,94%,95%,100%,N/A,100%,83%,89%,72%,87%,90%,87%,86%,83%,N/A,80%,83%,80%,46%,58%,38%,88%,85%,86%,85%,83%,100%,N/A,100%,92%,73%,88%,64%,96%,70%,51%,67%,53%,47%,20%,N/A,60%,67%,40%,94%,91%,94%,95%,100%,N/A,100%,100%,98%,76%,76%,78%,73%,100%,N/A,80%,67%,69%,90%,98%,N/A,100%,89%,N/A,N/A,N/A,N/A,100%,85%,87%,N/A,89%,91%,N/A,N/A,N/A,N/A,90%,97%,96%,N/A,94%,100%,N/A,N/A,N/A,N/A,80%
13K963,Design Works High School,,Excellent,Excellent,www.designworkshs.org/,Corinth Hunter,"09,SE",86,Open,,662 Pacific Street,"Brooklyn, NY 11217",929-489-3880,2%,44%,20%,0%,0%,19%,0%,26%,57%,49%,49%,2%,79%,"Boys: Outdoor Track,Indoor Track,Baseball,Basketball,Handball,Soccer,Bowling; Girls: Basketball,Indoor Track,Softball,Volleyball,Outdoor Track; Co-Ed: N/A","Robotics, Coding, Media, Student Gov, Podcasting, Activism, Art, Sequential Art,Gender Sexuality Alliance (GSA), & Book Club. Other options available upon student request.",Mixed Media,CS for All; Future Ready NYC; NYC Solves,0%,N/A (fewer than 5 teachers),0%,0%,0%,N/A (fewer than 5 teachers),1.2,67%,N/A,94%,94%,N/A,N/A,100%,N/A,89%,100%,100%,N/A,N/A,N/A,35 (41%),29 (34%),5% (2),31% (12),21% (8),0% (0),0% (0),31% (12),Needs Improvement,89%,N/A,N/A,75%,0%,25%,N/A,N/A,N/A,N/A,N/A,N/A,N/A,N/A,N/A,N/A,N/A,77%,98%,N/A,97%,100%,N/A,N/A,93%,N/A,100%,83%,96%,N/A,97%,100%,N/A,N/A,93%,N/A,95%,78%,100%,43%,88%,85%,N/A,86%,82%,N/A,N/A,80%,N/A,89%,97%,92%,97%,82%,78%,N/A,81%,76%,N/A,N/A,87%,N/A,75%,95%,N/A,94%,100%,N/A,N/A,87%,N/A,90%,80%,N/A,81%,88%,N/A,N/A,73%,N/A,70%,96%,98%,N/A,100%,100%,N/A,N/A,92%,N/A,100%,97%,95%,N/A,94%,94%,N/A,N/A,100%,N/A,89%,100%,98%,N/A,97%,100%,N/A,N/A,100%,N/A,95%
14K071,Juan Morel Campos Secondary School,Fair,Good,Fair,www.juanmorelcampos.com/,Nichole Cicileo,"06,07,08,09,10,11,12,SE",333,"ASD/ACES Program, Open",Local Support and Improvement,215 Heyward Street,"Brooklyn, NY 11206",718-302-7900,0%,26%,69%,<1%,<1%,4%,28%,33%,>95%,44%,56%,0%,83%,"Boys: Soccer,Basketball,Baseball,Handball; Girls: Softball,Volleyball,Basketball; Co-Ed: N/A",N/A,"Studio Art, Concert Band, Modern Dance, Acting, Fashion and Textile Design, Theater / Play Production",Community School; Dual Language or TBE; DYCD: COMPASS/SONYC; NYC Solves,N/A (fewer than 5 teachers),29%,16%,0%,0%,50%,0.5,74%,N/A,45%,55%,N/A,N/A,N/A,73%,56%,75%,60%,38,65%,65%,72 (22%),73 (22%),0% (0),28% (34),69% (85),<1% (1),<1% (1),2% (2),Fair,88%,N/A,N/A,98%,0%,2%,87%,N/A,94%,86%,N/A,N/A,N/A,94%,81%,76%,88%,78%,91%,N/A,89%,92%,N/A,N/A,N/A,92%,87%,64%,73%,N/A,66%,76%,N/A,N/A,N/A,77%,71%,82%,94%,87%,85%,73%,N/A,68%,74%,N/A,N/A,N/A,84%,70%,82%,42%,96%,73%,52%,N/A,49%,53%,N/A,N/A,N/A,64%,54%,89%,N/A,83%,91%,N/A,N/A,N/A,87%,84%,73%,N/A,65%,76%,N/A,N/A,N/A,86%,68%,91%,67%,N/A,63%,68%,N/A,N/A,N/A,64%,67%,81%,72%,N/A,67%,75%,N/A,N/A,N/A,76%,70%,83%,70%,N/A,70%,70%,N/A,N/A,N/A,74%,65%
14K454,The Williamsburg High School of Art and Technology,Good,,Excellent,whsat.org,Cordel Blair,"09,10,11,12,SE",423,"Ed. Opt., Language Criteria, Screened",Local Support and Improvement,223 Graham Avenue,"Brooklyn, NY 11206",718-599-1207,3%,25%,63%,<1%,<1%,4%,13%,24%,83%,40%,60%,0%,83%,"Boys: Volleyball,Basketball,Soccer,Baseball,Cross Country,Outdoor Track,Table Tennis; Girls: Basketball,Badminton,Volleyball,Cross Country,Outdoor Track; Co-Ed: N/A","My Brother's Keeper, My Sister's Keeper, Creative Writing Club, Animation Club, Ping Pong Club, Podcast club, Theater Club, Design Club, Art Club, Construction club,Gender Sexuality Alliance (GSA)","Studio Art, Graphic Design",Career & Technical Education; Career Readiness and Modern Youth Apprenticeship; Community School; Dual Language or TBE; NYC Solves; PROSE; Respect for All,N/A (fewer than 5 teachers),32%,19%,0%,0%,42%,2.1,68%,N/A,65%,82%,N/A,N/A,N/A,100%,67%,85%,75%,50,84%,59%,158 (37%),196 (46%),4% (10),27% (75),61% (172),<1% (1),0% (0),4% (11),Excellent,94%,N/A,N/A,99%,N/A,N/A,97%,N/A,97%,98%,N/A,N/A,N/A,97%,97%,92%,91%,N/A,98%,N/A,100%,96%,N/A,N/A,N/A,80%,100%,N/A,92%,N/A,88%,92%,N/A,N/A,100%,100%,95%,N/A,95%,84%,N/A,85%,N/A,88%,84%,N/A,N/A,80%,86%,86%,85%,58%,95%,N/A,55%,N/A,38%,60%,N/A,N/A,60%,71%,45%,97%,N/A,100%,96%,N/A,N/A,100%,100%,95%,82%,N/A,85%,79%,N/A,N/A,100%,100%,81%,95%,91%,N/A,93%,89%,N/A,N/A,N/A,100%,89%,86%,82%,N/A,86%,82%,N/A,N/A,N/A,80%,94%,99%,99%,N/A,100%,98%,N/A,N/A,N/A,100%,100%
14K474,PROGRESS High School for Professional Careers,Fair,Excellent,Excellent,www.progresshighschool.com,Jasmine Pena,"09,10,11,12,SE",415,Ed. Opt.,Local Support and Improvement,850 Grand Street,"Brooklyn, NY 11211",718-387-0228,<1%,23%,73%,<1%,<1%,2%,29%,24%,94%,49%,51%,0%,88%,"Boys: Soccer,Wrestling,Football,Basketball,Handball,Baseball,Volleyball; Girls: Handball,Soccer,Outdoor Track,Volleyball,Basketball,Softball; Co-Ed: Golf",N/A,"Studio Art, Concert Band, Visual Art, Guitar, Three-Dimensional Art, Jazz Ensemble, Technical Theater",Dual Language or TBE; DYCD: Beacon; DYCD: COMPASS/SONYC; NYC Solves; Project Pivot,N/A (fewer than 5 teachers),22%,31%,0%,0%,38%,5.6,88%,N/A,41%,70%,N/A,N/A,N/A,73%,56%,86%,75%,29,38%,43%,138 (33%),160 (39%),<1% (2),24% (60),72% (182),<1% (1),0% (0),3% (7),Excellent,98%,N/A,N/A,98%,N/A,N/A,79%,N/A,78%,78%,N/A,N/A,N/A,86%,68%,64%,83%,79%,89%,N/A,94%,87%,N/A,N/A,N/A,85%,88%,75%,84%,N/A,93%,81%,N/A,N/A,N/A,79%,90%,87%,93%,93%,82%,76%,N/A,78%,75%,N/A,N/A,N/A,68%,84%,87%,66%,97%,72%,44%,N/A,42%,44%,N/A,N/A,N/A,43%,55%,89%,N/A,88%,89%,N/A,N/A,N/A,86%,85%,80%,N/A,85%,79%,N/A,N/A,N/A,78%,85%,98%,100%,N/A,100%,100%,N/A,N/A,N/A,100%,100%,99%,100%,N/A,100%,100%,N/A,N/A,N/A,100%,100%,100%,99%,N/A,100%,98%,N/A,N/A,N/A,95%,100%
14K477,East Williamsburg Scholars Academy,Fair,Good,Fair,www.ew-sa.org,Rosemary Vega,"09,10,11,12,SE",505,"Ed. Opt., Open",Local Support and Improvement,850 Grand Street,"Brooklyn, NY 11211",718-387-2800,<1%,13%,76%,0%,<1%,3%,42%,19%,92%,44%,56%,0%,92%,"Boys: Handball,Baseball,Volleyball,Soccer,Wrestling,Basketball,Football; Girls: Volleyball,Handball,Soccer,Basketball,Softball,Outdoor Track; Co-Ed: Golf","Conflict Resolution, Artsmart, LGBTQIA club, Leadership Program, College Now, Wellness Program, Civics for All, Cooking Class, Community Service Learning, Mentoring, My Sister's Keeper and My Brother's Keeper PSAL SPORTS - COED Golf PSAL SPORTS - GIRLS Basketball, Handball, Outdoor Track, Soccer, Softball, Volleyball PSAL SPORTS - BOYS Baseball, Basketball, Football, Handball, Soccer, Volleyball, Wrestling","Concert Band, Jazz Ensemble, Guitar, Studio Art, Visual Art, Technical Theater",Career & Technical Education; Dual Language or TBE; NYC Solves; Project Pivot,13%,28%,23%,0%,0%,33%,10.5,64%,N/A,67%,78%,N/A,N/A,67%,89%,80%,88%,79%,33,54%,45%,110 (22%),225 (45%),1% (3),13% (37),72% (198),0% (0),1% (3),5% (13),Good,90%,10%,0%,84%,0%,16%,91%,N/A,84%,91%,N/A,N/A,N/A,96%,88%,94%,80%,73%,92%,N/A,89%,93%,N/A,N/A,88%,86%,92%,77%,89%,N/A,93%,87%,N/A,N/A,100%,89%,85%,78%,82%,79%,86%,82%,N/A,82%,81%,N/A,N/A,78%,87%,75%,87%,66%,95%,74%,51%,N/A,45%,51%,N/A,N/A,67%,51%,55%,95%,N/A,93%,94%,N/A,N/A,100%,95%,91%,82%,N/A,72%,85%,N/A,N/A,67%,84%,82%,86%,67%,N/A,N/A,68%,N/A,N/A,N/A,69%,83%,76%,67%,N/A,N/A,63%,N/A,N/A,N/A,67%,67%,87%,92%,N/A,N/A,90%,N/A,N/A,N/A,93%,100%
14K478,"The High School for Enterprise, Business and Technology",Fair,Good,Fair,www.ebtbrooklyn.com,Holger Carrillo,"09,10,11,12,SE",544,"Ed. Opt., Screened",Local Support and Improvement,850 Grand Street,"Brooklyn, NY 11211",718-387-2800,5%,20%,67%,<1%,0%,2%,23%,20%,90%,32%,68%,0%,84%,"Boys: Basketball,Handball,Football,Wrestling,Volleyball,Soccer,Baseball; Girls: Soccer,Softball,Outdoor Track,Volleyball,Basketball,Handball; Co-Ed: Golf","Yearbook, Model UN/UNICEF, Girls Who Code, My Brother's Keeper (MBK), My Sister's Keeper (MSK), Student Government, Tabletop Gaming, Robotics, Anime, All City Marching Band, Jazz Band, Invest in Girls, National Honor Society, National Technical Honor Society, Business & Marketing Honor Society, Math & Science Honor Society,Gender Sexuality Alliance (GSA)","Concert Band, Studio Art, Painting, Graphic Design, Guitar, Jazz Ensemble, Art Management / Business, Technical Theater",Career & Technical Education; CS for All; Dual Language or TBE; Future Ready NYC; NYC Solves; Project Pivot,19%,21%,23%,0%,N/A (fewer than 5 teachers),26%,14.1,65%,79%,63%,70%,N/A,N/A,62%,80%,64%,70%,63%,44,70%,56%,166 (31%),154 (28%),6% (19),21% (64),66% (202),1% (4),0% (0),3% (9),Excellent,100%,0%,0%,97%,N/A,N/A,84%,N/A,88%,80%,N/A,N/A,N/A,89%,82%,59%,81%,75%,93%,85%,90%,94%,N/A,N/A,75%,94%,85%,74%,85%,85%,87%,84%,N/A,N/A,88%,88%,80%,70%,81%,61%,82%,81%,86%,84%,80%,N/A,N/A,75%,82%,74%,88%,63%,95%,70%,51%,48%,55%,50%,N/A,N/A,78%,64%,39%,89%,100%,86%,89%,N/A,N/A,88%,89%,81%,76%,62%,70%,77%,N/A,N/A,89%,82%,66%,90%,85%,90%,80%,87%,N/A,N/A,N/A,93%,100%,76%,81%,62%,77%,84%,N/A,N/A,N/A,87%,80%,92%,87%,78%,83%,89%,N/A,N/A,N/A,96%,100%
14K488,Brooklyn Preparatory High School,Good,Excellent,Good,www.brooklynprephs.org/,Noah Lansner,"09,10,11,12,SE",566,Ed. Opt.,Local Support and Improvement,257 North 6 Street,"Brooklyn, NY 11211",718-486-2550,1%,40%,53%,<1%,<1%,2%,6%,16%,84%,59%,41%,0%,96%,"Boys: Outdoor Track,Basketball,Indoor Track,Cross Country,Volleyball,Baseball; Girls: Indoor Track,Cross Country,Basketball,Softball,Outdoor Track,Volleyball,Flag Football; Co-Ed: N/A","Girls Empowerment Group BP Empresses, BP LIONS Leaders In Our Neighborhood,Gender Sexuality Alliance (GSA), Student Council, Peer Mentoring, Teachers Assistants, Peer Advisory Leaders, After school Dance Program, Deloitte Academy, Young Lawyers Club, College Now, Job Shadows, Science Genius, Business Plan Competition, College Summit Peer Leaders, Student led electives (PreMed, Dance, K Pop), NY Cares Community Service Projects.","Guitar, Piano Keyboard, Painting, Photography, Art Management / Business, Studio Art, Dance / Introduction to Dance, Cartooning, Folk / Traditional Cutural Dance, Core Music, and more",NYC Solves; PROSE; Respect for All,N/A (fewer than 5 teachers),21%,15%,N/A (fewer than 5 teachers),0%,49%,14.1,77%,N/A,63%,76%,N/A,N/A,N/A,80%,63%,58%,45%,41,45%,73%,221 (39%),249 (44%),2% (6),40% (138),52% (181),<1% (3),0% (0),1% (5),Fair,100%,0%,0%,89%,0%,11%,95%,N/A,98%,93%,N/A,N/A,N/A,99%,89%,73%,87%,83%,96%,N/A,97%,96%,N/A,N/A,N/A,100%,92%,80%,90%,N/A,95%,89%,N/A,N/A,N/A,90%,87%,91%,95%,82%,93%,91%,N/A,92%,91%,N/A,N/A,N/A,92%,95%,93%,79%,94%,81%,65%,N/A,60%,68%,N/A,N/A,N/A,67%,75%,95%,N/A,96%,95%,N/A,N/A,N/A,100%,98%,88%,N/A,87%,91%,N/A,N/A,N/A,83%,95%,93%,88%,N/A,90%,88%,N/A,N/A,N/A,88%,82%,80%,80%,N/A,81%,80%,N/A,N/A,N/A,62%,94%,95%,95%,N/A,95%,97%,N/A,N/A,N/A,100%,94%
14K558,Williamsburg High School for Architecture and Design,Excellent,Excellent,Good,www.whsad.org,Gill Cornell,"09,10,11,12,SE",610,Open,Local Support and Improvement,257 North 6 Street,"Brooklyn, NY 11211",718-388-1260,3%,29%,60%,<1%,0%,6%,6%,23%,82%,38%,62%,0%,90%,"Boys: Basketball,Cross Country,Outdoor Track,Baseball,Indoor Track,Volleyball; Girls: Indoor Track,Outdoor Track,Basketball,Volleyball,Cross Country,Softball,Flag Football; Co-Ed: N/A","Architecture Club, Art Club, Revit Club, Newspaper Team, WHSAD Senate, Carpentry Club, Yearbook Club, Teen Entrepreneurship Club, Community Service Club, Chess Club, Video Game Club, Dungeons and Dragons Club, Anime Club, Debate Club, Dance Club, My Sister's Keeper, and My Brother's Keeper",Architecture,Career & Technical Education; Community School; NYC Solves; Respect for All,0%,21%,24%,0%,0%,56%,15.7,76%,87%,77%,79%,N/A,N/A,76%,78%,72%,80%,71%,52,94%,64%,178 (29%),209 (34%),4% (10),24% (66),62% (170),1% (4),0% (0),7% (19),Good,95%,N/A,N/A,97%,N/A,N/A,96%,N/A,96%,96%,N/A,N/A,N/A,96%,95%,N/A,93%,86%,93%,94%,91%,94%,N/A,N/A,94%,96%,91%,82%,90%,87%,91%,88%,N/A,N/A,94%,77%,86%,94%,100%,97%,91%,90%,88%,92%,89%,N/A,N/A,91%,92%,89%,91%,73%,97%,80%,57%,69%,59%,56%,N/A,N/A,43%,75%,52%,95%,100%,92%,96%,N/A,N/A,94%,100%,94%,86%,82%,84%,89%,N/A,N/A,83%,83%,85%,96%,89%,92%,85%,91%,N/A,N/A,81%,81%,89%,83%,78%,85%,73%,80%,N/A,N/A,67%,76%,83%,96%,93%,92%,91%,94%,N/A,N/A,100%,90%,91%
14K561,Williamsburg Preparatory School,Good,Excellent,Excellent,williamsburgprep.com,Kellyann Witkowski,"09,10,11,12,SE",679,Ed. Opt.,Local Support and Improvement,257 North 6 Street,"Brooklyn, NY 11211",718-302-2306,3%,19%,68%,<1%,<1%,5%,5%,25%,83%,53%,47%,0%,85%,"Boys: Volleyball,Baseball,Basketball,Outdoor Track,Cross Country,Indoor Track; Girls: Flag Football,Cross Country,Indoor Track,Softball,Volleyball,Basketball,Outdoor Track; Co-Ed: N/A","American Sign Language Club, Anime Club, AP Club, Art Club, Black Student Union, Book Club, Debate Team, Dungeons & Dragons Clubs, Equity Team, Homework Cafe, KPop Club, My Brother's Keeper, My Sister's Keeper,Gender Sexuality Alliance (GSA), Peer Mediators, Peer Mentors, Soccer Club, Songwriting Club, Student Ambassadors, Teaching/Office Assistants, Theater Club, Video Game Club, Yearbook Club, Yoga Club","Studio Art, Dance / Introduction to Dance, Art History, Guitar",NYC Solves,0%,15%,21%,0%,0%,62%,3,83%,65%,68%,70%,N/A,N/A,59%,79%,71%,44%,35%,58,71%,73%,228 (34%),217 (32%),5% (17),16% (57),67% (239),<1% (1),<1% (2),6% (23),Fair,94%,N/A,N/A,96%,0%,4%,95%,N/A,88%,96%,N/A,N/A,N/A,99%,90%,92%,94%,82%,95%,94%,95%,95%,N/A,N/A,90%,86%,95%,80%,91%,78%,94%,92%,N/A,N/A,87%,91%,89%,91%,93%,95%,87%,80%,82%,79%,80%,N/A,N/A,82%,91%,83%,87%,61%,95%,76%,53%,56%,48%,53%,N/A,N/A,58%,57%,60%,96%,94%,95%,95%,N/A,N/A,94%,100%,94%,83%,78%,83%,83%,N/A,N/A,79%,96%,81%,94%,92%,79%,95%,92%,N/A,N/A,90%,88%,97%,87%,87%,71%,91%,86%,N/A,N/A,90%,78%,95%,97%,94%,86%,93%,95%,N/A,N/A,94%,89%,98%
14K586,Lyons Community School,Fair,Good,Good,www.lyonscommunityschool.org,Karen Onishi,"06,07,08,09,10,11,12,SE",277,Ed. Opt.,Comprehensive Support and Improvement,223 Graham Avenue,"Brooklyn, NY 11206",718-782-0918,0%,35%,57%,1%,0%,1%,11%,32%,94%,47%,53%,<1%,84%,"Boys: Volleyball,Cross Country,Table Tennis,Outdoor Track,Baseball,Basketball,Soccer; Girls: Outdoor Track,Badminton,Basketball,Volleyball,Cross Country; Co-Ed: N/A","Art, Theater, Chess, Hip Hop Dance Team, Music, Peer Mediation, Peer Mentorship, Peer Tutoring, Restorative Justice,Gender Sexuality Alliance (GSA), Talent Shows, Student Council, Sustainability Team, Anime, Video Gaming, Outdoor Leadership (hiking/camping), Cosmetology, Film Making, Photography, Social Justice, Cooking and Yearbook","Studio Art, Voice and Diction, Portfolio Development, Ceramics, Photography, Filmmaking / Video, Fashion and Textile Design, Painting",21st Century Community Learning Center; Career Readiness and Modern Youth Apprenticeship; Community School; Consortium; DYCD: COMPASS/SONYC; PROSE,0%,25%,19%,0%,0%,46%,17.2,71%,N/A,51%,65%,N/A,N/A,N/A,94%,58%,87%,76%,28,13%,51%,,165 (60%),0% (0),30% (49),61% (100),1% (2),0% (0),1% (2),Good,92%,8%,0%,80%,0%,20%,60%,N/A,55%,64%,N/A,N/A,N/A,61%,60%,N/A,45%,77%,92%,N/A,90%,94%,N/A,N/A,N/A,80%,88%,67%,84%,N/A,86%,85%,N/A,N/A,20%,82%,85%,84%,78%,96%,84%,87%,N/A,88%,86%,N/A,N/A,N/A,82%,87%,73%,30%,96%,75%,56%,N/A,55%,59%,N/A,N/A,40%,75%,59%,90%,N/A,91%,93%,N/A,N/A,60%,96%,87%,79%,N/A,78%,81%,N/A,N/A,60%,84%,73%,94%,91%,N/A,100%,92%,N/A,N/A,N/A,N/A,100%,91%,91%,N/A,100%,92%,N/A,N/A,N/A,N/A,100%,91%,95%,N/A,100%,92%,N/A,N/A,N/A,N/A,83%
14K610,A-Tech High School,Good,Excellent,Excellent,www.atechhs.org,Neil Harris,"09,10,11,12,SE",451,Ed. Opt.,Local Support and Improvement,50 Bedford Avenue,"Brooklyn, NY 11222",718-218-9301,2%,41%,52%,1%,<1%,2%,5%,28%,84%,12%,88%,0%,85%,"Boys: Bowling,Handball,Baseball,Football,Soccer,Volleyball,Basketball; Girls: Volleyball; Co-Ed: N/A","PSAL SPORTS - BOYS Baseball, Basketball, Bowling, Football, Handball, Soccer, Volleyball Clubs: Sustainability, Gaming, Tech, Chess,Gender Sexuality Alliance (GSA)","Visual Art, Studio Art, Computer Art / Digital Art, Photography, Advertising Art",Career & Technical Education; Career Readiness and Modern Youth Apprenticeship; Community School; NYC Solves; Respect for All,N/A (fewer than 5 teachers),50%,18%,0%,0%,24%,6.1,92%,83%,81%,82%,100%,N/A,80%,92%,82%,97%,89%,41,71%,40%,88 (20%),96 (21%),3% (4),27% (41),64% (97),3% (4),0% (0),1% (2),Good,97%,N/A,N/A,96%,N/A,N/A,91%,N/A,96%,87%,N/A,N/A,N/A,N/A,90%,100%,86%,81%,95%,100%,97%,94%,80%,N/A,N/A,92%,93%,72%,84%,100%,87%,81%,N/A,N/A,80%,93%,79%,93%,100%,100%,88%,89%,100%,91%,87%,100%,N/A,60%,87%,90%,92%,78%,95%,76%,57%,50%,60%,55%,80%,N/A,60%,67%,63%,92%,83%,93%,93%,100%,N/A,80%,100%,93%,76%,83%,76%,74%,100%,N/A,80%,100%,74%,99%,97%,N/A,95%,99%,N/A,N/A,100%,100%,97%,93%,92%,N/A,93%,92%,N/A,N/A,83%,100%,87%,100%,99%,N/A,96%,100%,N/A,N/A,100%,100%,99%
14K614,Young Women's Leadership School of Brooklyn,Good,Good,Good,www.tywlsbrooklyn.org/,Catherine Mitchell,"06,07,08,09,10,11,12,SE",176,Screened,Local Support and Improvement,325 Bushwick Avenue,"Brooklyn, NY 11206",718-387-5641,5%,49%,36%,1%,3%,5%,10%,25%,91%,100%,0%,0%,70%,Boys: N/A; Girls: Outdoor Track; Co-Ed: N/A,"Girls Advancing in STEM Club (GAINS), Band, Community Service, Reading Buddy program, Dance Ensemble, Environmental Action Club, Game Club, Guitar, Piano, Drumming, Rock band, Newsletter, Leadership Opportunities, Peer Mentoring, Regents Prep, Saturday Academy, Spirit Week, Student Government, Talent Show, Multicultural Show, Arts Club, Wide Rainbow Arts, Yearbook, Book Club, Youth Restorative Justice, SAT Prep, National Honors Society, Basketball, Volleyball, Cheerleading,Gender Sexuality Alliance (GSA), Muslim Students Association, Trips to Broadway shows, Club Getaway Sleepaway Trip, Six Flags Trip, Summerbridge, STEP team, STEM Club, Internships","Dance / Introduction to Dance, Guitar, Mixed Media, Jazz Ensemble",DYCD: COMPASS/SONYC; NYC Solves,N/A (fewer than 5 teachers),20%,N/A (fewer than 5 teachers),0%,0%,64%,8,80%,22%,38%,70%,N/A,60%,50%,73%,44%,74%,68%,55,59%,74%,55 (31%),88 (50%),7% (7),51% (48),35% (33),1% (1),3% (3),3% (3),Good,96%,N/A,N/A,67%,0%,33%,96%,N/A,91%,100%,N/A,N/A,N/A,96%,N/A,N/A,82%,80%,93%,100%,90%,94%,N/A,100%,100%,91%,88%,74%,84%,75%,85%,83%,N/A,100%,71%,73%,75%,86%,84%,84%,89%,84%,86%,85%,84%,N/A,N/A,N/A,100%,90%,85%,44%,96%,75%,55%,60%,54%,56%,N/A,60%,56%,73%,44%,92%,100%,91%,92%,N/A,80%,100%,100%,84%,67%,80%,63%,73%,N/A,100%,44%,64%,61%,96%,96%,100%,97%,95%,N/A,86%,100%,93%,96%,55%,49%,38%,47%,51%,N/A,29%,77%,52%,49%,99%,97%,100%,98%,94%,N/A,100%,100%,93%,98%
14K685,El Puente Academy for Peace and Justice,Fair,Good,Excellent,elpuente.us,Tina Lee,"09,10,11,12,SE",182,Ed. Opt.,Local Support and Improvement,250 Hooper Street,"Brooklyn, NY 11211",718-387-1125,0%,11%,85%,0%,0%,2%,16%,33%,91%,48%,52%,0%,75%,"Boys: Handball,Basketball,Baseball,Soccer; Girls: Volleyball,Softball,Basketball; Co-Ed: N/A","PSAL SPORTS - GIRLS Basketball, Softball, Volleyball PSAL SPORTS - BOYS Baseball, Basketball, Handball,Gender Sexuality Alliance (GSA), Strong Sophisticated Sisters (women and femme identifying mentor group), Liberators (male and male identifying mentor group), Muralistas-art and mural club, Green Team, EPIIC (model U.N. which represents our school at Tufts University in the spring).","Visual Art, Studio Art, Stage Design, Graphic Design, Painting, Concert Band, Three-Dimensional Art, Drawing, Acting, Choreography / Dance Composition",Consortium; PROSE; Respect for All,N/A (fewer than 5 teachers),N/A (fewer than 5 teachers),47%,0%,0%,N/A (fewer than 5 teachers),6.2,82%,N/A,71%,80%,N/A,N/A,N/A,77%,87%,78%,50%,36,88%,30%,,37 (20%),0% (0),8% (7),88% (73),0% (0),0% (0),2% (2),Excellent,100%,0%,0%,89%,0%,11%,81%,N/A,N/A,82%,N/A,N/A,N/A,79%,83%,N/A,67%,76%,92%,N/A,79%,95%,N/A,N/A,N/A,94%,94%,77%,90%,N/A,93%,91%,N/A,N/A,N/A,75%,89%,87%,78%,78%,84%,82%,N/A,73%,83%,N/A,N/A,N/A,81%,79%,77%,32%,95%,79%,67%,N/A,53%,69%,N/A,N/A,N/A,79%,58%,89%,N/A,81%,90%,N/A,N/A,N/A,89%,85%,69%,N/A,44%,72%,N/A,N/A,N/A,67%,75%,97%,94%,N/A,100%,93%,N/A,N/A,N/A,88%,93%,89%,90%,N/A,88%,90%,N/A,N/A,N/A,67%,92%,100%,98%,N/A,100%,98%,N/A,N/A,N/A,83%,100%
15K429,Digital Arts and Cinema Technology High School,Excellent,Good,Good,www.digitaltechhs.org,Dawn Meconi,"09,10,11,SE",324,Screened,Local Support and Improvement,284 Baltic Street,"Brooklyn, NY 11201",718-694-9741,3%,42%,45%,2%,<1%,6%,<1%,21%,73%,49%,51%,<1%,76%,"Boys: Basketball,Soccer,Volleyball,Baseball,Outdoor Track; Girls: Basketball,Flag Football,Volleyball,Outdoor Track; Co-Ed: N/A","Art and Anime Club, Chess, Early Bird Sports,Gender Sexuality Alliance (GSA), Girls Club/My Sister??s Keeper, Photography Club, Senior/Freshman Mentorship, Opening Act Theater, Student Ambassadors, SAT Prep, Student Government, Tabletop RPG Club, Tutoring, Video Game Club, Yearbook","Computer Art / Digital Art, Filmmaking / Video, Photography, Visual Art",NYC Solves,N/A (fewer than 5 teachers),19%,22%,N/A (fewer than 5 teachers),N/A (fewer than 5 teachers),52%,11,59%,80%,57%,58%,N/A,N/A,53%,N/A,54%,89%,78%,60,77%,69%,119 (37%),86 (27%),3% (6),34% (63),51% (94),<1% (1),0% (0),9% (16),Good,100%,0%,0%,98%,N/A,N/A,96%,N/A,96%,96%,N/A,N/A,N/A,98%,95%,N/A,89%,79%,93%,100%,94%,93%,N/A,N/A,94%,N/A,92%,78%,90%,100%,93%,86%,N/A,N/A,84%,N/A,92%,79%,96%,81%,81%,74%,45%,76%,75%,N/A,N/A,60%,N/A,78%,90%,64%,98%,71%,51%,30%,56%,47%,N/A,N/A,55%,N/A,60%,95%,100%,95%,95%,N/A,N/A,95%,N/A,95%,68%,80%,67%,68%,N/A,N/A,65%,N/A,59%,91%,88%,N/A,89%,82%,N/A,N/A,92%,N/A,90%,82%,78%,N/A,83%,62%,N/A,N/A,83%,N/A,81%,94%,92%,N/A,94%,85%,N/A,N/A,100%,N/A,90%
15K448,Brooklyn Collaborative Studies,Good,Fair,Good,www.bcs448.org,Priscilla Chan,"06,07,08,09,10,11,12,SE",388,Ed. Opt.,Local Support and Improvement,610 Henry Street,"Brooklyn, NY 11231",718-923-4700,3%,35%,43%,1%,<1%,15%,4%,29%,75%,46%,53%,<1%,63%,"Boys: Middle Schools Basketball,Basketball,Soccer,Baseball; Girls: Basketball,Softball,Middle Schools Basketball,Volleyball; Co-Ed: N/A","Afterschool Program with Inspiring Minds NYC, Newspaper, Robotics, Camping","Studio Art, Theater Survey, Music Theory / Musicianship, Technical Theater, Music History, Movement / Dance",21st Century Community Learning Center; Community School; Consortium; DYCD: COMPASS/SONYC; Future Ready NYC; PROSE,N/A (fewer than 5 teachers),25%,9%,0%,0%,58%,10.1,85%,75%,37%,61%,N/A,N/A,42%,N/A,48%,82%,69%,44,100%,66%,109 (28%),168 (43%),4% (11),34% (89),43% (114),<1% (2),<1% (1),17% (44),Needs Improvement,97%,N/A,N/A,95%,0%,5%,95%,N/A,94%,97%,N/A,N/A,88%,96%,94%,N/A,95%,75%,93%,100%,91%,97%,N/A,N/A,91%,80%,93%,63%,72%,88%,64%,80%,N/A,N/A,69%,N/A,64%,86%,71%,97%,75%,70%,N/A,63%,79%,N/A,N/A,56%,N/A,61%,82%,38%,95%,69%,54%,75%,51%,56%,N/A,N/A,51%,80%,59%,81%,100%,85%,84%,N/A,N/A,75%,80%,83%,72%,88%,75%,76%,N/A,N/A,65%,80%,62%,95%,85%,100%,72%,92%,N/A,N/A,86%,N/A,82%,85%,81%,86%,100%,84%,N/A,N/A,71%,N/A,97%,94%,92%,100%,100%,88%,N/A,N/A,90%,N/A,94%
15K462,John Jay School for Law,Fair,Needs Improvement,Fair,www.johnjaylawhs.org/,Shomari Akil,"09,10,11,12,SE",454,Ed. Opt.,Local Support and Improvement,237 7 Avenue,"Brooklyn, NY 11215",718-832-4250,5%,47%,39%,2%,<1%,6%,8%,21%,84%,54%,46%,0%,71%,"Boys: Basketball,Indoor Track,Fencing,Soccer,Table Tennis,Outdoor Track,Cross Country,Volleyball,Baseball,Football,Swimming; Girls: Cross Country,Soccer,Indoor Track,Table Tennis,Basketball,Outdoor Track,Volleyball,Softball,Fencing,Swimming,Flag Football; Co-Ed: Stunt,Double Dutch",N/A,"Dance, Visual Art, Theater, Mixed Media, Studio Art",NYC Solves,N/A (fewer than 5 teachers),40%,N/A (fewer than 5 teachers),0%,0%,34%,2,51%,58%,32%,35%,N/A,N/A,40%,40%,34%,56%,41%,40,44%,69%,334 (74%),199 (44%),5% (19),48% (171),39% (141),1% (5),<1% (1),4% (15),Good,99%,N/A,N/A,92%,0%,8%,86%,N/A,90%,81%,N/A,N/A,N/A,93%,78%,N/A,64%,70%,90%,80%,92%,90%,N/A,N/A,89%,94%,97%,64%,74%,69%,81%,70%,N/A,N/A,70%,75%,81%,60%,65%,70%,84%,75%,77%,73%,78%,N/A,N/A,60%,83%,89%,84%,51%,96%,65%,48%,62%,52%,44%,N/A,N/A,36%,47%,57%,92%,92%,91%,94%,N/A,N/A,100%,100%,95%,60%,54%,68%,55%,N/A,N/A,44%,83%,68%,84%,87%,N/A,83%,88%,N/A,N/A,N/A,100%,83%,80%,78%,N/A,77%,76%,N/A,N/A,N/A,100%,67%,88%,83%,N/A,83%,84%,N/A,N/A,N/A,100%,83%
15K463,Cyberarts Studio Academy,Fair,Good,Excellent,www.schools.nyc.gov/schools/K463,Valrie Wauchope,"09,10,11,12,SE",319,Ed. Opt.,Local Support and Improvement,237 7 Avenue,"Brooklyn, NY 11215",718-832-4201,8%,18%,57%,<1%,0%,9%,42%,22%,91%,46%,54%,0%,81%,"Boys: Basketball,Fencing,Baseball,Outdoor Track,Football,Swimming,Soccer,Table Tennis,Volleyball,Indoor Track,Cross Country; Girls: Swimming,Outdoor Track,Flag Football,Indoor Track,Volleyball,Fencing,Cross Country,Basketball,Soccer,Softball,Table Tennis; Co-Ed: Double Dutch,Stunt",N/A,"Photography, Studio Art, Graphic Design, Music Technology, Filmmaking / Video, Mixed Media",Career Readiness and Modern Youth Apprenticeship; NYC Solves,0%,46%,19%,0%,0%,35%,1,73%,94%,79%,65%,N/A,N/A,82%,76%,75%,59%,44%,30,27%,52%,152 (48%),97 (30%),9% (18),19% (38),56% (111),<1% (1),0% (0),8% (15),Fair,97%,N/A,N/A,95%,N/A,N/A,82%,N/A,90%,71%,N/A,N/A,N/A,87%,79%,64%,N/A,78%,90%,95%,86%,89%,N/A,N/A,94%,89%,92%,85%,90%,90%,97%,86%,N/A,N/A,88%,87%,86%,82%,93%,78%,83%,81%,95%,84%,77%,N/A,N/A,89%,82%,77%,80%,47%,96%,73%,51%,62%,46%,48%,N/A,N/A,63%,53%,49%,91%,95%,88%,89%,N/A,N/A,100%,88%,88%,76%,85%,85%,70%,N/A,N/A,84%,77%,76%,96%,96%,100%,92%,97%,N/A,N/A,90%,97%,93%,87%,95%,100%,96%,96%,N/A,N/A,90%,95%,94%,97%,95%,100%,100%,96%,N/A,N/A,90%,97%,97%
15K464,Park Slope Collegiate,Good,Fair,,parkslopecollegiate.org,Jill Sandusky,"06,07,08,09,10,11,12,SE",347,Ed. Opt.,Local Support and Improvement,237 7 Avenue,"Brooklyn, NY 11215",718-832-4300,7%,32%,51%,<1%,<1%,8%,8%,26%,76%,38%,62%,0%,79%,"Boys: Basketball,Volleyball,Cross Country,Football,Baseball,Outdoor Track,Fencing,Table Tennis,Swimming,Indoor Track,Soccer; Girls: Swimming,Outdoor Track,Fencing,Softball,Flag Football,Basketball,Table Tennis,Volleyball,Indoor Track,Cross Country,Soccer; Co-Ed: Double Dutch,Stunt","Art Club, Student Government, Creative Writing, Science,Gender Sexuality Alliance (GSA), Fashion, Theater, Peer Mediation, Chess club","Theater, Guitar, Mixed Choir, Photography, Music History",DYCD: COMPASS/SONYC; NYC Solves,N/A (fewer than 5 teachers),22%,22%,N/A (fewer than 5 teachers),0%,46%,5.1,84%,64%,40%,47%,N/A,N/A,56%,46%,47%,52%,17%,38,49%,65%,163 (47%),149 (43%),7% (16),34% (80),49% (115),<1% (1),<1% (2),6% (15),Excellent,93%,N/A,N/A,80%,0%,20%,88%,N/A,100%,76%,N/A,N/A,N/A,88%,88%,N/A,85%,76%,91%,100%,87%,91%,N/A,N/A,92%,93%,96%,72%,81%,93%,76%,82%,N/A,N/A,81%,80%,73%,80%,70%,87%,76%,65%,83%,67%,62%,N/A,N/A,77%,67%,74%,80%,38%,95%,70%,54%,47%,55%,53%,N/A,N/A,51%,36%,63%,90%,100%,84%,91%,N/A,N/A,87%,100%,93%,74%,64%,65%,75%,N/A,N/A,82%,73%,69%,N/A,87%,N/A,81%,95%,N/A,N/A,85%,N/A,75%,N/A,89%,N/A,75%,95%,N/A,N/A,95%,N/A,83%,N/A,90%,N/A,88%,95%,N/A,N/A,90%,N/A,83%
15K497,The Boerum Hill School for International Studies,Good,Fair,Needs Improvement,www.bhsbk.nyc,Samantha Schmoeger,"06,07,08,09,10,11,12,SE",349,Screened,Local Support and Improvement,284 Baltic Street,"Brooklyn, NY 11201",718-330-9390,5%,26%,30%,<1%,0%,30%,6%,21%,54%,48%,52%,0%,72%,"Boys: Outdoor Track,Baseball,Basketball,Soccer,Volleyball; Girls: Outdoor Track,Basketball,Volleyball,Flag Football; Co-Ed: N/A","Equity Team, Art Studio, Dance, Musical Theater, Film Club, Female Empowerment, Yearbook, Student Government, Lit Magazine,Gender Sexuality Alliance (GSA), Running Club, Gamerz Den, Improv Theater, Community Service, Peer Tutoring, Peer Mediation, Student Activities Committee, Fitness","Visual Art, Theater / Play Production, Dance / Introduction to Dance",21st Century Community Learning Center; Community School; DYCD: COMPASS/SONYC; NYC Solves; Pathways Advising; PROSE,N/A (fewer than 5 teachers),20%,14%,0%,0%,56%,2.9,67%,54%,41%,55%,N/A,N/A,47%,75%,49%,65%,58%,51,58%,72%,,95 (27%),6% (14),25% (61),29% (71),<1% (1),0% (0),32% (78),Needs Improvement,95%,5%,0%,97%,N/A,N/A,90%,N/A,79%,93%,N/A,N/A,96%,83%,94%,N/A,88%,73%,92%,93%,88%,91%,N/A,N/A,92%,93%,92%,67%,84%,75%,87%,88%,N/A,N/A,81%,92%,89%,54%,65%,60%,74%,58%,50%,58%,67%,N/A,N/A,46%,83%,74%,88%,55%,95%,67%,49%,73%,44%,45%,N/A,N/A,52%,60%,44%,89%,93%,86%,93%,N/A,N/A,87%,93%,91%,79%,77%,69%,85%,N/A,N/A,81%,93%,77%,84%,62%,50%,75%,60%,N/A,N/A,63%,N/A,58%,79%,71%,50%,78%,77%,N/A,N/A,70%,N/A,77%,79%,69%,67%,80%,72%,N/A,N/A,66%,N/A,69%
15K519,Cobble Hill School of American Studies,Good,Good,Good,cobblehillhighschool.org,Elizabeth Rodriguez,"09,10,11,12,SE",321,"ASD/ACES Program, D75 Special Education Inclusive Services, Ed. Opt.",Local Support and Improvement,347 Baltic Street,"Brooklyn, NY 11201",718-403-9544,2%,40%,49%,<1%,0%,4%,34%,21%,87%,45%,55%,0%,67%,Boys: Basketball; Girls: N/A; Co-Ed: N/A,"Student Government, Drumline, Step Team, Dance Team, ESports, Peer Leaders, Fyrezone (Music Production & Film editing), Opening Act, Delloitte Academy, Art Club, Sewing Club, Mindfulness, Gardening Club, Step Team. Saturday Academy for MLLs, Culinary Club, Student Government, Soccer Club, Track, MBK and MSK Chapters.",Mixed Media,Career & Technical Education; Community School; Dual Language or TBE; NYC Solves,N/A (fewer than 5 teachers),32%,18%,0%,0%,39%,2.9,61%,N/A,73%,82%,N/A,N/A,N/A,88%,73%,95%,89%,37,55%,84%,45 (14%),86 (27%),2% (3),43% (58),46% (63),<1% (1),0% (0),4% (6),Excellent,92%,N/A,N/A,94%,0%,6%,79%,N/A,88%,58%,N/A,N/A,N/A,76%,82%,44%,60%,69%,88%,N/A,96%,82%,N/A,N/A,N/A,77%,92%,74%,88%,N/A,91%,83%,N/A,N/A,N/A,82%,88%,76%,81%,90%,90%,86%,N/A,87%,85%,N/A,N/A,100%,86%,100%,84%,58%,95%,71%,56%,N/A,61%,56%,N/A,N/A,60%,56%,71%,91%,N/A,90%,93%,N/A,N/A,100%,91%,94%,65%,N/A,67%,72%,N/A,N/A,40%,74%,59%,92%,98%,N/A,100%,96%,N/A,N/A,100%,96%,100%,94%,95%,N/A,92%,95%,N/A,N/A,100%,91%,100%,95%,94%,N/A,96%,92%,N/A,N/A,100%,91%,100%
15K592,Khalil Gibran International Academy,Fair,Fair,Excellent,www.khalilgibranhs.org,Amanda Hunter,"09,10,11,12,SE",116,Ed. Opt.,Local Support and Improvement,362 Schermerhorn Street,"Brooklyn, NY 11217",718-237-2502,22%,22%,18%,3%,2%,28%,47%,16%,91%,30%,70%,0%,62%,Boys: N/A; Girls: Indoor Track; Co-Ed: N/A,"Student Government Yearbook Community Service Club ROSE Women's Leadership Program Girls, Inc Arab American Family Support Center","Mixed Media, Dance / Introduction to Dance, Dance, Visual Art, Choreography / Dance Composition",DYCD: COMPASS/SONYC; NYC Solves; Project Pivot,0%,33%,0%,0%,0%,67%,2.1,87%,55%,41%,83%,N/A,N/A,76%,74%,56%,71%,71%,40,29%,54%,,69 (59%),20% (18),25% (23),18% (17),2% (2),2% (2),32% (29),Good,100%,0%,0%,90%,N/A,N/A,79%,N/A,N/A,N/A,N/A,N/A,N/A,N/A,71%,58%,N/A,73%,76%,78%,77%,67%,N/A,N/A,73%,80%,76%,59%,80%,78%,77%,89%,N/A,N/A,80%,74%,75%,87%,88%,94%,88%,83%,83%,79%,78%,N/A,N/A,92%,88%,81%,83%,47%,97%,71%,54%,67%,29%,50%,N/A,N/A,65%,64%,53%,89%,92%,84%,94%,N/A,N/A,92%,93%,88%,53%,62%,29%,44%,N/A,N/A,71%,58%,53%,97%,96%,100%,95%,93%,N/A,N/A,93%,100%,93%,85%,84%,80%,90%,87%,N/A,N/A,79%,77%,93%,97%,97%,100%,100%,87%,N/A,N/A,97%,100%,87%
15K656,Brooklyn High School of the Arts,Good,Good,Good,www.brooklynartshs.nyc/,Daniel Vecchiano,"09,10,11,12,SE",910,Audition,Local Support and Improvement,345 Dean Street,"Brooklyn, NY 11217",718-855-2412,4%,48%,29%,<1%,<1%,12%,<1%,15%,64%,78%,22%,<1%,81%,"Boys: Bowling; Girls: Fencing,Volleyball; Co-Ed: N/A","ACTIVITIES Badminton, Moth,Gender Sexuality Alliance (GSA), Caribbean Heritage, Jewelry and Beading, Anime, Natural Hair Club, West Wing/Newspaper, Chess, Podcast , Thespian Society, Gaming, Green Team, Soccer Club, Improv Club, k-Pop, Black Student Union","Ballet, Painting, Acting, Music Theory / Musicianship, Music Technology, Drawing, Scenic Design and Implementation, Photography, String Orchestra, Mixed Choir, and more",NYC Solves,8%,25%,11%,0%,0%,54%,8.1,88%,47%,48%,54%,N/A,N/A,51%,N/A,49%,90%,75%,60,77%,74%,232 (25%),287 (32%),7% (27),45% (182),26% (107),<1% (1),<1% (2),15% (60),Needs Improvement,84%,16%,0%,98%,N/A,N/A,97%,N/A,99%,95%,N/A,N/A,93%,98%,94%,N/A,92%,82%,92%,85%,90%,95%,N/A,100%,93%,N/A,91%,72%,85%,83%,84%,87%,N/A,N/A,87%,N/A,82%,91%,97%,100%,85%,77%,85%,79%,73%,N/A,60%,76%,N/A,79%,89%,65%,96%,67%,36%,33%,33%,39%,N/A,20%,44%,N/A,40%,90%,92%,87%,92%,N/A,100%,90%,N/A,88%,74%,62%,76%,72%,N/A,60%,81%,N/A,68%,93%,84%,95%,79%,83%,N/A,N/A,86%,N/A,88%,84%,80%,74%,77%,83%,N/A,N/A,82%,N/A,85%,91%,88%,100%,82%,88%,N/A,N/A,94%,N/A,94%
15K667,Sunset Park High School,Good,Good,Good,www.sunsetparkhighschool.org,Miguel Negron,"09,10,11,12,SE",1332,"D75 Special Education Inclusive Services, Open",Local Support and Improvement,153 35 Street,"Brooklyn, NY 11232",718-840-1900,14%,5%,74%,<1%,<1%,6%,25%,19%,90%,47%,53%,<1%,87%,"Boys: Soccer,Baseball,Badminton,Basketball,Handball,Wrestling; Girls: Basketball,Soccer,Softball,Wrestling,Volleyball; Co-Ed: N/A","Afterschool Program at SPHS: weekly menu of over 30 clubs including sports, arts, games,Gender Sexuality Alliance (GSA), homework help and service-learning opportunities that provide leadership training, academic support, and college and career preparation.","Core Music, Mixed Media, Studio Art, Painting, Photography, Fashion and Textile Design, Ceramics, Classroom Music, Filmmaking / Video, Theater Survey, and more",Dual Language or TBE; NYC Solves,13%,7%,28%,0%,0%,43%,1,77%,70%,56%,69%,N/A,N/A,71%,75%,65%,89%,79%,47,79%,66%,468 (35%),340 (26%),15% (147),6% (59),72% (696),<1% (6),<1% (1),6% (57),Fair,96%,N/A,N/A,96%,0%,4%,84%,88%,88%,84%,N/A,N/A,79%,88%,81%,65%,75%,72%,94%,96%,78%,95%,N/A,N/A,91%,94%,97%,75%,85%,81%,91%,86%,N/A,N/A,83%,85%,82%,88%,80%,95%,87%,83%,88%,73%,83%,N/A,N/A,67%,84%,83%,87%,58%,96%,71%,52%,56%,58%,51%,N/A,N/A,58%,56%,49%,93%,99%,92%,92%,N/A,N/A,85%,89%,90%,78%,73%,73%,80%,N/A,N/A,76%,79%,78%,88%,89%,93%,83%,91%,N/A,N/A,80%,98%,89%,79%,76%,76%,100%,79%,N/A,N/A,60%,82%,74%,94%,92%,94%,83%,92%,N/A,N/A,87%,91%,94%
15K684,Millennium Brooklyn HS,Excellent,Excellent,Good,www.millenniumbrooklynhs.org,Kevin Conway,"09,10,11,12,SE",678,"ASD/ACES Program, Screened",Local Support and Improvement,237 7 Avenue,"Brooklyn, NY 11215",718-832-4333,25%,17%,18%,<1%,0%,36%,<1%,16%,57%,56%,44%,0%,88%,"Boys: Fencing,Volleyball,Baseball,Outdoor Track,Indoor Track,Swimming,Table Tennis,Cross Country,Soccer,Basketball,Football; Girls: Indoor Track,Fencing,Soccer,Basketball,Table Tennis,Swimming,Flag Football,Cross Country,Softball,Outdoor Track,Volleyball; Co-Ed: Double Dutch,Stunt","Broadcast Journalism, Computer Science, Culture and Travel Club, Drama Club, Model UN, Music Club, National Honors Society, Robotics, Asian Student Organization, Birding Club, Black Student Union, Book Club, Chess Club, Comic Creators, Dance Club, Debate Team, Environmental Awareness Club, Fiber Crafts Club, Game Club,Gender Sexuality Alliance (GSA), Math Club, School Newspaper, Participatory Action Research, Photography, Social Justice Club, Step Club, The Writing Center, Yearbook, Yoga Club, Ultimate Frisbee","Mixed Media, Photography, Acting, Portfolio Development, Theater / Play Production, Visual Art",NYC Solves; Respect for All,12%,10%,N/A (fewer than 5 teachers),0%,0%,68%,9.2,90%,76%,70%,78%,N/A,N/A,81%,N/A,73%,74%,68%,91,93%,88%,306 (45%),299 (44%),25% (123),14% (71),19% (96),<1% (1),0% (0),39% (192),Needs Improvement,94%,6%,0%,97%,N/A,N/A,99%,94%,100%,100%,N/A,N/A,100%,98%,100%,N/A,100%,90%,96%,98%,94%,97%,N/A,N/A,96%,N/A,91%,90%,94%,92%,91%,92%,N/A,N/A,96%,N/A,83%,92%,100%,91%,88%,78%,86%,77%,79%,N/A,N/A,72%,N/A,84%,93%,81%,95%,80%,64%,64%,56%,58%,N/A,N/A,70%,N/A,67%,96%,99%,96%,97%,N/A,N/A,93%,N/A,90%,85%,87%,76%,86%,N/A,N/A,88%,N/A,79%,93%,89%,84%,88%,80%,N/A,N/A,91%,N/A,83%,85%,73%,68%,82%,57%,N/A,N/A,74%,N/A,90%,95%,93%,92%,88%,80%,N/A,N/A,95%,N/A,87%
16K455,Boys and Girls High School,Fair,Fair,Good,boysandgirlshs.org,Grecian Harrison,"09,10,11,12,SE",374,"ASD/ACES Program, Ed. Opt., Screened, Zoned Guarantee",Local Support and Improvement,1700 Fulton Street,"Brooklyn, NY 11213",718-467-1700,1%,76%,18%,<1%,0%,<1%,5%,32%,92%,38%,62%,0%,79%,"Boys: Volleyball,Handball,Basketball,Cross Country,Tennis,Football,Soccer,Indoor Track,Outdoor Track; Girls: Basketball,Indoor Track,Outdoor Track,Volleyball,Handball,Cross Country; Co-Ed: N/A","Hydroponics, Forensic Science, Drone Programming, Web Design and Gamming, Solar Paneling, and TEALS Partnership with Microsoft,Gender Sexuality Alliance (GSA)","Concert Band, Theater, Architecture, Percussion",Career & Technical Education; Community School; Future Ready NYC; NYC Solves; Project Pivot,N/A (fewer than 5 teachers),74%,12%,0%,0%,N/A (fewer than 5 teachers),8.1,74%,N/A,52%,73%,N/A,N/A,N/A,80%,54%,79%,58%,33,52%,30%,53 (14%),104 (28%),2% (3),74% (104),20% (28),0% (0),0% (0),<1% (1),Fair,95%,N/A,N/A,93%,0%,7%,78%,N/A,81%,67%,N/A,N/A,N/A,75%,80%,N/A,70%,71%,88%,N/A,86%,93%,N/A,N/A,N/A,100%,83%,62%,82%,N/A,81%,85%,N/A,N/A,N/A,100%,76%,67%,84%,74%,85%,83%,N/A,80%,90%,N/A,N/A,N/A,100%,78%,82%,51%,94%,70%,52%,N/A,52%,52%,N/A,N/A,N/A,29%,49%,89%,N/A,87%,93%,N/A,N/A,N/A,100%,91%,70%,N/A,65%,83%,N/A,N/A,N/A,86%,60%,93%,92%,N/A,96%,85%,N/A,N/A,N/A,N/A,86%,86%,92%,N/A,96%,85%,N/A,N/A,N/A,N/A,86%,96%,97%,N/A,98%,92%,N/A,N/A,N/A,N/A,100%
16K498,Brooklyn High School for Law and Technology,Fair,Needs Improvement,Fair,www.bklawtech.com/,Vernon Johnson,"09,10,11,12,SE",484,"Ed. Opt., Screened",Local Support and Improvement,1396 Broadway,"Brooklyn, NY 11221",718-919-1256,5%,60%,32%,<1%,<1%,2%,5%,20%,87%,45%,55%,0%,58%,"Boys: Indoor Track,Basketball,Outdoor Track; Girls: Outdoor Track,Volleyball,Basketball,Indoor Track; Co-Ed: N/A",Gender Sexuality Alliance (GSA),"Mixed Media, Visual Art, Studio Art, Art History",NYC Solves; Project Pivot,N/A (fewer than 5 teachers),28%,19%,0%,0%,36%,0.1,86%,62%,50%,74%,N/A,N/A,N/A,N/A,86%,61%,52%,33,47%,51%,92 (19%),240 (50%),6% (15),57% (156),32% (86),<1% (2),<1% (2),2% (5),Good,95%,N/A,N/A,88%,0%,12%,84%,N/A,88%,80%,N/A,N/A,N/A,88%,82%,50%,82%,67%,91%,100%,88%,92%,N/A,N/A,N/A,N/A,88%,68%,84%,75%,84%,81%,N/A,N/A,N/A,N/A,78%,56%,45%,48%,80%,71%,38%,76%,67%,N/A,N/A,N/A,N/A,70%,83%,46%,94%,63%,43%,38%,43%,43%,N/A,N/A,N/A,N/A,60%,91%,100%,88%,95%,N/A,N/A,N/A,N/A,90%,62%,56%,63%,57%,N/A,N/A,N/A,N/A,60%,82%,78%,N/A,85%,77%,N/A,N/A,N/A,N/A,100%,81%,72%,N/A,64%,79%,N/A,N/A,N/A,N/A,83%,89%,82%,N/A,86%,77%,N/A,N/A,N/A,N/A,100%
16K688,The Brooklyn Academy of Global Finance,Fair,Fair,Good,www.bkagf.org,Dannielle Darbee,"09,10,11,12,SE",212,"D75 Special Education Inclusive Services, Ed. Opt.",Local Support and Improvement,125 Stuyvesant Avenue,"Brooklyn, NY 11221",718-574-3126,3%,46%,40%,4%,<1%,4%,20%,27%,93%,42%,58%,0%,81%,Boys: Basketball; Girls: Basketball; Co-Ed: N/A,"Stock Market Club, Wise! Financial Club, Career, Tech Ed Club, Anime Club, Art Club, Botany Club,, Chess Club, Dance Club, Digital Media Club,, Model UN Club, Spoken Word Club, 3D Printer, Design Club, Student Council, Student Advisory, Council, Scholar Ambassadors, Peer Group, Connection (PGC) Peer Mentoring, Mindfulness, Council, Student Led Clubs","Mixed Media, Folk / Traditional Cutural Dance",Career & Technical Education; Career Readiness and Modern Youth Apprenticeship; Community School; Future Ready NYC; NYC Solves; PROSE,N/A (fewer than 5 teachers),56%,N/A (fewer than 5 teachers),0%,0%,N/A (fewer than 5 teachers),12,61%,100%,80%,79%,N/A,N/A,100%,83%,89%,95%,95%,31,57%,41%,147 (69%),96 (45%),3% (4),50% (77),36% (55),5% (7),<1% (1),4% (6),Fair,98%,N/A,N/A,93%,N/A,N/A,88%,N/A,91%,87%,N/A,N/A,N/A,89%,88%,N/A,100%,75%,91%,100%,90%,92%,N/A,N/A,83%,86%,100%,71%,79%,100%,72%,84%,N/A,N/A,100%,73%,79%,81%,74%,89%,86%,87%,100%,88%,80%,100%,N/A,100%,74%,89%,80%,37%,97%,72%,58%,60%,65%,46%,100%,N/A,71%,44%,60%,92%,100%,91%,92%,100%,N/A,86%,89%,91%,72%,60%,70%,74%,100%,N/A,71%,68%,86%,94%,93%,N/A,100%,81%,N/A,N/A,N/A,100%,100%,82%,81%,N/A,76%,88%,N/A,N/A,N/A,100%,92%,95%,90%,N/A,100%,73%,N/A,N/A,N/A,100%,92%
16K765,Nelson Mandela High School,Fair,Needs Improvement,Needs Improvement,mandelaschoolnyc.org,Matthew Anderson,"09,10,11,12,SE",145,"ASD/ACES Program, Ed. Opt., Open",Local Support and Improvement,1700 Fulton Street,"Brooklyn, NY 11213",718-804-6805,2%,74%,12%,3%,0%,<1%,6%,37%,90%,41%,59%,0%,61%,"Boys: Handball,Tennis,Basketball,Volleyball,Cross Country,Indoor Track,Football,Outdoor Track,Soccer; Girls: Handball,Indoor Track,Outdoor Track,Volleyball,Cross Country,Basketball; Co-Ed: N/A","Flag Football, Black Lives Matter, Student Government (Barraza), Gaming, Step,Gender Sexuality Alliance (GSA)","Brass Ensemble, Graphic Design",NYC Solves; Project Pivot; PROSE,N/A (fewer than 5 teachers),69%,N/A (fewer than 5 teachers),0%,0%,N/A (fewer than 5 teachers),2.2,92%,N/A,42%,33%,N/A,N/A,N/A,N/A,43%,64%,45%,32,64%,46%,76 (52%),64 (44%),1% (1),76% (74),8% (8),3% (3),0% (0),0% (0),Excellent,91%,N/A,N/A,95%,N/A,N/A,85%,N/A,89%,N/A,N/A,N/A,N/A,87%,83%,N/A,77%,52%,79%,N/A,82%,62%,N/A,N/A,N/A,60%,82%,56%,66%,N/A,67%,62%,N/A,N/A,N/A,60%,74%,48%,36%,45%,75%,65%,N/A,66%,75%,N/A,N/A,N/A,N/A,79%,82%,45%,95%,56%,44%,N/A,44%,44%,N/A,N/A,N/A,N/A,47%,74%,N/A,71%,88%,N/A,N/A,N/A,80%,76%,60%,N/A,60%,56%,N/A,N/A,N/A,60%,69%,86%,69%,N/A,62%,N/A,N/A,N/A,N/A,N/A,64%,77%,78%,N/A,79%,N/A,N/A,N/A,N/A,N/A,90%,81%,74%,N/A,73%,N/A,N/A,N/A,N/A,N/A,77%
17K122,Pathways in Technology Early College High School (P-Tech),Good,Good,Good,www.ptechnyc.org/,Rashid Davis,"09,10,11,12,SE",535,Ed. Opt.,Local Support and Improvement,150 Albany Avenue,"Brooklyn, NY 11213",718-221-1593,3%,81%,13%,<1%,1%,<1%,2%,19%,79%,25%,75%,0%,65%,"Boys: Cross Country,Baseball,Outdoor Track,Handball,Tennis,Soccer,Basketball,Indoor Track; Girls: Basketball,Indoor Track,Cross Country,Outdoor Track; Co-Ed: N/A",Gender Sexuality Alliance (GSA),"Mixed Media, Computer Art / Digital Art, Visual Art",Career & Technical Education; Career Readiness and Modern Youth Apprenticeship; Future Ready NYC; NYC Solves,N/A (fewer than 5 teachers),69%,N/A (fewer than 5 teachers),N/A (fewer than 5 teachers),N/A (fewer than 5 teachers),28%,13.2,91%,N/A,33%,52%,N/A,N/A,N/A,N/A,29%,65%,61%,44,59%,75%,,185 (35%),4% (13),82% (244),11% (34),0% (0),2% (5),0% (0),Fair,86%,N/A,N/A,91%,0%,9%,84%,N/A,87%,N/A,N/A,N/A,N/A,92%,81%,N/A,72%,79%,92%,N/A,90%,95%,N/A,N/A,N/A,N/A,90%,64%,72%,N/A,69%,87%,N/A,N/A,N/A,N/A,72%,80%,82%,77%,82%,81%,100%,78%,92%,N/A,N/A,N/A,N/A,75%,88%,63%,95%,67%,43%,40%,35%,80%,N/A,N/A,N/A,N/A,50%,89%,80%,88%,96%,N/A,N/A,N/A,N/A,85%,60%,60%,58%,68%,N/A,N/A,N/A,N/A,50%,94%,96%,100%,95%,100%,N/A,N/A,N/A,67%,100%,73%,63%,67%,64%,61%,N/A,N/A,N/A,50%,69%,97%,96%,100%,96%,100%,N/A,N/A,N/A,83%,100%
17K382,Academy for College Preparation and Career Exploration: A College Board School,Good,Excellent,Excellent,www.academyforcollegeprep.com,Joan Mosely,"06,07,08,09,10,11,12,SE",279,Ed. Opt.,Local Support and Improvement,911 Flatbush Avenue,"Brooklyn, NY 11226",718-564-2566,3%,69%,23%,2%,<1%,3%,16%,17%,86%,32%,68%,0%,84%,"Boys: Cross Country,Wrestling,Volleyball,Outdoor Track,Basketball,Baseball,Indoor Track,Bowling,Soccer,Football; Girls: Flag Football,Swimming,Table Tennis,Basketball,Indoor Track,Cross Country,Tennis,Softball,Outdoor Track,Volleyball; Co-Ed: N/A","HE3AT is an exciting, place-based, post-secondary preparation program designed to provide students with an augmented learning opportunity to explore social, political, technological and economic complexities in the fields of healthcare, energy, education, environment, agriculture and technology. Curriculum is intentionally designed to connect work- and place-based experiences with academic and project management skills to better prepare students for careers, occupations, and credentials of their interest. Students have access to a wide variety of industry specific reading material calibrated to their interest as they build and develop their literacy skills and interest in reading towards increasingly complex texts. Sustained partnerships with industry leaders in private and public sectors provide students with authentic learning that combines academics with in-demand professional skills. Once a month, from 8:30am-2:30 pm, students travel to their assigned place-based learning locations at one of our partner sites where they collaborate with industry experts, NYCPS teachers and students from other schools. Industry professionals facilitate interactive learning experiences where students engage with principles of design thinking, applied entrepreneurship and ethical business management in addressing pressing issues that lack rules-based solutions with a lens of empathy, equity, social justice, and sustainability. Instead of seeking solutions that totally eliminate problems, students learn to recognize that actions occur in an ongoing process, and further actions will always be needed. Students' experience culminates in extensive research and a development of a relevant, industry-specific proposal, prototype design, or a business plan along with an oral defense to a panel on their research process, method, and findings. Students earn two credits and acquire financial literacy skills as they get paid for their place-based experience. We also offer excellent Academic Place-based Learning & Civic Readiness course starting spring 2024. The opportunity is dedicated to engaging students profoundly with the history of the Freedom Riders while anchored in the moral compass of kindness, embracing the values of forgiveness, compassion, integrity, and responsibility. This venture, an integral part of New York State's Civic Readiness program,","Technical Theater, Art History, Visual Art",21st Century Community Learning Center; Community School; DYCD: COMPASS/SONYC; NYC Solves; Project Pivot,N/A (fewer than 5 teachers),69%,N/A (fewer than 5 teachers),0%,0%,19%,7.6,77%,50%,64%,63%,50%,N/A,67%,76%,64%,84%,72%,39,62%,51%,51 (18%),94 (34%),1% (2),78% (108),18% (25),1% (2),<1% (1),<1% (1),Excellent,93%,N/A,N/A,97%,N/A,N/A,98%,N/A,100%,N/A,N/A,N/A,N/A,N/A,97%,N/A,N/A,79%,88%,100%,86%,91%,100%,N/A,88%,88%,88%,66%,77%,50%,76%,83%,67%,N/A,88%,80%,85%,95%,96%,96%,90%,86%,71%,88%,89%,N/A,N/A,N/A,90%,91%,95%,86%,95%,74%,56%,50%,54%,60%,67%,N/A,62%,67%,66%,86%,100%,82%,92%,80%,N/A,89%,100%,83%,73%,62%,74%,69%,83%,N/A,75%,71%,68%,99%,100%,100%,100%,100%,100%,N/A,100%,100%,100%,99%,100%,100%,100%,100%,100%,N/A,100%,100%,100%,100%,100%,100%,100%,100%,100%,N/A,100%,100%,100%
17K408,Academy of Hospitality and Tourism,Good,Good,Good,aohterasmus.org/,Shirley Miller,"09,10,11,12,SE",382,Ed. Opt.,Local Support and Improvement,911 Flatbush Avenue,"Brooklyn, NY 11226",718-564-2580,6%,59%,29%,<1%,0%,4%,16%,23%,88%,46%,54%,<1%,93%,"Boys: Volleyball,Soccer,Cross Country,Wrestling,Basketball,Baseball,Outdoor Track,Indoor Track,Football,Bowling; Girls: Basketball,Swimming,Tennis,Cross Country,Table Tennis,Volleyball,Softball,Indoor Track,Flag Football,Outdoor Track; Co-Ed: N/A","Anime, Gaming, Coding , Swim, Culinary/Food Club, Art , Dance , Archery","Painting, Visual Art",Career & Technical Education; NYC Solves; Project Pivot,N/A (fewer than 5 teachers),54%,N/A (fewer than 5 teachers),0%,0%,21%,8.5,63%,80%,65%,71%,N/A,N/A,75%,73%,49%,89%,53%,37,73%,51%,109 (29%),76 (20%),5% (9),63% (110),25% (44),2% (3),0% (0),3% (6),Excellent,96%,N/A,N/A,97%,N/A,N/A,77%,N/A,83%,61%,N/A,N/A,N/A,77%,77%,N/A,80%,81%,94%,100%,95%,89%,N/A,N/A,100%,81%,92%,77%,87%,94%,89%,81%,N/A,N/A,75%,75%,86%,88%,89%,84%,91%,87%,100%,86%,87%,N/A,N/A,78%,82%,88%,81%,51%,96%,77%,53%,50%,52%,53%,N/A,N/A,56%,40%,57%,95%,89%,97%,90%,N/A,N/A,100%,82%,91%,73%,76%,73%,73%,N/A,N/A,56%,76%,67%,93%,82%,N/A,79%,85%,N/A,N/A,N/A,57%,92%,84%,81%,N/A,89%,69%,N/A,N/A,N/A,71%,86%,91%,82%,N/A,79%,85%,N/A,N/A,N/A,57%,93%
17K524,International High School at Prospect Heights,Good,Good,Excellent,www.schools.nyc.gov/schools/K524,Suzannah Taylor,"09,10,11,12",304,Language Criteria,Local Support and Improvement,883 Classon Avenue,"Brooklyn, NY 11225",718-230-6333,3%,21%,54%,<1%,<1%,4%,89%,5%,>95%,48%,52%,0%,91%,"Boys: Cross Country,Volleyball,Outdoor Track,Swimming,Soccer,Basketball,Baseball,Indoor Track; Girls: Outdoor Track,Badminton,Indoor Track,Softball,Swimming,Basketball,Volleyball,Soccer,Cross Country; Co-Ed: Cricket,Double Dutch","Dream Team, French Heritage,Chinese Club, Yearbook Club,Moth Storytelling, Ballet, National Honor Society, Senior Committee, Student Government, Acting Club, Glass Wing, City Rocks, Tap Dance, Haitian Dance, Arabic Club, Anime,Gender Sexuality Alliance (GSA), and The Green Team",Mixed Media,Consortium; Future Ready NYC; NYC Solves; New Arrivals; PROSE,21%,21%,N/A (fewer than 5 teachers),0%,0%,38%,1,88%,83%,89%,79%,N/A,N/A,100%,82%,38%,64%,64%,52,87%,39%,,70 (23%),7% (5),21% (15),63% (44),0% (0),1% (1),6% (4),N/A,N/A,73%,N/A,0%,0%,100%,74%,N/A,88%,70%,N/A,N/A,N/A,76%,71%,74%,N/A,84%,90%,83%,93%,90%,N/A,N/A,75%,89%,86%,79%,93%,86%,98%,91%,N/A,N/A,100%,92%,86%,98%,100%,100%,89%,82%,100%,88%,79%,N/A,N/A,89%,80%,100%,88%,58%,96%,79%,64%,71%,73%,57%,N/A,N/A,67%,61%,78%,93%,86%,92%,94%,N/A,N/A,88%,93%,89%,81%,71%,76%,81%,N/A,N/A,78%,81%,78%,98%,95%,N/A,100%,92%,N/A,N/A,N/A,94%,83%,92%,91%,N/A,100%,90%,N/A,N/A,N/A,90%,83%,99%,100%,N/A,100%,100%,N/A,N/A,N/A,100%,100%
17K528,The High School for Global Citizenship,Good,Good,Good,www.hs-gc.org/,Michelle Penn,"09,10,11,SE",223,"Ed. Opt., Screened",Local Support and Improvement,883 Classon Avenue,"Brooklyn, NY 11225",718-230-6300,4%,77%,16%,<1%,0%,3%,9%,18%,80%,30%,70%,0%,90%,"Boys: Indoor Track,Cross Country,Baseball,Swimming,Outdoor Track,Basketball,Volleyball,Soccer; Girls: Softball,Basketball,Indoor Track,Cross Country,Outdoor Track,Badminton,Soccer,Swimming,Volleyball; Co-Ed: Cricket,Double Dutch",N/A,"Cartooning, Music Technology, Visual Art",Career Readiness and Modern Youth Apprenticeship; DYCD: COMPASS/SONYC; Future Ready NYC; NYC Solves; Respect for All,0%,63%,N/A (fewer than 5 teachers),0%,0%,N/A (fewer than 5 teachers),14.1,50%,38%,79%,67%,N/A,N/A,N/A,93%,62%,88%,88%,36,74%,64%,134 (60%),132 (59%),4% (7),78% (148),14% (27),1% (2),0% (0),3% (6),Fair,97%,N/A,N/A,92%,N/A,N/A,97%,N/A,96%,N/A,N/A,N/A,N/A,100%,95%,N/A,100%,83%,95%,100%,96%,91%,N/A,N/A,100%,94%,92%,79%,85%,50%,85%,86%,N/A,N/A,100%,80%,81%,82%,88%,82%,91%,90%,100%,89%,94%,N/A,N/A,83%,95%,83%,86%,54%,96%,81%,71%,75%,70%,71%,N/A,N/A,83%,58%,60%,90%,100%,90%,91%,N/A,N/A,100%,89%,88%,82%,56%,81%,91%,N/A,N/A,100%,80%,74%,94%,98%,100%,98%,100%,N/A,N/A,83%,100%,98%,96%,95%,100%,95%,94%,N/A,N/A,100%,90%,98%,92%,98%,100%,98%,100%,N/A,N/A,83%,100%,95%
17K537,High School for Youth and Community Development at Erasmus,Good,Excellent,Good,ycdhs.org,Mary Prendergast,"09,10,11,12,SE",495,Open,Local Support and Improvement,911 Flatbush Avenue,"Brooklyn, NY 11226",718-564-2470,4%,68%,21%,2%,0%,3%,11%,21%,84%,32%,68%,0%,89%,"Boys: Soccer,Bowling,Wrestling,Volleyball,Football,Outdoor Track,Indoor Track,Cross Country,Basketball,Baseball; Girls: Indoor Track,Softball,Swimming,Basketball,Flag Football,Tennis,Outdoor Track,Volleyball,Table Tennis,Cross Country; Co-Ed: N/A","Arthur Ashe Health Science Institute, CRMYA Apprenticeships, FRNYC Internships,Gender Sexuality Alliance (GSA), Student Government, Project Pivot, LINKS School Culture Club, Music Club, Art Club","Graphic Design, Studio Art, Mixed Media, Visual Art, Classroom Music",Career Readiness and Modern Youth Apprenticeship; CS for All; Future Ready NYC; NYC Solves; Project Pivot,N/A (fewer than 5 teachers),N/A (fewer than 5 teachers),N/A (fewer than 5 teachers),0%,0%,62%,19.5,95%,71%,64%,49%,83%,N/A,82%,73%,57%,70%,65%,38,44%,51%,57 (12%),114 (23%),7% (10),63% (93),24% (35),1% (2),0% (0),5% (7),Excellent,97%,N/A,N/A,97%,N/A,N/A,91%,N/A,90%,88%,N/A,N/A,N/A,98%,87%,65%,95%,85%,94%,86%,93%,96%,100%,N/A,100%,83%,93%,76%,89%,93%,90%,85%,100%,N/A,91%,81%,86%,92%,87%,87%,91%,87%,93%,87%,83%,100%,N/A,100%,95%,88%,96%,89%,96%,78%,58%,50%,59%,54%,71%,N/A,79%,59%,64%,93%,100%,93%,94%,86%,N/A,93%,88%,91%,80%,79%,83%,71%,71%,N/A,93%,78%,86%,95%,86%,86%,86%,85%,N/A,N/A,83%,90%,89%,82%,83%,57%,86%,82%,N/A,N/A,100%,91%,84%,95%,94%,86%,96%,90%,N/A,N/A,100%,100%,95%
17K539,High School for Service & Learning at Erasmus,Fair,Good,Good,www.schools.nyc.gov/schools/K539,Denese Farkas,"09,10,11,12,SE",227,Ed. Opt.,Local Support and Improvement,911 Flatbush Avenue,"Brooklyn, NY 11226",718-564-2551,4%,60%,29%,2%,<1%,3%,23%,18%,87%,41%,59%,0%,87%,"Boys: Cross Country,Outdoor Track,Soccer,Football,Volleyball,Wrestling,Basketball,Bowling,Indoor Track,Baseball; Girls: Basketball,Volleyball,Flag Football,Table Tennis,Indoor Track,Softball,Tennis,Outdoor Track,Cross Country,Swimming; Co-Ed: N/A","TEALS Microsoft Computer Science club, Girls INC., Gentleman's Factory Innovation Lab, Student Government Association, Peer Mediation, Trident Swim Club, Dance Club","Dramatic Literature, Painting, Visual Art",Career Readiness and Modern Youth Apprenticeship; Future Ready NYC; NYC Solves; Pathways Advising; Project Pivot,0%,41%,N/A (fewer than 5 teachers),0%,0%,47%,5,71%,62%,55%,56%,N/A,N/A,N/A,69%,61%,82%,71%,34,56%,57%,37 (16%),106 (47%),2% (3),60% (80),31% (41),2% (2),<1% (1),5% (6),Good,95%,N/A,N/A,88%,N/A,N/A,95%,N/A,92%,N/A,N/A,N/A,N/A,91%,97%,100%,80%,72%,90%,88%,96%,84%,N/A,N/A,N/A,81%,89%,65%,85%,88%,87%,80%,N/A,N/A,N/A,89%,79%,85%,94%,88%,87%,90%,100%,94%,87%,N/A,N/A,N/A,83%,89%,86%,52%,97%,73%,54%,62%,52%,58%,N/A,N/A,N/A,52%,50%,95%,100%,97%,92%,N/A,N/A,N/A,97%,90%,73%,86%,71%,73%,N/A,N/A,N/A,84%,85%,93%,90%,N/A,90%,86%,N/A,N/A,N/A,N/A,N/A,79%,70%,N/A,64%,67%,N/A,N/A,N/A,N/A,N/A,93%,90%,N/A,100%,71%,N/A,N/A,N/A,N/A,N/A
17K546,High School for Public Service: Heroes of Tomorrow,Good,Good,Good,www.highschoolforpublicservice.com/,Sean Rice,"09,10,11,12,SE",386,"Ed. Opt., Screened",Local Support and Improvement,600 Kingston Avenue,"Brooklyn, NY 11203",718-756-5325,4%,73%,16%,3%,<1%,2%,6%,18%,80%,57%,43%,0%,83%,"Boys: Tennis,Soccer,Volleyball,Basketball,Outdoor Track,Bowling,Baseball; Girls: Cross Country,Outdoor Track,Volleyball,Rugby,Soccer,Basketball; Co-Ed: N/A","Anime , Volleyball, Dance and Step, Photography, Yearbook, Weightlifting, Yoga, Basketball, Farm and Agriculture, Jazz band, Caribbean,Gender Sexuality Alliance (GSA), Chess, Crochet, HSPS Newsletter, Band, Latin, Book, Art, Theater, Podcast, Student Government","Core Music, Drawing, Studio Art, Concert Band, Acting, Mixed Media, Classroom Music",DYCD: COMPASS/SONYC; NYC Solves; Project Pivot,N/A (fewer than 5 teachers),37%,N/A (fewer than 5 teachers),0%,0%,47%,11.6,80%,33%,53%,63%,57%,N/A,89%,85%,67%,81%,63%,42,41%,74%,106 (27%),106 (27%),5% (9),73% (125),16% (27),3% (5),<1% (1),2% (4),Fair,88%,12%,0%,85%,0%,15%,84%,N/A,82%,88%,N/A,N/A,N/A,91%,73%,N/A,77%,77%,90%,77%,90%,98%,100%,N/A,75%,100%,89%,73%,82%,64%,81%,94%,71%,N/A,89%,100%,84%,81%,84%,86%,88%,82%,77%,84%,71%,100%,N/A,78%,58%,88%,87%,62%,96%,71%,47%,54%,47%,43%,50%,N/A,44%,62%,53%,90%,77%,91%,92%,88%,N/A,78%,92%,90%,68%,31%,70%,72%,62%,N/A,67%,64%,80%,93%,92%,100%,91%,93%,100%,N/A,100%,71%,95%,81%,82%,70%,86%,63%,100%,N/A,86%,89%,87%,94%,90%,100%,90%,85%,89%,N/A,100%,83%,86%
17K547,Brooklyn Academy of Science and the Environment,Good,Good,Good,basehighschool.org,Gail Lambert,"09,10,11,12,SE",234,Ed. Opt.,Local Support and Improvement,883 Classon Avenue,"Brooklyn, NY 11225",718-230-6363,6%,73%,14%,1%,0%,5%,9%,22%,82%,37%,63%,0%,78%,"Boys: Swimming,Basketball,Cross Country,Outdoor Track,Baseball,Volleyball,Soccer,Indoor Track; Girls: Softball,Indoor Track,Outdoor Track,Soccer,Cross Country,Swimming,Volleyball,Basketball,Badminton; Co-Ed: Double Dutch,Cricket","Student Government, Green Team, Garden Crew, Cooking Club, Student Civic Leadership, AIR Company Scholars, Junior Achievement, e-Sports, Journalism, Co-op Employment, Art Club,Gender Sexuality Alliance (GSA), Book Club","Computer Art / Digital Art, Studio Art, Architecture, Art History",NYC Solves,N/A (fewer than 5 teachers),29%,N/A (fewer than 5 teachers),N/A (fewer than 5 teachers),0%,41%,7.2,88%,62%,60%,93%,N/A,N/A,N/A,N/A,65%,93%,79%,36,32%,76%,57 (24%),91 (39%),5% (6),77% (85),14% (15),2% (2),0% (0),3% (3),Excellent,90%,N/A,N/A,93%,N/A,N/A,85%,N/A,87%,N/A,N/A,N/A,N/A,82%,88%,N/A,N/A,72%,86%,75%,89%,80%,N/A,N/A,N/A,N/A,87%,69%,78%,88%,77%,83%,N/A,N/A,N/A,60%,73%,94%,100%,100%,85%,78%,100%,76%,76%,N/A,N/A,N/A,100%,70%,83%,47%,97%,74%,51%,33%,50%,67%,N/A,N/A,60%,80%,69%,90%,78%,90%,94%,N/A,N/A,100%,100%,88%,66%,56%,67%,72%,N/A,N/A,60%,100%,77%,97%,89%,100%,90%,91%,N/A,N/A,N/A,N/A,100%,78%,64%,60%,63%,80%,N/A,N/A,N/A,N/A,79%,96%,95%,100%,93%,100%,N/A,N/A,N/A,N/A,100%
17K548,Brooklyn School for Music & Theatre,Fair,Good,Good,bkmusicntheatre.com,Pamela Randazzo,"09,10,11,SE",207,Ed. Opt.,Local Support and Improvement,883 Classon Avenue,"Brooklyn, NY 11225",718-230-6250,0%,77%,19%,<1%,0%,2%,2%,27%,85%,79%,21%,0%,78%,"Boys: Outdoor Track,Cross Country,Basketball,Swimming,Indoor Track,Baseball,Volleyball,Soccer; Girls: Softball,Soccer,Swimming,Cross Country,Outdoor Track,Indoor Track,Badminton,Volleyball,Basketball; Co-Ed: Double Dutch,Cricket","Basketball Shootout, Sat Prep, Student Government, Dance Team, Step Team, Chess Team Theatre Program, Dance Company, Chorus Company, Theatre Tech","Mixed Choir, Acting, Mixed Media, Dance, Technical Theater, Music Theory / Musicianship, Guitar",Career & Technical Education; NYC Solves,0%,28%,0%,0%,0%,56%,17.2,78%,N/A,50%,62%,N/A,N/A,80%,N/A,52%,76%,82%,40,44%,55%,40 (19%),61 (29%),0% (0),77% (77),21% (21),0% (0),0% (0),2% (2),Fair,98%,N/A,N/A,95%,N/A,N/A,90%,N/A,88%,N/A,N/A,N/A,N/A,90%,N/A,N/A,N/A,71%,94%,N/A,93%,97%,N/A,N/A,100%,N/A,93%,68%,84%,N/A,85%,82%,N/A,N/A,80%,N/A,80%,79%,82%,76%,85%,81%,N/A,84%,71%,N/A,N/A,80%,100%,78%,87%,58%,96%,71%,52%,N/A,51%,63%,N/A,N/A,60%,80%,61%,88%,N/A,86%,100%,N/A,N/A,100%,100%,74%,64%,N/A,64%,66%,N/A,N/A,80%,100%,59%,90%,91%,N/A,91%,88%,N/A,N/A,100%,N/A,100%,87%,88%,N/A,88%,86%,N/A,N/A,100%,N/A,100%,95%,91%,N/A,92%,87%,N/A,N/A,100%,N/A,100%
17K590,Medgar Evers College Preparatory School,Excellent,,,mecps.org,Michael Wiltshire,"06,07,08,09,10,11,12,SE",869,Screened With Assessment,Local Support and Improvement,1186 Carroll Street,"Brooklyn, NY 11225",718-703-5400,2%,88%,6%,2%,<1%,<1%,<1%,6%,58%,54%,46%,0%,77%,"Boys: Cross Country,Soccer,Indoor Track,Middle Schools Basketball,Outdoor Track,Basketball,Bowling,Swimming; Girls: Indoor Track,Volleyball,Tennis,Outdoor Track,Cross Country,Swimming,Basketball,Middle Schools Basketball,Soccer; Co-Ed: Cricket",N/A,"Brass Ensemble, Modern Dance, Graphic Design, Mixed Choir, Architecture, Studio Art, Music History, Printmaking, String Orchestra, Visual Art, and more",DYCD: COMPASS/SONYC; NYC Solves,15%,61%,N/A (fewer than 5 teachers),0%,0%,17%,23.1,77%,20%,21%,31%,20%,N/A,0%,N/A,29%,62%,54%,78,94%,95%,652 (75%),477 (55%),2% (13),89% (690),6% (43),3% (20),<1% (5),<1% (6),Excellent,96%,N/A,N/A,91%,0%,9%,100%,N/A,99%,N/A,N/A,N/A,N/A,100%,99%,N/A,100%,N/A,89%,80%,89%,90%,N/A,N/A,N/A,N/A,84%,N/A,70%,67%,70%,64%,80%,N/A,60%,N/A,61%,N/A,100%,69%,N/A,55%,43%,55%,62%,N/A,N/A,N/A,N/A,55%,95%,83%,96%,N/A,25%,30%,27%,7%,0%,N/A,20%,N/A,41%,78%,90%,77%,87%,100%,N/A,80%,N/A,73%,67%,50%,68%,61%,40%,N/A,80%,N/A,65%,N/A,88%,N/A,89%,73%,67%,N/A,N/A,N/A,80%,N/A,64%,N/A,63%,83%,50%,N/A,N/A,N/A,60%,N/A,89%,N/A,90%,76%,83%,N/A,N/A,N/A,83%
17K600,Clara Barton High School,Fair,Fair,Good,www.clarabartonhs.org/,Richard Forman,"09,10,11,12,SE",1254,"ASD/ACES Program, D75 Special Education Inclusive Services, Ed. Opt., Language Criteria, Screened",Local Support and Improvement,901 Classon Avenue,"Brooklyn, NY 11225",718-636-4900,1%,81%,11%,2%,<1%,2%,12%,18%,80%,74%,26%,0%,83%,"Boys: Cross Country,Outdoor Track,Bowling,Basketball,Indoor Track; Girls: Cross Country,Volleyball,Basketball,Indoor Track,Outdoor Track; Co-Ed: N/A","Annual International Excursion, A/V Club, Bike Club, Bottom Line College Prep, Braiding Club, CARE (Health Career Club), Chess Club, Cooking Club, Cosmetology Club, Cricket Club, Crochet Club, Dance, Deejay Club,Gender Sexuality Alliance (GSA), Korean Culture Club, Martial Arts, Opening Act Drama Club, Pace U. Sadie Nash Leadership, Poetry Club, Soccer Club, Steelpan Club, Step Club, Yearbook Club, and more. Partnerships: CUNY School of Labor and Urban Studies, Kings County Hospital, Dr. Susan Smith McKinney Nursing and Rehabilitation Center, Menorah Nursing Home, Woodhull Medical and Mental Health Center, B&H EMT, St. Francis College, Flanbwayan Haitian Literacy Project, Good Co Bike Club, Kings Against Violence Initiative (KAVI), Neighbors In Action, Liberty Partnership, Opening Act Drama Club, Rock Your College Essay, Super Vibes DJ Academy, Gateway Institute for Pre College Education, Kingsborough Community College, BMCC, St Joseph College, New York City College of Technology, Brooklyn Museum School Partnership Program, BAM Dance Africa.","Studio Art, Core Music, Ceramics, Photography, Visual Art",Career & Technical Education; Career Readiness and Modern Youth Apprenticeship; Dual Language or TBE; NYC Solves,N/A (fewer than 5 teachers),44%,8%,0%,0%,41%,17.6,74%,0%,27%,28%,29%,N/A,38%,57%,41%,51%,33%,37,57%,73%,136 (11%),457 (36%),2% (9),84% (498),8% (48),2% (13),<1% (1),2% (13),Fair,96%,N/A,N/A,97%,0%,3%,78%,N/A,82%,54%,N/A,N/A,N/A,81%,69%,48%,48%,72%,89%,N/A,90%,88%,86%,N/A,100%,87%,85%,50%,63%,50%,62%,68%,67%,N/A,85%,63%,69%,66%,71%,77%,82%,79%,83%,78%,78%,79%,N/A,85%,83%,89%,92%,78%,95%,64%,35%,0%,35%,36%,71%,N/A,31%,44%,44%,88%,100%,87%,91%,100%,N/A,92%,88%,88%,57%,33%,56%,61%,57%,N/A,69%,64%,66%,88%,85%,N/A,86%,74%,100%,N/A,N/A,88%,82%,84%,80%,N/A,81%,67%,80%,N/A,N/A,85%,75%,93%,90%,N/A,89%,95%,100%,N/A,N/A,96%,84%
17K745,Brooklyn Institute for Liberal Arts,Good,Good,Fair,www.bilanyc.net,Ann Marie Henry Stephens,"09,10,11,12,SE",445,Open,Local Support and Improvement,600 Kingston Avenue,"Brooklyn, NY 11203",718-221-1097,1%,82%,15%,<1%,<1%,<1%,4%,24%,79%,51%,49%,0%,67%,"Boys: Outdoor Track,Baseball,Soccer,Basketball,Bowling,Tennis,Volleyball; Girls: Volleyball,Cross Country,Outdoor Track,Soccer,Basketball,Rugby; Co-Ed: N/A","Journalism Club, Student Leadership, Chess Club,Gender Sexuality Alliance (GSA), Drama Club, Book Club, Cooking Club, Arts & Craft Club, Community Service","Mixed Choir, Visual Art, Core Music, Painting",NYC Solves,N/A (fewer than 5 teachers),31%,N/A (fewer than 5 teachers),0%,0%,53%,12.2,41%,N/A,53%,61%,N/A,N/A,N/A,86%,48%,75%,50%,34,34%,66%,143 (32%),199 (45%),2% (4),81% (194),14% (33),1% (3),<1% (1),1% (3),Needs Improvement,93%,N/A,N/A,96%,N/A,N/A,92%,N/A,91%,96%,N/A,N/A,N/A,95%,89%,N/A,84%,71%,89%,N/A,88%,91%,N/A,N/A,N/A,86%,89%,61%,77%,N/A,78%,69%,N/A,N/A,N/A,79%,69%,73%,100%,71%,79%,69%,100%,71%,62%,N/A,N/A,N/A,80%,76%,87%,62%,98%,65%,45%,80%,45%,38%,N/A,N/A,N/A,50%,45%,82%,N/A,82%,76%,N/A,N/A,N/A,80%,76%,54%,N/A,54%,51%,N/A,N/A,N/A,43%,45%,92%,86%,N/A,88%,74%,N/A,N/A,N/A,45%,89%,84%,87%,N/A,89%,85%,N/A,N/A,N/A,67%,93%,88%,86%,N/A,86%,89%,N/A,N/A,N/A,78%,89%
17K751,Academy for Health Careers,Fair,Needs Improvement,Needs Improvement,www.academyhc.org,Lisa Grevenberg,"09,10,11,12,SE",203,Open,Local Support and Improvement,150 Albany Avenue,"Brooklyn, NY 11213",718-773-0128,3%,65%,22%,2%,<1%,2%,6%,20%,86%,71%,29%,0%,38%,"Boys: Indoor Track,Basketball,Tennis,Handball,Soccer,Outdoor Track,Baseball,Cross Country; Girls: Outdoor Track,Cross Country,Indoor Track,Basketball; Co-Ed: N/A",Crocheting & Knitting; Debate; Robotics; Chess; Flower Design; Cooking; Ceramics; Drawing: Mystery Book Club; Yukulele Club; Music Production,"Music Theory / Musicianship, Modern Dance, Dance, Mixed Choir, Dance / Introduction to Dance, Folk / Traditional Cutural Dance",Career & Technical Education; NYC Solves,N/A (fewer than 5 teachers),47%,0%,0%,0%,32%,4.6,68%,N/A,37%,41%,N/A,N/A,N/A,44%,41%,83%,72%,41,51%,57%,68 (33%),62 (31%),4% (5),63% (71),23% (26),3% (3),<1% (1),<1% (1),Good,95%,N/A,N/A,91%,N/A,N/A,89%,N/A,91%,N/A,N/A,N/A,N/A,97%,75%,N/A,N/A,66%,86%,80%,89%,75%,N/A,N/A,N/A,90%,89%,60%,73%,80%,75%,72%,N/A,N/A,N/A,90%,83%,66%,78%,72%,74%,60%,60%,64%,58%,N/A,N/A,N/A,60%,77%,82%,44%,98%,57%,26%,40%,26%,26%,N/A,N/A,N/A,11%,33%,78%,80%,80%,77%,N/A,N/A,N/A,100%,71%,43%,20%,46%,45%,N/A,N/A,N/A,56%,42%,86%,75%,N/A,83%,67%,N/A,N/A,N/A,N/A,91%,72%,65%,N/A,70%,55%,N/A,N/A,N/A,N/A,82%,84%,77%,N/A,85%,67%,N/A,N/A,N/A,N/A,87%
18K563,It Takes a Village Academy,Fair,Fair,Excellent,www.schools.nyc.gov/schools/K563,Marissa Olivieri,"09,10,11,12,SE",265,Ed. Opt.,Local Support and Improvement,5800 Tilden Avenue,"Brooklyn, NY 11203",718-629-2307,1%,80%,11%,<1%,0%,5%,24%,20%,80%,35%,65%,0%,70%,"Boys: Indoor Track,Football,Volleyball,Soccer,Baseball,Basketball,Bowling,Swimming,Outdoor Track; Girls: Flag Football,Basketball,Cross Country,Swimming,Outdoor Track,Indoor Track,Bowling,Soccer,Volleyball; Co-Ed: N/A","Saturday Academy for Regents Prep, Extended School day for Credit Recovery, Peer Mediation, Robotics, Conservation Club, Multicultural Club, Student Government, Weightlifting, Art, Cosmetology, Gaming Club","Studio Art, Visual Art",Career Readiness and Modern Youth Apprenticeship; Community School; CS for All; Future Ready NYC; NYC Solves,N/A (fewer than 5 teachers),73%,N/A (fewer than 5 teachers),0%,0%,N/A (fewer than 5 teachers),0.6,77%,N/A,61%,89%,N/A,N/A,N/A,77%,57%,93%,86%,38,57%,58%,36 (14%),49 (18%),<1% (1),79% (97),11% (14),<1% (1),0% (0),7% (8),Excellent,94%,N/A,N/A,94%,N/A,N/A,89%,N/A,89%,N/A,N/A,N/A,N/A,85%,91%,90%,94%,78%,85%,N/A,87%,71%,N/A,N/A,N/A,79%,86%,68%,82%,N/A,79%,100%,N/A,N/A,N/A,92%,73%,88%,100%,94%,82%,73%,N/A,70%,89%,N/A,N/A,N/A,75%,76%,83%,48%,96%,65%,43%,N/A,41%,56%,N/A,N/A,N/A,62%,53%,80%,N/A,79%,88%,N/A,N/A,N/A,88%,94%,57%,N/A,52%,75%,N/A,N/A,N/A,69%,50%,94%,88%,N/A,85%,N/A,N/A,N/A,N/A,N/A,N/A,85%,82%,N/A,85%,N/A,N/A,N/A,N/A,N/A,N/A,98%,100%,N/A,100%,N/A,N/A,N/A,N/A,N/A,N/A
18K566,Brooklyn Community High School for Excellence and Equity,Fair,Good,Good,www.BrooklynXHighSchool.org,Jennyvi Fajardo,"09,10,11,12,SE",205,Ed. Opt.,Local Support and Improvement,6565 Flatlands Avenue,"Brooklyn, NY 11236",718-968-4200,3%,78%,12%,<1%,0%,4%,25%,20%,77%,37%,63%,0%,87%,"Boys: Volleyball,Cross Country,Indoor Track,Wrestling,Basketball,Soccer,Football,Baseball,Bowling,Outdoor Track; Girls: Handball,Bowling,Outdoor Track,Cross Country,Indoor Track,Basketball,Volleyball,Softball; Co-Ed: N/A","Cooking, Sewing, Gardening, Hydroponics, Creative Writing, Basketball, Crochet, Martial Arts, Debate, Forensic Science, Law, Workout, Cheerleading, Video Games, Karaoke, Recycling, Jewerly making, Open Studio and Mural Arts, Lunch Social, Leo Club, Express Yourself, MSK and MBK, Yoga club","Studio Art, Graphic Design, Computer Art / Digital Art, Visual Art, Classroom Music",Community School; NYC Solves; Project Pivot; PROSE,N/A (fewer than 5 teachers),N/A (fewer than 5 teachers),0%,0%,0%,47%,2.1,82%,N/A,58%,71%,N/A,N/A,50%,81%,56%,75%,75%,26,32%,43%,44 (21%),78 (38%),3% (3),82% (87),8% (9),<1% (1),0% (0),4% (4),Excellent,N/A,95%,N/A,90%,N/A,N/A,88%,N/A,89%,N/A,N/A,N/A,N/A,100%,79%,86%,77%,74%,94%,N/A,94%,100%,N/A,N/A,80%,95%,94%,76%,94%,N/A,94%,100%,N/A,N/A,80%,96%,94%,93%,100%,100%,88%,87%,N/A,87%,71%,N/A,N/A,100%,92%,84%,84%,53%,96%,74%,54%,N/A,61%,0%,N/A,N/A,33%,62%,47%,87%,N/A,87%,71%,N/A,N/A,100%,96%,84%,77%,N/A,79%,43%,N/A,N/A,83%,80%,65%,92%,80%,N/A,80%,N/A,N/A,N/A,N/A,89%,89%,75%,60%,N/A,61%,N/A,N/A,N/A,N/A,78%,56%,95%,93%,N/A,94%,N/A,N/A,N/A,N/A,100%,78%
18K567,Brooklyn Theatre Arts High School,Fair,Fair,Fair,bktheatrearts.org,David Ward,"09,10,11,12,SE",194,Ed. Opt.,Local Support and Improvement,6565 Flatlands Avenue,"Brooklyn, NY 11236",718-968-1072,0%,82%,13%,<1%,0%,1%,5%,27%,82%,64%,36%,0%,68%,"Boys: Indoor Track,Volleyball,Basketball,Bowling,Baseball,Wrestling,Outdoor Track,Soccer,Football,Cross Country; Girls: Cross Country,Bowling,Outdoor Track,Handball,Volleyball,Basketball,Indoor Track,Softball; Co-Ed: N/A","Anime Club, College Readiness Club, Culinary Club,Gender Sexuality Alliance (GSA), Newspaper, Art Club, Dance, Student Government","Musical Theater, Drawing, Playwriting, Visual Art",NYC Solves; Project Pivot,0%,64%,N/A (fewer than 5 teachers),0%,0%,N/A (fewer than 5 teachers),12.1,93%,N/A,61%,65%,N/A,N/A,N/A,67%,54%,33%,33%,30,20%,52%,46 (24%),43 (22%),0% (0),77% (48),19% (12),0% (0),0% (0),3% (2),Excellent,96%,N/A,N/A,63%,0%,38%,91%,N/A,94%,N/A,N/A,N/A,N/A,93%,88%,N/A,N/A,67%,90%,N/A,91%,78%,N/A,N/A,N/A,71%,92%,71%,84%,N/A,84%,82%,N/A,N/A,N/A,75%,76%,65%,53%,71%,85%,75%,N/A,75%,67%,N/A,N/A,N/A,78%,70%,81%,35%,95%,68%,46%,N/A,46%,43%,N/A,N/A,N/A,56%,49%,88%,N/A,88%,80%,N/A,N/A,N/A,100%,83%,72%,N/A,75%,52%,N/A,N/A,N/A,89%,72%,91%,81%,N/A,82%,60%,N/A,N/A,N/A,N/A,73%,77%,79%,N/A,79%,60%,N/A,N/A,N/A,N/A,91%,86%,81%,N/A,79%,80%,N/A,N/A,N/A,N/A,73%
18K569,Kurt Hahn Expeditionary Learning School,Fair,Good,Excellent,www.kurthahnschool.org,Jessica Jean Marie,"09,10,11,12,SE",146,Ed. Opt.,Local Support and Improvement,5800 Tilden Avenue,"Brooklyn, NY 11203",718-629-1204,1%,71%,14%,1%,<1%,5%,17%,33%,87%,42%,58%,0%,86%,"Boys: Basketball,Indoor Track,Volleyball,Soccer,Football,Outdoor Track,Baseball,Swimming,Bowling; Girls: Flag Football,Cross Country,Basketball,Volleyball,Bowling,Swimming,Outdoor Track,Indoor Track,Soccer; Co-Ed: N/A","KH News Media Class and Club, Student Ambassadors, Crew Council, Cosmetology Club, Theater Club, Internships","Mixed Media, Art History, Music History, Concert Band, Core Music, Classroom Music, Filmmaking / Video, Choreography / Dance Composition",Career Readiness and Modern Youth Apprenticeship; Community School; Consortium; Future Ready NYC; PROSE,N/A (fewer than 5 teachers),50%,N/A (fewer than 5 teachers),0%,0%,38%,3.2,75%,N/A,84%,80%,N/A,N/A,N/A,80%,77%,91%,73%,23,38%,50%,27 (18%),81 (55%),2% (2),78% (67),13% (11),1% (1),0% (0),5% (4),Excellent,79%,N/A,N/A,85%,N/A,N/A,70%,N/A,67%,N/A,N/A,N/A,N/A,80%,61%,N/A,50%,77%,94%,N/A,96%,100%,N/A,N/A,N/A,N/A,92%,71%,85%,N/A,91%,100%,N/A,N/A,N/A,80%,83%,83%,91%,90%,97%,100%,N/A,100%,100%,N/A,N/A,N/A,100%,100%,80%,43%,94%,78%,50%,N/A,44%,33%,N/A,N/A,N/A,100%,40%,87%,N/A,84%,83%,N/A,N/A,N/A,100%,93%,79%,N/A,76%,83%,N/A,N/A,N/A,80%,80%,95%,88%,N/A,88%,N/A,N/A,N/A,N/A,N/A,N/A,88%,88%,N/A,88%,N/A,N/A,N/A,N/A,N/A,N/A,98%,100%,N/A,100%,N/A,N/A,N/A,N/A,N/A,N/A
18K576,Victory Collegiate High School,Fair,Good,Excellent,www.victorycollegiate.org,Sheena Garwood,"09,10,11,12,SE",246,Open,Local Support and Improvement,6565 Flatlands Avenue,"Brooklyn, NY 11236",718-968-1530,5%,75%,11%,<1%,1%,6%,15%,17%,84%,39%,61%,0%,80%,"Boys: Cross Country,Basketball,Soccer,Volleyball,Baseball,Football,Indoor Track,Bowling,Outdoor Track,Wrestling; Girls: Volleyball,Bowling,Softball,Outdoor Track,Indoor Track,Cross Country,Basketball,Handball; Co-Ed: N/A","Podcasting, Coding, Robotics, Culinary, Gardening, My sisters Keeper (MSK), My Brothers Keeper (MBK)","Visual Art, Graphic Design",Career Readiness and Modern Youth Apprenticeship; NYC Solves; Project Pivot,N/A (fewer than 5 teachers),53%,N/A (fewer than 5 teachers),0%,0%,29%,3.2,88%,55%,80%,67%,N/A,N/A,70%,77%,74%,73%,47%,38,35%,59%,11 (4%),32 (13%),3% (2),78% (50),8% (5),3% (2),0% (0),6% (4),Fair,92%,N/A,N/A,100%,0%,0%,83%,N/A,87%,N/A,N/A,N/A,N/A,93%,72%,67%,82%,63%,87%,91%,87%,95%,N/A,N/A,67%,93%,82%,72%,84%,82%,84%,90%,N/A,N/A,64%,84%,77%,71%,100%,73%,84%,78%,55%,78%,82%,N/A,N/A,91%,67%,74%,86%,58%,94%,72%,53%,36%,54%,57%,N/A,N/A,50%,63%,47%,91%,91%,93%,95%,N/A,N/A,67%,97%,89%,74%,73%,75%,80%,N/A,N/A,67%,83%,67%,95%,98%,100%,98%,100%,N/A,N/A,100%,100%,100%,98%,97%,100%,97%,100%,N/A,N/A,100%,100%,97%,100%,99%,100%,99%,100%,N/A,N/A,100%,100%,100%
18K617,High School for Innovation in Advertising and Media,Fair,Excellent,Excellent,iam-hs.org,Adaleza Michelena,"09,10,11,12,SE",348,Ed. Opt.,Local Support and Improvement,1600 Rockaway Parkway,"Brooklyn, NY 11236",718-290-8760,1%,78%,10%,2%,<1%,5%,8%,29%,83%,29%,71%,0%,100%,"Boys: Indoor Track,Basketball,Football,Handball,Soccer,Outdoor Track,Baseball; Girls: Soccer,Softball,Outdoor Track,Basketball,Volleyball,Indoor Track; Co-Ed: N/A","Women's Empowerment R.O.S.E Chapter, Opening Act Improv Theatre Group, Gamer's Guild, Anime Club, Filmmaking and Editing Club, IAM Greenhouse Keepers, IAM AudioVisual Club, IAM Social Media Club","Studio Art, Cartooning, Visual Art, Filmmaking / Video, Advertising Art, Portfolio Development, Classroom Music",Career & Technical Education; Career Readiness and Modern Youth Apprenticeship; CS for All; Future Ready NYC; NYC Solves; Project Pivot,25%,32%,N/A (fewer than 5 teachers),0%,0%,25%,16.2,57%,N/A,97%,90%,100%,N/A,100%,100%,94%,83%,78%,32,52%,65%,109 (31%),55 (16%),1% (2),78% (116),10% (15),0% (0),0% (0),7% (10),Good,87%,N/A,N/A,92%,0%,8%,88%,N/A,93%,N/A,N/A,N/A,N/A,N/A,87%,N/A,87%,87%,98%,N/A,98%,100%,100%,N/A,100%,100%,99%,94%,97%,N/A,97%,97%,100%,N/A,100%,100%,96%,69%,67%,72%,92%,99%,N/A,98%,100%,100%,N/A,100%,100%,96%,87%,56%,96%,95%,97%,N/A,96%,100%,100%,N/A,100%,100%,94%,99%,N/A,99%,100%,100%,N/A,100%,100%,100%,98%,N/A,98%,100%,100%,N/A,100%,100%,97%,99%,98%,N/A,99%,97%,N/A,N/A,100%,100%,98%,99%,98%,N/A,98%,97%,N/A,N/A,100%,100%,95%,100%,99%,N/A,100%,97%,N/A,N/A,100%,100%,100%
18K629,Cultural Academy for the Arts and Sciences,Good,Good,Good,brooklyncaas.com,Sanatha Alexis,"09,10,11,12,SE",272,"ASD/ACES Program, Open",Local Support and Improvement,5800 Tilden Avenue,"Brooklyn, NY 11203",718-968-6630,<1%,84%,12%,1%,<1%,<1%,8%,30%,80%,50%,50%,0%,90%,"Boys: Bowling,Soccer,Football,Basketball,Swimming,Outdoor Track,Indoor Track,Baseball,Volleyball; Girls: Indoor Track,Flag Football,Swimming,Basketball,Volleyball,Soccer,Bowling,Cross Country,Outdoor Track; Co-Ed: N/A","Art Club, Acting Club, Basketball Club , Book Club, Debate Club, Career Wise, Culinary Club, Dance Club , Dungeons Dragons Club , Filming Club, Gaming Club, Gardening Club, HEAT Program, Math Club, My Brothers Keeper , My Sister Keeper , Student Government, SYEP Career Ready, TOP Program , TRIO Program with Brooklyn College , WBL Program, Wellness Club, Yearbook Club","Mixed Media, Art History, Dance",Career Readiness and Modern Youth Apprenticeship; Community School; Future Ready NYC; NYC Solves; PROSE,N/A (fewer than 5 teachers),48%,N/A (fewer than 5 teachers),0%,0%,30%,8,56%,N/A,81%,62%,N/A,N/A,N/A,100%,76%,96%,86%,33,61%,56%,59 (22%),83 (31%),<1% (1),83% (110),13% (17),2% (2),2% (2),0% (0),Good,96%,N/A,N/A,97%,N/A,N/A,86%,N/A,87%,N/A,N/A,N/A,N/A,91%,81%,N/A,75%,80%,98%,N/A,98%,100%,N/A,N/A,N/A,100%,100%,79%,90%,N/A,90%,85%,N/A,N/A,N/A,100%,87%,90%,100%,96%,90%,88%,N/A,89%,79%,N/A,N/A,N/A,100%,82%,85%,54%,98%,79%,63%,N/A,66%,43%,N/A,N/A,N/A,67%,56%,92%,N/A,90%,100%,N/A,N/A,N/A,100%,88%,80%,N/A,82%,57%,N/A,N/A,N/A,100%,73%,95%,87%,N/A,90%,80%,N/A,N/A,N/A,100%,79%,89%,87%,N/A,89%,70%,N/A,N/A,N/A,80%,89%,93%,92%,N/A,91%,100%,N/A,N/A,N/A,100%,83%
18K633,High School for Medical Professions,Fair,Fair,Fair,www.hsmp.org,Pauline Obrien,"09,10,11,12,SE",354,Ed. Opt.,Local Support and Improvement,1600 Rockaway Parkway,"Brooklyn, NY 11236",718-290-8700,3%,79%,11%,<1%,<1%,5%,10%,13%,79%,62%,38%,0%,74%,"Boys: Handball,Indoor Track,Football,Outdoor Track,Basketball,Soccer,Baseball; Girls: Outdoor Track,Basketball,Softball,Indoor Track,Volleyball,Soccer; Co-Ed: N/A",N/A,"Studio Art, Drawing, Illustration, Visual Art",DYCD: COMPASS/SONYC; NYC Solves; Project Pivot,0%,46%,N/A (fewer than 5 teachers),0%,0%,46%,11,96%,N/A,53%,64%,N/A,N/A,73%,80%,52%,75%,67%,36,19%,61%,48 (14%),49 (14%),4% (3),80% (61),11% (8),0% (0),1% (1),4% (3),Good,98%,N/A,N/A,97%,N/A,N/A,91%,N/A,95%,77%,N/A,N/A,N/A,91%,91%,N/A,N/A,77%,91%,N/A,92%,87%,N/A,N/A,91%,94%,92%,71%,80%,N/A,80%,94%,N/A,N/A,55%,80%,80%,79%,79%,88%,84%,79%,N/A,79%,78%,N/A,N/A,75%,88%,78%,85%,54%,96%,69%,45%,N/A,45%,47%,N/A,N/A,50%,56%,44%,90%,N/A,90%,94%,N/A,N/A,83%,100%,96%,61%,N/A,60%,65%,N/A,N/A,73%,76%,67%,88%,88%,100%,88%,88%,N/A,N/A,N/A,90%,100%,85%,84%,80%,84%,88%,N/A,N/A,N/A,80%,85%,89%,88%,100%,87%,88%,N/A,N/A,N/A,90%,100%
18K637,Academy for Conservation and the Environment,Good,Excellent,Excellent,acebrooklyn.com,Eugene Mazzola,"09,10,11,12,SE",434,Ed. Opt.,Local Support and Improvement,6565 Flatlands Avenue,"Brooklyn, NY 11236",718-968-4101,9%,70%,11%,<1%,<1%,6%,13%,17%,76%,36%,64%,0%,83%,"Boys: Soccer,Baseball,Basketball,Football,Cross Country,Volleyball,Outdoor Track,Bowling,Indoor Track,Wrestling; Girls: Indoor Track,Cross Country,Softball,Volleyball,Basketball,Outdoor Track,Handball,Bowling; Co-Ed: N/A",Gender Sexuality Alliance (GSA),"Graphic Design, Computer Art / Digital Art, Drawing",CS for All; Future Ready NYC; NYC Solves; Project Pivot,N/A (fewer than 5 teachers),36%,N/A (fewer than 5 teachers),0%,0%,39%,13.1,77%,77%,66%,62%,N/A,N/A,71%,83%,66%,77%,77%,50,70%,64%,194 (45%),204 (47%),7% (21),75% (226),10% (29),<1% (2),1% (4),5% (16),Excellent,94%,N/A,N/A,96%,N/A,N/A,92%,N/A,93%,N/A,N/A,N/A,N/A,97%,88%,N/A,86%,82%,93%,89%,93%,92%,N/A,N/A,91%,81%,93%,74%,85%,81%,85%,84%,N/A,N/A,86%,87%,84%,93%,97%,97%,83%,76%,67%,79%,69%,N/A,N/A,61%,70%,75%,94%,79%,96%,75%,48%,42%,48%,58%,N/A,N/A,35%,52%,55%,91%,84%,91%,92%,N/A,N/A,91%,82%,95%,73%,74%,73%,74%,N/A,N/A,70%,84%,80%,98%,98%,92%,99%,96%,N/A,N/A,100%,100%,100%,90%,80%,81%,81%,65%,N/A,N/A,83%,79%,90%,100%,99%,100%,99%,96%,N/A,N/A,100%,100%,100%
18K642,Urban Action Academy,Fair,Fair,Fair,urbanactionacademy.com,Fareeda Garcia,"09,10,11,12,SE",127,"D75 Special Education Inclusive Services, Ed. Opt.",Local Support and Improvement,1600 Rockaway Parkway,"Brooklyn, NY 11236",718-290-8720,0%,81%,13%,0%,0%,4%,15%,21%,89%,40%,60%,0%,73%,"Boys: Basketball,Outdoor Track,Baseball,Indoor Track,Football,Soccer,Handball; Girls: Softball,Outdoor Track,Soccer,Volleyball,Basketball,Indoor Track; Co-Ed: N/A",N/A,"Studio Art, Visual Art",NYC Solves; Pathways Advising; Project Pivot,N/A (fewer than 5 teachers),42%,N/A (fewer than 5 teachers),N/A (fewer than 5 teachers),N/A (fewer than 5 teachers),50%,6.2,58%,N/A,56%,80%,N/A,N/A,N/A,80%,47%,92%,83%,27,33%,44%,9 (7%),22 (17%),0% (0),70% (19),11% (3),0% (0),0% (0),15% (4),Excellent,38%,N/A,N/A,86%,N/A,N/A,82%,N/A,88%,N/A,N/A,N/A,N/A,N/A,83%,N/A,N/A,72%,86%,N/A,84%,92%,N/A,N/A,N/A,88%,80%,64%,76%,N/A,72%,92%,N/A,N/A,N/A,89%,60%,87%,89%,75%,83%,83%,N/A,83%,85%,N/A,N/A,N/A,80%,91%,82%,41%,96%,71%,48%,N/A,44%,77%,N/A,N/A,N/A,60%,32%,88%,N/A,85%,100%,N/A,N/A,N/A,100%,68%,61%,N/A,56%,92%,N/A,N/A,N/A,90%,50%,88%,85%,N/A,86%,100%,N/A,N/A,N/A,88%,100%,82%,83%,N/A,78%,100%,N/A,N/A,N/A,100%,100%,91%,90%,N/A,93%,N/A,N/A,N/A,N/A,86%,100%
19K404,Academy for Young Writers,Good,Good,Good,afyw.org,Tanisha Brown,"06,07,08,09,10,11,12,SE",318,Ed. Opt.,Local Support and Improvement,1065 Elton Street,"Brooklyn, NY 11239",718-688-7230,3%,61%,30%,<1%,<1%,2%,3%,23%,88%,53%,47%,0%,68%,"Boys: Outdoor Track,Indoor Track,Volleyball,Basketball,Bowling; Girls: Outdoor Track,Indoor Track,Bowling,Volleyball,Basketball; Co-Ed: N/A","Journalism Club, Bring Change to Mind Mental Health Awareness, Mi Gente Club, My Brother's Keeper, My Sister's Keeper, National Honor Society, Book publishing, Muslim Student Association (MSA), Mentor Through Literacy Book Club, Step Team,Gender Sexuality Alliance (GSA), Film Club","Illustration, Core Music",Career Readiness and Modern Youth Apprenticeship; Community School; DYCD: COMPASS/SONYC; NYC Solves; Project Pivot; PROSE,N/A (fewer than 5 teachers),38%,20%,0%,0%,27%,2.3,82%,67%,48%,49%,N/A,N/A,N/A,43%,47%,100%,92%,44,55%,63%,77 (24%),127 (40%),4% (6),56% (92),33% (54),<1% (1),2% (3),2% (3),Fair,87%,N/A,N/A,94%,0%,6%,88%,N/A,91%,86%,N/A,N/A,N/A,80%,97%,N/A,75%,77%,92%,100%,90%,93%,N/A,N/A,N/A,71%,88%,61%,77%,89%,77%,76%,N/A,N/A,N/A,43%,68%,89%,86%,89%,85%,76%,78%,77%,73%,N/A,N/A,N/A,83%,73%,80%,37%,96%,69%,46%,55%,44%,48%,N/A,N/A,N/A,50%,46%,86%,89%,84%,90%,N/A,N/A,N/A,100%,84%,64%,67%,65%,63%,N/A,N/A,N/A,88%,49%,91%,89%,N/A,86%,94%,N/A,N/A,N/A,100%,95%,85%,84%,N/A,79%,91%,N/A,N/A,N/A,83%,86%,95%,93%,N/A,94%,91%,N/A,N/A,N/A,100%,97%
19K409,East New York Family Academy,Fair,Good,Excellent,k409.echalksites.com/,Tie Asia Mobley,"06,07,08,09,10,11,12,SE",377,"D75 Special Education Inclusive Services, Screened",Local Support and Improvement,760 Van Siclen Avenue,"Brooklyn, NY 11207",718-927-0012,1%,63%,34%,<1%,<1%,<1%,5%,21%,86%,56%,44%,0%,73%,"Boys: Outdoor Track,Volleyball,Basketball,Middle Schools Basketball,Swimming; Girls: Volleyball,Softball,Middle Schools Basketball,Outdoor Track,Swimming,Tennis,Basketball; Co-Ed: N/A",N/A,"Visual Art, Theater, Theater / Play Production, Guitar, Illustration, Painting, Music History, Studio Art, Jazz Ensemble",DYCD: COMPASS/SONYC; NYC Solves; Project Pivot,11%,72%,N/A (fewer than 5 teachers),N/A (fewer than 5 teachers),N/A (fewer than 5 teachers),11%,2.2,77%,20%,42%,48%,N/A,N/A,N/A,64%,41%,96%,80%,41,26%,55%,158 (42%),236 (63%),1% (4),60% (175),36% (104),<1% (1),<1% (2),<1% (1),Fair,94%,N/A,N/A,93%,0%,7%,96%,N/A,98%,97%,N/A,N/A,N/A,100%,94%,N/A,100%,70%,88%,80%,87%,91%,N/A,N/A,N/A,70%,79%,55%,79%,40%,78%,82%,N/A,N/A,N/A,90%,71%,93%,100%,92%,83%,69%,N/A,69%,65%,N/A,N/A,N/A,50%,81%,86%,54%,96%,61%,32%,60%,29%,34%,N/A,N/A,N/A,62%,34%,86%,80%,85%,87%,N/A,N/A,N/A,85%,85%,59%,60%,61%,56%,N/A,N/A,N/A,69%,62%,96%,91%,N/A,90%,93%,N/A,N/A,N/A,100%,96%,94%,91%,N/A,88%,93%,N/A,N/A,N/A,100%,100%,96%,94%,N/A,96%,93%,N/A,N/A,N/A,100%,100%
19K422,Spring Creek Community School,Fair,Needs Improvement,Fair,www.schools.nyc.gov/schools/K422,Astrid Rousseau,"06,07,08,09,10,11,12,SE",261,"D75 Special Education Inclusive Services, Ed. Opt.",Local Support and Improvement,1065 Elton Street,"Brooklyn, NY 11239",718-688-7200,2%,71%,20%,1%,<1%,2%,3%,23%,86%,44%,56%,0%,64%,"Boys: Volleyball,Indoor Track,Bowling,Outdoor Track,Basketball; Girls: Bowling,Volleyball,Indoor Track,Outdoor Track,Basketball; Co-Ed: N/A","Journalism, National Honor Society, Student Leadership Groups, Cosmetology Club, Intramural Basketball, Club Soccer,Gender Sexuality Alliance (GSA), Art Club, EGaming, Culinary Arts, My Brother's Keeper, Girls Inc, Community Service Club, Cheerleading, Dance Team, Lego Robotics, Self Care Club, Music Production, Weightlifting, Drama Club, Homework Help, etc.","Studio Art, Printmaking, Piano Keyboard, Guitar",Community School; DYCD: COMPASS/SONYC; NYC Solves; Project Pivot; PROSE,N/A (fewer than 5 teachers),56%,N/A (fewer than 5 teachers),0%,0%,31%,2,75%,N/A,37%,49%,N/A,N/A,N/A,50%,44%,68%,43%,31,35%,41%,32 (12%),85 (33%),3% (3),66% (69),23% (24),2% (2),0% (0),<1% (1),Good,89%,11%,0%,86%,0%,14%,87%,N/A,88%,N/A,N/A,N/A,N/A,85%,89%,N/A,75%,70%,92%,N/A,92%,93%,N/A,N/A,N/A,86%,98%,55%,72%,N/A,73%,74%,N/A,N/A,N/A,88%,72%,53%,32%,45%,80%,73%,N/A,73%,75%,N/A,N/A,N/A,67%,86%,81%,40%,94%,63%,41%,N/A,41%,39%,N/A,N/A,N/A,75%,45%,86%,N/A,85%,88%,N/A,N/A,N/A,88%,81%,55%,N/A,52%,59%,N/A,N/A,N/A,75%,49%,90%,84%,N/A,83%,88%,N/A,N/A,N/A,N/A,70%,87%,85%,N/A,87%,81%,N/A,N/A,N/A,N/A,90%,88%,86%,N/A,88%,79%,N/A,N/A,N/A,N/A,73%
19K502,FDNY - Captain Vernon A. Richard High School for Fire and Life Safety,Fair,Excellent,Good,FDNYHS.org,James Anderson,"09,10,11,12,SE",231,Ed. Opt.,Local Support and Improvement,400 Pennsylvania Avenue,"Brooklyn, NY 11207",718-688-7930,<1%,61%,32%,<1%,<1%,<1%,11%,37%,87%,25%,75%,0%,89%,"Boys: Soccer,Football,Indoor Track,Baseball,Volleyball,Cross Country,Basketball,Swimming,Outdoor Track; Girls: Swimming,Cross Country,Flag Football,Indoor Track,Outdoor Track,Volleyball,Basketball; Co-Ed: Stunt",N/A,"Computer Art / Digital Art, Graphic Design",Career & Technical Education; Community School; NYC Solves; Project Pivot,N/A (fewer than 5 teachers),52%,N/A (fewer than 5 teachers),0%,0%,24%,17.1,81%,N/A,81%,76%,N/A,N/A,N/A,80%,68%,100%,94%,32,42%,40%,38 (16%),48 (21%),2% (2),63% (51),25% (20),0% (0),1% (1),2% (2),Good,99%,N/A,N/A,78%,0%,22%,86%,N/A,89%,N/A,N/A,N/A,N/A,N/A,91%,N/A,87%,85%,91%,N/A,94%,83%,N/A,N/A,N/A,78%,88%,69%,87%,N/A,86%,90%,N/A,N/A,N/A,90%,81%,92%,100%,100%,87%,85%,N/A,86%,85%,N/A,N/A,N/A,80%,77%,86%,64%,96%,77%,60%,N/A,62%,59%,N/A,N/A,N/A,55%,56%,90%,N/A,90%,88%,N/A,N/A,N/A,91%,84%,80%,N/A,83%,78%,N/A,N/A,N/A,73%,73%,97%,93%,N/A,96%,93%,N/A,N/A,N/A,86%,87%,72%,86%,N/A,85%,93%,N/A,N/A,N/A,71%,93%,98%,93%,N/A,92%,93%,N/A,N/A,N/A,100%,93%
19K507,Performing Arts and Technology High School,Good,Excellent,Good,www.pathsnyc.org,Franklin Encarnacion,"09,10,11,12,SE",363,Ed. Opt.,Local Support and Improvement,400 Pennsylvania Avenue,"Brooklyn, NY 11207",718-688-7900,<1%,58%,34%,1%,0%,<1%,12%,23%,86%,61%,39%,0%,93%,"Boys: Volleyball,Cross Country,Soccer,Outdoor Track,Basketball,Baseball,Football,Swimming,Indoor Track; Girls: Volleyball,Swimming,Flag Football,Cross Country,Outdoor Track,Indoor Track,Basketball; Co-Ed: Stunt","Multicultural, Recording Studio, K-Pop and Dance, Film/Video Production, Podcasting, Barber and Cosmetology, Steel Pan Drums, Peer Mediation Team, Student Government, Arts and Crafts, Math, Gaming, Fashion and Design, Anime, My Brother's Keeper, My Sister's Keeper, Pioneers of Technology, National Honor Society, Senior Activities","Classroom Music, Choreography / Dance Composition, Acting, Mixed Choir, Concert Band, Music Technology, Percussion",Community School; Dual Language or TBE; NYC Solves; Project Pivot; Respect for All,N/A (fewer than 5 teachers),46%,25%,N/A (fewer than 5 teachers),N/A (fewer than 5 teachers),21%,0,75%,N/A,58%,76%,N/A,N/A,N/A,83%,61%,92%,80%,36,70%,66%,100 (28%),102 (28%),0% (0),64% (114),28% (50),<1% (1),0% (0),1% (2),Fair,97%,N/A,N/A,99%,N/A,N/A,97%,N/A,98%,100%,N/A,N/A,N/A,95%,100%,N/A,100%,85%,93%,N/A,94%,91%,N/A,N/A,N/A,97%,94%,73%,85%,N/A,83%,86%,N/A,N/A,N/A,81%,83%,89%,96%,96%,89%,86%,N/A,85%,88%,N/A,N/A,N/A,90%,88%,90%,73%,97%,76%,48%,N/A,48%,48%,N/A,N/A,N/A,48%,51%,95%,N/A,96%,94%,N/A,N/A,N/A,90%,94%,81%,N/A,79%,84%,N/A,N/A,N/A,81%,81%,94%,86%,N/A,82%,94%,N/A,N/A,N/A,88%,85%,83%,83%,N/A,81%,86%,N/A,N/A,N/A,81%,83%,92%,85%,N/A,85%,88%,N/A,N/A,N/A,76%,89%
19K510,World Academy for Total Community Health High School,Fair,Fair,Good,www.watchnyc.org,Saby Malary,"09,10,11,12,SE",141,Open,Local Support and Improvement,400 Pennsylvania Avenue,"Brooklyn, NY 11207",718-688-7980,1%,45%,49%,4%,0%,1%,35%,23%,92%,65%,35%,0%,86%,"Boys: Football,Soccer,Volleyball,Indoor Track,Basketball,Swimming,Baseball,Cross Country,Outdoor Track; Girls: Swimming,Flag Football,Basketball,Indoor Track,Cross Country,Outdoor Track,Volleyball; Co-Ed: Stunt","Book Club, Community Service, Cosmetology, Dance Club, Drama, Poetry Club, Student Council, Yearbook Club","Three-Dimensional Art, Makeup Design and Implementation, Modern Dance, Visual Art",21st Century Community Learning Center; Career & Technical Education; Community School; Future Ready NYC; NYC Solves; Project Pivot,N/A (fewer than 5 teachers),54%,N/A (fewer than 5 teachers),0%,0%,N/A (fewer than 5 teachers),3,69%,N/A,56%,78%,N/A,N/A,N/A,78%,58%,91%,73%,29,28%,48%,46 (33%),31 (22%),2% (2),47% (41),47% (41),5% (4),0% (0),0% (0),Good,86%,N/A,N/A,83%,0%,17%,83%,N/A,94%,N/A,N/A,N/A,N/A,N/A,87%,N/A,N/A,75%,90%,N/A,88%,90%,N/A,N/A,N/A,91%,95%,67%,85%,N/A,80%,90%,N/A,N/A,N/A,86%,69%,88%,82%,100%,91%,89%,N/A,86%,91%,N/A,N/A,N/A,91%,90%,80%,39%,96%,73%,54%,N/A,45%,64%,N/A,N/A,N/A,52%,57%,92%,N/A,89%,94%,N/A,N/A,N/A,91%,86%,76%,N/A,68%,81%,N/A,N/A,N/A,82%,76%,93%,88%,N/A,86%,89%,N/A,N/A,N/A,83%,100%,78%,74%,N/A,75%,76%,N/A,N/A,N/A,85%,100%,94%,93%,N/A,87%,100%,N/A,N/A,N/A,100%,89%
19K583,Multicultural High School,Good,Good,Good,mhsbk.org,Peter Ng A Fook,"09,10,11,12",335,Language Criteria,Local Support and Improvement,999 Jamaica Avenue,"Brooklyn, NY 11208",718-827-2796,0%,0%,94%,<1%,0%,0%,92%,4%,>95%,42%,58%,0%,85%,"Boys: Basketball,Soccer,Bowling,Football,Outdoor Track,Baseball,Volleyball,Indoor Track,Swimming; Girls: Outdoor Track,Indoor Track,Volleyball,Softball,Bowling,Basketball,Tennis; Co-Ed: Cricket,Golf","My Sisters Keeper (MSK), My Brothers Keeper (MBK), Latinos in Action (LIA), Peer Group Connection (PGC), Music Club","Visual Art, Theater / Play Production",Community School; Dual Language or TBE; NYC Solves; New Arrivals; PROSE,N/A (fewer than 5 teachers),N/A (fewer than 5 teachers),58%,0%,0%,N/A (fewer than 5 teachers),2.7,42%,N/A,N/A,64%,N/A,N/A,N/A,65%,N/A,71%,67%,42,82%,26%,262 (78%),119 (36%),0% (0),0% (0),94% (249),<1% (1),0% (0),0% (0),N/A,86%,N/A,N/A,100%,0%,0%,75%,N/A,N/A,75%,N/A,N/A,N/A,86%,67%,75%,N/A,75%,85%,N/A,N/A,85%,N/A,N/A,N/A,85%,N/A,69%,75%,N/A,N/A,76%,N/A,N/A,N/A,75%,N/A,73%,96%,71%,90%,85%,N/A,N/A,86%,N/A,N/A,N/A,86%,N/A,87%,58%,96%,74%,59%,N/A,N/A,61%,N/A,N/A,N/A,60%,N/A,92%,N/A,N/A,93%,N/A,N/A,N/A,92%,N/A,78%,N/A,N/A,80%,N/A,N/A,N/A,78%,N/A,94%,91%,N/A,N/A,91%,N/A,N/A,N/A,90%,N/A,88%,93%,N/A,N/A,92%,N/A,N/A,N/A,92%,N/A,94%,92%,N/A,N/A,92%,N/A,N/A,N/A,91%,N/A
19K615,Transit Tech Career and Technical Education High School,Good,Fair,Fair,transittechhs.org/,Marlon Bynum,"09,10,11,12,SE",838,"Ed. Opt., Screened",Local Support and Improvement,1 Wells Street,"Brooklyn, NY 11208",718-647-5204,10%,50%,28%,3%,<1%,2%,8%,30%,81%,16%,84%,0%,82%,"Boys: Basketball,Outdoor Track,Indoor Track,Soccer,Volleyball,Bowling,Cross Country,Football,Baseball,Handball; Girls: Volleyball,Outdoor Track,Basketball,Softball; Co-Ed: Cricket",N/A,"Mixed Choir, Music History, Computer Art / Digital Art",Career & Technical Education; CS for All; Future Ready NYC; NYC Solves; Project Pivot,11%,50%,18%,0%,0%,18%,11,82%,25%,34%,38%,64%,N/A,20%,39%,30%,68%,54%,37,75%,69%,233 (28%),425 (51%),9% (55),50% (294),28% (164),3% (19),<1% (5),2% (9),Good,97%,N/A,N/A,94%,0%,6%,82%,N/A,81%,77%,N/A,N/A,N/A,91%,81%,75%,75%,76%,88%,83%,88%,92%,94%,80%,83%,85%,88%,60%,66%,69%,61%,70%,53%,N/A,83%,75%,65%,79%,72%,78%,82%,76%,70%,75%,78%,76%,80%,100%,75%,83%,82%,54%,95%,71%,48%,35%,47%,50%,65%,80%,86%,47%,48%,87%,89%,88%,85%,81%,80%,100%,87%,84%,69%,59%,67%,71%,76%,80%,86%,62%,71%,89%,87%,91%,85%,86%,83%,N/A,N/A,100%,92%,86%,89%,73%,90%,94%,83%,N/A,N/A,100%,92%,89%,87%,90%,87%,82%,100%,N/A,N/A,100%,89%
19K618,Academy of Innovative Technology,Good,Good,Good,www.aoiths.org,Meghan Drysdale,"09,10,11,SE",399,Ed. Opt.,Local Support and Improvement,999 Jamaica Avenue,"Brooklyn, NY 11208",718-827-2469,8%,33%,54%,1%,<1%,3%,9%,21%,80%,19%,81%,0%,85%,"Boys: Basketball,Soccer,Swimming,Outdoor Track,Bowling,Baseball,Indoor Track,Volleyball,Football; Girls: Softball,Outdoor Track,Bowling,Volleyball,Indoor Track,Basketball,Tennis; Co-Ed: Cricket,Golf","Clubs: MESH (Math, ELA, Science & History) Tutoring, Boxing Club,Gender Sexuality Alliance (GSA), Health is Wealth Fitness Club, Racket Sports Club, RPG (Role Player Games) Club, Art Club, & Design League Club. In addition, we have a Civics For All program & Career Wise.","Studio Art, Digital Photography, Music Technology, Graphic Design, Visual Art",Career & Technical Education; Career Readiness and Modern Youth Apprenticeship; Community School; NYC Solves,N/A (fewer than 5 teachers),33%,N/A (fewer than 5 teachers),0%,0%,31%,7.1,72%,43%,49%,48%,N/A,N/A,71%,33%,58%,67%,52%,45,73%,75%,91 (23%),105 (26%),11% (18),31% (53),51% (86),2% (3),1% (2),4% (6),Excellent,97%,N/A,N/A,95%,N/A,N/A,97%,N/A,100%,94%,N/A,N/A,N/A,N/A,96%,100%,95%,76%,90%,90%,92%,91%,N/A,N/A,71%,70%,95%,72%,84%,74%,84%,85%,N/A,N/A,88%,54%,88%,88%,81%,96%,88%,85%,83%,87%,84%,N/A,N/A,75%,71%,86%,86%,55%,96%,75%,55%,57%,53%,55%,N/A,N/A,50%,64%,61%,94%,96%,98%,94%,N/A,N/A,62%,79%,95%,80%,78%,82%,80%,N/A,N/A,62%,71%,91%,89%,91%,100%,96%,86%,N/A,N/A,N/A,80%,93%,83%,85%,100%,80%,86%,N/A,N/A,N/A,100%,100%,95%,94%,86%,96%,93%,N/A,N/A,N/A,80%,100%
19K639,Brooklyn Lab School,Good,Good,Good,brooklynlabschool.org,Gerard Henry,"09,10,11,12,SE",419,Ed. Opt.,Local Support and Improvement,999 Jamaica Avenue,"Brooklyn, NY 11208",718-235-3592,10%,20%,66%,2%,<1%,1%,16%,20%,88%,37%,63%,0%,86%,"Boys: Football,Soccer,Baseball,Basketball,Volleyball,Bowling,Outdoor Track,Swimming,Indoor Track; Girls: Outdoor Track,Softball,Indoor Track,Volleyball,Bowling,Basketball,Tennis; Co-Ed: Cricket,Golf","After School Tutoring, Art, College Trips, My Brother's Keeper (MBK), My Sisters Keeper (MSK),Gender Sexuality Alliance (GSA), First Aid/CPR/AED Certification, Future of Tomorrow (FOT), Junior Reserve Officers' Training Corps (JROTC), Lifeguard Certification, Paid Internships and After School Work Opportunities, SYEP, Peer Leaders, Restorative Circles, SAT Prep, Student Government, Weight Training, Swimming Club, Video Game Club, Anime Club, Music Club","Core Music, Percussion, Concert Band, Art History, Visual Art, Classroom Music",Community School; NYC Solves; PROSE,N/A (fewer than 5 teachers),40%,27%,N/A (fewer than 5 teachers),N/A (fewer than 5 teachers),27%,8.1,83%,63%,53%,69%,43%,N/A,N/A,64%,55%,90%,84%,42,63%,58%,310 (74%),229 (55%),10% (39),20% (81),66% (264),2% (9),0% (0),1% (5),Excellent,96%,N/A,N/A,92%,0%,8%,99%,N/A,100%,97%,N/A,N/A,N/A,100%,98%,100%,100%,79%,93%,97%,90%,95%,71%,N/A,N/A,96%,93%,73%,84%,93%,80%,84%,100%,N/A,N/A,84%,79%,84%,94%,90%,88%,83%,97%,81%,82%,86%,N/A,N/A,85%,81%,87%,55%,96%,74%,50%,58%,49%,49%,57%,N/A,N/A,50%,55%,89%,94%,81%,91%,100%,N/A,N/A,94%,90%,76%,74%,76%,77%,71%,N/A,N/A,76%,79%,94%,91%,100%,96%,90%,N/A,N/A,N/A,94%,90%,84%,85%,83%,89%,84%,N/A,N/A,N/A,71%,96%,95%,93%,100%,93%,93%,N/A,N/A,N/A,94%,87%
19K659,Cypress Hills Collegiate Preparatory School,Good,Good,Good,chcpschool.org,Anthony Stipanov,"09,10,11,12,SE",405,Ed. Opt.,Local Support and Improvement,999 Jamaica Avenue,"Brooklyn, NY 11208",718-647-1672,5%,12%,80%,1%,<1%,<1%,22%,20%,87%,51%,49%,0%,89%,"Boys: Indoor Track,Football,Volleyball,Soccer,Bowling,Basketball,Swimming,Baseball,Outdoor Track; Girls: Indoor Track,Basketball,Bowling,Tennis,Outdoor Track,Volleyball,Softball; Co-Ed: Golf,Cricket","AfterSchool Tutoring, Art, College Youth Leaders, College Trips, My Brother's Keeper (MBK), My Sisters Keeper (MSK),Gender Sexuality Alliance (GSA), First Aid/CPR/AED Certification, Future of Tomorrow (FOT), Junior Reserve Officers' Training Corps (JROTC), Lifeguard Certification, Paid Internships and AfterSchool Work Opportunities, SYEP, Peer Leaders, Restorative Circles, Peer Mediators, SAT Prep, Student Government, Weight Training, Swimming Club, Video Game Club, DIY Club, Anime Club, Photography Club, Music Club, Drama Club, Cultural Connections Club","Mixed Media, Acting, Filmmaking / Video",Community School; NYC Solves; PROSE,N/A (fewer than 5 teachers),N/A (fewer than 5 teachers),31%,0%,0%,41%,1.2,63%,79%,56%,64%,40%,N/A,N/A,70%,63%,62%,64%,44,81%,75%,340 (84%),106 (26%),5% (20),12% (47),81% (319),1% (5),<1% (1),<1% (2),Excellent,94%,N/A,N/A,90%,0%,10%,97%,N/A,N/A,98%,N/A,N/A,N/A,98%,96%,100%,92%,78%,95%,90%,93%,96%,100%,N/A,N/A,94%,92%,74%,88%,84%,93%,88%,N/A,N/A,N/A,93%,88%,85%,88%,85%,87%,84%,90%,87%,84%,80%,N/A,N/A,91%,86%,87%,58%,95%,74%,54%,50%,63%,53%,60%,N/A,N/A,53%,57%,93%,90%,87%,94%,80%,N/A,N/A,95%,91%,80%,75%,78%,81%,60%,N/A,N/A,81%,80%,94%,92%,100%,75%,95%,N/A,N/A,N/A,100%,91%,83%,80%,38%,78%,83%,N/A,N/A,N/A,84%,82%,95%,93%,100%,83%,94%,N/A,N/A,N/A,94%,89%
19K660,W. H. Maxwell Career and Technical Education High School,Fair,Fair,Fair,www.whmaxwell.com,John Rullan,"09,10,11,12,SE",458,Ed. Opt.,Local Support and Improvement,145 Pennsylvania Avenue,"Brooklyn, NY 11207",718-345-9100,2%,55%,33%,2%,<1%,2%,13%,31%,93%,70%,30%,0%,81%,"Boys: Outdoor Track,Basketball; Girls: Softball,Basketball,Volleyball,Outdoor Track,Indoor Track; Co-Ed: N/A","Student Leadership, SkillsUSA, Photography, Book Club, GLASS Club,Gender Sexuality Alliance (GSA), Fashion Club and Yearbook Committee","Drawing, Graphic Design, Fashion and Textile Design, Visual Art",Career & Technical Education; Future Ready NYC; NYC Solves; Project Pivot,13%,52%,11%,N/A (fewer than 5 teachers),0%,20%,2.2,74%,N/A,35%,40%,N/A,N/A,N/A,83%,32%,100%,87%,29,59%,41%,57 (12%),129 (28%),1% (2),53% (88),35% (58),1% (2),<1% (1),4% (7),Excellent,89%,N/A,N/A,87%,0%,13%,81%,N/A,81%,76%,N/A,N/A,N/A,80%,85%,90%,72%,76%,88%,N/A,81%,93%,N/A,N/A,N/A,94%,91%,54%,66%,N/A,69%,55%,N/A,N/A,N/A,65%,78%,80%,87%,89%,86%,80%,N/A,81%,74%,N/A,N/A,N/A,86%,95%,78%,33%,95%,67%,43%,N/A,36%,46%,N/A,N/A,N/A,55%,39%,90%,N/A,88%,92%,N/A,N/A,N/A,95%,91%,57%,N/A,51%,53%,N/A,N/A,N/A,73%,61%,92%,83%,N/A,80%,86%,N/A,N/A,N/A,86%,81%,77%,80%,N/A,81%,87%,N/A,N/A,N/A,62%,77%,90%,84%,N/A,83%,86%,N/A,N/A,N/A,86%,89%
19K683,School for Classics High School,Fair,Fair,Excellent,www.schoolforclassics.com,Nicole Tancredi,"09,10,11,12,SE",320,Ed. Opt.,Local Support and Improvement,370 Fountain Avenue,"Brooklyn, NY 11208",718-277-1069,14%,38%,33%,2%,<1%,5%,31%,27%,>95%,45%,55%,0%,85%,Boys: Basketball; Girls: Basketball; Co-Ed: N/A,"Basketball Clinic, Volleyball Clinic, Music Club, Pottery Club, MBSK, Fashion & Travel Club, Green Team, Anime Club, Gaming Club , ESports, Student Government, Dancing Divas, National Honor Society,Gender Sexuality Alliance (GSA)","Theater Survey, Studio Art, Acting, Illustration, Technical Theater, Filmmaking / Video",Dual Language or TBE; NYC Solves,N/A (fewer than 5 teachers),38%,N/A (fewer than 5 teachers),0%,0%,29%,6,79%,67%,65%,68%,N/A,N/A,N/A,84%,62%,87%,79%,30,40%,55%,79 (25%),117 (37%),11% (17),42% (65),33% (52),1% (2),<1% (1),6% (10),Excellent,55%,N/A,N/A,49%,0%,51%,75%,N/A,84%,56%,N/A,N/A,N/A,76%,74%,63%,79%,72%,91%,100%,86%,91%,N/A,N/A,N/A,96%,84%,63%,79%,65%,85%,75%,N/A,N/A,N/A,72%,86%,91%,100%,100%,85%,76%,67%,81%,74%,N/A,N/A,80%,78%,80%,76%,33%,95%,74%,52%,48%,52%,53%,N/A,N/A,60%,67%,61%,92%,95%,91%,94%,N/A,N/A,100%,94%,86%,73%,57%,73%,74%,N/A,N/A,N/A,81%,74%,97%,97%,N/A,100%,100%,N/A,N/A,N/A,100%,100%,87%,86%,N/A,85%,88%,N/A,N/A,N/A,67%,90%,99%,100%,N/A,100%,100%,N/A,N/A,N/A,100%,100%
19K764,The Urban Assembly School for Collaborative Healthcare,Good,Fair,Good,uasch.org,Judie Cherenfant,"09,10,11,12,SE",377,Ed. Opt.,Local Support and Improvement,999 Jamaica Avenue,"Brooklyn, NY 11208",718-277-1572,8%,23%,60%,3%,0%,3%,17%,13%,83%,71%,29%,0%,76%,"Boys: Swimming,Outdoor Track,Bowling,Basketball,Indoor Track,Football,Volleyball,Baseball,Soccer; Girls: Volleyball,Indoor Track,Outdoor Track,Basketball,Softball,Tennis,Bowling; Co-Ed: Cricket,Golf","Anime Club, Air Force JROTC, College Counseling, Cooking Club, Fiber Arts Club,Gender Sexuality Alliance (GSA), Art Club, Muslim Student Association (MSA), National Honor Society, Peer Leadership, Politics Club, SAT Prep, Student Government, Young Men's Group, Young Women's Group.","Studio Art, Filmmaking / Video",Career & Technical Education; Career Readiness and Modern Youth Apprenticeship; NYC Solves,N/A (fewer than 5 teachers),26%,N/A (fewer than 5 teachers),0%,0%,48%,1.1,59%,53%,51%,64%,75%,N/A,75%,78%,52%,61%,67%,40,67%,72%,86 (23%),185 (49%),10% (22),23% (53),59% (135),4% (9),0% (0),3% (7),Excellent,98%,N/A,N/A,90%,N/A,N/A,91%,N/A,89%,90%,N/A,N/A,N/A,91%,89%,91%,75%,66%,88%,95%,85%,87%,100%,N/A,100%,85%,80%,69%,85%,76%,79%,87%,100%,N/A,78%,82%,79%,76%,94%,89%,86%,79%,82%,79%,78%,89%,N/A,89%,70%,79%,86%,55%,96%,66%,43%,38%,34%,48%,50%,N/A,12%,48%,47%,90%,91%,83%,92%,100%,N/A,89%,95%,79%,70%,68%,56%,76%,78%,N/A,78%,78%,62%,89%,80%,89%,76%,78%,N/A,N/A,N/A,80%,75%,82%,72%,89%,59%,71%,N/A,N/A,N/A,85%,88%,92%,86%,100%,69%,86%,N/A,N/A,N/A,91%,67%
19K953,The East New York Arts and Civics High School,Good,Needs Improvement,Fair,www.schools.nyc.gov/schools/K953,Jean Little,"09,10,11,12,SE",177,Open,Local Support and Improvement,800 Van Siclen Ave,"Brooklyn, NY 11207",N/A,2%,58%,31%,<1%,<1%,6%,21%,28%,95%,49%,51%,0%,63%,Boys: Basketball; Girls: Outdoor Track; Co-Ed: N/A,Dance/Step ANIME Spoken Word MBK/MSK,"Mixed Media, Studio Art, Visual Art",NYC Solves; PROSE,N/A (fewer than 5 teachers),42%,N/A (fewer than 5 teachers),N/A (fewer than 5 teachers),0%,N/A (fewer than 5 teachers),0.1,67%,N/A,48%,64%,N/A,N/A,N/A,56%,59%,55%,55%,34,57%,56%,26 (15%),17 (10%),0% (0),56% (22),38% (15),0% (0),3% (1),3% (1),Excellent,98%,N/A,N/A,89%,N/A,N/A,84%,N/A,85%,N/A,N/A,N/A,N/A,94%,73%,N/A,N/A,69%,86%,N/A,83%,96%,N/A,N/A,N/A,71%,87%,70%,69%,N/A,71%,67%,N/A,N/A,N/A,50%,70%,64%,70%,36%,76%,72%,N/A,70%,77%,N/A,N/A,N/A,67%,69%,77%,28%,96%,67%,49%,N/A,49%,56%,N/A,N/A,N/A,31%,52%,84%,N/A,82%,89%,N/A,N/A,N/A,69%,81%,59%,N/A,61%,50%,N/A,N/A,N/A,31%,64%,91%,69%,N/A,57%,67%,N/A,N/A,N/A,80%,20%,82%,75%,N/A,71%,67%,N/A,N/A,N/A,60%,60%,82%,81%,N/A,71%,83%,N/A,N/A,N/A,100%,60%
20K445,New Utrecht High School,Fair,Excellent,Good,NewUtrechthighschoolnyc.com,Svetlana Litvin,"09,10,11,12,SE",3125,"D75 Special Education Inclusive Services, Ed. Opt., Screened, Zoned Guarantee",Local Support and Improvement,1601 80 Street,"Brooklyn, NY 11214",718-232-2500,40%,2%,36%,<1%,<1%,20%,18%,16%,81%,45%,55%,0%,90%,"Boys: Soccer,Volleyball,Football,Basketball,Handball,Badminton,Tennis,Baseball,Wrestling,Bowling,Swimming; Girls: Swimming,Soccer,Basketball,Volleyball,Handball,Tennis,Flag Football,Bowling,Badminton,Softball; Co-Ed: N/A","Anime/Manga Club, Arista, Asian Club, Band, Chorus, Dance Club, Disc Jockey (DJ) Club, Fashion Club, Glee Club, International Club,Gender Sexuality Alliance (GSA), Medical Science Club, Model UN, Newspaper Club, One Catalyst Club, Peer Mediation, Poetry Club, Science Olympiad, Sustainability Club, Student Organization (S.O.), WNUHS Radio. International Show, Asian New Year Show, Fashion Show. Movie Nights, Karaoke Nights, S.O./PTA Thanksgiving Dinner, Senior Prom, Senior Trip, Senior Brunch/Carnival. Fundraisers for various charities. International Trips","Core Music, Studio Art, Fashion and Textile Design, Guitar, Painting, Three-Dimensional Art, Drawing, Mixed Media, Art History, Piano Keyboard, and more",Career & Technical Education; Dual Language or TBE; DYCD: COMPASS/SONYC; NYC Solves,18%,7%,11%,0%,0%,61%,3,84%,60%,62%,66%,100%,75%,69%,78%,66%,91%,78%,53,60%,62%,914 (29%),1373 (44%),49% (907),1% (27),28% (518),<1% (7),<1% (10),19% (353),Fair,96%,N/A,N/A,96%,N/A,N/A,82%,89%,70%,71%,N/A,N/A,89%,88%,78%,69%,77%,77%,93%,94%,87%,91%,83%,80%,92%,93%,91%,77%,83%,82%,71%,85%,100%,56%,86%,84%,83%,86%,91%,94%,85%,80%,83%,73%,80%,86%,73%,74%,84%,83%,88%,68%,95%,72%,50%,50%,31%,48%,86%,36%,52%,58%,56%,94%,95%,87%,96%,100%,82%,92%,97%,97%,78%,77%,60%,80%,86%,73%,81%,79%,80%,90%,81%,88%,N/A,69%,N/A,N/A,74%,96%,88%,78%,69%,66%,N/A,73%,N/A,N/A,62%,59%,79%,92%,87%,94%,N/A,81%,N/A,N/A,77%,95%,84%
20K485,High School of Telecommunication Arts and Technology,Good,Good,Good,www.hstat.org,Xhenete Shepard,"09,10,11,12,SE",1252,"ASD/ACES Program, D75 Special Education Inclusive Services, Ed. Opt.",Local Support and Improvement,350 67 Street,"Brooklyn, NY 11220",718-759-3400,25%,3%,52%,<1%,<1%,17%,10%,20%,80%,40%,60%,0%,82%,"Boys: Soccer,Cross Country,Bowling,Handball,Baseball,Basketball,Swimming,Volleyball,Outdoor Track,Table Tennis; Girls: Swimming,Outdoor Track,Handball,Tennis,Basketball,Bowling,Volleyball,Soccer,Softball,Cross Country; Co-Ed: N/A","Guitar,Gender Sexuality Alliance (GSA), Photography, Gardening, LINK, Muslim Student Association, Coders, Badminton, Video Game, Weight Training, Asian Cultural, Theater, Board Game, Dance, Table Tennis, Art, Video Game, WISH, Blueprint. Chess , Anime, Black Student Union , RolePlaying, Audio Visual, Red Cross, Student Government, Culinary, Creative Writing, Meditation, Student Equity Committee Council","Computer Art / Digital Art, Illustration, Digital Photography, Guitar, Three-Dimensional Art, Printmaking, Visual Art, Art History, Dance / Introduction to Dance, Core Music, and more",NYC Solves,13%,9%,22%,0%,0%,54%,10.6,72%,73%,70%,74%,N/A,N/A,67%,79%,70%,82%,68%,65,83%,81%,460 (37%),646 (52%),27% (260),3% (34),51% (496),<1% (2),<1% (3),17% (165),Needs Improvement,96%,4%,0%,95%,0%,5%,96%,98%,N/A,96%,N/A,N/A,91%,98%,95%,87%,93%,76%,92%,95%,86%,92%,N/A,N/A,88%,85%,91%,77%,88%,91%,82%,90%,N/A,N/A,81%,91%,84%,81%,80%,85%,87%,81%,83%,86%,81%,N/A,N/A,79%,81%,82%,92%,73%,96%,72%,53%,56%,60%,49%,N/A,N/A,55%,53%,58%,92%,95%,94%,92%,N/A,N/A,88%,92%,92%,78%,78%,66%,80%,N/A,N/A,73%,80%,77%,93%,88%,90%,79%,90%,N/A,N/A,85%,85%,91%,81%,77%,65%,93%,82%,N/A,N/A,83%,84%,85%,94%,92%,99%,93%,90%,N/A,N/A,88%,90%,91%
20K490,Fort Hamilton High School,Fair,Good,Good,fthhs.org,Kaye Houlihan,"09,10,11,12,SE",4001,"Audition, Screened, Zoned Guarantee",Local Support and Improvement,8301 Shore Road,"Brooklyn, NY 11209",718-748-1537,30%,2%,31%,<1%,<1%,34%,15%,16%,75%,48%,52%,<1%,92%,"Boys: Volleyball,Baseball,Football,Swimming,Outdoor Track,Basketball,Tennis,Bowling,Handball,Cross Country,Soccer; Girls: Tennis,Golf,Indoor Track,Flag Football,Lacrosse,Volleyball,Bowling,Swimming,Cross Country,Soccer,Handball,Basketball,Outdoor Track,Softball; Co-Ed: Golf","Acappella Club, AAPI Stronger Together, Act Out, Albanian Club, American Red Cross Club, ANCHOR, Animal Rights, Activists Club, Anime Club, Archery, Art Club, Asian Culture Club, Astronomy Club, Badminton Club, Baseball Club, BC2M Mental Health, Be the First, Biomedical Sciences Club, Black Unity Club, Board Games Club, Book Club, Calligraphy, CCAT Career and Creative Arts Training (SPRING ONLY) Cheerleading Club, Chemistry Club, Chess Club, Chinese Student Organization, Community is Key Club, Computer Science Club, Cooking Club, Cosmetology Club, Crafts Club, Creative Writing, Crochet Club, Culture Film Club, Drama Club (Thespian Society), Debate Team, Engineering Club, Equity and Social Justice Team, Fashion Magazine Club, Fencers' Club, FHNN Fort Hamilton News Network, Filmmaking Club, College Club, First Gen Club, Flag Football, Football, Foundational Institution of Business, French Club, Future Finance Club, Fundamental Skills Club,Gender Sexuality Alliance (GSA), Grammar Club, Volleyball Club, Greek Club, Green Team, Helping Hands, Italian Club, JWalkers, Japanese Language Club, Jewelry Club, JROTC, Tiger Battalion, JROTC Robotics, K Cover Choreography Club, Latinos Unidos,Lifeguard Club,Make a Difference Club, Middle Eastern and North African Club, Moot Court/Mock Trial, Muslim Student Association (MSA),Philosophy Club,Photography & Video Club, Physics Club,Ping Pong Club,Podcast Club,Psychology Club,Public Speaking Club,Running Club,Scrubs Club HOSA Pathways to Medical careers,Self Defense Club,Soccer Club,Softball Club,Stigma Stains,Stocks Club,Strings Club,Surgical Club,Swim Club,Tea Ceremony Club,Tennis Club,The Pilot (School Newspaper),Ukrainian Club,Video Gaming/Esports Club,Weight Training & Fitness Club,Yearbook Club","Visual Art, Classroom Music, Mixed Choir, Stage Design, Brass Ensemble, Ballet, Advertising Art, Woodwind Ensemble, Guitar, Percussion, and more",Career & Technical Education; Dual Language or TBE; NYC Solves,11%,3%,10%,0%,0%,72%,12,91%,60%,58%,64%,62%,N/A,69%,77%,61%,85%,80%,59,66%,73%,966 (24%),1428 (36%),37% (733),2% (41),24% (471),<1% (2),<1% (4),36% (713),Fair,96%,2%,1%,97%,N/A,N/A,87%,86%,88%,81%,N/A,N/A,92%,91%,83%,58%,78%,79%,93%,94%,90%,91%,75%,N/A,93%,90%,93%,75%,84%,79%,88%,86%,100%,N/A,88%,83%,84%,83%,88%,93%,86%,79%,81%,86%,76%,62%,N/A,80%,78%,83%,89%,66%,96%,73%,51%,52%,48%,46%,75%,N/A,52%,56%,56%,94%,95%,88%,94%,100%,N/A,92%,92%,94%,81%,79%,75%,83%,100%,N/A,82%,74%,83%,92%,86%,88%,91%,84%,N/A,N/A,86%,88%,92%,73%,63%,51%,52%,69%,N/A,N/A,69%,72%,78%,94%,90%,93%,86%,88%,N/A,N/A,89%,91%,91%
20K609,Urban Assembly School for Leadership and Empowerment,Excellent,Good,Fair,www.uascriminaljustice.org,Lauren Norman,"06,07,08,09,10,11,12,SE",346,Open,Local Support and Improvement,4200 16 Avenue,"Brooklyn, NY 11204",718-438-3893,45%,9%,21%,3%,2%,19%,15%,15%,85%,100%,0%,0%,63%,"Boys: N/A; Girls: Indoor Track,Outdoor Track,Volleyball,Badminton; Co-Ed: N/A","Middle School AfterSchool Program with NIA (Community Based Organization) runs until 6pm, HS after school clubs include Track, Badminton, Volleyball, Kickboxing, Newspaper, ESL Mentors, Cheerleading, Art + Design, Anime Club, Debate Club, Gaming Club, Student Council, Mentors, Trivia, Black Student Union, Muslim Student Association, LatinX Student Association (Aspira),Gender Sexuality Alliance (GSA), Dance Club, Book Clubs, and more, Partnerships with outside organizations SEO, Minds Matter, Girls Inc, Elevate, Generation Citizen, and more","Studio Art, Improvisation, Graphic Design, Visual Art",DYCD: COMPASS/SONYC; NYC Solves,N/A (fewer than 5 teachers),N/A (fewer than 5 teachers),22%,N/A (fewer than 5 teachers),0%,62%,3,82%,37%,25%,29%,27%,29%,42%,59%,19%,85%,77%,68,81%,85%,126 (36%),221 (64%),48% (125),8% (20),19% (50),3% (7),2% (6),19% (49),Fair,99%,N/A,N/A,94%,N/A,N/A,98%,100%,N/A,100%,N/A,N/A,87%,98%,N/A,92%,N/A,77%,85%,83%,93%,90%,64%,88%,87%,94%,84%,76%,78%,76%,93%,83%,50%,62%,80%,80%,72%,87%,92%,88%,83%,71%,65%,86%,75%,60%,62%,80%,76%,66%,88%,59%,96%,67%,44%,40%,48%,49%,45%,57%,50%,52%,47%,91%,92%,80%,91%,82%,100%,92%,94%,80%,62%,64%,61%,55%,55%,62%,66%,57%,47%,90%,84%,84%,93%,82%,100%,100%,82%,75%,85%,73%,65%,55%,93%,83%,50%,60%,70%,65%,78%,93%,90%,89%,93%,84%,100%,100%,92%,89%,89%
21K337,International High School at Lafayette,Good,Excellent,Good,www.inths.org,Melissa De Leon,"09,10,11,12",348,Language Criteria,Local Support and Improvement,2630 Benson Avenue,"Brooklyn, NY 11214",718-333-7860,12%,4%,54%,0%,<1%,29%,89%,2%,>95%,41%,59%,0%,88%,"Boys: Basketball,Outdoor Track,Soccer,Wrestling,Indoor Track,Bowling,Table Tennis,Cross Country,Handball,Volleyball,Football,Tennis,Baseball; Girls: Softball,Soccer,Volleyball,Bowling,Basketball,Indoor Track,Flag Football,Badminton,Table Tennis,Outdoor Track,Cross Country; Co-Ed: Cricket,Stunt","Student government, Computer Clubs, AP Classes, Computer Science,Gender Sexuality Alliance (GSA), Arabic Boys Club, Book Club, Dream Team, Field Trips, Internships, Workbased learning ( Photography, Stem, peer tutors, peace leaders ), Summer Youth Employment Program, Extracurriculars ( SEO, ACE, Minds Matter, girls write now, DICE , Bottom line, Librarians of tomorrow, Pratt scholars and other )","Mixed Media, Computer Art / Digital Art, Photography, Dance / Introduction to Dance, Painting, Visual Art",Consortium; Future Ready NYC; NYC Solves; New Arrivals; PROSE; Respect for All,41%,N/A (fewer than 5 teachers),N/A (fewer than 5 teachers),N/A (fewer than 5 teachers),N/A (fewer than 5 teachers),50%,1.2,86%,94%,83%,84%,N/A,N/A,82%,83%,80%,100%,81%,44,69%,60%,13 (4%),162 (47%),12% (22),6% (12),49% (92),0% (0),1% (2),31% (59),N/A,N/A,N/A,0%,N/A,N/A,N/A,75%,N/A,N/A,64%,N/A,N/A,N/A,90%,58%,75%,N/A,77%,90%,94%,100%,89%,N/A,N/A,90%,90%,100%,83%,90%,97%,92%,90%,N/A,N/A,85%,89%,83%,89%,90%,100%,91%,89%,97%,69%,91%,N/A,N/A,85%,89%,100%,84%,59%,97%,80%,65%,77%,69%,61%,N/A,N/A,67%,65%,83%,95%,97%,100%,95%,N/A,N/A,94%,94%,100%,79%,86%,67%,81%,N/A,N/A,78%,78%,83%,95%,92%,94%,91%,93%,N/A,N/A,90%,92%,N/A,80%,77%,79%,73%,82%,N/A,N/A,72%,78%,N/A,96%,94%,97%,100%,96%,N/A,N/A,91%,93%,N/A
21K344,Rachel Carson High School for Coastal Studies,Good,Good,Good,RachelCarsonhs.org,Stephen Mc Nally,"09,10,11,12,SE",593,"D75 Special Education Inclusive Services, Ed. Opt.",Local Support and Improvement,521 West Avenue,"Brooklyn, NY 11224",718-265-0329,13%,9%,21%,<1%,<1%,55%,22%,20%,83%,45%,55%,0%,74%,"Boys: Outdoor Track,Basketball,Baseball,Wrestling,Rugby,Volleyball,Bowling,Handball,Soccer,Cross Country,Football,Indoor Track; Girls: Softball,Volleyball,Basketball,Outdoor Track,Cross Country,Indoor Track,Bowling; Co-Ed: N/A","Photography, Aquarium Club,Gender Sexuality Alliance (GSA), Dungeons and Dragons, Video Game Club, Board Games Club, Filmmaking, My Brother's Keeper, My Sister's Keeper, Robotics, Coding, and more!","Mixed Media, Visual Art, Art History, Studio Art",CS for All; Future Ready NYC; NYC Solves,N/A (fewer than 5 teachers),12%,N/A (fewer than 5 teachers),0%,0%,67%,5.2,60%,47%,27%,51%,N/A,N/A,63%,64%,44%,88%,62%,45,60%,64%,206 (35%),303 (51%),12% (48),7% (29),20% (78),<1% (1),<1% (1),57% (219),Excellent,91%,N/A,N/A,90%,0%,10%,90%,88%,N/A,86%,N/A,N/A,91%,93%,88%,81%,96%,76%,91%,84%,90%,94%,N/A,N/A,92%,92%,92%,72%,84%,78%,93%,91%,N/A,N/A,82%,80%,88%,85%,91%,91%,83%,75%,66%,84%,76%,N/A,N/A,75%,67%,88%,87%,58%,97%,72%,55%,53%,50%,59%,N/A,N/A,55%,55%,62%,91%,83%,97%,98%,N/A,N/A,90%,89%,96%,65%,51%,59%,65%,N/A,N/A,69%,69%,71%,94%,86%,93%,73%,100%,N/A,N/A,83%,80%,92%,81%,78%,86%,82%,82%,N/A,N/A,75%,77%,88%,95%,91%,93%,100%,95%,N/A,N/A,88%,93%,100%
21K348,High School of Sports Management,Fair,Fair,Excellent,www.thehssm.org,Derek Cradle,"09,10,11,12,SE",338,Ed. Opt.,Local Support and Improvement,2630 Benson Avenue,"Brooklyn, NY 11214",718-333-7650,13%,15%,36%,<1%,<1%,29%,49%,19%,94%,25%,75%,0%,78%,"Boys: Tennis,Cross Country,Basketball,Handball,Football,Indoor Track,Baseball,Outdoor Track,Volleyball,Bowling,Table Tennis,Wrestling,Soccer; Girls: Badminton,Outdoor Track,Cross Country,Flag Football,Table Tennis,Basketball,Bowling,Indoor Track,Soccer,Volleyball,Softball; Co-Ed: Cricket,Stunt",Gender Sexuality Alliance (GSA),Piano Keyboard,NYC Solves; PROSE,23%,40%,N/A (fewer than 5 teachers),0%,0%,27%,6.7,60%,49%,67%,70%,N/A,N/A,70%,76%,57%,66%,55%,37,45%,51%,42 (12%),103 (30%),21% (27),13% (17),26% (34),2% (2),2% (2),35% (45),Excellent,90%,10%,0%,85%,0%,15%,79%,N/A,N/A,69%,N/A,N/A,94%,N/A,75%,68%,55%,65%,83%,86%,86%,83%,N/A,N/A,83%,81%,83%,71%,82%,86%,90%,80%,N/A,N/A,75%,84%,74%,72%,86%,72%,80%,77%,80%,89%,77%,N/A,N/A,69%,79%,76%,80%,46%,95%,67%,53%,50%,51%,53%,N/A,N/A,55%,60%,45%,81%,90%,85%,81%,N/A,N/A,73%,80%,73%,68%,65%,69%,76%,N/A,N/A,58%,79%,65%,92%,96%,96%,92%,100%,N/A,N/A,93%,98%,88%,91%,93%,96%,91%,95%,N/A,N/A,93%,93%,85%,97%,96%,96%,92%,95%,N/A,N/A,100%,97%,96%
21K410,Abraham Lincoln High School,Good,Good,Fair,www.alhs.nyc,A Hoogenboom,"09,10,11,12,SE",2154,"Audition, D75 Special Education Inclusive Services, Ed. Opt., Screened, Zoned Guarantee",Local Support and Improvement,2800 Ocean Parkway,"Brooklyn, NY 11235",718-333-7400,14%,38%,30%,1%,<1%,15%,15%,17%,84%,46%,54%,0%,90%,"Boys: Cross Country,Tennis,Handball,Football,Bowling,Swimming,Volleyball,Outdoor Track,Indoor Track,Soccer,Basketball,Baseball; Girls: Swimming,Cross Country,Outdoor Track,Handball,Indoor Track,Tennis,Volleyball,Soccer,Softball,Bowling,Basketball; Co-Ed: N/A",Gender Sexuality Alliance (GSA),"Visual Art, Photography, Classroom Music, Art History, Acting, Concert Band, Theater / Play Production, Stage Design, Filmmaking / Video, Mixed Choir, and more",Career & Technical Education; NYC Solves; Project Pivot,9%,15%,15%,0%,0%,54%,20,80%,81%,73%,80%,87%,67%,73%,80%,72%,95%,92%,43,56%,76%,998 (46%),446 (21%),15% (173),39% (434),30% (335),1% (13),<1% (11),13% (148),Fair,64%,N/A,N/A,96%,N/A,N/A,90%,90%,94%,90%,N/A,N/A,83%,95%,87%,72%,82%,80%,91%,91%,91%,91%,93%,100%,91%,84%,89%,76%,88%,87%,91%,88%,93%,89%,85%,85%,90%,90%,91%,90%,87%,82%,82%,84%,83%,88%,78%,78%,80%,84%,84%,48%,96%,75%,53%,58%,53%,50%,38%,78%,56%,55%,57%,92%,93%,90%,95%,94%,100%,89%,89%,90%,78%,77%,81%,78%,94%,89%,69%,75%,79%,89%,80%,70%,81%,80%,N/A,N/A,90%,95%,78%,75%,67%,52%,75%,69%,N/A,N/A,67%,78%,74%,93%,86%,83%,88%,85%,N/A,N/A,90%,90%,96%
21K468,Kingsborough Early College School,Excellent,Good,Good,KECSS.info,Tracee Murren,"06,07,08,09,10,11,12,SE",424,Screened With Assessment,Local Support and Improvement,2630 Benson Avenue,"Brooklyn, NY 11214",718-333-7850,8%,23%,40%,<1%,<1%,26%,3%,19%,76%,53%,47%,0%,84%,"Boys: Wrestling,Indoor Track,Baseball,Handball,Soccer,Tennis,Basketball,Outdoor Track,Bowling,Football,Table Tennis,Volleyball,Cross Country; Girls: Indoor Track,Cross Country,Soccer,Outdoor Track,Basketball,Softball,Badminton,Table Tennis,Flag Football,Volleyball,Bowling; Co-Ed: Stunt,Cricket",N/A,"Voice and Diction, Theater History, Art History, Classroom Music, Mixed Media",DYCD: COMPASS/SONYC; NYC Solves,N/A (fewer than 5 teachers),N/A (fewer than 5 teachers),N/A (fewer than 5 teachers),0%,0%,77%,9.2,73%,48%,38%,49%,N/A,N/A,48%,58%,54%,87%,76%,69,98%,78%,8 (2%),178 (42%),9% (32),20% (75),40% (149),<1% (3),<1% (1),28% (103),Needs Improvement,99%,N/A,N/A,97%,N/A,N/A,95%,N/A,100%,88%,N/A,N/A,100%,93%,96%,N/A,94%,82%,88%,81%,86%,92%,N/A,N/A,87%,86%,85%,63%,73%,71%,79%,72%,N/A,N/A,74%,58%,66%,94%,98%,98%,89%,83%,83%,82%,84%,N/A,N/A,80%,71%,74%,86%,49%,97%,73%,53%,69%,52%,44%,N/A,N/A,62%,44%,60%,89%,86%,87%,88%,N/A,N/A,92%,78%,86%,78%,78%,78%,78%,N/A,N/A,79%,70%,74%,95%,85%,90%,100%,75%,N/A,N/A,91%,88%,76%,80%,73%,67%,88%,69%,N/A,N/A,73%,50%,71%,93%,92%,100%,100%,87%,N/A,N/A,91%,100%,88%
21K525,Edward R. Murrow High School,Fair,Good,Good,ermurrowhs.org,Allen Barge,"09,10,11,12,SE",3595,"ASD/ACES Program, Audition, D75 Special Education Inclusive Services, Ed. Opt., Language Criteria",Local Support and Improvement,1600 Avenue L,"Brooklyn, NY 11230",718-258-9283,23%,19%,24%,<1%,<1%,30%,8%,18%,66%,58%,42%,<1%,93%,"Boys: Bowling,Basketball,Volleyball,Wrestling,Badminton,Table Tennis; Girls: Wrestling,Volleyball,Badminton,Softball,Cross Country,Table Tennis,Soccer,Basketball; Co-Ed: Golf","PSAL SPORTS - COED Bowling, Golf PSAL SPORTS - GIRLS Badminton, Basketball, Cross Country, Soccer, Softball, Table Tennis, Volleyball, Wrestling PSAL SPORTS - BOYS Badminton, Basketball, Bowling, Table Tennis, Volleyball, Wrestling,Gender Sexuality Alliance (GSA)","Studio Art, Piano Keyboard, Painting, Concert Band, Computer Art / Digital Art, Costume Design and Implementation, Guitar, Music Theory / Musicianship, Ceramics, Classroom Music, and more",Career & Technical Education; Dual Language or TBE; NYC Solves; Project Pivot,8%,15%,12%,0%,N/A (fewer than 5 teachers),58%,12.5,81%,70%,61%,71%,67%,88%,72%,82%,66%,96%,91%,61,77%,73%,1056 (29%),1388 (39%),24% (542),16% (354),22% (481),<1% (15),<1% (7),33% (735),Good,98%,N/A,N/A,97%,0%,3%,86%,85%,91%,80%,N/A,N/A,88%,88%,83%,61%,75%,75%,93%,94%,91%,94%,93%,100%,95%,96%,92%,72%,79%,80%,77%,79%,77%,88%,79%,83%,80%,79%,85%,88%,86%,80%,85%,79%,81%,87%,78%,76%,91%,86%,87%,65%,96%,71%,51%,58%,42%,48%,56%,33%,54%,67%,54%,94%,94%,93%,95%,94%,100%,93%,96%,95%,81%,83%,74%,83%,81%,89%,82%,88%,82%,91%,87%,83%,88%,94%,75%,N/A,81%,95%,87%,84%,75%,57%,79%,89%,100%,N/A,72%,76%,89%,95%,90%,92%,86%,96%,100%,N/A,87%,96%,91%
21K540,John Dewey High School,Fair,Good,Fair,www.johndeweyhighschool.org/,Heather Adelle,"09,10,11,12,SE",2212,"ASD/ACES Program, D75 Special Education Inclusive Services, Ed. Opt., Language Criteria, Open, Screened",Local Support and Improvement,50 Avenue X,"Brooklyn, NY 11223",718-373-6400,28%,19%,27%,<1%,<1%,22%,18%,15%,85%,52%,48%,0%,89%,"Boys: Tennis,Soccer,Lacrosse,Badminton,Wrestling,Basketball,Table Tennis,Volleyball,Outdoor Track; Girls: Softball,Lacrosse,Basketball,Badminton,Table Tennis,Volleyball,Outdoor Track,Tennis,Soccer; Co-Ed: Double Dutch","Art Club, Arts Beautification Club, Beauty Club, Careers in the Arts Club, Cheerleading, Chess Club, The Classic Rock Club, Council for Unity, Dance Team, Educators Rising, ELL Science Club, Girls Who Code, International Culinary Club, Japanese Language and Culture Club, Key Club, Knitting Club,Gender Sexuality Alliance (GSA), Marine Biology Underwater Robotics Club, Mindfulness, Mock Trial, Moot Court, My Brother's Keeper, MSAC, National Honor Society, ONE Goal, Peer Group Connection, Recycling / Green Team, Robotics, Senior Committee, Step Team Club, Stock Market Club, Student Council, Sweatbox Club, Table Tennis/Ping Pong Club, Technical Theatre Club, Theatre Club, Track Club, Video Game Club, Volleyball Club, Women's Alliance/Women of Color Alliance (WOCA), Yoga/Fitness, Project Pivot, Podcasting, Makerspace, JROTC","Studio Art, Computer Art / Digital Art, Dance, Choreography / Dance Composition, Movement / Dance, Ceramics, Photography, Drawing, Mixed Media, Jazz Dance, and more",Career & Technical Education; Dual Language or TBE; Future Ready NYC; NYC Solves; Project Pivot; PROSE,12%,12%,12%,N/A (fewer than 5 teachers),0%,63%,3,83%,57%,49%,53%,60%,62%,61%,73%,60%,77%,61%,46,66%,60%,614 (28%),837 (38%),36% (421),16% (189),23% (269),<1% (8),<1% (10),22% (255),Needs Improvement,97%,3%,0%,99%,N/A,N/A,83%,86%,84%,80%,N/A,N/A,80%,86%,79%,74%,70%,74%,92%,93%,92%,91%,100%,100%,91%,92%,94%,73%,82%,79%,88%,84%,80%,86%,82%,82%,73%,73%,80%,76%,83%,75%,75%,83%,74%,80%,50%,76%,78%,85%,90%,70%,96%,70%,45%,48%,43%,41%,60%,25%,49%,54%,50%,93%,94%,94%,91%,100%,100%,93%,93%,90%,72%,71%,72%,73%,80%,100%,70%,72%,68%,88%,85%,88%,89%,81%,N/A,N/A,82%,92%,89%,71%,69%,58%,86%,75%,N/A,N/A,70%,69%,82%,92%,87%,91%,88%,80%,N/A,N/A,87%,95%,92%
21K559,Life Academy High School for Film and Music,Fair,Excellent,Good,LIFEACADEMYHSNYC.ORG,Eugenia Kelch,"09,10,11,12,SE",222,Ed. Opt.,Local Support and Improvement,2630 Benson Avenue,"Brooklyn, NY 11214",718-333-7750,12%,12%,50%,<1%,<1%,25%,42%,19%,91%,52%,48%,0%,79%,"Boys: Volleyball,Table Tennis,Football,Cross Country,Basketball,Indoor Track,Bowling,Handball,Tennis,Soccer,Wrestling,Baseball,Outdoor Track; Girls: Indoor Track,Flag Football,Bowling,Table Tennis,Outdoor Track,Volleyball,Soccer,Badminton,Cross Country,Softball,Basketball; Co-Ed: Cricket,Stunt","Double Dutch, My Sister's Keepers, My Brother's Keepers, National Honors Society,Gender Sexuality Alliance (GSA), Gaming Club, Beautification Committee, Theater Club, After-School Tutoring, Film, Piano Class, Student Government, iLearn, AP for All, College Now",Filmmaking / Video,Career & Technical Education; NYC Solves,N/A (fewer than 5 teachers),30%,N/A (fewer than 5 teachers),0%,0%,30%,9,65%,67%,47%,68%,N/A,N/A,82%,82%,44%,95%,79%,33,57%,50%,153 (69%),69 (31%),10% (15),10% (16),54% (85),0% (0),<1% (1),25% (39),Good,92%,N/A,N/A,88%,N/A,N/A,75%,N/A,N/A,76%,N/A,N/A,N/A,85%,65%,47%,63%,79%,93%,86%,93%,93%,N/A,N/A,97%,87%,97%,81%,90%,85%,70%,90%,N/A,N/A,97%,88%,92%,98%,100%,100%,89%,85%,76%,69%,90%,N/A,N/A,85%,89%,93%,87%,66%,95%,76%,67%,68%,62%,63%,N/A,N/A,71%,66%,63%,93%,91%,100%,92%,N/A,N/A,93%,94%,93%,80%,68%,69%,82%,N/A,N/A,85%,78%,77%,98%,99%,100%,100%,98%,N/A,N/A,100%,100%,100%,60%,98%,100%,100%,98%,N/A,N/A,97%,98%,100%,100%,99%,100%,100%,99%,N/A,N/A,100%,100%,100%
21K572,Leaders High School,Good,Good,Good,www.leadersschool.net/,Thomas Mullen,"09,10,11,12,SE",369,Ed. Opt.,Local Support and Improvement,2630 Benson Avenue,"Brooklyn, NY 11214",718-333-7700,16%,8%,45%,<1%,<1%,26%,12%,23%,82%,46%,54%,0%,86%,"Boys: Indoor Track,Table Tennis,Basketball,Bowling,Wrestling,Baseball,Volleyball,Handball,Soccer,Tennis,Football,Outdoor Track,Cross Country; Girls: Indoor Track,Bowling,Table Tennis,Volleyball,Badminton,Basketball,Soccer,Cross Country,Softball,Outdoor Track,Flag Football; Co-Ed: Cricket,Stunt","ACTIVITIES Guitar Club, Baking Club, Bicycling Club, Weight Training, Hydroponic Lab Interns, Chemistry Lab Interns, Rock Climbing, Theater, Japanese Cooking Club, Student Government, Peer Mentors, Peer Mediation, Yearbook Club, Chess Club, Technology Club, School Newspaper, ESports, Teaching Assistant Opportunities, Outdoor Adventure Opportunities in Colorado, Maine, and North Carolina, and lots of internship opportunities!","Drawing, Three-Dimensional Art, Stage Management, Studio Art, Fashion and Textile Design, Mixed Media, Musical Theater, Filmmaking / Video, Art History, Architecture, and more",Consortium; Future Ready NYC; PROSE; Respect for All,N/A (fewer than 5 teachers),17%,N/A (fewer than 5 teachers),0%,0%,53%,8.1,87%,69%,60%,67%,N/A,N/A,70%,62%,60%,92%,64%,48,92%,77%,6 (2%),174 (47%),18% (37),6% (13),42% (85),<1% (1),<1% (2),27% (55),Fair,96%,N/A,N/A,91%,N/A,N/A,90%,N/A,N/A,91%,N/A,N/A,92%,97%,84%,94%,91%,83%,90%,85%,83%,91%,N/A,N/A,93%,86%,91%,79%,87%,86%,82%,83%,N/A,N/A,93%,89%,80%,88%,92%,80%,88%,82%,79%,70%,82%,N/A,N/A,87%,81%,79%,86%,55%,94%,77%,58%,63%,65%,50%,N/A,N/A,67%,71%,57%,93%,95%,89%,95%,N/A,N/A,87%,94%,93%,77%,77%,75%,78%,N/A,N/A,77%,77%,73%,94%,87%,85%,N/A,92%,N/A,N/A,82%,88%,80%,81%,76%,76%,N/A,81%,N/A,N/A,71%,62%,53%,94%,93%,86%,N/A,97%,N/A,N/A,91%,88%,93%
21K620,William E. Grady Career and Technical Education High School,Fair,Good,Good,gradyhs.com,Tarah Montalbano,"09,10,11,12,SE",650,"ASD/ACES Program, D75 Special Education Inclusive Services, Ed. Opt.",Local Support and Improvement,25 Brighton 4th Road,"Brooklyn, NY 11235",718-332-5000,10%,33%,30%,1%,<1%,25%,19%,29%,84%,29%,71%,<1%,86%,"Boys: Football,Soccer,Volleyball,Bowling,Handball,Outdoor Track,Rugby,Indoor Track,Cross Country,Baseball,Wrestling,Basketball; Girls: Cross Country,Indoor Track,Softball,Volleyball,Outdoor Track,Bowling,Basketball; Co-Ed: N/A",N/A,Studio Art,Career & Technical Education; NYC Solves,14%,23%,N/A (fewer than 5 teachers),0%,0%,46%,10.9,63%,71%,75%,72%,83%,N/A,81%,78%,72%,94%,92%,34,44%,41%,249 (38%),178 (27%),12% (35),34% (99),28% (82),<1% (2),0% (0),23% (66),Fair,98%,N/A,N/A,98%,N/A,N/A,79%,100%,70%,83%,N/A,N/A,78%,81%,79%,80%,66%,74%,89%,91%,90%,87%,83%,N/A,90%,84%,83%,71%,84%,81%,88%,82%,83%,N/A,82%,77%,80%,85%,94%,89%,84%,80%,85%,82%,76%,67%,N/A,79%,80%,82%,82%,45%,96%,73%,55%,54%,56%,49%,60%,N/A,61%,59%,60%,90%,90%,89%,92%,83%,N/A,90%,91%,87%,74%,70%,74%,76%,67%,N/A,73%,75%,75%,91%,88%,88%,90%,85%,N/A,N/A,88%,84%,94%,78%,81%,69%,88%,80%,N/A,N/A,78%,74%,87%,93%,91%,88%,90%,91%,N/A,N/A,92%,94%,93%
21K690,Brooklyn Studio Secondary School,Good,Good,,mybrooklynstudio.com,Andrea Ciliotta,"06,07,08,09,10,11,12,SE",528,"D75 Special Education Inclusive Services, Ed. Opt.",Local Support and Improvement,8310 21st Avenue,"Brooklyn, NY 11214",718-266-5032,18%,2%,35%,<1%,<1%,43%,22%,17%,83%,45%,55%,0%,74%,"Boys: Handball,Basketball,Bowling,Baseball,Soccer; Girls: Basketball,Bowling,Softball,Handball,Soccer; Co-Ed: N/A","MBK/MSK, Green Team,Gender Sexuality Alliance (GSA), Muslim Association Club, Student Government and Consultative Council, Yearbook","Symphonic Orchestra, Visual Art, Concert Band, Studio Art, Computer Art / Digital Art, Modern Dance, Digital Photography, Drawing, Percussion, Jazz Ensemble",Career & Technical Education; DYCD: COMPASS/SONYC; NYC Solves,14%,N/A (fewer than 5 teachers),9%,0%,0%,72%,13.8,70%,51%,33%,38%,N/A,N/A,41%,59%,36%,41%,33%,47,49%,69%,114 (22%),163 (31%),26% (52),1% (3),32% (64),<1% (1),<1% (1),39% (80),Fair,96%,N/A,N/A,96%,0%,4%,83%,90%,N/A,75%,N/A,N/A,88%,91%,77%,69%,76%,70%,87%,86%,87%,87%,N/A,N/A,88%,85%,83%,63%,75%,75%,80%,72%,N/A,N/A,76%,78%,70%,60%,46%,67%,80%,75%,71%,89%,77%,N/A,N/A,74%,78%,83%,92%,74%,96%,66%,44%,50%,37%,35%,N/A,N/A,51%,50%,45%,87%,88%,89%,86%,N/A,N/A,88%,91%,80%,70%,68%,53%,68%,N/A,N/A,74%,74%,66%,N/A,86%,73%,80%,88%,N/A,N/A,90%,100%,93%,N/A,74%,77%,50%,78%,N/A,N/A,73%,75%,89%,N/A,91%,89%,100%,92%,N/A,N/A,90%,100%,96%
22K405,Midwood High School,Excellent,Good,Good,www.midwoodhighschool.org,Robert Quinlan,"09,10,11,12,SE",3890,"Open, Screened",Local Support and Improvement,2839 Bedford Avenue,"Brooklyn, NY 11210",718-724-8500,42%,20%,13%,<1%,<1%,20%,3%,17%,68%,55%,45%,<1%,91%,"Boys: Handball,Indoor Track,Swimming,Wrestling,Volleyball,Outdoor Track,Baseball,Bowling,Basketball,Lacrosse,Football,Cross Country,Soccer,Tennis; Girls: Basketball,Tennis,Outdoor Track,Bowling,Cross Country,Indoor Track,Volleyball,Softball,Flag Football,Handball,Lacrosse,Soccer,Swimming; Co-Ed: Cricket,Golf",Gender Sexuality Alliance (GSA),"Mixed Choir, Core Music, Filmmaking / Video, Drawing, Computer Art / Digital Art, Jazz Ensemble, Concert Band, Woodwind Ensemble",Career & Technical Education; NYC Solves,9%,15%,11%,0%,0%,65%,2.1,76%,56%,55%,57%,45%,46%,63%,60%,52%,83%,76%,74,82%,83%,1552 (40%),2018 (52%),47% (1302),16% (431),11% (295),<1% (19),<1% (26),22% (613),Fair,98%,N/A,N/A,97%,0%,3%,96%,98%,93%,96%,N/A,N/A,96%,96%,95%,70%,86%,75%,92%,93%,88%,91%,100%,92%,93%,89%,91%,78%,86%,83%,91%,89%,100%,85%,88%,73%,89%,82%,89%,89%,84%,78%,80%,76%,75%,92%,79%,77%,81%,76%,92%,75%,96%,70%,47%,47%,43%,46%,73%,79%,51%,38%,50%,95%,96%,94%,94%,100%,100%,94%,93%,94%,84%,84%,81%,83%,100%,100%,85%,83%,84%,91%,85%,88%,85%,82%,86%,N/A,78%,100%,90%,73%,63%,55%,80%,81%,86%,N/A,60%,82%,83%,95%,91%,94%,90%,90%,100%,N/A,84%,90%,93%
22K425,James Madison High School,Good,Excellent,Fair,madisonhs.org,Jodie Cohen,"09,10,11,12,SE",3784,"Screened, Zoned Guarantee",Local Support and Improvement,3787 Bedford Avenue,"Brooklyn, NY 11229",718-758-7200,19%,10%,17%,<1%,<1%,52%,15%,13%,68%,46%,54%,<1%,93%,"Boys: Indoor Track,Football,Rugby,Table Tennis,Handball,Swimming,Badminton,Bowling,Wrestling,Cross Country,Basketball,Outdoor Track,Soccer,Lacrosse,Volleyball,Tennis,Baseball; Girls: Handball,Indoor Track,Outdoor Track,Cross Country,Basketball,Volleyball,Badminton,Lacrosse,Tennis,Flag Football,Wrestling,Swimming,Bowling,Softball,Golf,Table Tennis,Soccer; Co-Ed: Stunt,Golf",N/A,"Ceramics, Mixed Media, Guitar, Mixed Choir, Musical Theater, Concert Band, Painting, Digital Photography, Piano Keyboard, String Orchestra, and more",Career & Technical Education; Future Ready NYC; NYC Solves; Project Pivot,7%,12%,8%,N/A (fewer than 5 teachers),0%,70%,11,86%,66%,66%,66%,60%,83%,73%,84%,65%,71%,60%,55,72%,76%,1041 (28%),1404 (37%),22% (444),9% (189),13% (258),<1% (6),<1% (12),53% (1061),Fair,88%,N/A,N/A,96%,0%,4%,89%,92%,96%,84%,N/A,N/A,89%,95%,84%,73%,86%,81%,93%,94%,91%,90%,90%,100%,93%,90%,90%,78%,86%,85%,88%,87%,100%,100%,86%,86%,86%,88%,93%,96%,87%,81%,82%,85%,81%,91%,92%,79%,82%,86%,89%,69%,96%,76%,61%,63%,54%,61%,64%,67%,62%,65%,60%,92%,95%,91%,93%,91%,100%,92%,92%,92%,84%,85%,81%,84%,90%,92%,84%,82%,82%,91%,87%,86%,81%,86%,N/A,N/A,88%,92%,90%,76%,67%,61%,68%,68%,N/A,N/A,69%,67%,72%,91%,89%,90%,86%,87%,N/A,N/A,89%,97%,91%
22K535,Leon M. Goldstein High School for the Sciences,Excellent,Good,Fair,www.lmhgs.org,Scott Hughes,"09,10,11,12,SE",998,"D75 Special Education Inclusive Services, Screened",Local Support and Improvement,1830 Shore Boulevard,"Brooklyn, NY 11235",718-368-8500,23%,21%,13%,<1%,<1%,40%,2%,17%,53%,53%,47%,<1%,79%,"Boys: Bowling,Soccer,Wrestling,Handball,Basketball,Swimming,Tennis; Girls: Bowling,Tennis,Basketball,Flag Football,Soccer,Volleyball,Swimming; Co-Ed: Golf",Gender Sexuality Alliance (GSA),"Painting, Ceramics, Piano Keyboard, Brass Ensemble, Art History, Graphic Design, Mixed Choir, Jazz Ensemble, Studio Art",NYC Solves,10%,12%,13%,0%,0%,66%,12,85%,68%,53%,64%,N/A,N/A,65%,82%,63%,60%,34%,86,97%,89%,609 (61%),500 (50%),25% (201),19% (149),12% (94),<1% (3),<1% (5),42% (338),Needs Improvement,98%,N/A,N/A,98%,N/A,N/A,97%,98%,98%,90%,N/A,N/A,96%,99%,94%,N/A,91%,71%,89%,93%,78%,84%,N/A,N/A,93%,100%,89%,74%,82%,82%,83%,85%,N/A,N/A,82%,100%,91%,77%,74%,77%,78%,67%,69%,66%,62%,N/A,N/A,68%,75%,73%,89%,69%,96%,66%,44%,50%,34%,36%,N/A,N/A,45%,58%,49%,93%,95%,93%,97%,N/A,N/A,90%,92%,93%,77%,78%,64%,71%,N/A,N/A,83%,100%,82%,81%,76%,85%,67%,79%,N/A,N/A,72%,N/A,83%,79%,65%,63%,64%,68%,N/A,N/A,65%,N/A,78%,91%,87%,94%,83%,89%,N/A,N/A,82%,N/A,92%
22K555,Brooklyn College Academy,Excellent,Excellent,Excellent,brooklyncollegeacademy.com,Shernell Thomas Daley,"09,10,11,12",615,Screened With Assessment,Local Support and Improvement,350 Coney Island Avenue,"Brooklyn, NY 11218",718-853-6184,7%,72%,13%,1%,<1%,4%,2%,16%,60%,58%,42%,0%,62%,"Boys: Basketball,Outdoor Track,Indoor Track,Soccer; Girls: Basketball,Outdoor Track,Indoor Track,Volleyball; Co-Ed: N/A",Gender Sexuality Alliance (GSA),"Visual Art, Illustration, Core Music, Classroom Music, Concert Band, Acting, Filmmaking / Video, Mixed Media, Mixed Choir",NYC Solves,N/A (fewer than 5 teachers),24%,21%,0%,0%,42%,5.6,88%,77%,53%,65%,57%,N/A,90%,50%,48%,100%,90%,69,92%,87%,215 (35%),214 (35%),7% (34),73% (377),13% (66),1% (7),<1% (5),4% (22),Fair,98%,N/A,N/A,100%,0%,0%,99%,N/A,99%,100%,N/A,N/A,N/A,100%,98%,N/A,96%,82%,95%,94%,94%,95%,100%,N/A,100%,83%,94%,77%,92%,89%,92%,91%,100%,N/A,95%,64%,87%,94%,100%,100%,89%,80%,92%,81%,72%,86%,N/A,86%,85%,82%,96%,89%,97%,68%,37%,56%,35%,37%,71%,N/A,50%,38%,49%,91%,92%,90%,94%,100%,N/A,100%,92%,90%,76%,72%,78%,70%,83%,N/A,76%,54%,66%,96%,88%,96%,89%,76%,N/A,N/A,82%,78%,93%,89%,80%,83%,80%,78%,N/A,N/A,73%,62%,88%,96%,92%,100%,92%,89%,N/A,N/A,91%,88%,92%
22K611,Origins High School,Good,Fair,Fair,originshighschool.org,Dara Kammerman,"09,10,11,12,SE",470,"ASD/ACES Program, Ed. Opt.",Local Support and Improvement,3000 Avenue X,"Brooklyn, NY 11235",718-891-0037,19%,21%,16%,1%,1%,39%,29%,15%,86%,41%,59%,0%,69%,"Boys: Football,Bowling,Volleyball,Outdoor Track,Indoor Track,Soccer,Baseball,Basketball,Wrestling; Girls: Softball,Lacrosse,Indoor Track,Bowling,Volleyball,Cross Country,Outdoor Track,Flag Football,Basketball; Co-Ed: N/A","Art, Dance, Glamour Gals, Green Team & Gardening, Glamour Girls, International Culinary Club, Photography, My Brother's Keeper Chapter, My Sister's Keeper Chapter, National Honor Society, Yearbook, Green Team, Peer Mediators.,Gender Sexuality Alliance (GSA)","Visual Art, Ceramics, Classroom Music, Concert Band, Digital Photography, Fashion and Textile Design, Portfolio Development, Photography, Drawing, Mixed Media, and more",Community School; NYC Solves; PROSE,13%,24%,N/A (fewer than 5 teachers),0%,0%,53%,1.8,61%,61%,39%,59%,N/A,N/A,71%,71%,54%,81%,66%,35,35%,75%,223 (47%),158 (34%),23% (56),23% (56),17% (41),<1% (2),1% (3),35% (87),Excellent,71%,N/A,N/A,92%,N/A,N/A,84%,88%,85%,95%,N/A,N/A,76%,89%,81%,66%,86%,68%,75%,77%,69%,79%,N/A,N/A,78%,65%,77%,61%,73%,72%,68%,67%,N/A,N/A,78%,72%,54%,82%,77%,87%,75%,70%,65%,74%,71%,N/A,N/A,74%,68%,69%,80%,41%,95%,67%,53%,47%,45%,53%,N/A,N/A,57%,56%,59%,85%,84%,88%,88%,N/A,N/A,83%,73%,76%,60%,58%,55%,59%,N/A,N/A,65%,64%,48%,90%,89%,78%,94%,N/A,N/A,N/A,91%,100%,100%,80%,78%,72%,81%,N/A,N/A,N/A,82%,78%,100%,90%,91%,78%,100%,N/A,N/A,N/A,91%,96%,89%
23K493,Brooklyn Collegiate: A College Board School,Fair,Fair,Good,WWW.BROOKLYNCOLLEGIATE.NET,Heather Newman,"09,10,11,12,SE",482,Ed. Opt.,Local Support and Improvement,2021 Bergen Street,"Brooklyn, NY 11233",718-922-1145,1%,70%,21%,<1%,<1%,<1%,6%,23%,88%,47%,53%,0%,83%,"Boys: Basketball,Soccer; Girls: Basketball,Outdoor Track; Co-Ed: Stunt",Science and Engineering My Brother's Keeper My Sister's Keeper Cooking Anime Makers Club (Fashion) LBGTQ+,"Music Theory / Musicianship, Portfolio Development, Concert Band, Mixed Media, Computer Art / Digital Art, Visual Art, Classroom Music",Community School; CS for All; Future Ready NYC; NYC Solves; Project Pivot,N/A (fewer than 5 teachers),44%,N/A (fewer than 5 teachers),0%,0%,35%,9.2,65%,N/A,61%,73%,N/A,N/A,N/A,91%,67%,81%,74%,32,61%,53%,165 (34%),138 (29%),2% (4),73% (189),17% (44),<1% (1),0% (0),1% (3),Excellent,87%,13%,0%,96%,N/A,N/A,88%,N/A,91%,72%,N/A,N/A,N/A,86%,89%,N/A,74%,75%,92%,N/A,93%,86%,N/A,N/A,N/A,73%,92%,72%,88%,N/A,88%,89%,N/A,N/A,N/A,92%,93%,87%,86%,88%,85%,80%,N/A,80%,74%,N/A,N/A,N/A,69%,84%,80%,44%,96%,73%,46%,N/A,47%,42%,N/A,N/A,N/A,46%,54%,91%,N/A,89%,98%,N/A,N/A,N/A,92%,94%,76%,N/A,79%,71%,N/A,N/A,N/A,69%,81%,91%,90%,N/A,91%,83%,N/A,N/A,N/A,N/A,94%,89%,92%,N/A,92%,83%,N/A,N/A,N/A,N/A,88%,93%,87%,N/A,87%,83%,N/A,N/A,N/A,N/A,88%
23K514,Frederick Douglass Academy VII High School,Good,Excellent,Excellent,www.fda7.org,Tamika Matheson,"09,10,11,12,SE",244,Ed. Opt.,Local Support and Improvement,226 Bristol Street,"Brooklyn, NY 11212",718-485-3789,<1%,74%,24%,0%,0%,0%,10%,31%,91%,48%,52%,0%,85%,"Boys: Basketball,Baseball; Girls: Basketball,Volleyball; Co-Ed: Double Dutch",Boys & Girls Club of America: Elbaum Clubhouse; CUNY-Kingsborough Community College: NASA/STEM Partnership; New Visions for Public Schools; Bro Experience; Birthright Africa; Project Eats; Common Threads; Camba,"Drawing, Theater / Play Production, Dramatic Literature, Three-Dimensional Art, Studio Art, Painting",NYC Solves; Project Pivot,N/A (fewer than 5 teachers),50%,N/A (fewer than 5 teachers),0%,0%,27%,17.7,50%,N/A,72%,80%,N/A,N/A,N/A,80%,67%,100%,87%,30,40%,71%,94 (39%),82 (34%),<1% (1),80% (99),19% (23),0% (0),0% (0),0% (0),Fair,98%,N/A,N/A,86%,0%,14%,100%,N/A,100%,N/A,N/A,N/A,N/A,N/A,100%,N/A,N/A,79%,90%,N/A,92%,84%,N/A,N/A,N/A,87%,89%,74%,85%,N/A,88%,79%,N/A,N/A,N/A,72%,82%,93%,100%,95%,88%,87%,N/A,90%,83%,N/A,N/A,N/A,72%,89%,84%,51%,95%,74%,48%,N/A,48%,45%,N/A,N/A,N/A,56%,52%,89%,N/A,89%,90%,N/A,N/A,N/A,94%,86%,72%,N/A,73%,76%,N/A,N/A,N/A,61%,72%,97%,89%,N/A,91%,84%,N/A,N/A,N/A,83%,92%,87%,80%,N/A,83%,69%,N/A,N/A,N/A,58%,83%,96%,94%,N/A,93%,94%,N/A,N/A,N/A,92%,94%
23K644,Eagle Academy for Young Men II,Fair,Excellent,Excellent,eagleacademybk.org,Rashad Meade,"06,07,08,09,10,11,12,SE",417,Open,Local Support and Improvement,1137 Herkimer Street,"Brooklyn, NY 11233",718-495-0863,<1%,79%,14%,2%,0%,<1%,<1%,26%,83%,0%,100%,0%,92%,"Boys: Baseball,Outdoor Track,Middle Schools Basketball,Indoor Track,Football,Basketball,Lacrosse; Girls: N/A; Co-Ed: N/A","Culinary Arts, Barbershop, Entrepreneurship, Advanced Visual Art, Band, Music Production, Hydroponics, Chess, Video Games, Fitness, Escape Room, Shakur Honors Program, Community Service, Scholar Council, Coop (student employment), Winter Youth Employment, multiple mentoring programs (KAVI, Blackstone, Moody's), Summer Service Trips (Summer Search, Global Glimpse), Trade partnerships (Coop Tech),Gender Sexuality Alliance (GSA)","Fashion and Textile Design, Music Technology, Mixed Media, Graphic Design, Music History, Concert Band",DYCD: Beacon; Project Pivot,N/A (fewer than 5 teachers),66%,N/A (fewer than 5 teachers),0%,0%,18%,16.2,89%,N/A,83%,89%,N/A,N/A,N/A,N/A,83%,100%,96%,35,38%,61%,69 (17%),139 (33%),0% (0),80% (138),13% (23),1% (2),0% (0),2% (3),Good,96%,4%,0%,84%,0%,16%,92%,N/A,91%,N/A,N/A,N/A,N/A,N/A,92%,N/A,90%,87%,95%,N/A,95%,95%,100%,N/A,N/A,N/A,92%,80%,93%,N/A,93%,87%,N/A,N/A,N/A,N/A,92%,95%,98%,100%,91%,84%,N/A,82%,91%,N/A,N/A,N/A,N/A,80%,87%,58%,96%,84%,67%,N/A,69%,64%,80%,N/A,N/A,N/A,72%,94%,N/A,95%,91%,100%,N/A,N/A,N/A,93%,84%,N/A,83%,84%,100%,N/A,N/A,N/A,82%,100%,100%,N/A,100%,100%,100%,N/A,N/A,N/A,100%,98%,99%,N/A,99%,97%,100%,N/A,N/A,N/A,98%,100%,100%,N/A,100%,97%,100%,N/A,N/A,N/A,99%
23K697,Teachers Preparatory High School,Needs Improvement,Needs Improvement,Good,Teachersprep.org,Jennifer Shirley Brown,"09,10,11,12,SE",200,"ASD/ACES Program, Ed. Opt.",Local Support and Improvement,226 Bristol Street,"Brooklyn, NY 11212",718-498-2605,0%,57%,33%,<1%,1%,4%,20%,37%,>95%,49%,52%,0%,76%,"Boys: Baseball,Basketball; Girls: Volleyball,Basketball; Co-Ed: Double Dutch","National Honor Society, Culinary Arts, Student Government, Girls Group (ROSE/Sister's Keeper); My Brother's Keeper; Peer to Peer, Peer Group Connect (PGC); Peer Forward; Project Eats; Step Team, Fashion Show Club, Art Club, Dance Studio, Weight Room,Gender Sexuality Alliance (GSA)","Illustration, Art Management / Business, Painting, Computer Art / Digital Art, Three-Dimensional Art, Advertising Art, Visual Art",Future Ready NYC; NYC Solves; Project Pivot,N/A (fewer than 5 teachers),77%,N/A (fewer than 5 teachers),N/A (fewer than 5 teachers),N/A (fewer than 5 teachers),N/A (fewer than 5 teachers),1.4,88%,N/A,62%,65%,N/A,N/A,N/A,75%,55%,100%,100%,25,32%,41%,40 (20%),61 (31%),0% (0),51% (42),36% (30),0% (0),2% (2),5% (4),Good,N/A,81%,N/A,74%,0%,26%,62%,N/A,65%,N/A,N/A,N/A,N/A,72%,53%,N/A,44%,62%,86%,N/A,88%,82%,N/A,N/A,N/A,81%,89%,57%,71%,N/A,73%,68%,N/A,N/A,N/A,71%,79%,62%,93%,80%,83%,76%,N/A,78%,72%,N/A,N/A,N/A,86%,73%,76%,33%,96%,68%,44%,N/A,54%,39%,N/A,N/A,N/A,36%,51%,84%,N/A,82%,85%,N/A,N/A,N/A,82%,93%,58%,N/A,58%,59%,N/A,N/A,N/A,68%,63%,93%,90%,N/A,92%,87%,N/A,N/A,N/A,90%,95%,88%,89%,N/A,92%,87%,N/A,N/A,N/A,80%,95%,88%,90%,N/A,93%,91%,N/A,N/A,N/A,84%,90%
24Q236,International High School for Health Sciences,Good,Excellent,Excellent,www.schools.nyc.gov/schools/Q236,Carl Finney,"09,10,11,12,SE",265,Language Criteria,Local Support and Improvement,48-01 90 Street,"Queens, NY 11373",718-595-8600,9%,<1%,83%,<1%,0%,5%,82%,3%,94%,47%,53%,0%,91%,"Boys: Indoor Track,Volleyball,Baseball,Soccer,Bowling,Basketball,Tennis,Outdoor Track,Cross Country; Girls: Softball,Indoor Track,Volleyball,Cross Country,Outdoor Track,Handball,Soccer,Basketball,Tennis; Co-Ed: Cricket",Gender Sexuality Alliance (GSA),"Visual Art, Acting",21st Century Community Learning Center; Community School; Consortium; Future Ready NYC; NYC Solves; New Arrivals; PROSE; Respect for All,29%,0%,N/A (fewer than 5 teachers),0%,0%,54%,11.2,75%,93%,N/A,81%,N/A,N/A,67%,83%,N/A,77%,48%,54,91%,46%,,36 (14%),11% (4),3% (1),81% (29),0% (0),0% (0),6% (2),N/A,N/A,75%,N/A,N/A,0%,N/A,91%,N/A,N/A,92%,N/A,N/A,N/A,93%,90%,89%,N/A,84%,93%,93%,N/A,94%,N/A,N/A,75%,91%,N/A,84%,89%,93%,N/A,88%,N/A,N/A,89%,86%,N/A,93%,88%,92%,93%,92%,100%,N/A,91%,N/A,N/A,100%,91%,N/A,91%,76%,98%,83%,68%,81%,N/A,64%,N/A,N/A,100%,66%,N/A,95%,100%,N/A,94%,N/A,N/A,100%,93%,N/A,88%,100%,N/A,87%,N/A,N/A,89%,86%,N/A,96%,95%,100%,N/A,94%,N/A,N/A,100%,94%,N/A,87%,86%,88%,N/A,87%,N/A,N/A,75%,87%,N/A,97%,96%,100%,N/A,95%,N/A,N/A,100%,95%,N/A
24Q264,Academy of Finance and Enterprise,Excellent,Good,Good,AOFEHS.org,Victoria Armano,"09,10,11,12,SE",823,Ed. Opt.,Local Support and Improvement,30-20 Thomson Avenue,"Queens, NY 11101",718-389-3623,18%,4%,47%,<1%,<1%,10%,5%,13%,75%,45%,55%,0%,79%,"Boys: Outdoor Track,Table Tennis,Basketball,Wrestling,Cross Country,Soccer; Girls: Outdoor Track,Rugby,Soccer,Table Tennis,Flag Football,Basketball,Cross Country,Volleyball; Co-Ed: N/A","AOFE has clubs such as DECA, Crochet, Mental Health, Math Club, Chess Club, Spanish Culture Club, AAPI, Dance Club, Art Club, Girls Inc., Yoga, Academic ER, MBK/MSK, Big Brothers Big Sisters, KEY Club, SEO, OppNet, Music Club, Theater Club, Game Club, Book Club, and Community Service.","Theater, Visual Art, Illustration",Career & Technical Education; NYC Solves,18%,N/A (fewer than 5 teachers),32%,0%,N/A (fewer than 5 teachers),46%,12.2,74%,75%,76%,71%,100%,N/A,83%,74%,69%,98%,96%,73,89%,84%,304 (37%),330 (40%),20% (100),3% (17),42% (207),1% (6),<1% (1),10% (51),Excellent,77%,N/A,N/A,87%,0%,13%,93%,100%,N/A,91%,N/A,N/A,89%,98%,88%,94%,75%,80%,86%,86%,78%,87%,100%,N/A,87%,77%,89%,74%,82%,86%,70%,82%,100%,N/A,81%,77%,77%,85%,94%,87%,86%,78%,85%,81%,78%,80%,N/A,73%,75%,77%,87%,61%,96%,70%,47%,50%,42%,47%,60%,N/A,46%,39%,54%,87%,87%,77%,89%,N/A,N/A,82%,81%,84%,70%,71%,56%,72%,100%,N/A,73%,67%,71%,94%,91%,93%,100%,93%,N/A,N/A,91%,100%,92%,82%,75%,70%,94%,77%,N/A,N/A,74%,94%,90%,96%,94%,94%,100%,95%,N/A,N/A,93%,100%,96%
24Q267,High School of Applied Communication,Good,Good,Good,www.hsac1.com,Daniel Shin,"09,10,11,12,SE",409,Open,Local Support and Improvement,30-20 Thomson Avenue,"Queens, NY 11101",718-389-3163,13%,5%,71%,<1%,<1%,8%,20%,20%,85%,42%,58%,0%,60%,"Boys: Basketball,Table Tennis,Wrestling,Soccer,Cross Country,Outdoor Track; Girls: Soccer,Cross Country,Basketball,Flag Football,Volleyball,Outdoor Track,Table Tennis,Rugby; Co-Ed: N/A",N/A,"Studio Art, Mixed Media, Ceramics",NYC Solves,26%,N/A (fewer than 5 teachers),22%,N/A (fewer than 5 teachers),N/A (fewer than 5 teachers),44%,2.1,70%,81%,46%,71%,N/A,N/A,65%,74%,58%,93%,93%,46,74%,63%,133 (33%),105 (26%),14% (26),4% (7),71% (137),1% (2),<1% (1),8% (16),Excellent,89%,11%,0%,96%,N/A,N/A,88%,N/A,N/A,87%,N/A,N/A,N/A,100%,80%,73%,73%,71%,85%,83%,82%,85%,N/A,N/A,87%,77%,81%,71%,81%,92%,67%,80%,N/A,N/A,74%,78%,62%,78%,89%,93%,72%,68%,84%,69%,66%,N/A,N/A,58%,66%,66%,86%,61%,97%,65%,33%,29%,31%,32%,N/A,N/A,48%,21%,24%,85%,93%,77%,85%,N/A,N/A,83%,89%,76%,58%,61%,69%,54%,N/A,N/A,67%,59%,51%,91%,87%,100%,N/A,84%,N/A,N/A,83%,100%,100%,77%,75%,86%,N/A,72%,N/A,N/A,83%,50%,67%,92%,89%,100%,N/A,84%,N/A,N/A,100%,88%,88%
24Q293,Civic Leadership Academy,Good,Good,Good,www.clanyc.org,Phuong Nguyen,"09,10,11,12,SE",563,Ed. Opt.,Local Support and Improvement,45-10 94th Street,"Queens, NY 11373",718-271-1487,12%,2%,80%,0%,1%,4%,15%,18%,86%,52%,48%,0%,78%,"Boys: Table Tennis,Rugby; Girls: Table Tennis,Rugby; Co-Ed: N/A",N/A,"Visual Art, Ceramics, Concert Band, Core Music, Dance / Introduction to Dance, Music Technology, Digital Photography, Studio Art, Mixed Media",NYC Solves; Project Pivot,N/A (fewer than 5 teachers),13%,13%,0%,0%,70%,16.2,90%,91%,78%,87%,N/A,67%,84%,94%,88%,88%,71%,55,73%,76%,204 (36%),240 (43%),14% (55),3% (13),77% (312),0% (0),1% (5),4% (16),Excellent,95%,N/A,N/A,96%,N/A,N/A,93%,100%,N/A,89%,N/A,N/A,N/A,94%,90%,80%,85%,74%,94%,95%,75%,94%,N/A,83%,100%,87%,94%,84%,93%,92%,89%,93%,N/A,67%,95%,93%,94%,62%,74%,51%,83%,83%,75%,90%,84%,N/A,83%,68%,90%,83%,88%,59%,95%,76%,56%,61%,50%,55%,N/A,67%,74%,62%,58%,95%,95%,90%,96%,N/A,83%,95%,93%,93%,85%,80%,90%,86%,N/A,83%,74%,84%,88%,91%,91%,88%,86%,92%,N/A,83%,89%,90%,95%,76%,75%,62%,83%,76%,N/A,100%,78%,88%,84%,95%,94%,96%,100%,94%,N/A,100%,94%,96%,97%
24Q296,Pan American International High School,Excellent,Excellent,Excellent,www.panamericanihs.org,Waleska Velez,"09,10,11,12",522,Language Criteria,Local Support and Improvement,45-10 94th Street,"Queens, NY 11373",718-271-3602,<1%,<1%,99%,0%,0%,0%,88%,2%,>95%,47%,53%,0%,95%,"Boys: Cross Country,Tennis,Indoor Track,Bowling,Baseball,Basketball,Outdoor Track,Volleyball,Soccer; Girls: Volleyball,Tennis,Outdoor Track,Cross Country,Soccer,Basketball,Indoor Track,Softball,Handball; Co-Ed: Cricket","PAIHS Informa Newspaper Group, PAIHS Teatro, ASPIRA, Peer Group Connection, Student Government, PAIHS Band, Ecuadorian Dance Group,Gender Sexuality Alliance (GSA), and Soccer Club.","Art Management / Business, Core Music, Concert Band, Painting, Studio Art, Computer Art / Digital Art, Photography, Drawing, Art History, Dance Improvisation, and more",Career Readiness and Modern Youth Apprenticeship; Community School; Consortium; CS for All; Future Ready NYC; NYC Solves; New Arrivals; PROSE; Respect for All,N/A (fewer than 5 teachers),N/A (fewer than 5 teachers),61%,0%,0%,24%,3,76%,N/A,N/A,94%,N/A,N/A,N/A,95%,N/A,100%,80%,49,75%,49%,244 (47%),296 (57%),<1% (1),0% (0),>99% (299),0% (0),0% (0),0% (0),N/A,100%,0%,0%,100%,0%,0%,100%,N/A,N/A,100%,N/A,N/A,N/A,100%,100%,100%,N/A,86%,92%,N/A,N/A,92%,N/A,N/A,N/A,91%,N/A,84%,93%,N/A,N/A,93%,N/A,N/A,N/A,92%,N/A,98%,100%,100%,91%,90%,N/A,N/A,90%,N/A,N/A,N/A,90%,N/A,95%,83%,97%,82%,66%,N/A,N/A,66%,N/A,N/A,N/A,65%,N/A,94%,N/A,N/A,94%,N/A,N/A,N/A,93%,N/A,88%,N/A,N/A,88%,N/A,N/A,N/A,87%,N/A,99%,98%,N/A,N/A,98%,N/A,N/A,N/A,99%,100%,92%,87%,N/A,N/A,87%,N/A,N/A,N/A,86%,86%,99%,99%,N/A,N/A,99%,N/A,N/A,N/A,99%,100%
24Q299,Bard High School Early College Queens,Excellent,Good,Fair,bard.edu/earlycollege,Laura Hymson,"09,10,11,12,SE",666,Screened With Assessment,Local Support and Improvement,30-20 Thomson Avenue,"Queens, NY 11101",718-361-3133,29%,19%,28%,<1%,<1%,20%,<1%,13%,56%,63%,37%,<1%,88%,"Boys: Cross Country,Basketball,Wrestling,Table Tennis,Soccer,Outdoor Track; Girls: Volleyball,Cross Country,Soccer,Flag Football,Outdoor Track,Basketball,Rugby,Table Tennis; Co-Ed: N/A",Gender Sexuality Alliance (GSA),"Piano Keyboard, Scenic Design and Implementation, Graphic Design, Studio Art, Classroom Music, Painting, Playwriting, Core Music, Jazz Ensemble, Drawing, and more",NYC Solves; PROSE; Respect for All,12%,10%,14%,N/A (fewer than 5 teachers),0%,60%,2.1,80%,72%,69%,66%,N/A,N/A,75%,N/A,76%,80%,55%,94,99%,96%,,179 (27%),28% (143),20% (100),28% (141),<1% (1),<1% (4),20% (101),Needs Improvement,97%,N/A,N/A,97%,N/A,N/A,96%,96%,93%,95%,N/A,N/A,100%,97%,94%,N/A,91%,82%,93%,93%,94%,90%,N/A,N/A,92%,N/A,88%,82%,93%,92%,96%,95%,N/A,N/A,90%,N/A,93%,84%,93%,83%,87%,80%,86%,83%,71%,N/A,N/A,80%,N/A,91%,95%,88%,98%,70%,49%,53%,54%,38%,N/A,N/A,55%,N/A,51%,94%,97%,96%,92%,N/A,N/A,90%,N/A,95%,80%,80%,79%,80%,N/A,N/A,80%,N/A,72%,86%,79%,80%,77%,80%,N/A,N/A,79%,N/A,95%,78%,70%,59%,80%,75%,N/A,N/A,69%,N/A,91%,89%,85%,86%,86%,80%,N/A,N/A,87%,N/A,95%
24Q455,Newtown High School,Fair,Good,Good,www.newtownhighschool.org/,Vasilis Psoras,"09,10,11,12,SE",1925,"Audition, Ed. Opt., Screened, Zoned Priority",Local Support and Improvement,48-01 90 Street,"Queens, NY 11373",718-595-8400,20%,3%,69%,<1%,<1%,5%,34%,16%,88%,44%,56%,0%,90%,"Boys: Cross Country,Soccer,Indoor Track,Volleyball,Basketball,Baseball,Tennis,Outdoor Track,Bowling; Girls: Cross Country,Handball,Softball,Soccer,Volleyball,Outdoor Track,Basketball,Tennis,Indoor Track; Co-Ed: Cricket","Anime, Arista, Arts Crafts and Table Games, Badminton, Bangladeshi, Baseballe, Basketball, Book Club, Chess Club, Chinese Club, Club de Teatro, Club Lacrosse, Comic Con, Crochet, Debate, Drama, Filipino, Fitness,Gender Sexuality Alliance (GSA), Hiking & Leadership, Homework & Study, Key Club, Leadership, Math League, Music, Nepali, Newspaper, Pride, Robotics, Soccer, Spanish, Teen Glamour, Visual Arts, Yearbook and Yoga.","Core Music, Studio Art, Guitar, Mixed Media, Mixed Choir, Drawing, Three-Dimensional Art, Visual Art, Printmaking, Advertising Art, and more",Career & Technical Education; CS for All; Dual Language or TBE; DYCD: COMPASS/SONYC; Future Ready NYC; NYC Solves; Respect for All,21%,9%,27%,N/A (fewer than 5 teachers),0%,41%,1.1,80%,58%,58%,60%,N/A,44%,67%,75%,62%,66%,60%,42,51%,53%,614 (32%),749 (39%),25% (236),3% (29),63% (588),<1% (6),<1% (8),6% (55),Good,98%,N/A,N/A,95%,N/A,N/A,72%,83%,84%,65%,N/A,N/A,94%,76%,69%,47%,66%,76%,92%,95%,94%,91%,N/A,89%,86%,90%,94%,76%,80%,84%,79%,79%,N/A,60%,70%,81%,78%,83%,92%,91%,88%,83%,84%,94%,81%,N/A,82%,87%,87%,84%,84%,55%,95%,72%,47%,51%,48%,46%,N/A,45%,44%,48%,47%,92%,95%,91%,92%,N/A,91%,85%,94%,90%,76%,77%,73%,77%,N/A,73%,74%,80%,72%,88%,84%,88%,87%,82%,N/A,88%,86%,82%,87%,77%,72%,64%,93%,75%,N/A,75%,71%,78%,82%,93%,89%,93%,80%,88%,N/A,88%,85%,90%,90%
24Q485,Grover Cleveland High School,Fair,Fair,Good,www.groverclevelandhs.org,Marc Pascente,"09,10,11,12,SE",1539,"ASD/ACES Program, Ed. Opt., Zoned Guarantee",Local Support and Improvement,21-27 Himrod Street,"Queens, NY 11385",718-381-9600,7%,4%,73%,<1%,<1%,16%,27%,20%,82%,45%,55%,0%,89%,"Boys: Tennis,Indoor Track,Bowling,Handball,Swimming,Soccer,Volleyball,Cross Country,Basketball,Outdoor Track,Baseball,Wrestling; Girls: Cross Country,Outdoor Track,Bowling,Softball,Indoor Track,Badminton,Wrestling,Handball,Soccer,Basketball,Tennis,Volleyball,Swimming; Co-Ed: N/A","A World of Difference, Anime Club, Art Portfolio, Artistic Expressions, Bridge Building, Cheer club, Newspaper Club, Gamers Alliance, K-Pop Dance Club, Key Club, Modern Band, My Brother's Keeper, Chess Club, Film Club, Science Olympiad, STEP, Table Tennis, Weight Lifting, Yearbook Club, Young Black Americans, Engineering with AutoCAD, Cyber Security Club, Photography Club, Music Technology, Mandarin Club, Dungeons and Dragons,Gender Sexuality Alliance (GSA)","Studio Art, Ceramics, Brass Ensemble, Guitar, Drawing, Music Theory / Musicianship, Painting, Mixed Choir, Dance, Theater / Play Production, and more",Career & Technical Education; Dual Language or TBE; NYC Solves,13%,8%,20%,N/A (fewer than 5 teachers),0%,55%,6.1,85%,74%,56%,70%,N/A,N/A,71%,80%,60%,90%,65%,39,54%,52%,237 (15%),765 (50%),8% (66),4% (32),70% (592),<1% (6),<1% (3),17% (139),Good,95%,N/A,N/A,93%,0%,7%,81%,83%,N/A,78%,N/A,N/A,84%,79%,82%,69%,75%,75%,91%,89%,87%,92%,N/A,N/A,93%,93%,87%,74%,81%,86%,87%,80%,N/A,N/A,80%,84%,73%,77%,79%,78%,84%,80%,83%,92%,80%,N/A,N/A,79%,83%,82%,83%,51%,96%,69%,44%,43%,52%,43%,N/A,N/A,50%,50%,41%,89%,90%,92%,89%,N/A,N/A,88%,92%,84%,75%,81%,73%,76%,N/A,N/A,70%,78%,72%,90%,86%,86%,90%,84%,N/A,N/A,89%,86%,85%,80%,73%,62%,80%,73%,N/A,N/A,77%,71%,91%,93%,89%,86%,90%,87%,N/A,N/A,97%,91%,90%
24Q520,Middle College High School at LaGuardia Community College,Excellent,Excellent,Excellent,mchslic.org,Socrates Ortiz Jr,"09,10,11,12,SE",473,Screened,Local Support and Improvement,45-35 Van Dam Street,"Queens, NY 11101",718-392-3330,9%,3%,78%,<1%,1%,8%,2%,18%,75%,56%,44%,0%,91%,"Boys: Wrestling,Basketball,Volleyball,Soccer,Baseball; Girls: Soccer,Basketball,Tennis,Softball,Golf,Volleyball; Co-Ed: Golf","Girls Inc. Global Growers, The Voice (activism) Running Club, Open Mic, Forensics Club, Softball Club","Drawing, Visual Art, Computer Art / Digital Art, Painting, Graphic Design, Cartooning, Printmaking, Core Music, Filmmaking / Video, Art History",Consortium; PROSE,N/A (fewer than 5 teachers),N/A (fewer than 5 teachers),26%,N/A (fewer than 5 teachers),0%,52%,6.1,89%,85%,N/A,93%,N/A,N/A,100%,N/A,91%,100%,94%,59,95%,80%,,243 (51%),10% (39),3% (12),77% (309),0% (0),1% (4),8% (33),Excellent,84%,16%,0%,98%,N/A,N/A,93%,N/A,N/A,91%,N/A,N/A,N/A,100%,88%,N/A,84%,86%,94%,100%,N/A,93%,N/A,N/A,100%,80%,83%,93%,97%,92%,N/A,97%,N/A,N/A,100%,100%,88%,88%,83%,83%,93%,88%,77%,N/A,91%,N/A,N/A,71%,80%,96%,93%,80%,95%,82%,66%,50%,N/A,68%,N/A,N/A,43%,80%,70%,97%,100%,N/A,96%,N/A,N/A,100%,80%,96%,93%,77%,N/A,95%,N/A,N/A,100%,100%,92%,95%,87%,100%,N/A,85%,N/A,N/A,85%,N/A,89%,84%,76%,43%,N/A,81%,N/A,N/A,69%,N/A,76%,98%,98%,100%,N/A,97%,N/A,N/A,100%,N/A,100%
24Q530,International High School at LaGuardia Community College,Excellent,Excellent,Excellent,ihsnyc.org,Jaclyn Valane,"09,10,11,12",522,Language Criteria,Local Support and Improvement,45-35 Van Dam Street,"Queens, NY 11101",718-392-3433,7%,<1%,87%,0%,0%,4%,79%,<1%,88%,50%,50%,<1%,99%,"Boys: Baseball,Volleyball,Basketball,Soccer,Wrestling; Girls: Soccer,Volleyball,Tennis,Golf,Softball,Basketball; Co-Ed: Golf","After-School Tutoring, Art, Sports, Computer Lab, Cultural Clubs, Dance, Garden Club,Gender Sexuality Alliance (GSA), International Food Festival, LaGuardia Community College Classes and Gym Facilities, Liberty Partnership, Music Club, Newspaper, Photography, SAT Prep, Saturday Literacy Explorers Program, Student Government, Theater Program, YMCA for After-School Sports, College Trips","Mixed Media, Visual Art, Dance, Theater, Studio Art, Drawing, Classroom Music, Music Technology, Architecture, Photography",Consortium; New Arrivals; PROSE,23%,N/A (fewer than 5 teachers),N/A (fewer than 5 teachers),0%,0%,60%,10.1,87%,94%,N/A,100%,N/A,N/A,100%,100%,N/A,92%,84%,52,78%,85%,,119 (23%),8% (18),<1% (1),83% (183),0% (0),0% (0),7% (15),N/A,100%,0%,0%,100%,0%,0%,93%,90%,N/A,95%,N/A,N/A,N/A,94%,93%,93%,N/A,98%,99%,100%,N/A,99%,N/A,N/A,100%,99%,N/A,97%,98%,100%,N/A,98%,N/A,N/A,100%,98%,N/A,92%,80%,96%,100%,99%,100%,N/A,99%,N/A,N/A,100%,99%,N/A,90%,71%,94%,98%,96%,94%,N/A,96%,N/A,N/A,100%,96%,N/A,98%,94%,N/A,99%,N/A,N/A,100%,99%,N/A,99%,94%,N/A,99%,N/A,N/A,100%,99%,N/A,99%,98%,91%,N/A,98%,N/A,N/A,N/A,97%,N/A,97%,96%,91%,N/A,97%,N/A,N/A,N/A,95%,N/A,99%,99%,91%,N/A,99%,N/A,N/A,N/A,98%,N/A
24Q550,High School for Arts and Business,Excellent,Excellent,Good,highschoolforartsandbusiness.org,Ana Zambrano Burako,"09,10,11,SE",733,Ed. Opt.,Local Support and Improvement,105-25 Horace Harding Expy N,"Queens, NY 11368",718-271-8383,10%,6%,78%,<1%,<1%,5%,8%,19%,84%,57%,43%,<1%,83%,"Boys: Soccer,Baseball,Cross Country,Handball; Girls: Soccer,Handball,Cross Country,Table Tennis; Co-Ed: N/A","3D Printing, Ad Council, Advertising Futures, Arista/National Honor Society, Art, Careers, Carnegie Hall, Chess, College Now, Community Service, Dance, Disney/ABC Get Reel With Your Dreams Program, Drama, Environmental Sustainability Club, Future Leaders,Gender Sexuality Alliance (GSA), Guitar, Hugh O'Brien Youth Leadership, Jazz Band, Job Shadowing, Law, Makerspace, Math, Music, Newspaper, NYSMAA, O'Melveny Scholarship, Photography, Piano, Poetry, PreMed, Public Speaking, Robotics, Spring Play, Student Center, Student Council, Student Leadership, Training Opportunity Program, Tutoring, Virtual Enterprise, Vocal and Instrumental Concert, Wellness, Cartoon Drawing, Coding Club, Fantasy Basketball, Mock Trial/ Debate, My Brother's Keeper/My Sister's Keeper, Next Level Knit, Public Service Announcement Club, SAT Prep, Tech Team, Video Game Club, Yearbook, Tri-M Music Honor Society, Minecraft Competition","Drawing, Choreography / Dance Composition, Concert Band, Mixed Choir, Computer Art / Digital Art, Guitar, Three-Dimensional Art, Studio Art, Painting, Art History, and more",Career & Technical Education; NYC Solves,N/A (fewer than 5 teachers),N/A (fewer than 5 teachers),20%,N/A (fewer than 5 teachers),0%,66%,17.1,92%,86%,59%,77%,N/A,N/A,85%,82%,76%,100%,98%,64,92%,80%,284 (39%),314 (43%),13% (57),5% (24),77% (340),<1% (2),<1% (1),4% (19),Excellent,100%,0%,0%,98%,N/A,N/A,97%,100%,N/A,97%,N/A,N/A,N/A,96%,98%,97%,90%,80%,94%,97%,89%,94%,N/A,N/A,85%,94%,95%,81%,87%,88%,68%,87%,N/A,N/A,100%,94%,88%,86%,89%,96%,88%,82%,83%,87%,81%,N/A,N/A,79%,90%,82%,89%,65%,96%,73%,50%,57%,52%,49%,N/A,N/A,45%,38%,64%,93%,98%,77%,94%,N/A,N/A,95%,92%,89%,72%,69%,65%,74%,N/A,N/A,60%,68%,72%,93%,86%,91%,92%,86%,N/A,N/A,81%,79%,90%,80%,78%,75%,92%,78%,N/A,N/A,67%,84%,84%,94%,93%,94%,100%,92%,N/A,N/A,86%,90%,95%
24Q560,"Robert F. Wagner, Jr. Secondary School for Arts and Technology",Excellent,Good,Good,www.rfwagner.org,Stephania Vu,"06,07,08,09,10,11,12,SE",474,Ed. Opt.,Local Support and Improvement,47-07 30th Place,"Queens, NY 11101",718-472-5671,12%,4%,69%,<1%,<1%,12%,6%,20%,75%,42%,58%,0%,73%,"Boys: Baseball,Wrestling,Volleyball,Basketball,Soccer; Girls: Tennis,Softball,Golf,Soccer,Volleyball,Basketball; Co-Ed: Golf","Art Club, Board Game Club, Chess Club, Computer/Video Game Club, Yearbook Club, Dance Club, Diversity Club, Garden Club, Music Club, National Honor Society/ARISTA, Photography Club, School Leadership Team, Student Government, Town Meetings (talent showcase), Theater Production, and Academic Tutoring for various subjects","Musical Theater, Studio Art, Illustration, Computer Art / Digital Art, Core Music, Piano Keyboard, Theater / Play Production, Visual Art",NYC Solves,N/A (fewer than 5 teachers),N/A (fewer than 5 teachers),12%,0%,0%,63%,9.1,80%,75%,31%,63%,N/A,N/A,60%,59%,52%,92%,88%,62,80%,78%,117 (25%),196 (41%),12% (31),4% (10),65% (167),<1% (2),1% (3),15% (38),Needs Improvement,96%,N/A,N/A,89%,0%,11%,95%,94%,N/A,93%,N/A,N/A,100%,100%,92%,N/A,72%,78%,87%,88%,73%,87%,N/A,N/A,83%,79%,84%,71%,80%,76%,79%,81%,N/A,N/A,77%,90%,83%,74%,76%,81%,83%,67%,72%,46%,70%,N/A,N/A,53%,75%,77%,87%,62%,95%,67%,46%,55%,13%,42%,N/A,N/A,59%,38%,53%,88%,91%,71%,88%,N/A,N/A,87%,88%,87%,68%,80%,47%,66%,N/A,N/A,70%,48%,70%,94%,91%,84%,N/A,96%,N/A,N/A,87%,86%,97%,86%,81%,64%,N/A,85%,N/A,N/A,87%,57%,86%,96%,96%,94%,N/A,97%,N/A,N/A,91%,100%,96%
24Q585,Maspeth High School,Excellent,Excellent,Good,www.mhs.nyc,Selin Alicanoglu Sati,"09,10,11,12",1016,Open,Local Support and Improvement,54-40 74th Street,"Queens, NY 11373",718-803-7100,19%,2%,59%,<1%,<1%,19%,7%,16%,72%,49%,51%,0%,90%,"Boys: Rugby,Tennis,Wrestling,Soccer,Basketball,Lacrosse,Volleyball,Outdoor Track,Baseball; Girls: Flag Football,Cross Country,Softball,Handball,Wrestling,Table Tennis,Lacrosse,Indoor Track,Outdoor Track,Soccer,Fencing,Badminton,Tennis,Volleyball,Basketball; Co-Ed: N/A","Bibliomaniac Club, Cheer Club, Chess Club, Crypto Club, Dance Company, DJ Club, Fitness Club, HOSA- Future Health Professionals, Green Club, Key Club, Latinx Club, Maspeth Singers, Math National Honor Society, Model United Nations, Mock Trial, National English Honor Society, National Honor Society, Philosophy Club, Smash Club, Team B. Well, Volleyball Club, Yoga Club,Gender Sexuality Alliance (GSA)","Studio Art, Theater / Play Production, String Orchestra, Mixed Choir, Ballet, Concert Band, Classroom Music, Repertory / Dance Company, Improvisation",NYC Solves,19%,N/A (fewer than 5 teachers),12%,0%,0%,65%,3.1,78%,94%,94%,95%,N/A,N/A,90%,94%,92%,100%,100%,66,92%,80%,440 (43%),360 (35%),20% (146),2% (18),55% (409),<1% (2),<1% (3),21% (158),Excellent,98%,N/A,N/A,90%,N/A,N/A,96%,97%,N/A,95%,N/A,N/A,100%,95%,97%,88%,84%,75%,93%,94%,95%,94%,N/A,N/A,91%,88%,88%,78%,89%,86%,90%,91%,N/A,N/A,90%,94%,88%,84%,86%,83%,86%,79%,77%,59%,80%,N/A,N/A,77%,88%,79%,90%,65%,96%,76%,56%,57%,36%,57%,N/A,N/A,56%,60%,57%,92%,92%,95%,93%,N/A,N/A,90%,91%,92%,84%,84%,77%,85%,N/A,N/A,82%,89%,86%,91%,87%,87%,71%,87%,N/A,N/A,87%,82%,85%,75%,67%,61%,57%,68%,N/A,N/A,70%,85%,73%,94%,89%,88%,100%,87%,N/A,N/A,96%,100%,93%
24Q600,Queens Technical High School,Fair,Good,Good,www.queenstechhs.org/,Louis Garcia,"09,10,11,12",1291,"Ed. Opt., Screened",Local Support and Improvement,37-02 47 Avenue,"Queens, NY 11101",718-937-3010,9%,3%,82%,<1%,<1%,4%,7%,19%,84%,45%,55%,0%,92%,"Boys: Bowling,Baseball,Basketball,Soccer,Volleyball,Handball; Girls: Basketball,Volleyball,Bowling,Flag Football,Softball,Soccer; Co-Ed: N/A",ARISTA Journalism (Technical Truth Newspaper) Podcast Club Gender Sexuality Alliance (GSA) SkillsUSA FIRST Robotics Graphics Club Photography Club Chess Club Gaming Club,"Studio Art, Illustration, Graphic Design, Art History",Career & Technical Education; Community School; Future Ready NYC; NYC Solves,12%,10%,16%,N/A (fewer than 5 teachers),0%,55%,2.1,82%,60%,68%,72%,88%,N/A,71%,73%,69%,62%,51%,51,80%,65%,249 (19%),416 (32%),11% (65),2% (11),81% (486),<1% (2),<1% (1),4% (22),Good,98%,N/A,N/A,95%,0%,5%,86%,90%,N/A,86%,N/A,N/A,N/A,90%,83%,78%,69%,75%,95%,92%,90%,95%,100%,N/A,97%,92%,95%,81%,89%,87%,87%,89%,100%,N/A,87%,83%,88%,77%,78%,78%,90%,87%,89%,87%,87%,100%,N/A,89%,85%,87%,91%,71%,96%,73%,51%,61%,48%,49%,62%,N/A,65%,58%,54%,93%,91%,96%,94%,88%,N/A,84%,92%,93%,83%,72%,61%,84%,88%,N/A,84%,86%,81%,90%,90%,80%,N/A,92%,N/A,N/A,88%,89%,93%,80%,75%,76%,N/A,75%,N/A,N/A,86%,89%,76%,94%,91%,88%,N/A,93%,N/A,N/A,88%,100%,100%
24Q610,Aviation Career & Technical Education High School,Excellent,Good,Good,www.aviationhs.net,Steven Jackson,"09,10,11,12,SE",1984,Screened,Local Support and Improvement,45-30 36 Street,"Queens, NY 11101",718-361-2032,30%,4%,51%,<1%,<1%,12%,4%,16%,71%,21%,78%,<1%,88%,"Boys: Outdoor Track,Soccer,Handball,Wrestling,Baseball,Bowling,Tennis,Basketball,Volleyball,Indoor Track,Cross Country; Girls: Outdoor Track,Volleyball,Basketball,Indoor Track; Co-Ed: Golf,Cricket",Gender Sexuality Alliance (GSA),"Graphic Design, Core Music, Visual Art, Drawing, Piano Keyboard, Painting, Percussion",Career & Technical Education; NYC Solves,10%,11%,32%,0%,0%,42%,8.1,86%,75%,68%,79%,83%,67%,83%,75%,75%,81%,77%,79,92%,88%,479 (24%),953 (48%),34% (386),4% (43),47% (536),<1% (8),<1% (6),12% (133),Fair,100%,0%,0%,99%,N/A,N/A,96%,99%,N/A,97%,N/A,N/A,93%,98%,96%,80%,88%,76%,91%,90%,79%,90%,100%,93%,94%,92%,89%,78%,87%,88%,76%,86%,92%,86%,92%,86%,84%,79%,86%,91%,85%,82%,84%,72%,80%,92%,85%,85%,81%,81%,95%,87%,95%,71%,51%,51%,51%,49%,46%,54%,62%,40%,51%,91%,93%,79%,90%,92%,93%,93%,89%,90%,79%,80%,65%,77%,85%,62%,84%,74%,72%,89%,85%,85%,83%,83%,86%,100%,90%,73%,80%,77%,65%,62%,67%,66%,100%,N/A,70%,73%,79%,93%,89%,92%,87%,87%,100%,N/A,92%,87%,85%
25Q240,Veritas Academy,Fair,Fair,Fair,www.veritas.nyc/about,Jason Vanderwalker,"09,10,11,12,SE",615,Open,Local Support and Improvement,35-01 Union Street,"Queens, NY 11354",718-888-7520,18%,6%,66%,<1%,<1%,5%,16%,20%,80%,51%,49%,0%,83%,"Boys: Soccer,Volleyball,Bowling,Table Tennis,Badminton,Baseball,Tennis,Handball,Basketball,Wrestling,Football,Indoor Track; Girls: Badminton,Wrestling,Basketball,Handball,Table Tennis,Softball,Indoor Track,Soccer,Volleyball; Co-Ed: N/A","Various partnerships with CommunityBased Organizations Multicultural Events Various student interest driven afterschool programs Broadway Shows Trips, Trips throughout NYC Experiential Learning Service Learning Strong Student Government Voice/Presence Overnight Community Building Trips Field Days Talent Shows Student Lead Conferences Yale and CUNY Model Congress Civic Engagement Projects with Congress Members Youth Empowerment (District Attorney Office) The Rowe Scholars Clubs: GSA, My Brothers Keeper, My Sisters Keeper, Chess, Photography, Leadership,Gender Sexuality Alliance (GSA), etc.","Drawing, Painting, Three-Dimensional Art, Computer Art / Digital Art",NYC Solves,N/A (fewer than 5 teachers),13%,15%,0%,0%,60%,4.7,95%,78%,54%,68%,N/A,N/A,61%,74%,65%,60%,47%,51,65%,70%,150 (24%),237 (39%),21% (72),5% (16),61% (206),<1% (2),<1% (2),5% (17),Excellent,88%,12%,0%,97%,N/A,N/A,91%,92%,N/A,90%,N/A,N/A,N/A,92%,89%,80%,86%,74%,92%,95%,83%,92%,N/A,N/A,81%,89%,92%,76%,82%,89%,74%,80%,N/A,N/A,72%,71%,76%,79%,87%,83%,86%,81%,89%,92%,77%,N/A,N/A,68%,79%,83%,87%,58%,96%,72%,52%,56%,32%,51%,N/A,N/A,57%,58%,53%,92%,95%,90%,91%,N/A,N/A,87%,95%,93%,77%,83%,64%,76%,N/A,N/A,67%,75%,79%,89%,83%,87%,92%,81%,N/A,N/A,79%,84%,83%,71%,70%,56%,69%,73%,N/A,N/A,77%,74%,82%,91%,88%,92%,85%,90%,N/A,N/A,85%,90%,85%
25Q241,Queens High School for Language Studies,Excellent,Excellent,Good,qhsls.org,Brian Bligh,"09,10,11,12",452,Language Criteria,Local Support and Improvement,35-01 Union Street,"Queens, NY 11354",718-888-7530,67%,2%,26%,<1%,<1%,2%,23%,6%,79%,55%,45%,0%,79%,"Boys: Badminton,Bowling,Basketball,Handball,Indoor Track,Soccer,Tennis,Table Tennis,Wrestling,Football,Volleyball,Baseball; Girls: Volleyball,Badminton,Wrestling,Table Tennis,Handball,Indoor Track,Soccer,Softball,Basketball; Co-Ed: N/A","After School Tutoring (CPC), Key Club, Student Government, Chinese Student Association, Culture Club, Feminist Flight Club, Future Lawyers Club, Women in STEM Club, Math Club, Green Team, Game Club, Chinese Novel Club, Theater/Improv Club, K-Pop Dance Club, Badminton Club, Volleyball Club, Basketball Club, Billiards Club, Artists' Club, Finance Club, Pre-Med Society, Mindfulness, Newspaper, PSAL through Flushing Campus","Illustration, Theater History, Studio Art, Theater Survey, Visual Art",Dual Language or TBE; NYC Solves; PROSE,43%,0%,N/A (fewer than 5 teachers),N/A (fewer than 5 teachers),0%,36%,2.5,89%,81%,100%,77%,N/A,N/A,50%,90%,85%,65%,45%,60,83%,85%,152 (34%),108 (24%),65% (132),2% (4),30% (61),<1% (1),0% (0),1% (3),Fair,96%,N/A,N/A,94%,N/A,N/A,89%,87%,N/A,94%,N/A,N/A,N/A,92%,86%,83%,N/A,84%,95%,95%,100%,95%,N/A,N/A,100%,98%,95%,88%,86%,84%,86%,91%,N/A,N/A,80%,89%,95%,82%,82%,77%,87%,80%,79%,86%,79%,N/A,N/A,67%,86%,90%,93%,78%,95%,76%,57%,62%,62%,42%,N/A,N/A,80%,80%,70%,97%,97%,100%,95%,N/A,N/A,100%,98%,90%,80%,80%,75%,78%,N/A,N/A,N/A,80%,80%,91%,90%,91%,N/A,87%,N/A,N/A,N/A,97%,100%,82%,79%,77%,N/A,91%,N/A,N/A,N/A,86%,90%,99%,98%,99%,N/A,94%,N/A,N/A,N/A,99%,100%
25Q252,"Queens School of Inquiry, The",Good,Good,Good,queensinquiry.com,Meredith Inbal,"06,07,08,09,10,11,SE",359,"ASD/ACES Program, Screened",Targeted Support and Improvement,158-40 76 Road,"Queens, NY 11366",718-380-6929,39%,14%,25%,<1%,0%,21%,5%,17%,61%,47%,53%,0%,79%,"Boys: Basketball,Soccer; Girls: Volleyball,Table Tennis,Tennis; Co-Ed: N/A","Community Service Clubs NHS, Student Council, Green Team, and Bin Cops, Student Interest Clubs Harry Potter, Knitting, Makers, Anime, Video Games, Journalism, Yearbook, and Mathletes,Gender Sexuality Alliance (GSA), JSA, YRJ, SEE, RJAT, Enrichment Day Activities","Drawing, Musical Theater, Piano Keyboard, Painting, Mixed Choir",DYCD: COMPASS/SONYC; NYC Solves,N/A (fewer than 5 teachers),N/A (fewer than 5 teachers),10%,0%,0%,76%,14.1,80%,42%,43%,35%,N/A,N/A,50%,55%,48%,50%,40%,70,92%,89%,141 (39%),145 (40%),40% (123),12% (36),24% (75),<1% (1),0% (0),22% (67),Fair,100%,0%,0%,98%,N/A,N/A,99%,100%,94%,N/A,N/A,N/A,100%,100%,97%,N/A,100%,78%,90%,92%,90%,90%,N/A,N/A,85%,71%,94%,66%,76%,75%,73%,76%,N/A,N/A,80%,65%,75%,78%,83%,79%,87%,83%,85%,87%,88%,N/A,N/A,69%,55%,90%,92%,72%,97%,68%,48%,52%,44%,45%,N/A,N/A,46%,41%,50%,90%,91%,91%,85%,N/A,N/A,96%,91%,88%,75%,79%,67%,73%,N/A,N/A,74%,64%,68%,90%,85%,91%,87%,81%,N/A,N/A,79%,91%,88%,83%,76%,70%,79%,80%,N/A,N/A,79%,55%,90%,93%,91%,93%,92%,88%,N/A,N/A,87%,90%,89%
25Q263,Flushing International High School,Good,Excellent,Good,www.fihsnyc.org,Kevin Hesseltine,"09,10,11,12",410,Language Criteria,Local Support and Improvement,144-80 Barclay Avenue,"Queens, NY 11355",718-463-2348,30%,<1%,67%,0%,0%,2%,87%,3%,93%,46%,54%,0%,92%,"Boys: Baseball,Soccer,Table Tennis,Badminton; Girls: Volleyball,Badminton,Handball; Co-Ed: N/A","Cooking Club, Gaming Club, Newspaper, Computer Programming","Modern Dance, Studio Art, Architecture, Movement / Dance, Acting, Theater Survey, Theater / Play Production, Guitar, Photography, Folk / Traditional Cutural Dance",21st Century Community Learning Center; Career Readiness and Modern Youth Apprenticeship; Community School; Consortium; NYC Solves; New Arrivals; PROSE,32%,N/A (fewer than 5 teachers),16%,N/A (fewer than 5 teachers),0%,45%,4.8,87%,90%,N/A,86%,N/A,N/A,83%,87%,100%,79%,72%,50,81%,54%,,186 (45%),37% (68),1% (2),60% (111),0% (0),0% (0),2% (4),N/A,100%,0%,0%,47%,0%,53%,69%,74%,N/A,66%,N/A,N/A,N/A,77%,63%,68%,N/A,84%,94%,97%,N/A,92%,N/A,N/A,100%,93%,100%,83%,92%,93%,N/A,91%,N/A,N/A,100%,92%,83%,94%,93%,96%,92%,88%,89%,N/A,88%,N/A,N/A,88%,87%,100%,86%,52%,97%,82%,70%,79%,N/A,65%,N/A,N/A,71%,70%,83%,96%,98%,N/A,95%,N/A,N/A,100%,96%,100%,85%,86%,N/A,84%,N/A,N/A,57%,86%,100%,96%,94%,96%,N/A,92%,N/A,N/A,100%,93%,N/A,81%,77%,70%,N/A,78%,N/A,N/A,100%,79%,80%,98%,95%,98%,N/A,93%,N/A,N/A,100%,95%,N/A
25Q281,East-West School of International Studies,Excellent,Good,Good,www.ewsis.org,Anthony Cromer,"06,07,08,09,10,11,12,SE",393,"ASD/ACES Program, Ed. Opt.",Local Support and Improvement,46-21 Colden Street,"Queens, NY 11355",718-353-0009,67%,4%,24%,<1%,<1%,3%,15%,18%,78%,43%,57%,0%,75%,"Boys: Volleyball,Basketball; Girls: Badminton,Volleyball; Co-Ed: N/A","Broadcast Club, Cooking Club, Chinese Culture Club, Japanese Culture Club, K-Pop Club, Mock Trial Team, National Honor Society, Video Games Club, Key Club, Sustainability Team, Newspaper Club, AMC Math Competition, Strength Training/Weight Room","Concert Band, Mixed Choir, Architecture, Music Theory / Musicianship, Core Music",DYCD: COMPASS/SONYC; NYC Solves,26%,N/A (fewer than 5 teachers),N/A (fewer than 5 teachers),0%,0%,64%,7.5,79%,60%,47%,58%,N/A,N/A,82%,79%,67%,63%,51%,70,89%,87%,144 (37%),133 (34%),74% (159),3% (7),18% (39),0% (0),1% (3),3% (7),Fair,69%,31%,0%,99%,N/A,N/A,94%,96%,N/A,96%,N/A,N/A,N/A,98%,92%,91%,83%,79%,92%,93%,88%,88%,N/A,N/A,100%,87%,89%,71%,83%,84%,69%,80%,N/A,N/A,100%,86%,80%,75%,86%,74%,86%,82%,82%,77%,85%,N/A,N/A,100%,98%,89%,93%,81%,96%,70%,50%,50%,42%,49%,N/A,N/A,82%,68%,55%,92%,92%,95%,91%,N/A,N/A,100%,98%,96%,74%,76%,58%,72%,N/A,N/A,91%,86%,79%,92%,89%,89%,93%,92%,N/A,N/A,80%,100%,93%,78%,71%,68%,93%,84%,N/A,N/A,80%,83%,90%,96%,96%,96%,100%,94%,N/A,N/A,90%,100%,97%
25Q285,World Journalism Preparatory: A College Board School,Excellent,Good,Good,www.wjps.org,Christopher Yarmy,"06,07,08,09,10,11,12,SE",358,Ed. Opt.,Local Support and Improvement,34-65 192 Street,"Queens, NY 11358",718-461-2219,14%,6%,44%,0%,0%,34%,4%,22%,51%,52%,48%,0%,60%,"Boys: Handball,Tennis,Volleyball,Baseball,Soccer,Badminton,Fencing,Outdoor Track,Cross Country,Wrestling,Indoor Track,Bowling,Swimming,Basketball; Girls: Badminton,Soccer,Basketball,Swimming,Indoor Track,Table Tennis,Wrestling,Softball,Cross Country,Tennis,Fencing,Volleyball,Flag Football,Bowling,Golf,Outdoor Track,Handball; Co-Ed: Cricket",Gender Sexuality Alliance (GSA),"Studio Art, Mixed Media",NYC Solves,N/A (fewer than 5 teachers),N/A (fewer than 5 teachers),13%,0%,0%,70%,0.5,93%,43%,33%,39%,N/A,N/A,51%,17%,36%,56%,50%,66,84%,87%,169 (47%),116 (32%),15% (35),4% (9),43% (100),0% (0),0% (0),35% (82),Needs Improvement,97%,N/A,N/A,99%,N/A,N/A,97%,100%,N/A,97%,N/A,N/A,96%,96%,98%,N/A,91%,73%,85%,89%,62%,77%,N/A,N/A,89%,60%,79%,64%,77%,77%,43%,70%,N/A,N/A,83%,67%,72%,79%,79%,85%,77%,60%,50%,43%,58%,N/A,N/A,69%,N/A,77%,89%,60%,96%,62%,40%,37%,25%,36%,N/A,N/A,47%,29%,44%,85%,91%,88%,82%,N/A,N/A,84%,71%,82%,66%,70%,29%,58%,N/A,N/A,73%,57%,70%,90%,81%,86%,N/A,74%,N/A,N/A,82%,N/A,80%,84%,75%,69%,N/A,74%,N/A,N/A,76%,N/A,80%,91%,86%,91%,N/A,79%,N/A,N/A,89%,N/A,83%
25Q425,John Bowne High School,Fair,Good,Good,www.johnbowne.org/,Laura Izzo Iannelli,"09,10,11,12,SE",2719,"Ed. Opt., Screened, Zoned Guarantee",Local Support and Improvement,63-25 Main Street,"Queens, NY 11367",718-263-1919,25%,13%,52%,1%,<1%,4%,21%,17%,82%,49%,51%,0%,89%,"Boys: Table Tennis,Tennis,Bowling,Baseball,Cross Country,Basketball,Wrestling,Soccer,Outdoor Track,Volleyball,Indoor Track,Handball; Girls: Badminton,Cross Country,Volleyball,Table Tennis,Tennis,Soccer,Outdoor Track,Handball,Basketball,Softball,Indoor Track; Co-Ed: Golf,Cricket,Stunt",Gender Sexuality Alliance (GSA),"Piano Keyboard, Drawing, Computer Art / Digital Art, Percussion, Mixed Media, Studio Art, Fashion and Textile Design, Core Music, Painting, Guitar, and more",Career & Technical Education; Community School; CS for All; Dual Language or TBE; Future Ready NYC; NYC Solves,20%,8%,19%,N/A (fewer than 5 teachers),0%,47%,6.3,84%,63%,70%,70%,56%,N/A,68%,80%,65%,92%,89%,50,77%,57%,717 (26%),909 (33%),30% (444),12% (172),46% (687),1% (17),<1% (9),5% (67),Fair,96%,4%,0%,95%,N/A,N/A,81%,90%,82%,76%,N/A,N/A,80%,86%,77%,72%,71%,76%,91%,89%,85%,93%,79%,N/A,94%,87%,90%,73%,81%,80%,86%,82%,84%,N/A,80%,80%,84%,84%,85%,91%,85%,79%,82%,82%,76%,90%,N/A,85%,83%,77%,83%,58%,95%,71%,50%,56%,45%,48%,40%,N/A,50%,62%,55%,92%,93%,91%,91%,95%,N/A,92%,87%,94%,74%,72%,78%,76%,60%,N/A,87%,79%,78%,93%,91%,91%,97%,91%,N/A,N/A,100%,93%,94%,80%,79%,70%,88%,83%,100%,N/A,88%,87%,86%,94%,91%,93%,94%,91%,N/A,N/A,94%,88%,90%
25Q460,Flushing High School,Fair,Fair,Fair,www.flushinghighschool.org,Jassica Lee,"09,10,11,12,SE",1585,"Ed. Opt., Zoned Priority",Local Support and Improvement,35-01 Union Street,"Queens, NY 11354",718-888-7500,15%,8%,68%,<1%,<1%,3%,29%,17%,88%,44%,56%,0%,84%,"Boys: Table Tennis,Bowling,Indoor Track,Soccer,Handball,Volleyball,Basketball,Badminton,Tennis,Baseball,Wrestling,Football; Girls: Table Tennis,Wrestling,Handball,Indoor Track,Softball,Volleyball,Badminton,Soccer,Basketball; Co-Ed: N/A","Clubs: 3D Printing Club, Anime Club, DIY Project Club,Gender Sexuality Alliance (GSA), Guitar Club, Horror Fanatic Club, Key Club, Law Team, Math Club, Multicultural Club, MSA (Muslim Student Association), MSK (My Sister's Keeper), MBK (My Brother's Keeper), Piano Club, Spanish-Speaking Club, and more!","Piano Keyboard, Painting, Guitar, Graphic Design, Music History, Studio Art, Mixed Choir, Art History, Computer Art / Digital Art, Visual Art, and more",Career & Technical Education; Community School; Dual Language or TBE; DYCD: COMPASS/SONYC; NYC Solves,14%,14%,30%,0%,0%,40%,0.9,76%,57%,56%,66%,50%,N/A,50%,76%,58%,75%,61%,44,64%,60%,486 (31%),541 (34%),19% (159),7% (61),63% (522),<1% (7),<1% (4),4% (30),Excellent,94%,6%,0%,93%,0%,7%,85%,97%,85%,81%,N/A,N/A,N/A,89%,81%,69%,67%,72%,92%,93%,92%,92%,71%,N/A,77%,87%,92%,72%,80%,72%,82%,83%,62%,80%,74%,83%,80%,68%,73%,61%,81%,75%,76%,68%,76%,62%,40%,81%,81%,77%,81%,47%,95%,69%,45%,52%,51%,44%,38%,60%,33%,51%,44%,93%,94%,88%,93%,88%,80%,94%,93%,91%,72%,72%,66%,74%,50%,60%,55%,76%,66%,87%,88%,90%,93%,86%,N/A,N/A,100%,89%,91%,74%,70%,60%,82%,73%,N/A,N/A,55%,67%,79%,92%,89%,90%,93%,89%,N/A,N/A,91%,90%,89%
25Q525,Townsend Harris High School,Excellent,Excellent,Good,www.thhs.qc.edu/,Ellen Fee,"09,10,11,12,SE",1335,Screened With Assessment,Local Support and Improvement,149-11 Melbourne Avenue,"Queens, NY 11367",718-575-5580,57%,6%,15%,1%,1%,16%,<1%,15%,48%,59%,41%,<1%,98%,"Boys: Volleyball,Outdoor Track,Cross Country,Bowling,Badminton,Wrestling,Handball,Basketball,Fencing,Tennis,Baseball,Soccer,Indoor Track; Girls: Fencing,Outdoor Track,Softball,Indoor Track,Volleyball,Swimming,Tennis,Handball,Bowling,Flag Football,Table Tennis,Badminton,Soccer,Basketball,Cross Country; Co-Ed: N/A","No Buddy Left Behind, Student Union, Senate, Freshman Grade Leaders, Sophomore Grade Leaders, Junior Grade Leaders, Senior Council, Amnesty International, Art Club,Gender Sexuality Alliance (GSA), Get Your Life Together (GYLT), Habitat for Humanity, Jewish Club, Junior State of America (JSA), Mock Trial/Moot Court Team, ModIT, Neuroscience Club, SING, Festival of Nations, Tech Crew, Trivia and Knowledge Club, UNICEF, Zumba Club, Black Excellence Club, Chess Club, The Classic, The Creative Writer's Association, Glamour Gals and Gallants, Latin Dance Club, Math Team, Mock Trial/Moot Court, Muslim Student Association, Philosophy, Red Cross Club, Robotics (Steel Hawks), Young America's Foundation (YAF), Save Planet Earth (SPE), Big Sib, Little Sib, Drama Club, The Geo Dudes, Hawkappella, Model United Nations, rhyTHm KPop Dance, Science Olympiad, Student Wellness Team, THHS Film Society, Yoga in Action!, American Sign Language, (E)STE(E)M, Expression, Fiber Arts Club, Girl Up, Health Professionals Society, Entrepreneurs, Latin League, Key Club, Life After Loss, Period Poverty Awareness, The Phoenix, Table Tennis Club, Anime Club, Book Club, Seekers, Uplift, Arts for Generations, Chinese Immersion Club, Makeup Club, La Herencia Hispana, Caribbean Club, School play, Archon Honor Society, Arista Honor Society, NYS Science Honor Society, Equity & Access Student Team","Studio Art, Graphic Design, Woodwind Ensemble, Symphonic Orchestra, Mixed Choir, Photography, Classroom Music, String Orchestra, Piano Keyboard, Jazz Ensemble, and more",Career & Technical Education; NYC Solves,11%,7%,19%,N/A (fewer than 5 teachers),0%,61%,7.4,89%,76%,85%,71%,N/A,80%,78%,N/A,78%,97%,81%,95,99%,89%,1007 (75%),609 (46%),58% (708),6% (74),15% (184),1% (15),1% (14),15% (185),Fair,98%,N/A,N/A,97%,N/A,N/A,100%,100%,100%,100%,N/A,N/A,100%,100%,100%,N/A,98%,85%,95%,96%,91%,94%,N/A,100%,94%,N/A,99%,88%,96%,97%,100%,95%,N/A,100%,88%,N/A,93%,88%,86%,92%,90%,84%,84%,85%,81%,N/A,100%,84%,N/A,87%,95%,86%,95%,77%,60%,61%,52%,59%,N/A,33%,64%,N/A,67%,97%,97%,96%,97%,N/A,100%,96%,N/A,96%,88%,88%,89%,87%,N/A,100%,83%,N/A,93%,93%,84%,86%,65%,85%,N/A,N/A,80%,N/A,88%,84%,70%,65%,82%,70%,N/A,N/A,78%,N/A,84%,94%,92%,94%,88%,87%,N/A,N/A,90%,N/A,98%
25Q670,Robert F. Kennedy Community High School,Good,Good,Good,rfkchs.com,Ignazio Accardi,"09,10,11,12,SE",568,Ed. Opt.,Local Support and Improvement,75-40 Parsons Boulevard,"Queens, NY 11366",718-969-5510,27%,17%,41%,<1%,<1%,11%,10%,18%,75%,48%,52%,0%,82%,"Boys: Wrestling,Soccer,Basketball,Cross Country,Bowling,Baseball,Fencing; Girls: Cross Country,Tennis,Volleyball,Basketball,Soccer,Softball; Co-Ed: Golf","College Trips for all grade levels, Broadway Trips (TDF, Wendy Project), Blood Drives, Pi Day Celebration, Multicultural Night, Alley Pond Ropes Team Building Ropes Course, Winter Showcase / RFK Unplugged Talent Show, Dances,Gender Sexuality Alliance (GSA), Community Service Opportunities (walks, food/clothing drives).","Studio Art, Drawing, Music History, Digital Photography",NYC Solves,N/A (fewer than 5 teachers),N/A (fewer than 5 teachers),N/A (fewer than 5 teachers),0%,0%,77%,1.1,92%,75%,71%,81%,N/A,N/A,60%,88%,78%,43%,40%,56,71%,79%,159 (28%),118 (21%),36% (81),14% (32),37% (82),<1% (1),1% (3),10% (23),Fair,98%,N/A,N/A,98%,N/A,N/A,84%,92%,N/A,84%,N/A,N/A,67%,85%,82%,75%,53%,78%,93%,97%,86%,94%,N/A,N/A,89%,87%,91%,76%,88%,88%,87%,90%,N/A,N/A,87%,94%,90%,76%,90%,83%,85%,81%,90%,66%,81%,N/A,N/A,81%,82%,80%,88%,64%,96%,74%,56%,61%,42%,60%,N/A,N/A,52%,50%,58%,92%,98%,84%,93%,N/A,N/A,91%,82%,94%,77%,81%,67%,81%,N/A,N/A,75%,82%,76%,89%,85%,81%,75%,92%,N/A,N/A,82%,100%,89%,82%,75%,74%,70%,74%,N/A,N/A,82%,83%,95%,93%,89%,85%,79%,92%,N/A,N/A,100%,100%,95%
26Q315,Business Technology Early College High School,Excellent,Excellent,Good,www.btechnyc.org,Patrice Henry,"09,10,11,12,SE",527,Ed. Opt.,Local Support and Improvement,230-17 Hillside Avenue,"Queens, NY 11427",718-217-3613,22%,44%,25%,3%,<1%,3%,2%,17%,62%,37%,63%,0%,86%,"Boys: Baseball,Volleyball,Basketball,Soccer,Outdoor Track,Indoor Track; Girls: Basketball,Outdoor Track,Softball,Indoor Track,Volleyball,Soccer; Co-Ed: Cricket","Gender Sexuality Alliance (GSA), Freshman Day and CUNY Explorers Recruitment Team Saturday Regents Prep Screamfest at BTECH Senior Activities (Senior Spirit Week)Six Flags, Day Trips, Prom, Senior Brunch etc.) Six Flags Trip Talent Show Urban Air Trip Video Game & Gaming Club Volleyball Club Weight Room Yearbook *Student clubs are available and may change each year depending upon student interest. **Students may initiate clubs so long as they find a minimum of (5) students who want to participate and a staff member to supervise.",Classroom Music,Career & Technical Education; NYC Solves; Respect for All,N/A (fewer than 5 teachers),22%,22%,0%,0%,34%,7.5,75%,77%,67%,84%,71%,N/A,92%,91%,59%,91%,80%,52,76%,85%,80 (15%),288 (55%),24% (88),42% (154),24% (88),4% (13),1% (4),3% (11),Fair,96%,N/A,N/A,97%,N/A,N/A,97%,96%,96%,100%,N/A,N/A,N/A,100%,96%,N/A,95%,81%,96%,96%,94%,97%,100%,N/A,100%,91%,90%,81%,87%,85%,86%,90%,94%,N/A,92%,100%,84%,89%,94%,91%,91%,90%,87%,92%,88%,100%,N/A,92%,100%,93%,89%,60%,96%,78%,60%,54%,59%,62%,76%,N/A,62%,64%,63%,95%,95%,94%,97%,94%,N/A,92%,100%,89%,83%,80%,84%,83%,94%,N/A,77%,90%,85%,90%,86%,89%,87%,84%,100%,N/A,75%,N/A,81%,84%,77%,73%,78%,81%,67%,N/A,57%,N/A,87%,94%,90%,95%,93%,77%,100%,N/A,100%,N/A,95%
26Q415,Benjamin N. Cardozo High School,Good,Good,Fair,www.cardozohigh.com,Meagan Colby,"09,10,11,12,SE",2988,"Audition, D75 Special Education Inclusive Services, Ed. Opt., Screened, Zoned Guarantee",Local Support and Improvement,57-00 223rd Street,"Bayside, NY 11364",718-279-6500,43%,20%,25%,1%,<1%,8%,6%,15%,60%,52%,48%,<1%,85%,"Boys: Baseball,Soccer,Cross Country,Fencing,Lacrosse,Indoor Track,Outdoor Track,Wrestling,Table Tennis,Bowling,Handball,Basketball,Tennis,Volleyball,Football; Girls: Handball,Soccer,Volleyball,Fencing,Lacrosse,Gymnastics,Tennis,Golf,Swimming,Cross Country,Outdoor Track,Indoor Track,Wrestling,Basketball,Softball,Table Tennis; Co-Ed: Stunt,Golf","Naval Junior Officers Training (NJROTC), Computer Science Program, Gateway Institute for PreCollege Education, In school CBOCommon Ground","Visual Art, Concert Band, Guitar, Choreography / Dance Composition, Advertising Art, String Orchestra, Graphic Design, Kinesiology / Anatomy for Dance, Dance Technical Production, Chamber Music, and more",NYC Solves; Project Pivot,18%,6%,13%,N/A (fewer than 5 teachers),0%,60%,8.1,93%,39%,56%,49%,53%,40%,44%,62%,48%,71%,56%,63,77%,79%,1171 (39%),1635 (55%),48% (1075),18% (401),22% (491),1% (26),<1% (11),7% (166),Excellent,97%,N/A,N/A,96%,0%,4%,92%,95%,92%,90%,N/A,N/A,92%,95%,90%,87%,83%,76%,86%,85%,82%,84%,85%,70%,94%,96%,89%,65%,69%,64%,81%,76%,84%,40%,71%,78%,75%,83%,90%,93%,83%,75%,74%,71%,75%,82%,55%,78%,80%,78%,88%,64%,96%,66%,42%,43%,42%,38%,36%,9%,51%,53%,53%,88%,89%,86%,90%,87%,73%,88%,92%,90%,73%,73%,77%,68%,78%,45%,73%,85%,71%,89%,79%,84%,75%,73%,60%,N/A,72%,93%,73%,74%,63%,61%,69%,67%,67%,N/A,54%,69%,75%,88%,85%,88%,84%,77%,100%,N/A,82%,93%,84%
26Q430,Francis Lewis High School,Good,Good,Fair,francislewishs.org,David Marmor,"09,10,11,12,SE",4427,"ASD/ACES Program, D75 Special Education Inclusive Services, Ed. Opt., Screened, Zoned Guarantee",Local Support and Improvement,58-20 Utopia Parkway,"Queens, NY 11365",718-281-8200,62%,4%,21%,<1%,<1%,12%,14%,12%,63%,49%,51%,<1%,91%,"Boys: Swimming,Outdoor Track,Wrestling,Indoor Track,Baseball,Fencing,Soccer,Volleyball,Badminton,Bowling,Cross Country,Basketball,Handball,Tennis; Girls: Soccer,Tennis,Handball,Swimming,Bowling,Basketball,Flag Football,Volleyball,Softball,Table Tennis,Cross Country,Wrestling,Badminton,Fencing,Golf,Indoor Track,Outdoor Track; Co-Ed: Cricket",N/A,"Visual Art, Computer Art / Digital Art, Fashion and Textile Design, Piano Keyboard, Music History, Concert Band, Dance, Musical Theater, Guitar, Art History, and more",Career & Technical Education; Dual Language or TBE; NYC Solves,24%,7%,12%,N/A (fewer than 5 teachers),0%,53%,11,93%,42%,39%,48%,67%,75%,47%,74%,49%,63%,51%,70,78%,80%,1519 (34%),2291 (52%),70% (1908),3% (76),14% (374),<1% (11),<1% (8),12% (321),Fair,95%,N/A,N/A,93%,N/A,N/A,92%,94%,83%,83%,N/A,N/A,98%,93%,90%,74%,83%,80%,92%,93%,86%,88%,92%,100%,93%,91%,93%,75%,81%,80%,79%,82%,83%,89%,83%,81%,85%,81%,91%,86%,84%,76%,76%,77%,73%,75%,89%,76%,84%,84%,92%,78%,95%,69%,48%,51%,34%,44%,58%,38%,45%,69%,47%,93%,95%,88%,92%,100%,100%,86%,95%,90%,80%,81%,69%,77%,92%,100%,80%,78%,78%,89%,76%,77%,86%,73%,N/A,N/A,67%,79%,81%,67%,59%,56%,71%,71%,N/A,N/A,67%,79%,80%,91%,87%,88%,100%,80%,N/A,N/A,79%,100%,91%
26Q435,Martin Van Buren High School,Good,Good,Good,www.thenewmvb.com,Deborah Nettleford,"09,10,11,12,SE",1129,"Ed. Opt., Open, Screened, Zoned Priority",Local Support and Improvement,230-17 Hillside Avenue,"Queens, NY 11427",718-776-4728,31%,36%,22%,5%,<1%,3%,14%,16%,70%,47%,53%,0%,82%,"Boys: Baseball,Outdoor Track,Basketball,Indoor Track,Volleyball,Soccer; Girls: Softball,Indoor Track,Outdoor Track,Basketball,Soccer,Volleyball; Co-Ed: Cricket",N/A,"Art History, Piano Keyboard, Core Music, Cartooning, Music Technology, Studio Art, Visual Art",Community School; DYCD: COMPASS/SONYC; NYC Solves,18%,14%,13%,0%,0%,53%,2.9,90%,44%,36%,44%,36%,N/A,35%,69%,33%,82%,84%,45,62%,64%,268 (24%),605 (54%),33% (245),35% (258),22% (161),5% (36),1% (9),3% (23),Fair,93%,7%,0%,97%,N/A,N/A,85%,86%,86%,77%,N/A,N/A,N/A,91%,79%,63%,83%,71%,86%,86%,89%,86%,82%,80%,79%,80%,84%,64%,66%,61%,75%,68%,62%,40%,41%,71%,64%,71%,82%,77%,83%,75%,77%,75%,69%,85%,100%,77%,75%,76%,90%,71%,96%,64%,37%,45%,36%,33%,33%,40%,29%,53%,53%,87%,89%,85%,90%,82%,100%,79%,87%,83%,64%,61%,69%,61%,66%,40%,58%,71%,64%,92%,87%,88%,88%,87%,80%,N/A,N/A,75%,88%,82%,78%,67%,88%,71%,80%,N/A,N/A,69%,82%,95%,91%,91%,95%,87%,80%,N/A,N/A,77%,94%
26Q495,Bayside High School,Excellent,Good,Good,www.baysidehighschool.org,Tracy Martinez,"09,10,11,12,SE",3005,"Audition, D75 Special Education Inclusive Services, Ed. Opt., Screened With Assessment, Zoned Guarantee",Local Support and Improvement,32-24 Corporal Kennedy Street,"Queens, NY 11361",718-229-7600,44%,10%,31%,<1%,<1%,12%,7%,14%,63%,49%,51%,<1%,85%,"Boys: Swimming,Bowling,Football,Indoor Track,Basketball,Tennis,Volleyball,Baseball,Handball,Outdoor Track,Cross Country,Soccer; Girls: Bowling,Outdoor Track,Soccer,Softball,Lacrosse,Basketball,Indoor Track,Volleyball,Cross Country,Tennis,Swimming,Handball,Golf,Flag Football; Co-Ed: Golf","American Red Cross, Animation, Anime, Art, Archon, Arista, Astronomy, Badminton / Ping Pong, Basketball, Baysider (Newspaper), Beauty / Make-up Club, BHS Notes, Book, Bowling, Bridge to Medicine, Cheerleading, Chemistry, Chess, Chinese, Chinese Yo-Yo, Coding, Desi, Drama, Debate, EBONY, E-Sports, Environmental, Filipino, Film, Gaming, Green, Habitat for Humanity, Handball, Hellenic (Greek), Hispanic, International Fashion, Investment, Japanese, Jazz Band, Jewish Student Union, Junior Council, K-Pop, Key, Knitting, Korean, Korean Drumming, Muslim Student Association, Origami Social, Outdoors, Physics, R.A.F.A., Robotics, Seekers Christian, Senior Council, Sikh Student Association, Smiles for Miles, S.O.U.L., Student Organization Council, Tae Kwon Do, Triangle (Yearbook), Underclassmen Council, Woman??s Empowerment","Core Music, Computer Art / Digital Art, Music Technology, Drawing, Music Enterprise, Management, and Careers, Visual Art, Studio Art, Portfolio Development, Classroom Music",Career & Technical Education; NYC Solves,20%,7%,9%,0%,0%,62%,2.9,88%,43%,44%,55%,82%,38%,49%,71%,44%,87%,82%,76,99%,82%,1262 (42%),1414 (47%),47% (1221),10% (261),28% (732),<1% (23),<1% (12),12% (307),Good,70%,N/A,N/A,98%,0%,2%,98%,99%,96%,97%,N/A,N/A,97%,99%,97%,94%,97%,76%,91%,92%,88%,89%,91%,88%,92%,89%,90%,68%,71%,67%,79%,76%,80%,29%,70%,77%,71%,72%,64%,84%,80%,69%,70%,69%,69%,64%,75%,71%,77%,75%,93%,81%,96%,66%,43%,44%,41%,42%,50%,38%,48%,52%,46%,90%,91%,87%,90%,91%,88%,91%,90%,90%,72%,71%,70%,74%,73%,50%,77%,70%,73%,92%,85%,85%,88%,86%,N/A,N/A,77%,90%,85%,76%,67%,61%,85%,76%,N/A,N/A,67%,36%,84%,92%,89%,91%,91%,85%,N/A,N/A,82%,90%,85%
26Q566,"Queens High School of Teaching, Liberal Arts and the Sciences",Good,Fair,,www.queenshsofteaching.org/,Camille Gardner,"09,10,11,12,SE",828,"ASD/ACES Program, D75 Special Education Inclusive Services, Ed. Opt.",Local Support and Improvement,74-20 Commonwealth Blvd,"Queens, NY 11426",718-736-7100,21%,46%,22%,3%,<1%,6%,5%,21%,58%,55%,45%,0%,75%,"Boys: Soccer,Outdoor Track,Swimming,Cross Country,Indoor Track,Baseball,Bowling,Basketball,Fencing; Girls: Swimming,Fencing,Flag Football,Cross Country,Basketball,Golf,Outdoor Track,Softball,Volleyball,Indoor Track,Lacrosse,Soccer; Co-Ed: Cricket,Golf","Cooking Club, Coding Club, Voices on Stage, Fashion Show Organization, South Asian Student Association (SASA), Wildlife Conservation Club, Student Government,Gender Sexuality Alliance (GSA), Art Club, My Brother's Keeper (MBK), My Sister's Keeper (MSK), STEM Club, Music Club, Book Club, Muslim Student Association, School Newspaper, Sport Management Club, Tiger Shop, Athletic and Personal Training Club.","Music Technology, Art History",NYC Solves,14%,14%,14%,0%,0%,52%,2.8,87%,55%,54%,57%,52%,57%,54%,89%,56%,62%,69%,42,64%,83%,322 (39%),491 (59%),21% (133),47% (304),22% (140),3% (22),<1% (5),5% (31),Fair,98%,N/A,N/A,99%,N/A,N/A,94%,91%,96%,92%,N/A,N/A,N/A,95%,94%,N/A,94%,68%,90%,85%,92%,91%,90%,100%,91%,88%,92%,67%,81%,70%,87%,82%,85%,100%,76%,75%,75%,71%,69%,73%,80%,70%,70%,72%,70%,65%,100%,65%,75%,75%,88%,54%,96%,64%,44%,48%,41%,46%,29%,33%,51%,50%,67%,90%,91%,89%,95%,90%,100%,78%,100%,93%,69%,65%,67%,76%,81%,86%,62%,69%,75%,N/A,83%,88%,81%,83%,N/A,N/A,82%,N/A,89%,N/A,75%,79%,69%,83%,N/A,N/A,76%,N/A,80%,N/A,88%,88%,86%,95%,N/A,N/A,76%,N/A,89%
27Q260,Frederick Douglass Academy VI High School,Fair,Good,Good,www.fdavi.org/,Tenesha Worley,"09,10,11,12,SE",283,"Ed. Opt., Open",Local Support and Improvement,8-21 Bay 25 Street,"Queens, NY 11691",718-471-2154,<1%,46%,47%,<1%,0%,2%,31%,25%,92%,46%,54%,0%,84%,"Boys: Basketball,Swimming,Volleyball,Soccer,Indoor Track,Table Tennis,Baseball,Football,Outdoor Track; Girls: Indoor Track,Swimming,Soccer,Basketball,Volleyball,Softball,Flag Football,Outdoor Track; Co-Ed: N/A","Clubs: Music Band ,Art, Hair Fairies, LGBTQ, Art club, Cooking Club, Dance","Concert Band, Jazz Ensemble",21st Century Community Learning Center; Community School; NYC Solves; Pathways Advising; Project Pivot,0%,23%,N/A (fewer than 5 teachers),0%,0%,65%,3,96%,N/A,62%,72%,N/A,N/A,N/A,79%,64%,96%,78%,23,46%,29%,55 (19%),70 (25%),0% (0),50% (52),44% (46),2% (2),0% (0),3% (3),Excellent,100%,0%,0%,97%,N/A,N/A,74%,N/A,80%,68%,N/A,N/A,N/A,80%,67%,65%,57%,80%,89%,N/A,88%,88%,N/A,N/A,N/A,84%,89%,64%,76%,N/A,81%,71%,N/A,N/A,N/A,70%,67%,83%,88%,100%,86%,80%,N/A,79%,79%,N/A,N/A,N/A,79%,73%,83%,55%,97%,75%,54%,N/A,45%,65%,N/A,N/A,N/A,53%,51%,87%,N/A,83%,89%,N/A,N/A,N/A,89%,84%,70%,N/A,65%,73%,N/A,N/A,N/A,71%,63%,95%,90%,N/A,91%,89%,N/A,N/A,N/A,96%,82%,68%,66%,N/A,57%,74%,N/A,N/A,N/A,78%,69%,94%,91%,N/A,87%,93%,N/A,N/A,N/A,100%,89%
27Q262,Channel View School for Research,Good,Fair,Fair,www.cvsr.info,Denise Harper Richards,"06,07,08,09,10,11,12,SE",842,"ASD/ACES Program, D75 Special Education Inclusive Services, Ed. Opt.",Local Support and Improvement,100-00 Beach Channel Drive,"Queens, NY 11694",718-634-1970,5%,41%,44%,1%,<1%,7%,5%,13%,75%,45%,55%,0%,79%,"Boys: Soccer,Volleyball,Basketball,Baseball,Badminton,Tennis,Football; Girls: Volleyball,Softball,Lacrosse,Badminton,Soccer,Tennis,Cross Country,Basketball; Co-Ed: N/A",",Gender Sexuality Alliance (GSA)","Graphic Design, Concert Band, Mixed Choir, Studio Art, Dance, Drawing, Core Music, Three-Dimensional Art, Dance Technical Production, Portfolio Development, and more",CS for All; DYCD: COMPASS/SONYC; Future Ready NYC; NYC Solves; Project Pivot,6%,21%,8%,0%,0%,61%,9.9,79%,59%,39%,48%,65%,N/A,46%,73%,57%,92%,89%,59,81%,58%,447 (53%),475 (56%),5% (36),40% (269),43% (292),2% (12),<1% (4),8% (51),Excellent,93%,N/A,N/A,98%,N/A,N/A,98%,N/A,100%,96%,N/A,N/A,100%,97%,99%,N/A,95%,76%,85%,90%,86%,83%,94%,N/A,91%,75%,90%,59%,73%,57%,75%,74%,58%,N/A,68%,75%,82%,78%,82%,80%,84%,71%,70%,74%,68%,75%,N/A,69%,71%,75%,87%,51%,95%,65%,40%,41%,40%,39%,52%,N/A,39%,44%,53%,84%,88%,83%,83%,86%,N/A,89%,75%,89%,67%,62%,64%,72%,57%,N/A,64%,59%,76%,90%,79%,100%,77%,77%,N/A,N/A,79%,N/A,91%,81%,75%,70%,80%,73%,N/A,N/A,65%,N/A,90%,87%,82%,100%,83%,80%,N/A,N/A,84%,N/A,97%
27Q302,"Queens High School for Information, Research, and Technology",Excellent,Excellent,Good,www.qirtnyc.org/,Mahendra Singh,"09,10,11,12,SE",500,Ed. Opt.,Local Support and Improvement,8-21 Bay 25 Street,"Queens, NY 11691",718-868-2978,2%,34%,60%,1%,<1%,2%,11%,21%,87%,41%,59%,0%,90%,"Boys: Soccer,Swimming,Indoor Track,Volleyball,Football,Table Tennis,Basketball,Baseball,Outdoor Track; Girls: Volleyball,Swimming,Indoor Track,Softball,Soccer,Basketball,Flag Football,Outdoor Track; Co-Ed: N/A","Art Club, Music Club, Work Based Learning Programs, Robotics, Anime Club, Intramural Sports (Basketball, Volleyball), Weight Room, Student Council, Cooking Club, Web design and videography,Gender Sexuality Alliance (GSA)","Studio Art, Music Technology",Career & Technical Education; Community School; Dual Language or TBE; Future Ready NYC; NYC Solves; Project Pivot,N/A (fewer than 5 teachers),21%,18%,N/A (fewer than 5 teachers),N/A (fewer than 5 teachers),59%,4.8,79%,78%,68%,71%,N/A,N/A,83%,81%,67%,83%,83%,49,65%,84%,189 (38%),162 (32%),2% (5),33% (90),63% (172),<1% (2),1% (3),<1% (2),Excellent,98%,N/A,N/A,98%,N/A,N/A,85%,N/A,92%,81%,N/A,N/A,N/A,89%,83%,47%,85%,85%,96%,89%,96%,96%,N/A,N/A,100%,100%,97%,77%,87%,100%,83%,87%,N/A,N/A,100%,95%,87%,89%,89%,92%,91%,88%,78%,89%,88%,N/A,N/A,100%,91%,90%,85%,71%,95%,81%,62%,78%,63%,62%,N/A,N/A,50%,63%,67%,95%,100%,93%,96%,N/A,N/A,100%,95%,96%,87%,67%,83%,90%,N/A,N/A,100%,91%,80%,94%,90%,N/A,87%,90%,N/A,N/A,N/A,86%,91%,82%,80%,N/A,84%,77%,N/A,N/A,N/A,80%,91%,97%,95%,N/A,96%,94%,N/A,N/A,N/A,83%,96%
27Q308,Robert H. Goddard High School of Communication Arts and Technology,Excellent,Excellent,Excellent,www.GoddardHS308.org,Joseph Birgeles,"09,10,11,12,SE",611,Ed. Opt.,Local Support and Improvement,138-30 Lafayette Street,"Queens, NY 11417",718-848-8357,22%,8%,53%,4%,<1%,10%,5%,17%,68%,46%,54%,0%,86%,"Boys: Soccer,Basketball,Baseball; Girls: Basketball,Softball,Soccer; Co-Ed: N/A","Art Club, Digital Art Club, Student Government, COSA, World Culture Club, Debate, Cheerleading, Chess Club, ESports Gaming Club, Yearbook, Drama Club, Book Club, National Honor Society, Teen Choice Career Readiness, My Sister's Keeper (MSK),Gender Sexuality Alliance (GSA)","Computer Art / Digital Art, Studio Art, Portfolio Development",Career Readiness and Modern Youth Apprenticeship; CS for All; Future Ready NYC; NYC Solves,12%,N/A (fewer than 5 teachers),14%,0%,0%,62%,14,86%,78%,87%,80%,76%,67%,71%,85%,70%,97%,82%,70,89%,71%,118 (19%),328 (54%),25% (105),8% (32),49% (205),4% (17),1% (5),11% (44),Excellent,98%,N/A,N/A,99%,N/A,N/A,99%,98%,N/A,100%,N/A,N/A,100%,97%,100%,N/A,100%,84%,95%,92%,97%,97%,94%,100%,96%,100%,95%,81%,92%,87%,89%,93%,94%,100%,93%,92%,92%,92%,97%,100%,90%,85%,89%,77%,85%,71%,100%,85%,88%,87%,91%,70%,97%,76%,57%,56%,50%,56%,53%,67%,71%,56%,68%,93%,94%,94%,93%,82%,100%,94%,96%,96%,78%,81%,72%,76%,94%,83%,79%,81%,79%,95%,88%,86%,100%,90%,N/A,N/A,83%,N/A,96%,88%,88%,79%,100%,86%,N/A,N/A,95%,N/A,86%,97%,95%,100%,100%,91%,N/A,N/A,95%,N/A,100%
27Q309,Academy of Medical Technology: A College Board School,Fair,Fair,Fair,www.AMTNYC.ORg,Dawood Abdul Hameed,"06,07,08,09,10,11,12,SE",422,Ed. Opt.,Local Support and Improvement,8-21 Bay 25 Street,"Queens, NY 11691",718-471-3571,3%,39%,51%,2%,<1%,3%,15%,18%,89%,47%,53%,0%,80%,"Boys: Outdoor Track,Indoor Track,Football,Swimming,Baseball,Basketball,Volleyball,Table Tennis,Soccer; Girls: Soccer,Basketball,Swimming,Flag Football,Indoor Track,Outdoor Track,Softball,Volleyball; Co-Ed: N/A",Gender Sexuality Alliance (GSA),"Art History, Modern Dance, Painting, Folk / Traditional Cutural Dance, Dance History, Dance",21st Century Community Learning Center; Community School; DYCD: COMPASS/SONYC; NYC Solves; Pathways Advising; Project Pivot,N/A (fewer than 5 teachers),10%,20%,0%,0%,57%,0.9,94%,30%,35%,40%,60%,N/A,36%,51%,36%,52%,48%,35,64%,52%,55 (13%),169 (40%),4% (8),40% (87),49% (106),<1% (1),<1% (1),4% (8),Fair,97%,N/A,N/A,97%,N/A,N/A,86%,N/A,93%,84%,N/A,N/A,N/A,86%,86%,85%,83%,70%,87%,90%,89%,86%,N/A,N/A,64%,87%,81%,58%,70%,50%,64%,73%,N/A,N/A,67%,70%,58%,79%,94%,90%,86%,80%,100%,84%,75%,N/A,N/A,67%,68%,70%,80%,39%,96%,67%,47%,70%,51%,43%,60%,N/A,55%,42%,48%,89%,80%,92%,90%,80%,N/A,82%,84%,85%,71%,90%,61%,74%,80%,N/A,82%,76%,68%,88%,89%,N/A,87%,92%,N/A,N/A,N/A,100%,83%,83%,74%,N/A,67%,77%,N/A,N/A,N/A,60%,67%,92%,88%,N/A,88%,89%,N/A,N/A,N/A,100%,83%
27Q314,Epic High School - South,Fair,Good,Good,Epichighschoolsouth.org,Subhas Mohan,"09,10,11,12,SE",402,Ed. Opt.,Local Support and Improvement,121-10 Rockaway Boulevard,"Queens, NY 11420",718-845-1290,29%,28%,31%,7%,<1%,3%,10%,19%,73%,46%,54%,0%,81%,"Boys: Basketball,Soccer; Girls: Badminton,Volleyball,Indoor Track; Co-Ed: Cricket","Video Game Club, Health Occupations Students Association (HOSA), Science Olympiad, Dance Club, Board Game Club, Debate Team, Regents Tutoring, News Paper Club, My Brother's Keeper, My Sister's Keeper, Yearbook Club","Studio Art, Digital Photography, Drawing",NYC Solves,20%,20%,20%,0%,0%,37%,8.3,63%,73%,52%,62%,77%,N/A,100%,72%,68%,54%,50%,36,65%,46%,296 (74%),204 (51%),31% (109),28% (98),30% (103),7% (25),1% (4),2% (7),Excellent,92%,8%,0%,97%,N/A,N/A,82%,92%,84%,68%,N/A,N/A,N/A,83%,82%,N/A,74%,76%,91%,87%,94%,89%,100%,N/A,100%,84%,94%,75%,84%,83%,77%,90%,91%,N/A,100%,80%,88%,66%,96%,50%,86%,81%,84%,74%,83%,88%,N/A,80%,60%,87%,86%,53%,95%,74%,58%,61%,54%,53%,75%,N/A,80%,62%,47%,92%,91%,88%,95%,94%,N/A,100%,95%,95%,77%,82%,72%,74%,88%,N/A,100%,81%,74%,89%,94%,96%,98%,90%,100%,N/A,80%,95%,96%,79%,90%,91%,98%,86%,92%,N/A,40%,95%,96%,97%,95%,98%,98%,92%,100%,N/A,80%,94%,100%
27Q323,Scholars' Academy,Excellent,Good,Good,www.scholarsnyc.com/home,Michele Smyth,"06,07,08,09,10,11,12,SE",607,Screened,Local Support and Improvement,320 Beach 104 Street,"Queens, NY 11694",718-474-6918,15%,19%,26%,1%,<1%,36%,<1%,17%,42%,53%,47%,<1%,84%,"Boys: Basketball,Cross Country,Baseball,Volleyball,Swimming,Bowling; Girls: Soccer,Tennis,Cross Country,Softball,Basketball,Volleyball; Co-Ed: Golf,Stunt","Astronomy Club, Business Administration Club, Chemistry Club, Cooking Club, Debate Club, Engineering Union Club, Farm Team, Fashion Club, Female Empowerment Club (FEM),Gender Sexuality Alliance (GSA), Green Team, Journalism Club, Key Club, Math Team, Media and Livestream Team, Medical Club, Model UN, Muslim Student Association (MSA), Multicultural Club (MCC), My Brother's and Sister's Keeper, Psychology Club, Robotics Club, South Asian Cultural Club (SACC), Student Government, Tech Team, Theater.","Studio Art, Concert Band, Music History, Acting, Guitar, Drawing, Painting, Mixed Choir, Art History, Digital Photography, and more",DYCD: COMPASS/SONYC,7%,10%,13%,N/A (fewer than 5 teachers),0%,66%,4.5,88%,76%,63%,77%,78%,N/A,79%,N/A,83%,76%,69%,89,99%,90%,297 (49%),270 (44%),16% (88),18% (98),26% (140),<1% (5),<1% (4),36% (197),Excellent,93%,N/A,N/A,97%,0%,3%,99%,100%,100%,100%,N/A,N/A,99%,100%,99%,N/A,96%,80%,92%,97%,88%,92%,79%,N/A,93%,N/A,94%,75%,92%,93%,88%,90%,84%,N/A,94%,N/A,89%,70%,89%,70%,88%,85%,82%,86%,80%,83%,N/A,89%,N/A,90%,93%,79%,97%,75%,65%,69%,57%,64%,55%,N/A,67%,N/A,73%,93%,97%,93%,93%,80%,N/A,93%,N/A,93%,83%,87%,79%,81%,90%,N/A,85%,N/A,82%,92%,85%,87%,91%,85%,70%,50%,84%,N/A,87%,87%,77%,73%,77%,74%,100%,60%,81%,N/A,88%,95%,92%,90%,93%,90%,90%,100%,94%,N/A,90%
27Q324,Rockaway Park High School for Environmental Sustainability,Fair,Fair,Fair,www.rockawayparkhs.com,Katwona Warren,"09,10,11,12,SE",228,Ed. Opt.,Local Support and Improvement,100-00 Beach Channel Drive,"Queens, NY 11694",718-734-3280,2%,47%,42%,2%,<1%,5%,21%,38%,94%,38%,62%,0%,74%,"Boys: Baseball,Tennis,Football,Basketball,Soccer,Volleyball,Badminton; Girls: Volleyball,Lacrosse,Soccer,Softball,Cross Country,Basketball,Tennis,Badminton; Co-Ed: N/A","ACTIVITIES We have a state-of-the-art dance studio, music recording studio, music room, and woodshop room. Students learn guitar (beginners/advanced), rock band club, gaming club, woodshop club, dance club, swim club, art, Rock Park Chronicles Newspaper, Student Council, Yearbook club, Chess club, Photography club, and My Brother's Keeper (MBK) and My Sister's Keeper (MSK). SCHOOL SPORTS Badminton, Cheerleading, Dance, Soccer, Step, Swimming, Yoga PSAL SPORTS - GIRLS Basketball, Lacrosse, Soccer, Softball, Tennis, Volleyball, Cross Country PSAL SPORTS - BOYS Baseball, Basketball, Football, Soccer, Tennis, Volleyball, Cross Country","Guitar, Music History",Career & Technical Education; Community School; Future Ready NYC; NYC Solves; Pathways Advising,N/A (fewer than 5 teachers),N/A (fewer than 5 teachers),N/A (fewer than 5 teachers),0%,0%,71%,1.2,95%,N/A,60%,61%,N/A,N/A,60%,83%,45%,90%,75%,29,51%,56%,109 (48%),73 (32%),2% (3),46% (70),40% (60),1% (2),<1% (1),7% (11),Excellent,91%,9%,0%,97%,N/A,N/A,67%,N/A,69%,52%,N/A,N/A,N/A,67%,67%,53%,70%,63%,85%,N/A,87%,79%,N/A,N/A,100%,69%,89%,62%,73%,N/A,84%,60%,N/A,N/A,80%,55%,68%,80%,85%,79%,83%,77%,N/A,85%,70%,N/A,N/A,80%,81%,71%,78%,33%,96%,63%,40%,N/A,49%,31%,N/A,N/A,33%,31%,47%,81%,N/A,81%,79%,N/A,N/A,100%,87%,77%,60%,N/A,68%,51%,N/A,N/A,67%,50%,54%,88%,83%,N/A,87%,81%,N/A,N/A,78%,91%,84%,80%,75%,N/A,75%,76%,N/A,N/A,89%,71%,84%,91%,90%,N/A,90%,93%,N/A,N/A,88%,95%,91%
27Q334,Epic High School - North,Good,,,www.schools.nyc.gov/schools/Q334,Kristen Breen,"09,10,11,12,SE",390,Ed. Opt.,Local Support and Improvement,94-25 117th Street,"Queens, NY 11419",718-570-8230,27%,13%,51%,2%,2%,3%,14%,17%,81%,51%,49%,0%,73%,"Boys: Volleyball,Basketball,Badminton,Soccer; Girls: Volleyball,Indoor Track,Badminton; Co-Ed: Cricket","Gender Sexuality Alliance (GSA), Beauty and Brains, Gamers Club, Happify Program, El Poder de Las Diosas Club, after school tutorial, Dance Club, Movie Club, Student Government","Studio Art, Music History, Three-Dimensional Art, Visual Art, Painting",NYC Solves; PROSE,24%,N/A (fewer than 5 teachers),17%,0%,0%,48%,6,72%,79%,82%,77%,N/A,N/A,N/A,70%,90%,89%,78%,43,93%,60%,80 (21%),167 (43%),30% (81),13% (34),48% (129),2% (6),2% (6),3% (8),Fair,94%,N/A,N/A,76%,0%,24%,95%,96%,100%,94%,N/A,N/A,N/A,98%,93%,N/A,94%,N/A,92%,93%,93%,95%,N/A,N/A,N/A,100%,100%,N/A,89%,90%,93%,86%,N/A,N/A,N/A,75%,89%,N/A,44%,44%,N/A,79%,81%,94%,76%,N/A,N/A,N/A,83%,90%,84%,49%,96%,N/A,55%,59%,71%,48%,N/A,N/A,N/A,42%,70%,93%,91%,100%,93%,N/A,N/A,N/A,100%,100%,82%,84%,88%,78%,N/A,N/A,N/A,58%,80%,N/A,94%,85%,100%,94%,N/A,N/A,N/A,100%,100%,N/A,70%,54%,86%,65%,N/A,N/A,N/A,43%,100%,N/A,90%,79%,100%,89%,N/A,N/A,N/A,88%,100%
27Q351,Rockaway Collegiate High School,Needs Improvement,Fair,Good,www.schools.nyc.gov/schools/Q351,Shazima Ali,"09,10,11,12,SE",256,Open,Local Support and Improvement,100-00 Beach Channel Drive,"Queens, NY 11694",718-734-3290,4%,47%,43%,<1%,0%,4%,21%,32%,88%,47%,53%,0%,73%,"Boys: Football,Basketball,Baseball,Tennis,Volleyball,Soccer,Badminton; Girls: Cross Country,Badminton,Soccer,Basketball,Softball,Lacrosse,Tennis,Volleyball; Co-Ed: N/A","Art Club, Cooking Club, Dance Club, Fencing Club, Music Club, Soccer Club, Step Team, Student Government, Weightlifting Club, Video Games Club, Yearbook","Illustration, Mixed Media, Drawing, Digital Photography",Community School; DYCD: COMPASS/SONYC; Future Ready NYC; NYC Solves,N/A (fewer than 5 teachers),32%,N/A (fewer than 5 teachers),0%,0%,46%,1.9,86%,33%,43%,76%,N/A,N/A,60%,79%,55%,80%,80%,24,52%,39%,109 (43%),153 (60%),4% (7),46% (85),44% (80),0% (0),0% (0),5% (9),Excellent,89%,11%,0%,83%,N/A,N/A,66%,N/A,76%,56%,N/A,N/A,N/A,73%,56%,36%,53%,73%,84%,67%,80%,87%,N/A,N/A,100%,70%,93%,65%,75%,33%,79%,74%,N/A,N/A,80%,53%,79%,74%,85%,85%,84%,82%,80%,87%,75%,N/A,N/A,80%,70%,75%,78%,37%,95%,69%,52%,83%,57%,39%,N/A,N/A,60%,50%,53%,84%,100%,85%,77%,N/A,N/A,100%,70%,94%,61%,83%,57%,57%,N/A,N/A,90%,65%,57%,91%,93%,N/A,92%,92%,N/A,N/A,100%,92%,77%,82%,74%,N/A,71%,74%,N/A,N/A,N/A,86%,62%,92%,88%,N/A,96%,80%,N/A,N/A,80%,85%,71%
27Q400,August Martin High School,Good,Needs Improvement,Good,AUGUSTMARTIN.ORG,Allison Tiberio,"09,10,11,12,SE",576,Open,Local Support and Improvement,156-10 Baisley Boulevard,"Queens, NY 11434",718-528-2920,10%,57%,25%,5%,<1%,<1%,7%,25%,76%,40%,60%,0%,72%,"Boys: Basketball,Volleyball,Baseball,Football; Girls: Softball,Indoor Track,Basketball; Co-Ed: N/A",Gender Sexuality Alliance (GSA),"Core Music, Studio Art, Visual Art, Drawing",Career & Technical Education; Community School; CS for All; Future Ready NYC; NYC Solves; Project Pivot,13%,31%,13%,N/A (fewer than 5 teachers),0%,38%,2.1,82%,47%,33%,47%,54%,N/A,N/A,67%,36%,57%,54%,39,79%,45%,127 (22%),249 (43%),11% (35),58% (187),23% (74),6% (18),1% (4),<1% (1),Excellent,93%,N/A,N/A,85%,N/A,N/A,88%,N/A,94%,72%,N/A,N/A,N/A,96%,83%,71%,78%,70%,87%,81%,86%,90%,88%,N/A,N/A,90%,84%,54%,69%,57%,69%,71%,73%,N/A,N/A,82%,57%,69%,84%,70%,80%,76%,77%,74%,78%,71%,N/A,N/A,100%,72%,83%,45%,96%,64%,43%,61%,33%,48%,71%,N/A,N/A,50%,40%,83%,80%,80%,87%,88%,N/A,N/A,83%,77%,56%,57%,51%,65%,56%,N/A,N/A,82%,59%,87%,77%,N/A,74%,71%,N/A,N/A,N/A,N/A,100%,81%,83%,N/A,89%,71%,N/A,N/A,N/A,N/A,100%,94%,90%,N/A,89%,86%,N/A,N/A,N/A,N/A,100%
27Q475,Richmond Hill High School,Good,Good,Good,www.richmondhillhs.org/,Tarek Alamarie,"09,10,11,12,SE",1705,"Ed. Opt., Screened, Zoned Priority",Local Support and Improvement,89-30 114 Street,"Queens, NY 11418",718-846-3335,26%,9%,54%,5%,1%,3%,21%,18%,83%,47%,53%,0%,89%,"Boys: Indoor Track,Basketball,Baseball,Bowling,Soccer,Outdoor Track,Swimming,Tennis,Volleyball,Handball; Girls: Indoor Track,Bowling,Softball,Tennis,Volleyball,Soccer,Outdoor Track,Basketball,Swimming; Co-Ed: Golf,Cricket","Saya Leadership, Bollywood Dance Fusion,Rainbow Coalition, Red Cross, Cheer and Dance Team, Museum Explorers, Anime, Robotics, College Now courses, SAT Preparation, PM School, Regents Preparation, Tutoring, SAYA!, The Underground News Team, Freshmen Leadership, Student Association,Gender Sexuality Alliance (GSA)","Music History, Art History, Illustration, Visual Art, Mixed Media, Drawing, Portfolio Development, Theater / Play Production, Studio Art, Painting, and more",Career & Technical Education; Career Readiness and Modern Youth Apprenticeship; Community School; CS for All; Future Ready NYC; NYC Solves,20%,13%,25%,0%,0%,41%,1.1,82%,63%,62%,66%,68%,64%,65%,78%,56%,78%,66%,41,65%,57%,118 (7%),579 (34%),28% (263),10% (89),51% (474),6% (55),2% (16),3% (32),Fair,95%,5%,0%,95%,0%,5%,81%,83%,80%,79%,87%,N/A,N/A,86%,77%,64%,82%,76%,88%,88%,84%,89%,89%,93%,93%,86%,86%,74%,86%,86%,93%,86%,80%,100%,83%,87%,84%,78%,83%,83%,87%,84%,89%,83%,81%,85%,88%,88%,86%,81%,91%,71%,95%,73%,47%,55%,45%,44%,43%,62%,44%,55%,44%,90%,92%,88%,90%,93%,94%,88%,92%,87%,80%,83%,72%,79%,87%,88%,79%,84%,77%,92%,85%,83%,79%,87%,89%,N/A,100%,86%,96%,83%,81%,77%,75%,85%,74%,N/A,91%,88%,93%,94%,92%,94%,93%,90%,95%,N/A,100%,88%,100%
27Q480,John Adams High School,Good,Good,Fair,www.Johnadamsnyc.org,Pedro Cubero,"09,10,11,12,SE",2431,"Ed. Opt., Screened, Zoned Guarantee",Local Support and Improvement,101-01 Rockaway Boulevard,"Queens, NY 11417",718-322-0500,29%,24%,40%,<1%,<1%,4%,16%,15%,79%,48%,52%,0%,90%,"Boys: Soccer,Bowling,Baseball,Handball,Tennis,Basketball,Football,Indoor Track,Outdoor Track,Volleyball,Swimming; Girls: Outdoor Track,Badminton,Lacrosse,Basketball,Bowling,Golf,Swimming,Volleyball,Flag Football,Softball,Soccer,Indoor Track; Co-Ed: Cricket","St.Johns Liberty Partnership Tutoring, Emerge video game club,Gender Sexuality Alliance (GSA), Library Club, Northwell Health Clinic Art Group, Global Kids, Student Government and Prom committee, Mural Club, Weight Room, Drama Club/Musical Production, Science Olympiad, Equity Club, Guitar Club, Moot Court Mock Trial, Debate Club, National Honor Society, Gardening/Recycling Club, Robotics, Yearbook, Spardance , Creative writing","Music Theory / Musicianship, Studio Art, Computer Art / Digital Art, Photography, Drawing, Music Technology, Concert Band, Core Music, Guitar, Mixed Media, and more",Career & Technical Education; Community School; CS for All; Dual Language or TBE; Future Ready NYC; NYC Solves; Project Pivot,16%,8%,24%,N/A (fewer than 5 teachers),0%,47%,3.1,85%,64%,53%,62%,59%,47%,43%,80%,57%,89%,84%,47,65%,57%,479 (20%),1207 (50%),33% (482),24% (355),37% (552),<1% (12),<1% (8),4% (52),Good,97%,N/A,N/A,91%,4%,5%,87%,84%,93%,88%,N/A,N/A,86%,92%,83%,72%,91%,77%,90%,91%,90%,89%,89%,94%,92%,89%,90%,69%,80%,79%,85%,80%,81%,79%,59%,82%,73%,84%,93%,88%,86%,81%,83%,83%,79%,88%,84%,62%,84%,83%,87%,60%,96%,71%,49%,54%,50%,48%,43%,32%,45%,45%,56%,91%,91%,89%,91%,97%,94%,83%,91%,91%,76%,74%,76%,77%,94%,79%,59%,84%,75%,90%,83%,83%,82%,84%,88%,88%,71%,85%,80%,77%,74%,68%,78%,74%,88%,50%,71%,75%,76%,90%,87%,87%,88%,86%,88%,88%,88%,91%,85%
27Q650,"High School for Construction Trades, Engineering and Architecture",Excellent,Good,Good,www.hsforctea.org,Lakeisha Gordon,"09,10,11,12,SE",1063,"D75 Special Education Inclusive Services, Screened",Local Support and Improvement,94-06 104th Street,"Queens, NY 11416",718-846-6280,35%,9%,38%,5%,2%,10%,2%,15%,64%,35%,65%,0%,86%,"Boys: Baseball,Outdoor Track,Cross Country,Basketball,Badminton,Indoor Track; Girls: Handball,Volleyball,Indoor Track,Cross Country,Soccer,Softball,Basketball,Outdoor Track; Co-Ed: Cricket","Anime/Manga Club, Architectural & Design Club, Art Club, Book Club, Bring Change to Mind, Chess Club, Computer Animation Club, Construction & OSHA Club, FIRST Robotics Team, Relationship education for Diverse Individuals (REDI), Girls?? Club, History Club, Minecraft Club, Music Club, Muslim Student Association (MSA), National Honor Society (NHS), Philosophy Club, Robotics, Rubik??s Cube Club, SkillsUSA, Stock Market Club, Student Government (SGO), Tabletop Gaming Club, Theater Arts Program, Video Game Club, Yearbook Club, Any club a student group wishes to create is also welcome","Studio Art, Visual Art, Art History",Career & Technical Education; NYC Solves,13%,17%,17%,0%,0%,51%,14.5,83%,65%,72%,77%,70%,60%,72%,82%,78%,92%,75%,71,99%,79%,438 (41%),506 (48%),36% (252),8% (57),38% (264),4% (26),2% (14),11% (76),Excellent,97%,N/A,N/A,98%,N/A,N/A,99%,100%,96%,100%,N/A,N/A,95%,99%,99%,N/A,95%,78%,91%,88%,86%,93%,100%,91%,93%,80%,86%,75%,84%,80%,81%,85%,100%,91%,83%,89%,80%,84%,88%,85%,85%,80%,76%,84%,81%,84%,82%,83%,91%,87%,95%,86%,97%,72%,55%,53%,61%,54%,52%,36%,64%,55%,62%,92%,92%,85%,92%,96%,91%,93%,82%,92%,80%,79%,78%,80%,76%,82%,80%,91%,80%,93%,82%,76%,86%,87%,100%,N/A,78%,N/A,91%,79%,73%,67%,67%,80%,89%,N/A,63%,N/A,84%,93%,91%,92%,90%,95%,100%,N/A,81%,N/A,87%
28Q157,J.H.S. 157 Stephen A. Halsey,,Good,Good,www.schools.nyc.gov/schools/Q157,Vincent Suraci,"06,07,08,09,SE",21,N/A,Local Support and Improvement,63-55 102 Street,"Queens, NY 11374",718-830-4910,33%,10%,19%,0%,0%,38%,38%,24%,75%,67%,33%,0%,83%,Boys: N/A; Girls: N/A; Co-Ed: N/A,N/A,"Visual Art, Acting, Mixed Choir, Dance, Computer Art / Digital Art",DYCD: COMPASS/SONYC,10%,N/A (fewer than 5 teachers),6%,0%,0%,76%,19,78%,52%,56%,57%,33%,N/A,58%,67%,50%,92%,77%,N/A,N/A,N/A,,,N/A,N/A,N/A,N/A,N/A,N/A,N/A,98%,N/A,N/A,96%,N/A,N/A,N/A,N/A,N/A,N/A,N/A,N/A,N/A,N/A,N/A,N/A,N/A,80%,94%,94%,88%,93%,100%,N/A,94%,87%,92%,64%,81%,83%,74%,81%,83%,N/A,81%,79%,75%,88%,98%,93%,67%,55%,83%,N/A,N/A,N/A,N/A,38%,88%,60%,86%,44%,97%,70%,49%,45%,52%,51%,33%,N/A,50%,58%,54%,89%,92%,87%,88%,100%,N/A,87%,81%,85%,76%,77%,72%,76%,83%,N/A,77%,74%,69%,94%,86%,88%,86%,83%,N/A,N/A,87%,92%,89%,81%,66%,65%,83%,68%,N/A,N/A,67%,87%,93%,95%,90%,92%,89%,88%,N/A,N/A,91%,96%,92%
28Q167,Metropolitan Expeditionary Learning School,Excellent,Good,Good,metropolitanels.com,Damon Mccord,"06,07,08,09,10,11,12,SE",464,Open,Local Support and Improvement,91-30 Metropolitan Avenue,"Queens, NY 11375",718-286-3500,21%,11%,47%,4%,2%,11%,5%,18%,62%,42%,57%,<1%,69%,"Boys: Basketball,Indoor Track,Cross Country,Outdoor Track,Soccer,Badminton,Volleyball,Baseball,Wrestling; Girls: Softball,Soccer,Volleyball,Swimming,Outdoor Track,Badminton,Cross Country,Basketball,Indoor Track; Co-Ed: Stunt",Gender Sexuality Alliance (GSA),"Studio Art, String Orchestra, Visual Art",NYC Solves; PROSE,12%,9%,19%,0%,0%,57%,14.2,87%,55%,48%,51%,68%,0%,53%,50%,51%,80%,56%,59,51%,86%,120 (26%),168 (36%),21% (58),11% (31),46% (128),4% (12),2% (7),12% (35),Needs Improvement,96%,4%,0%,98%,N/A,N/A,98%,N/A,100%,98%,N/A,N/A,100%,98%,98%,N/A,100%,75%,91%,92%,88%,91%,97%,100%,86%,89%,93%,66%,80%,77%,75%,79%,88%,100%,84%,80%,80%,82%,87%,81%,81%,76%,78%,83%,74%,81%,83%,74%,80%,82%,90%,66%,95%,67%,50%,46%,60%,48%,50%,50%,51%,64%,65%,86%,88%,84%,85%,97%,100%,83%,94%,88%,69%,67%,71%,69%,77%,100%,62%,66%,68%,91%,83%,85%,79%,85%,89%,100%,73%,100%,93%,85%,78%,75%,74%,83%,90%,100%,70%,83%,91%,93%,91%,92%,85%,93%,90%,100%,89%,100%,100%
28Q284,York Early College Academy,Excellent,Excellent,Good,yorkearlycollegeacademy.com,Deborah Krempa,"06,07,08,09,10,11,12,SE",330,Screened,Local Support and Improvement,108-35 167 Street,"Queens, NY 11433",718-262-8547,21%,52%,10%,8%,6%,<1%,0%,15%,52%,50%,50%,0%,81%,"Boys: Outdoor Track,Basketball,Bowling,Indoor Track; Girls: Outdoor Track,Indoor Track,Table Tennis,Volleyball,Softball; Co-Ed: Cricket",Gender Sexuality Alliance (GSA),"Painting, Theater / Play Production",DYCD: COMPASS/SONYC; NYC Solves; Project Pivot,N/A (fewer than 5 teachers),27%,18%,0%,0%,42%,0.7,76%,52%,48%,42%,45%,44%,17%,40%,51%,73%,57%,80,99%,87%,,153 (46%),22% (66),53% (162),9% (28),8% (26),6% (18),<1% (1),Needs Improvement,100%,0%,0%,100%,0%,0%,99%,100%,98%,N/A,N/A,N/A,N/A,100%,97%,N/A,100%,84%,91%,91%,94%,90%,86%,89%,83%,N/A,90%,68%,80%,77%,85%,71%,77%,80%,40%,40%,75%,95%,100%,100%,93%,93%,97%,91%,84%,96%,100%,N/A,N/A,90%,90%,67%,95%,73%,52%,52%,52%,50%,50%,52%,33%,40%,54%,89%,91%,90%,85%,81%,95%,83%,60%,84%,79%,77%,80%,82%,75%,86%,67%,100%,81%,95%,88%,85%,90%,100%,91%,N/A,N/A,N/A,89%,88%,76%,81%,75%,88%,73%,N/A,N/A,N/A,89%,97%,93%,100%,88%,100%,100%,N/A,N/A,N/A,100%
28Q310,Queens Collegiate: A College Board School,Good,Good,,www.schools.nyc.gov/schools/Q310,James Harrell,"06,07,08,09,10,11,12,SE",426,Ed. Opt.,Local Support and Improvement,167-01 Gothic Drive,"Jamaica, NY 11432",718-658-4016,21%,33%,30%,6%,2%,2%,16%,14%,76%,49%,51%,0%,65%,"Boys: Football,Swimming,Tennis,Bowling,Volleyball,Fencing,Basketball,Wrestling,Lacrosse,Soccer,Baseball,Outdoor Track; Girls: Flag Football,Soccer,Indoor Track,Basketball,Swimming,Softball,Outdoor Track,Bowling,Cross Country,Volleyball; Co-Ed: Cricket,Golf,Stunt","Coding Club, Community Service Club, Culture Committee,Gender Sexuality Alliance (GSA), Muslim Student Association, Student Government Association, Student Restorative Team (QC Voices), Video Game Club. Students are also able to start their own clubs.","Mixed Media, Theater History, Piano Keyboard, Concert Band, Music History",DYCD: COMPASS/SONYC; NYC Solves,15%,26%,13%,0%,0%,39%,3.1,89%,42%,40%,45%,41%,36%,100%,54%,46%,65%,65%,42,57%,76%,88 (21%),263 (62%),23% (65),32% (93),28% (81),6% (16),3% (9),2% (5),Excellent,89%,N/A,N/A,97%,N/A,N/A,88%,96%,89%,88%,N/A,N/A,N/A,98%,81%,80%,70%,64%,86%,86%,88%,85%,74%,91%,100%,80%,87%,59%,75%,67%,75%,81%,70%,75%,83%,75%,77%,76%,74%,80%,84%,77%,72%,82%,80%,79%,57%,40%,82%,87%,89%,66%,94%,63%,46%,48%,39%,56%,38%,33%,67%,61%,63%,89%,88%,88%,91%,88%,92%,83%,94%,91%,65%,66%,62%,62%,68%,83%,67%,77%,60%,N/A,78%,80%,78%,83%,60%,N/A,N/A,67%,71%,N/A,71%,81%,71%,69%,60%,N/A,N/A,75%,82%,N/A,83%,88%,83%,82%,60%,N/A,N/A,62%,75%
28Q325,Hillside Arts & Letters Academy,Excellent,Good,Good,hillsidearts.org,Raquel Nolasco,"09,10,11,12,SE",429,Ed. Opt.,Local Support and Improvement,167-01 Gothic Drive,"Jamaica, NY 11432",718-658-1249,22%,33%,38%,4%,<1%,<1%,22%,17%,79%,53%,47%,0%,85%,"Boys: Fencing,Bowling,Tennis,Basketball,Outdoor Track,Volleyball,Wrestling,Lacrosse,Baseball,Football,Soccer,Swimming; Girls: Bowling,Cross Country,Flag Football,Indoor Track,Basketball,Swimming,Softball,Soccer,Volleyball,Outdoor Track; Co-Ed: Stunt,Golf,Cricket",N/A,"Concert Band, Mixed Media, Printmaking, Piano Keyboard, Studio Art, Voice and Diction, Portfolio Development, Fashion and Textile Design, Music History, Dance Improvisation, and more",Career Readiness and Modern Youth Apprenticeship; CS for All; Future Ready NYC; NYC Solves; Respect for All,N/A (fewer than 5 teachers),19%,19%,0%,0%,41%,9.2,85%,68%,61%,65%,64%,N/A,N/A,77%,64%,100%,100%,56,95%,59%,126 (29%),121 (28%),19% (44),34% (78),37% (84),6% (13),2% (4),1% (3),Excellent,100%,0%,0%,92%,N/A,N/A,96%,95%,97%,93%,N/A,N/A,N/A,98%,93%,84%,100%,84%,96%,95%,97%,97%,93%,N/A,N/A,95%,93%,79%,90%,88%,91%,91%,83%,N/A,N/A,91%,89%,93%,88%,96%,89%,87%,82%,88%,87%,93%,N/A,N/A,88%,85%,84%,53%,95%,80%,58%,59%,64%,53%,50%,N/A,N/A,45%,56%,97%,97%,97%,97%,93%,N/A,N/A,96%,92%,80%,84%,80%,78%,64%,N/A,N/A,85%,71%,97%,91%,88%,88%,95%,88%,N/A,N/A,94%,92%,81%,76%,76%,82%,70%,83%,N/A,N/A,79%,92%,95%,91%,91%,93%,88%,100%,N/A,N/A,93%,85%
28Q328,High School for Community Leadership,Excellent,,,www.nychscl.org,Carlos Borrero,"09,10,11,SE",495,Ed. Opt.,Local Support and Improvement,167-01 Gothic Drive,"Jamaica, NY 11432",718-558-9801,24%,28%,38%,4%,1%,3%,16%,16%,74%,51%,49%,0%,57%,"Boys: Wrestling,Volleyball,Tennis,Bowling,Football,Lacrosse,Swimming,Basketball,Soccer,Fencing,Outdoor Track,Baseball; Girls: Swimming,Cross Country,Flag Football,Softball,Volleyball,Soccer,Indoor Track,Outdoor Track,Bowling,Basketball; Co-Ed: Cricket,Golf,Stunt",N/A,"Visual Art, Core Music, Studio Art, Music Theory / Musicianship, Acting, Photography, Art Management / Business, Concert Band, Classroom Music, String Orchestra",NYC Solves,N/A (fewer than 5 teachers),N/A (fewer than 5 teachers),25%,0%,0%,46%,14.2,75%,N/A,N/A,N/A,N/A,N/A,N/A,N/A,N/A,N/A,N/A,62,84%,84%,105 (21%),234 (47%),24% (76),31% (99),34% (107),5% (17),1% (4),4% (13),Fair,97%,N/A,N/A,94%,N/A,N/A,98%,100%,100%,98%,N/A,N/A,N/A,99%,98%,92%,100%,N/A,75%,N/A,N/A,N/A,N/A,N/A,N/A,N/A,N/A,N/A,75%,N/A,N/A,N/A,N/A,N/A,N/A,N/A,N/A,N/A,N/A,N/A,N/A,62%,N/A,N/A,N/A,N/A,N/A,N/A,N/A,N/A,84%,40%,96%,N/A,62%,N/A,N/A,N/A,N/A,N/A,N/A,N/A,N/A,88%,N/A,N/A,N/A,N/A,N/A,N/A,N/A,N/A,62%,N/A,N/A,N/A,N/A,N/A,N/A,N/A,N/A,N/A,84%,89%,67%,92%,100%,N/A,N/A,N/A,43%,N/A,78%,50%,86%,70%,100%,N/A,N/A,N/A,67%,N/A,98%,100%,93%,100%,100%,N/A,N/A,N/A,83%
28Q350,Jamaica Gateway to the Sciences,Excellent,Good,Good,jamaicagateway.org,Neeta Ahmed,"09,10,11,12,SE",516,Ed. Opt.,Local Support and Improvement,167-01 Gothic Drive,"Jamaica, NY 11432",718-480-2689,43%,24%,21%,6%,1%,2%,13%,13%,75%,49%,51%,0%,82%,"Boys: Tennis,Lacrosse,Wrestling,Fencing,Soccer,Volleyball,Outdoor Track,Basketball,Baseball,Football,Bowling,Swimming; Girls: Basketball,Bowling,Outdoor Track,Flag Football,Cross Country,Volleyball,Swimming,Indoor Track,Soccer,Softball; Co-Ed: Cricket,Stunt,Golf","Book Club, A.C.E., ARISTA: National Honor Society (By invitation only), Mock Trial Competition/Law Team, Medical Club, Robotics Team, Yearbook Club, Strategic Board Game Club,Gender Sexuality Alliance (GSA), Creativity Club, School Newspaper, Anime Club, Royalty Stepperz, Social Justice Club, Kindness Club, MASS, Girl's Empowerment Club, United Nations Club, Student Council","Core Music, Visual Art, Photography, Theater, Art History",NYC Solves,17%,17%,N/A (fewer than 5 teachers),0%,0%,47%,1.1,83%,74%,60%,79%,75%,N/A,83%,83%,79%,79%,53%,62,78%,75%,151 (29%),252 (49%),48% (153),23% (74),17% (55),7% (22),2% (5),2% (5),Excellent,97%,N/A,N/A,97%,N/A,N/A,92%,93%,91%,89%,N/A,N/A,N/A,97%,88%,81%,93%,80%,86%,85%,80%,91%,93%,N/A,86%,78%,79%,72%,84%,84%,74%,92%,93%,N/A,100%,79%,75%,75%,89%,84%,89%,85%,84%,78%,91%,100%,N/A,100%,94%,93%,89%,60%,95%,70%,50%,50%,47%,45%,56%,N/A,86%,45%,54%,94%,95%,88%,95%,88%,N/A,100%,97%,82%,72%,78%,56%,72%,69%,N/A,86%,77%,86%,92%,90%,79%,100%,96%,100%,N/A,N/A,95%,90%,84%,79%,78%,82%,76%,89%,N/A,N/A,89%,89%,95%,94%,90%,95%,96%,100%,N/A,N/A,100%,100%
28Q440,Forest Hills High School,Good,,,www.foresthillshs.org/,Paul Wilbur,"09,10,11,12,SE",3432,"Audition, Ed. Opt., Language Criteria, Screened, Zoned Guarantee",Local Support and Improvement,67-01 110 Street,"Queens, NY 11375",718-268-3137,25%,7%,41%,<1%,<1%,24%,11%,15%,66%,50%,50%,<1%,92%,"Boys: Baseball,Soccer,Basketball,Tennis,Handball,Indoor Track,Outdoor Track,Bowling,Cross Country,Wrestling,Volleyball; Girls: Lacrosse,Cross Country,Softball,Handball,Tennis,Outdoor Track,Soccer,Indoor Track,Bowling,Volleyball,Basketball; Co-Ed: N/A","Animal Rights Club, Anime Club, Astro Club, Art Club, BlackLatinX Student Union, Bollywood Club, Bukharian Club, Calligraphy Club, Cancer Awareness Society, Chess Club, Chinese Club, Christian Seekers, Comic Book Club, Dance Club, Dance Marathon, FIMRC, Girl Up Club, Girls Who Code, Green Team, Electric Guitar Club, Japanese Club, Judaica Club, Korean Club, Key Club, Lacrosse Club, Law Association, Le Cercle Francais,Gender Sexuality Alliance (GSA), Math Study Club, Mental Health Awareness, Model UN, Muslim Student Association, Operation Smile, Photography Club, Political Awareness Club, Red Cross Club, Rocketry Club, Spirit Team, Sports Fanatic Club, STEM Council, Tutoring Club, Video Game Club, National Honor Society, Robotics Team, Science Olympiad, We The People, Forester (Yearbook Club), African Dance, Chinese Dance, Mexican Dance, Student Government, The Beacon (School Newspaper)","Core Music, Theater, Mixed Choir, Filmmaking / Video, Mixed Media, String Orchestra, Music Theory / Musicianship, Concert Band, Art History, Illustration, and more",Career & Technical Education; Dual Language or TBE; DYCD: COMPASS/SONYC; NYC Solves,15%,2%,15%,0%,0%,60%,5.3,86%,64%,66%,73%,60%,N/A,72%,83%,74%,52%,32%,60,70%,78%,1109 (32%),1659 (48%),29% (638),7% (144),37% (804),<1% (22),<1% (11),25% (550),Fair,97%,N/A,N/A,96%,N/A,N/A,94%,97%,92%,91%,N/A,N/A,95%,95%,92%,81%,86%,N/A,97%,96%,92%,96%,N/A,N/A,98%,96%,94%,N/A,86%,84%,93%,87%,N/A,N/A,83%,92%,90%,N/A,74%,66%,N/A,82%,81%,88%,86%,80%,N/A,75%,96%,86%,93%,79%,96%,N/A,59%,59%,55%,60%,40%,N/A,58%,75%,70%,96%,97%,95%,96%,80%,N/A,94%,100%,98%,82%,76%,76%,86%,100%,N/A,81%,88%,90%,N/A,91%,92%,91%,91%,100%,N/A,89%,96%,93%,N/A,77%,64%,73%,87%,67%,N/A,78%,84%,93%,N/A,94%,93%,94%,96%,83%,N/A,92%,100%,96%
28Q505,Hillcrest High School,Good,Good,Fair,www.hillcrestweb.com,Varun Rule-Pandey,"09,10,11,12,SE",2322,"ASD/ACES Program, Audition, Ed. Opt., Screened, Zoned Guarantee",Local Support and Improvement,160-05 Highland Avenue,"Queens, NY 11432",718-658-5407,26%,25%,40%,5%,1%,2%,24%,11%,81%,52%,48%,<1%,85%,"Boys: Basketball,Bowling,Indoor Track,Wrestling,Cross Country,Outdoor Track,Tennis,Baseball,Soccer,Volleyball; Girls: Gymnastics,Outdoor Track,Soccer,Indoor Track,Basketball,Softball,Cross Country,Tennis,Volleyball,Handball,Bowling; Co-Ed: Golf,Cricket","ACTIVITIES My Brother's Keeper, My Sister's Keeper, Yoga And Meditation Club, Book Club, NYPD Explorers Club, Cheerleading Club, Health Sciences Club, Anime Club, FDNY Explorers Club, Dungeons & Dragons Club, Glee Club, Guitar Club, K-Pop Club, Teens On Point, Photography Club, French Club, Ping Pong Club,Gender Sexuality Alliance (GSA), Debate Team, Mock Trail/Moot Court, Student Council, National Honor Society, Weight Lifting, Governing Club, Coding Club, Green Team, Wellness Club, Students Unmuted, Skateboard Club, South Asian Student Alliance","Core Music, Studio Art, Concert Band, Acting, Playwriting, Piano Keyboard, Theater Survey, Mixed Choir, Graphic Design, Portfolio Development, and more",Career & Technical Education; CS for All; Dual Language or TBE; Future Ready NYC; NYC Solves,23%,15%,13%,0%,0%,48%,0.7,92%,63%,53%,69%,57%,67%,54%,81%,55%,91%,64%,45,75%,62%,609 (26%),822 (35%),33% (370),25% (274),32% (358),5% (59),2% (17),2% (24),Excellent,96%,N/A,N/A,97%,N/A,N/A,85%,88%,96%,76%,83%,N/A,94%,90%,79%,67%,79%,78%,89%,88%,87%,89%,93%,86%,90%,87%,85%,63%,76%,76%,71%,78%,80%,74%,76%,80%,74%,88%,97%,99%,87%,81%,84%,83%,79%,85%,83%,77%,76%,80%,86%,54%,94%,71%,54%,57%,45%,55%,63%,52%,55%,64%,49%,87%,90%,85%,86%,92%,91%,91%,82%,90%,72%,73%,65%,74%,72%,78%,70%,77%,69%,90%,82%,77%,85%,83%,81%,88%,84%,78%,88%,74%,69%,66%,73%,69%,74%,67%,65%,70%,82%,88%,85%,84%,85%,86%,90%,87%,84%,84%,90%
28Q620,Thomas A. Edison Career and Technical Education High School,Excellent,Good,Good,www.EdisonCTE.org,Moses Ojeda,"09,10,11,12,SE",2193,"ASD/ACES Program, D75 Special Education Inclusive Services, Ed. Opt., Screened",Local Support and Improvement,165-65 84 Avenue,"Queens, NY 11432",718-297-6580,49%,15%,25%,5%,2%,3%,3%,15%,67%,39%,61%,0%,91%,"Boys: Basketball,Outdoor Track,Baseball,Handball,Soccer,Bowling,Cross Country,Tennis,Indoor Track,Badminton,Wrestling,Volleyball; Girls: Indoor Track,Badminton,Softball,Bowling,Cross Country,Outdoor Track,Volleyball,Soccer,Basketball; Co-Ed: Cricket","Leadership Organization(s): DECA, HOSA, National Honor Society (NHS), National Technical Honor Society (NTHS), New York State Science Honor Society (NYSSHS), SkillsUSA, JROTC and Student Council , School Club(s): Acoustic Guitar Club, Actively Caring at Edison (ACE), Anime Club, Art Club, Asian Multicultural Alliance (AMA), Automotive Competition Club (ACC), Badminton Club, Bhangra Club, Black Student Union (BSU), Book Club, Chapters of Edison Podcast (COEP), Cheerleading/Dance Squad, Chess Team, Club Of Data Engineers (CODE), College & Career Readiness Club, Connections Council, Debate Club, Drone Academy, ESports, Edison Newsletter, Edison Teen Voices, Electric Guitar Club, Fashion Club,Gender Sexuality Alliance (GSA), Glamour Gals and Guys, Guitar Club, Key Club, Math Club, Media Club, Minorities United Club, Model UN, Muslim Student Organization (MSO), Pit Crew, Poetry Club, Science & Eco Engaged Club, Society of Film Appreciation (SOFA), Tech/Sound Crew, Robotics Club, Yearbook Committee, True Crime Experts, Volleyball Club, We The People Club, and Wrestling.","Visual Art, Core Music, Graphic Design, Computer Art / Digital Art, Art History",Career & Technical Education; Career Readiness and Modern Youth Apprenticeship; CS for All; Future Ready NYC; NYC Solves; PROSE,16%,11%,20%,N/A (fewer than 5 teachers),0%,49%,12.1,82%,77%,84%,77%,84%,94%,75%,89%,72%,77%,70%,73,91%,84%,624 (28%),957 (44%),55% (722),13% (169),22% (290),4% (57),2% (22),3% (42),Excellent,98%,N/A,N/A,98%,N/A,N/A,97%,97%,97%,94%,100%,N/A,100%,96%,97%,91%,89%,75%,93%,92%,94%,93%,98%,100%,96%,100%,95%,83%,91%,89%,92%,93%,84%,94%,96%,95%,89%,70%,80%,62%,88%,86%,83%,86%,87%,89%,100%,96%,80%,87%,92%,73%,96%,74%,58%,57%,64%,52%,62%,50%,67%,60%,64%,94%,92%,96%,94%,100%,100%,93%,86%,97%,86%,85%,86%,84%,96%,94%,82%,86%,84%,89%,86%,88%,83%,84%,82%,91%,84%,93%,91%,81%,73%,72%,74%,71%,79%,91%,74%,71%,84%,95%,92%,94%,87%,90%,93%,100%,100%,87%,91%
28Q680,Queens Gateway to Health Sciences Secondary School,Excellent,Good,Fair,www.queensgateway.org/,Judy Henry,"06,07,08,09,10,11,SE",401,Screened,Local Support and Improvement,160-20 Goethals Avenue,"Queens, NY 11432",718-969-3155,47%,24%,16%,7%,2%,2%,1%,14%,60%,60%,40%,0%,45%,"Boys: Indoor Track,Soccer,Basketball,Rugby,Cross Country,Outdoor Track; Girls: Cross Country,Volleyball,Outdoor Track,Rugby,Indoor Track; Co-Ed: N/A","Student Government, New York Edge, Multicultural Club, Senior Council, Spirit Squad, Black History Month Performance, FED Challenge, Theater and Drama Club, Medical Research, Art and Design Club, Debate Club, Film Club, Model UN,Gender Sexuality Alliance (GSA)","Photography, Mixed Choir",DYCD: COMPASS/SONYC; NYC Solves,N/A (fewer than 5 teachers),27%,12%,N/A (fewer than 5 teachers),N/A (fewer than 5 teachers),51%,12.4,80%,70%,60%,76%,93%,67%,60%,64%,58%,100%,97%,79,98%,91%,398 (99%),260 (65%),47% (188),25% (98),16% (64),7% (29),3% (10),2% (6),Good,90%,10%,0%,99%,N/A,N/A,98%,100%,96%,N/A,N/A,N/A,N/A,98%,98%,N/A,82%,79%,87%,89%,78%,86%,100%,91%,89%,73%,82%,68%,79%,80%,75%,76%,93%,73%,80%,58%,75%,65%,89%,60%,85%,75%,76%,74%,71%,73%,62%,83%,N/A,69%,92%,76%,95%,68%,50%,54%,41%,52%,52%,42%,18%,42%,46%,90%,92%,85%,89%,97%,100%,91%,83%,89%,67%,73%,52%,65%,87%,58%,64%,45%,63%,87%,77%,74%,87%,74%,88%,N/A,80%,N/A,86%,85%,77%,73%,83%,77%,88%,N/A,80%,N/A,93%,86%,82%,78%,87%,77%,88%,N/A,100%,N/A,86%
28Q686,Queens Metropolitan High School,Good,Good,Good,www.queensmetro.com,William Johnson,"09,10,11,12,SE",980,"D75 Special Education Inclusive Services, Zoned Priority",Local Support and Improvement,91-30 Metropolitan Avenue,"Queens, NY 11375",718-286-3600,11%,3%,45%,<1%,<1%,40%,7%,16%,53%,47%,53%,0%,88%,"Boys: Indoor Track,Soccer,Outdoor Track,Baseball,Wrestling,Badminton,Cross Country,Volleyball,Basketball; Girls: Outdoor Track,Indoor Track,Basketball,Badminton,Softball,Swimming,Soccer,Cross Country,Volleyball; Co-Ed: Stunt","Art Club, Bakery Club, Black Student Union, Chess Club, Council for Unity, Culinary Club, Football Club,Gender Sexuality Alliance (GSA), Jewelry and Design Club, JROTC, Key Club, Knitting and Crochet Club, Metro Dance Team, Music Club, OWN Club, Ping Pong Club, Queens DA Office of Hope & Leadership, Speech & Debate Club, Video Game Club","Core Music, Mixed Media, Filmmaking / Video, Photography, Visual Art, Art History, Mixed Choir, Studio Art, Concert Band, Fashion and Textile Design, and more",NYC Solves,11%,N/A (fewer than 5 teachers),11%,0%,0%,69%,0.9,97%,83%,67%,86%,N/A,N/A,81%,93%,82%,97%,84%,61,89%,74%,189 (19%),344 (35%),14% (69),3% (13),38% (192),<1% (1),<1% (1),44% (221),Fair,96%,N/A,N/A,98%,N/A,N/A,93%,100%,N/A,86%,N/A,N/A,96%,95%,90%,91%,84%,78%,94%,95%,80%,95%,N/A,N/A,95%,89%,97%,78%,91%,89%,71%,93%,N/A,N/A,91%,93%,89%,61%,62%,50%,92%,90%,94%,93%,89%,N/A,N/A,91%,82%,88%,91%,73%,96%,74%,55%,53%,40%,53%,N/A,N/A,58%,57%,60%,93%,98%,80%,93%,N/A,N/A,92%,100%,95%,82%,83%,60%,82%,N/A,N/A,82%,82%,84%,95%,90%,88%,62%,89%,N/A,N/A,92%,83%,86%,83%,79%,70%,88%,86%,N/A,N/A,76%,86%,89%,94%,93%,93%,75%,93%,N/A,N/A,94%,88%,87%
28Q687,Queens High School for the Sciences at York College,Excellent,Good,Needs Improvement,qhss.org,Ana De Jesus,"09,10,11",498,Test,Local Support and Improvement,94-50 159 Street,"Queens, NY 11433",718-657-3181,80%,3%,8%,2%,2%,5%,0%,2%,53%,43%,57%,0%,73%,"Boys: Swimming,Tennis,Handball,Bowling; Girls: Badminton,Volleyball,Bowling; Co-Ed: N/A","Amnesty International, Green Team, Cardinal FOSS/QHSS Hack, QHSS Programming, Asian American Association (Sub CCC), QHSS Badminton, Basketball, Track, Volleyball, NPFH (No Place for Hate), QHSS: ACT!, Model UN, Photography, QHSS Newspaper, eSports,Gender Sexuality Alliance (GSA), MoreMedics, MSA, QHSS Craft, USK Art, QHSS Bookworms/Veritas, QHSS Make-A-Wish, QHSS Chess, Sigma Sorority, Physics","Graphic Design, Computer Art / Digital Art, Studio Art, Symphonic Orchestra, Concert Band",NYC Solves; Respect for All,27%,N/A (fewer than 5 teachers),N/A (fewer than 5 teachers),0%,0%,42%,7.8,62%,76%,80%,64%,57%,67%,69%,N/A,N/A,33%,28%,97,100%,95%,351 (70%),335 (67%),80% (397),3% (15),8% (38),2% (8),2% (8),5% (26),N/A,100%,0%,0%,100%,0%,0%,99%,99%,N/A,N/A,N/A,N/A,N/A,100%,99%,N/A,N/A,80%,94%,94%,100%,90%,71%,100%,100%,N/A,N/A,79%,96%,95%,90%,96%,100%,100%,100%,N/A,N/A,47%,50%,44%,94%,89%,89%,90%,79%,100%,100%,89%,N/A,N/A,97%,94%,97%,72%,61%,60%,70%,62%,71%,67%,71%,N/A,N/A,97%,97%,100%,100%,100%,100%,94%,N/A,N/A,79%,80%,90%,50%,71%,67%,89%,N/A,N/A,86%,80%,76%,N/A,88%,N/A,N/A,N/A,N/A,N/A,73%,66%,64%,N/A,62%,N/A,N/A,N/A,N/A,N/A,83%,83%,83%,N/A,75%,N/A,N/A,N/A,N/A,N/A
28Q690,High School for Law Enforcement and Public Safety,Fair,Good,Good,hsleaps.org,Laura Van Deren,"09,10,11,12,SE",554,"D75 Special Education Inclusive Services, Ed. Opt.",Local Support and Improvement,116-25 Guy R Brewer Boulevard,"Queens, NY 11434",718-977-4800,14%,46%,31%,4%,3%,1%,21%,21%,84%,46%,54%,0%,76%,"Boys: Basketball,Outdoor Track,Cross Country,Volleyball,Indoor Track; Girls: Volleyball,Softball,Cross Country,Outdoor Track,Indoor Track; Co-Ed: N/A",Step/Dance/Music Production/Art/Gaming/Multi-cultural club/MBSK/Student Government/Drama/NYPD Explorers/Girls on Point/Drama/ Japanese/Horticulture/Movie Club/Chess/Gender Sexuality Alliance (GSA),"Fashion and Textile Design, Studio Art, Theater History, Music Enterprise, Management, and Careers, Visual Art, Classroom Music",NYC Solves; Project Pivot,15%,44%,N/A (fewer than 5 teachers),0%,0%,27%,10.7,76%,54%,39%,52%,60%,N/A,N/A,67%,41%,93%,86%,31,37%,53%,64 (12%),108 (19%),13% (20),55% (88),25% (39),3% (5),1% (2),1% (2),Good,99%,N/A,N/A,88%,0%,12%,84%,87%,86%,73%,N/A,N/A,N/A,92%,77%,54%,64%,69%,86%,96%,86%,80%,100%,N/A,N/A,91%,82%,63%,75%,83%,76%,70%,67%,N/A,N/A,68%,74%,81%,83%,83%,76%,73%,76%,71%,72%,100%,50%,N/A,81%,72%,83%,56%,96%,63%,34%,30%,34%,34%,67%,33%,N/A,50%,47%,84%,89%,83%,83%,100%,80%,N/A,85%,72%,65%,81%,65%,58%,80%,50%,N/A,69%,69%,89%,86%,100%,77%,94%,N/A,N/A,N/A,91%,85%,82%,82%,100%,85%,65%,N/A,N/A,N/A,64%,80%,94%,90%,100%,84%,94%,N/A,N/A,N/A,91%,86%
28Q896,"Young Women's Leadership School, Queens",Excellent,Good,Good,www.TYWLSQueens.org,Mala Panday,"06,07,08,09,10,11,SE",279,Screened,Local Support and Improvement,150-91 87 Road,"Queens, NY 11432",718-725-0402,44%,32%,15%,3%,3%,2%,6%,15%,69%,100%,0%,0%,62%,"Boys: N/A; Girls: Basketball,Cross Country,Indoor Track,Bowling,Outdoor Track; Co-Ed: N/A","MS QCH Afterschool, Monday Funday, Music Lessons, Sewing Club, Fun With Robotics, Art Portfolio Club, Shining Stars, Modern Band, Math Club, Student Government, Muslim Student Association, SAT Prep, I AM ME, MS Science Honor Society, Cooking Club, Drop Everything And Read, Dreamers Alliance, Debate Team, Anime Club, HS Senior Activities Committee, HS Senior Yearbook Committee, HS Senior Fund Raising Committee, HS Prom Committee, HS Graduation Committee, HS Volleyball Club, MS Champs Fitness Club, MS Champs Track and Field, Step Club","Studio Art, Mixed Choir, Art History",DYCD: COMPASS/SONYC; NYC Solves,21%,27%,18%,0%,0%,35%,11.2,76%,33%,26%,17%,0%,20%,N/A,50%,38%,84%,68%,79,92%,78%,189 (68%),95 (34%),49% (96),31% (61),12% (24),2% (4),3% (5),2% (4),Good,98%,N/A,N/A,88%,0%,13%,97%,94%,100%,N/A,N/A,N/A,N/A,97%,N/A,N/A,N/A,75%,86%,88%,80%,89%,83%,100%,N/A,89%,85%,56%,68%,76%,76%,38%,N/A,80%,N/A,82%,54%,77%,87%,84%,81%,70%,78%,78%,47%,N/A,N/A,N/A,67%,77%,92%,68%,97%,61%,31%,35%,36%,15%,17%,20%,N/A,73%,37%,88%,90%,83%,90%,100%,80%,N/A,91%,82%,57%,64%,53%,46%,40%,40%,N/A,91%,59%,94%,87%,83%,85%,95%,88%,N/A,N/A,100%,90%,83%,71%,68%,80%,68%,71%,N/A,N/A,79%,61%,95%,93%,91%,89%,100%,100%,N/A,N/A,100%,97%
29Q243,Institute for Health Professions at Cambria Heights,Good,Good,Fair,www.ihpch.org,Gareth Robinson,"09,10,11,12,SE",474,Ed. Opt.,Local Support and Improvement,207- 01 116th Avenue,"Queens, NY 11411",718-723-7301,8%,65%,15%,2%,0%,<1%,9%,9%,68%,66%,34%,0%,91%,"Boys: Outdoor Track,Basketball,Indoor Track,Soccer,Volleyball,Football; Girls: Gymnastics,Volleyball,Basketball,Soccer,Bowling,Softball,Indoor Track,Cross Country,Badminton,Outdoor Track,Tennis; Co-Ed: N/A","Anime Club Art Club Basketball Chick Chat 2.0 French Club Health Occupations Students of America (HOSA) IHPCH Voices (Journalism) Junior State of America (JSA) Korean Club Music Production National Honor Society Nursing Club Rose Club Today's Girl, Tomorrow's Woman Weight Training Writers Block Yearbook","Studio Art, Core Music",Career & Technical Education; Consortium; Project Pivot; PROSE,N/A (fewer than 5 teachers),38%,N/A (fewer than 5 teachers),0%,0%,46%,11.2,92%,71%,55%,72%,20%,N/A,N/A,88%,50%,85%,69%,51,92%,70%,,300 (63%),7% (28),68% (256),15% (55),2% (9),0% (0),1% (4),Excellent,95%,N/A,N/A,83%,N/A,N/A,92%,N/A,91%,91%,N/A,N/A,N/A,90%,95%,71%,93%,83%,90%,89%,89%,90%,100%,N/A,N/A,96%,78%,72%,87%,71%,88%,89%,67%,N/A,N/A,92%,83%,85%,100%,88%,88%,80%,82%,78%,92%,83%,N/A,N/A,88%,79%,87%,54%,95%,75%,51%,53%,44%,69%,67%,N/A,N/A,65%,58%,94%,94%,93%,100%,100%,N/A,N/A,100%,92%,77%,78%,78%,74%,67%,N/A,N/A,88%,58%,92%,77%,N/A,75%,83%,N/A,N/A,N/A,N/A,40%,86%,68%,N/A,69%,83%,N/A,N/A,N/A,N/A,60%,87%,69%,N/A,65%,67%,N/A,N/A,N/A,N/A,20%
29Q248,Queens Preparatory Academy,Fair,Fair,Good,www.queensprepacademy.org,Avionne Gumbs Cummings,"09,10,11,12,SE",290,Ed. Opt.,Local Support and Improvement,143-10 Springfield Boulevard,"Queens, NY 11413",718-712-2304,3%,75%,17%,2%,<1%,2%,17%,21%,79%,32%,68%,0%,80%,"Boys: Basketball,Outdoor Track,Wrestling,Football,Baseball,Indoor Track,Soccer; Girls: Volleyball,Tennis,Softball,Basketball,Outdoor Track,Flag Football,Soccer,Indoor Track; Co-Ed: Stunt,Cricket","AutoCad Architecture Drawing, Media Arts, Brotherhood and Sisterhood Leadership Groups, Student Advisory Council, Journalism Club, QPA Lit Journalism Website Publication, Modern Band, Film & Video Editing Club, Mouse Tech Squad,Gender Sexuality Alliance (GSA), LatinX Club.","Core Music, Visual Art, Concert Band",CS for All; Future Ready NYC; NYC Solves; Project Pivot,N/A (fewer than 5 teachers),33%,N/A (fewer than 5 teachers),0%,0%,28%,1.1,67%,33%,53%,74%,N/A,N/A,N/A,71%,36%,64%,64%,33,43%,58%,72 (25%),85 (29%),3% (4),81% (118),10% (15),2% (3),<1% (1),3% (4),Good,84%,N/A,N/A,75%,0%,25%,78%,N/A,79%,N/A,N/A,N/A,N/A,74%,80%,N/A,68%,66%,92%,75%,94%,90%,N/A,N/A,N/A,88%,89%,68%,82%,78%,84%,78%,N/A,N/A,N/A,86%,69%,56%,46%,46%,89%,87%,89%,88%,81%,N/A,N/A,N/A,76%,87%,85%,55%,96%,71%,49%,78%,50%,43%,N/A,N/A,N/A,67%,43%,90%,89%,90%,90%,N/A,N/A,N/A,95%,89%,70%,78%,71%,67%,N/A,N/A,N/A,81%,63%,92%,84%,N/A,85%,62%,N/A,N/A,N/A,N/A,67%,88%,86%,N/A,84%,100%,N/A,N/A,N/A,N/A,88%,93%,83%,N/A,84%,75%,N/A,N/A,N/A,N/A,82%
29Q259,Pathways College Preparatory School: A College Board School,Excellent,Good,Fair,pathwaysprep.org,Sylvan Haseley,"06,07,08,09,10,11,12,SE",406,Ed. Opt.,Local Support and Improvement,109-89 204 Street,"Queens, NY 11412",718-454-4957,7%,75%,11%,4%,1%,<1%,4%,17%,63%,51%,49%,0%,77%,"Boys: Swimming,Soccer,Basketball,Outdoor Track; Girls: Outdoor Track,Indoor Track,Volleyball,Basketball; Co-Ed: Double Dutch","Dance Company, Step, Cheer, Steel Drum Band, Anime Club, House System, Yearbook,Gender Sexuality Alliance (GSA), 3D Printing and Cyber Security","Theater / Play Production, Dance, Core Music, Photography, Art History, Dance History",CS for All; DYCD: COMPASS/SONYC; Future Ready NYC; NYC Solves,N/A (fewer than 5 teachers),53%,N/A (fewer than 5 teachers),0%,0%,31%,4.2,80%,69%,47%,49%,43%,83%,N/A,43%,52%,88%,76%,59,97%,69%,98 (24%),159 (39%),7% (28),76% (295),10% (39),4% (16),1% (5),1% (4),Excellent,96%,N/A,N/A,97%,N/A,N/A,97%,N/A,100%,N/A,N/A,N/A,N/A,100%,95%,N/A,100%,74%,92%,96%,92%,88%,89%,100%,N/A,78%,88%,60%,74%,71%,74%,73%,79%,100%,N/A,78%,73%,67%,82%,68%,86%,75%,88%,75%,62%,100%,80%,N/A,57%,69%,95%,84%,96%,66%,40%,39%,41%,33%,37%,67%,N/A,40%,53%,87%,97%,85%,93%,90%,100%,N/A,80%,84%,67%,69%,65%,76%,72%,67%,N/A,50%,61%,90%,81%,82%,79%,93%,80%,N/A,N/A,N/A,62%,84%,78%,64%,79%,79%,80%,N/A,N/A,N/A,88%,88%,81%,75%,83%,67%,100%,N/A,N/A,N/A,86%
29Q265,Excelsior Preparatory High School,Good,Good,Fair,www.ephschool.com/,Rodney Orji,"09,10,11,12,SE",493,Ed. Opt.,Local Support and Improvement,143-10 Springfield Boulevard,"Queens, NY 11413",718-525-6507,3%,77%,14%,3%,<1%,1%,11%,17%,73%,44%,56%,0%,81%,"Boys: Football,Wrestling,Baseball,Indoor Track,Soccer,Outdoor Track,Basketball; Girls: Softball,Basketball,Outdoor Track,Soccer,Volleyball,Indoor Track,Tennis,Flag Football; Co-Ed: Cricket,Stunt",N/A,"Concert Band, Mixed Media, Graphic Design, Drawing, Music Technology",CS for All; Future Ready NYC; NYC Solves; Project Pivot; PROSE,N/A (fewer than 5 teachers),43%,N/A (fewer than 5 teachers),N/A (fewer than 5 teachers),0%,33%,3,83%,14%,45%,45%,N/A,N/A,N/A,55%,53%,97%,90%,53,64%,50%,215 (44%),225 (46%),3% (10),79% (258),12% (38),3% (11),<1% (3),2% (6),Excellent,94%,N/A,N/A,96%,N/A,N/A,94%,N/A,97%,N/A,N/A,N/A,N/A,93%,95%,N/A,81%,76%,89%,75%,89%,95%,N/A,N/A,N/A,94%,87%,65%,81%,75%,82%,76%,N/A,N/A,N/A,85%,87%,90%,97%,100%,84%,74%,25%,77%,78%,N/A,N/A,N/A,90%,81%,91%,70%,97%,70%,43%,12%,46%,29%,N/A,N/A,N/A,43%,44%,93%,75%,93%,96%,N/A,N/A,N/A,100%,94%,69%,62%,72%,54%,N/A,N/A,N/A,86%,91%,92%,79%,N/A,76%,N/A,N/A,N/A,N/A,N/A,80%,78%,78%,N/A,78%,N/A,N/A,N/A,N/A,N/A,90%,90%,80%,N/A,80%,N/A,N/A,N/A,N/A,N/A,70%
29Q272,George Washington Carver High School for the Sciences,Fair,Good,Good,GWC.CONNECTWITHKIDS.COM,Latoya Key,"09,10,11,12,SE",396,Ed. Opt.,Local Support and Improvement,143-10 Springfield Boulevard,"Queens, NY 11413",718-525-6439,7%,62%,22%,2%,2%,2%,11%,19%,76%,64%,36%,0%,77%,"Boys: Football,Basketball,Wrestling,Indoor Track,Baseball,Outdoor Track,Soccer; Girls: Tennis,Basketball,Volleyball,Outdoor Track,Softball,Flag Football,Soccer,Indoor Track; Co-Ed: Stunt,Cricket",N/A,Graphic Design,Career & Technical Education; Future Ready NYC; NYC Solves; Project Pivot,N/A (fewer than 5 teachers),46%,N/A (fewer than 5 teachers),0%,0%,29%,1.5,96%,69%,53%,52%,N/A,N/A,N/A,76%,59%,100%,83%,37,57%,49%,75 (19%),184 (46%),11% (22),63% (121),18% (35),3% (5),2% (4),2% (4),Excellent,91%,N/A,N/A,88%,N/A,N/A,83%,N/A,98%,N/A,N/A,N/A,N/A,86%,76%,N/A,80%,69%,90%,100%,90%,87%,N/A,N/A,N/A,67%,88%,65%,83%,83%,83%,81%,N/A,N/A,N/A,72%,83%,85%,100%,94%,79%,75%,100%,75%,67%,N/A,N/A,N/A,89%,79%,92%,75%,96%,66%,38%,38%,41%,28%,N/A,N/A,N/A,33%,48%,88%,92%,85%,92%,N/A,N/A,N/A,72%,78%,65%,54%,66%,70%,N/A,N/A,N/A,67%,69%,90%,85%,N/A,84%,91%,N/A,N/A,N/A,83%,88%,86%,84%,N/A,81%,85%,N/A,N/A,N/A,88%,86%,94%,92%,N/A,91%,100%,N/A,N/A,N/A,100%,100%
29Q283,Preparatory Academy for Writers: A College Board School,Good,,Good,www.preparatoryacademyforwriters.com,Charles Anderson,"06,07,08,09,10,11,12,SE",339,Ed. Opt.,Local Support and Improvement,143-10 Springfield Boulevard,"Queens, NY 11413",718-949-8405,4%,75%,16%,<1%,<1%,2%,13%,17%,71%,49%,51%,0%,88%,"Boys: Soccer,Indoor Track,Football,Wrestling,Outdoor Track,Basketball,Middle Schools Basketball,Baseball; Girls: Basketball,Volleyball,Soccer,Softball,Outdoor Track,Indoor Track,Flag Football,Tennis; Co-Ed: Cricket,Stunt","Creative Writing Magazine Publication, Journalism and Newspaper, Digital Music Class Production, talent show, fashion show, and PAW Jam","Graphic Design, Music History, Music Technology, Art History, Visual Art, Classroom Music, Music Theory / Musicianship",DYCD: COMPASS/SONYC; Future Ready NYC; NYC Solves; Project Pivot,N/A (fewer than 5 teachers),40%,14%,0%,0%,34%,15.1,94%,N/A,77%,N/A,N/A,N/A,N/A,N/A,50%,81%,74%,45,38%,63%,57 (17%),139 (41%),4% (6),84% (138),8% (14),0% (0),<1% (1),3% (5),Fair,93%,7%,0%,95%,N/A,N/A,90%,N/A,92%,N/A,N/A,N/A,N/A,95%,84%,N/A,100%,N/A,96%,N/A,95%,N/A,N/A,N/A,N/A,N/A,83%,N/A,77%,N/A,77%,N/A,N/A,N/A,N/A,N/A,50%,N/A,77%,78%,N/A,95%,N/A,94%,N/A,N/A,N/A,N/A,N/A,80%,90%,71%,96%,N/A,72%,N/A,70%,N/A,N/A,N/A,N/A,N/A,50%,100%,N/A,100%,N/A,N/A,N/A,N/A,N/A,100%,85%,N/A,86%,N/A,N/A,N/A,N/A,N/A,50%,90%,76%,N/A,75%,60%,N/A,N/A,N/A,N/A,67%,85%,79%,N/A,75%,100%,N/A,N/A,N/A,N/A,67%,91%,89%,N/A,93%,80%,N/A,N/A,N/A,N/A,83%
29Q313,Benjamin Franklin High School for Finance & Information Technology,Good,Fair,Good,franklin.fit/,Dudrige Brenord,"09,10,11,12,SE",359,Ed. Opt.,Local Support and Improvement,207- 01 116th Avenue,"Queens, NY 11411",718-276-0150,11%,64%,19%,3%,<1%,1%,13%,18%,73%,34%,66%,0%,76%,"Boys: Outdoor Track,Soccer,Basketball,Indoor Track,Football,Volleyball; Girls: Badminton,Indoor Track,Tennis,Volleyball,Outdoor Track,Soccer,Basketball,Softball,Gymnastics,Bowling,Cross Country; Co-Ed: N/A",N/A,"Visual Art, Illustration",Career & Technical Education; NYC Solves; Project Pivot; PROSE,N/A (fewer than 5 teachers),24%,17%,0%,0%,41%,6.1,79%,75%,61%,55%,40%,N/A,N/A,55%,59%,83%,73%,36,50%,64%,75 (21%),65 (18%),18% (20),63% (72),12% (14),4% (4),2% (2),2% (2),Excellent,88%,12%,0%,88%,0%,12%,88%,N/A,94%,N/A,N/A,N/A,N/A,93%,85%,73%,N/A,80%,88%,100%,89%,81%,67%,N/A,N/A,87%,84%,63%,77%,72%,77%,79%,N/A,N/A,N/A,65%,75%,72%,83%,65%,85%,78%,83%,78%,79%,60%,N/A,N/A,68%,74%,86%,53%,95%,71%,44%,52%,44%,46%,20%,N/A,N/A,36%,39%,87%,91%,86%,87%,80%,N/A,N/A,88%,82%,61%,78%,56%,74%,20%,N/A,N/A,67%,57%,94%,89%,86%,92%,83%,N/A,N/A,N/A,82%,100%,83%,84%,88%,84%,89%,N/A,N/A,N/A,81%,93%,91%,88%,89%,90%,84%,N/A,N/A,N/A,83%,100%
29Q326,Cambria Heights Academy,Good,Excellent,Good,nycacademy.org,Melissa Menake,"09,10,11,12,SE",360,Ed. Opt.,Local Support and Improvement,188-04 91 Avenue,"Queens, NY 11423",718-736-7320,9%,64%,21%,4%,<1%,<1%,12%,21%,71%,36%,64%,0%,84%,"Boys: Table Tennis,Basketball,Indoor Track,Bowling; Girls: Indoor Track,Bowling,Basketball; Co-Ed: Double Dutch","ACTIVITIES Anime Club, Art Club, Chess, Debate Club,Gender Sexuality Alliance (GSA), Mi Gente, Open Library, Soccer, Student Government, and Office Hours SCHOOL SPORTS Cheerleading, Dance, Soccer, Table Tennis PSAL SPORTS - COED Double Dutch PSAL SPORTS - GIRLS Basketball, Bowling, Indoor Track PSAL SPORTS - BOYS Basketball, Bowling, Indoor Track, Table Tennis","Cartooning, Music Technology, Filmmaking / Video, Mixed Media, Graphic Design, Acting, Studio Art, Drawing, Art History",Career & Technical Education; CS for All; Future Ready NYC; NYC Solves; Project Pivot; PROSE,N/A (fewer than 5 teachers),36%,N/A (fewer than 5 teachers),0%,0%,46%,14.2,79%,67%,70%,75%,79%,N/A,N/A,75%,64%,86%,71%,39,58%,66%,227 (63%),132 (37%),10% (24),65% (153),18% (42),5% (12),<1% (1),<1% (2),Excellent,71%,N/A,N/A,88%,0%,12%,91%,N/A,91%,N/A,N/A,N/A,N/A,97%,87%,77%,83%,79%,91%,79%,92%,91%,100%,N/A,N/A,88%,94%,74%,84%,80%,83%,83%,85%,N/A,N/A,83%,79%,86%,93%,93%,89%,87%,86%,88%,86%,82%,N/A,N/A,88%,90%,88%,59%,97%,76%,54%,39%,54%,60%,53%,N/A,N/A,58%,53%,92%,93%,91%,91%,94%,N/A,N/A,92%,93%,74%,54%,76%,71%,82%,N/A,N/A,72%,76%,93%,88%,91%,85%,96%,88%,N/A,N/A,91%,87%,87%,84%,82%,83%,84%,88%,N/A,N/A,82%,89%,93%,90%,100%,88%,96%,88%,N/A,N/A,91%,92%
29Q327,Eagle Academy for Young Men III,Good,Good,Good,Eagleseq.org,Christophe Smith,"06,07,08,09,10,11,12,SE",288,Ed. Opt.,Local Support and Improvement,171-10 Linden Boulevard,"Queens, NY 11434",718-480-2600,2%,81%,8%,1%,<1%,1%,3%,24%,67%,0%,100%,0%,77%,"Boys: Soccer,Basketball,Middle Schools Basketball,Football,Outdoor Track; Girls: N/A; Co-Ed: N/A","Basketball, Football, Track, Travel Club","Art Management / Business, Mixed Media",DYCD: COMPASS/SONYC; Future Ready NYC; NYC Solves; Project Pivot,N/A (fewer than 5 teachers),69%,N/A (fewer than 5 teachers),0%,0%,15%,3.3,79%,N/A,35%,46%,N/A,N/A,N/A,N/A,45%,75%,40%,42,99%,62%,165 (57%),125 (43%),3% (6),77% (162),9% (18),1% (3),<1% (1),1% (3),Needs Improvement,95%,5%,0%,91%,0%,9%,98%,N/A,97%,N/A,N/A,N/A,N/A,N/A,98%,N/A,93%,66%,87%,N/A,86%,87%,N/A,N/A,N/A,80%,88%,51%,67%,60%,66%,80%,N/A,N/A,N/A,N/A,77%,72%,85%,90%,78%,76%,N/A,77%,71%,N/A,N/A,N/A,N/A,74%,95%,86%,94%,65%,46%,0%,46%,47%,N/A,N/A,N/A,N/A,57%,80%,100%,81%,73%,N/A,N/A,N/A,N/A,82%,54%,80%,52%,60%,N/A,N/A,N/A,N/A,51%,92%,91%,N/A,92%,N/A,N/A,N/A,N/A,N/A,94%,90%,87%,N/A,87%,N/A,N/A,N/A,N/A,N/A,100%,97%,94%,N/A,95%,N/A,N/A,N/A,N/A,N/A,94%
29Q492,"Mathematics, Science Research and Technology Magnet High School",Good,Good,Excellent,www.masths.org,Allika Thompson,"09,10,11,12,SE",442,"Ed. Opt., Open",Local Support and Improvement,207- 01 116th Avenue,"Queens, NY 11411",718-978-1837,10%,71%,14%,2%,<1%,<1%,11%,12%,74%,40%,60%,0%,89%,"Boys: Volleyball,Football,Outdoor Track,Basketball,Indoor Track,Soccer; Girls: Bowling,Softball,Basketball,Outdoor Track,Gymnastics,Tennis,Indoor Track,Soccer,Volleyball,Cross Country,Badminton; Co-Ed: N/A","National Honor Society (ARISTA), Student Government, Music Production & Videography Club, STEAM Summer Academy, Life Guard Training and Swimming Club, Performing Arts Club (Dance, Art, Poetry & Music), Chess Club, Culinary Club, Latinos Unidos, East Asian Club, ""Own Your Crown"" (Female Empowerment) Club, MAST Made Men (Male Empowerment Club), Yearbook Club, StraightGay Alliance, My Brother and Sister Keeper (MBSK), Step Team, Study Hall (Before & After School), Science Club, Purple Prints (Print & Broadcast Journalism Club), Creative & Visual Arts' Club, Basketball Club, Weight Training Club, Badminton Club, Young Debaters' Club, Computer Science & Robotics Club, Tech Team, Borough Student Advisory Council (BSAC), Mindfulness Club, Caribbean Association, Beauty Vault (Cosmetology Club).","Mixed Media, Filmmaking / Video, Playwriting, Visual Art",Future Ready NYC; NYC Solves; Project Pivot,17%,48%,N/A (fewer than 5 teachers),0%,0%,24%,6.6,79%,71%,59%,74%,80%,N/A,N/A,74%,60%,92%,81%,45,66%,48%,86 (19%),211 (48%),8% (21),73% (194),14% (37),4% (10),<1% (1),<1% (2),Excellent,95%,N/A,N/A,96%,N/A,N/A,93%,N/A,94%,N/A,N/A,N/A,N/A,96%,92%,90%,N/A,80%,92%,91%,93%,84%,100%,N/A,N/A,77%,92%,69%,77%,78%,75%,76%,100%,N/A,N/A,68%,82%,92%,96%,100%,86%,79%,78%,79%,69%,100%,N/A,N/A,69%,81%,86%,58%,96%,77%,59%,61%,60%,43%,83%,N/A,N/A,58%,64%,90%,100%,88%,89%,100%,N/A,N/A,96%,85%,76%,78%,75%,75%,100%,N/A,N/A,76%,72%,97%,97%,100%,96%,100%,N/A,N/A,N/A,N/A,88%,92%,94%,100%,96%,80%,N/A,N/A,N/A,N/A,100%,97%,97%,100%,96%,100%,N/A,N/A,N/A,N/A,88%
29Q498,"Health, Arts, Robotics, and Technology High School",Excellent,Fair,Excellent,www.hartshs.org,Kayode Ayetiwa,"09,10,11,12,SE",570,Ed. Opt.,Local Support and Improvement,207- 01 116th Avenue,"Queens, NY 11411",718-978-2135,6%,67%,21%,4%,<1%,1%,8%,17%,73%,61%,39%,0%,79%,"Boys: Basketball,Indoor Track,Volleyball,Outdoor Track,Soccer,Football; Girls: Indoor Track,Tennis,Volleyball,Soccer,Outdoor Track,Cross Country,Badminton,Basketball,Gymnastics,Bowling,Softball; Co-Ed: N/A","National Honor Society (ARISTA), Student Government, Performing Arts Club (Dance, Art, Poetry & Music), Chess Club, Culinary Club, Multicultural Club, Anime Club, Math Club, Yearbook Club, My Brother and Sister Keeper (MBSK), Majorettes, Creative Art's Club, Weight Club, Video Game Club, Swimming Club","Visual Art, Photography, Illustration, Studio Art, Modern Dance, Hip Hop",CS for All; Future Ready NYC; NYC Solves; Project Pivot,15%,23%,N/A (fewer than 5 teachers),N/A (fewer than 5 teachers),0%,44%,8.1,72%,68%,42%,63%,71%,N/A,N/A,87%,50%,78%,74%,48,98%,65%,133 (23%),325 (57%),7% (26),69% (271),18% (70),4% (14),<1% (1),1% (5),Excellent,97%,N/A,N/A,91%,0%,9%,96%,N/A,96%,94%,N/A,N/A,N/A,95%,100%,N/A,93%,70%,88%,84%,90%,87%,67%,N/A,N/A,84%,84%,57%,68%,76%,65%,75%,38%,N/A,N/A,76%,57%,80%,84%,78%,82%,73%,71%,75%,68%,67%,N/A,N/A,82%,71%,85%,53%,96%,63%,34%,29%,35%,34%,33%,N/A,N/A,35%,43%,89%,95%,87%,91%,78%,N/A,N/A,94%,84%,55%,50%,55%,52%,78%,N/A,N/A,53%,58%,93%,98%,100%,98%,100%,95%,N/A,100%,100%,98%,97%,95%,93%,97%,92%,90%,N/A,100%,87%,95%,99%,98%,100%,98%,100%,95%,N/A,100%,100%,98%
30Q258,Energy Tech High School,Good,Good,Good,energytechschool.org,Hope Barter,"09,10,11,12,SE",488,"D75 Special Education Inclusive Services, Ed. Opt.",Local Support and Improvement,36-41 28 Street,"Queens, NY 11106",718-472-0536,17%,7%,62%,1%,<1%,11%,8%,17%,77%,19%,81%,0%,78%,"Boys: Soccer,Cross Country,Volleyball,Basketball; Girls: Volleyball,Cross Country; Co-Ed: N/A","Robotics Team and Club, National Honor Society, ACE Mentoring, Art Club, Student Government Association, Community Service Club, Bring Change to Mind Club, Video Game Club, Saturday Academy, SAT Tutoring, Yearbook Committee","Digital Photography, Graphic Design, Studio Art",Career & Technical Education; Future Ready NYC; NYC Solves,22%,N/A (fewer than 5 teachers),24%,N/A (fewer than 5 teachers),N/A (fewer than 5 teachers),46%,11.2,71%,81%,60%,75%,N/A,N/A,68%,71%,73%,83%,53%,73,91%,79%,159 (33%),227 (47%),20% (56),7% (19),60% (164),<1% (2),<1% (1),11% (29),Good,99%,N/A,N/A,93%,0%,7%,93%,100%,N/A,95%,N/A,N/A,N/A,96%,92%,90%,84%,69%,91%,98%,91%,89%,N/A,N/A,87%,77%,88%,81%,91%,95%,88%,92%,N/A,N/A,79%,91%,89%,75%,80%,67%,82%,76%,84%,74%,74%,N/A,N/A,74%,70%,78%,92%,74%,97%,71%,54%,62%,37%,52%,N/A,N/A,62%,43%,50%,89%,92%,84%,91%,N/A,N/A,77%,92%,83%,73%,79%,50%,72%,N/A,N/A,74%,67%,72%,89%,88%,94%,60%,89%,N/A,N/A,88%,78%,94%,83%,80%,76%,80%,83%,N/A,N/A,73%,75%,89%,93%,93%,94%,80%,94%,N/A,N/A,87%,100%,100%
30Q286,"Young Women's Leadership School, Astoria",Excellent,Good,Fair,www.tywls-astoria.org/,Allison Persad,"06,07,08,09,10,11,SE",320,Ed. Opt.,Local Support and Improvement,23-15 Newtown Avenue,"Queens, NY 11102",718-267-2839,28%,7%,42%,<1%,<1%,21%,8%,17%,72%,>99%,<1%,0%,83%,"Boys: N/A; Girls: Basketball,Table Tennis,Outdoor Track,Middle Schools Basketball,Bowling,Volleyball,Softball,Badminton,Soccer; Co-Ed: N/A","Baking Club, Black Student Union, Computer Science Honor Society, Craft Club, Crochet Club, Debate Club, Digital Dance, Environmental Club, EZine Club,Gender Sexuality Alliance (GSA), Latine Club, Muslim Student Association (MSA), Music Performance Club, Namaste Club, Nintendo Switch Club, Philosophy Club, Safety Ambassador, Step Up, Student Council, Science, Scholars Club, TYWLS Turnip Satire Newspaper, Tibetan Awareness Club, Vocal Performance Club, Volunteer Club, Writing Club, PSAL Bowling, PSAL Table Tennis, PSAL Softball, PSAL Outdoor Track & Field, Polyglot Club","Treble Choir, Studio Art, Theater History, Filmmaking / Video, Fashion and Textile Design, Musical Theater, Illustration, Classroom Music, Playwriting, Visual Art, and more",Career & Technical Education; DYCD: COMPASS/SONYC; NYC Solves; PROSE,13%,N/A (fewer than 5 teachers),N/A (fewer than 5 teachers),0%,0%,61%,9.1,82%,55%,29%,60%,N/A,N/A,68%,73%,60%,90%,84%,77,92%,89%,164 (51%),106 (33%),36% (71),6% (12),39% (76),<1% (1),<1% (1),17% (34),Fair,98%,N/A,N/A,97%,N/A,N/A,100%,100%,N/A,100%,N/A,N/A,N/A,100%,N/A,N/A,100%,79%,92%,95%,67%,94%,N/A,N/A,93%,90%,88%,78%,90%,93%,100%,87%,N/A,N/A,88%,90%,90%,64%,80%,74%,85%,79%,71%,N/A,84%,N/A,N/A,79%,N/A,67%,90%,66%,95%,71%,52%,60%,14%,52%,N/A,N/A,52%,55%,67%,96%,94%,100%,96%,N/A,N/A,94%,100%,90%,74%,79%,60%,68%,N/A,N/A,85%,82%,67%,90%,80%,92%,57%,81%,N/A,N/A,81%,100%,77%,80%,70%,65%,100%,73%,N/A,N/A,62%,100%,86%,90%,85%,88%,75%,83%,N/A,N/A,94%,100%,92%
30Q301,Academy for Careers in Television and Film,Excellent,Good,Excellent,www.actvf.org,Alexandra Stahl,"09,10,11,12,SE",538,"ASD/ACES Program, Ed. Opt.",Local Support and Improvement,1-50 51st Avenue,"Queens, NY 11101",718-609-3330,8%,14%,61%,<1%,<1%,14%,4%,23%,71%,50%,50%,0%,83%,"Boys: Baseball,Basketball,Volleyball,Soccer; Girls: Volleyball,Basketball,Flag Football,Softball; Co-Ed: N/A","Senior Honors Production, Student Council,Gender Sexuality Alliance (GSA), Kindness Club","Filmmaking / Video, Visual Art, Acting",Career & Technical Education; NYC Solves; PROSE,10%,N/A (fewer than 5 teachers),22%,0%,0%,57%,2.1,76%,97%,88%,84%,N/A,N/A,82%,87%,78%,94%,84%,72,98%,85%,255 (47%),176 (33%),9% (31),14% (50),58% (205),<1% (1),<1% (2),15% (52),Fair,97%,N/A,N/A,97%,N/A,N/A,96%,100%,95%,95%,N/A,N/A,100%,96%,97%,N/A,90%,75%,91%,97%,91%,91%,N/A,N/A,89%,100%,88%,77%,92%,100%,94%,94%,N/A,N/A,81%,88%,87%,69%,38%,73%,88%,82%,82%,87%,81%,N/A,N/A,77%,88%,80%,90%,71%,96%,76%,63%,74%,67%,60%,N/A,N/A,68%,50%,62%,92%,94%,94%,92%,N/A,N/A,88%,88%,87%,80%,83%,89%,79%,N/A,N/A,76%,69%,75%,96%,93%,95%,86%,95%,N/A,N/A,89%,100%,94%,88%,90%,86%,93%,92%,N/A,N/A,87%,94%,93%,96%,95%,100%,96%,95%,N/A,N/A,95%,94%,97%
30Q417,Gotham Tech High School,,Fair,Good,www.nycfirst.org/gothamtech,Cherylann Gill,"09,10,11,SE",193,Open,Local Support and Improvement,28-01 41 Avenue,"Queens, NY 11101",N/A,14%,8%,59%,4%,0%,15%,18%,17%,76%,30%,70%,0%,66%,"Boys: Basketball,Baseball,Soccer,Handball,Volleyball,Tennis,Swimming; Girls: Volleyball,Basketball,Soccer,Tennis; Co-Ed: Cricket","Newspaper, Social Media Manager, GT Design Challenge,Gender Sexuality Alliance (GSA)","Photography, Guitar",NYC Solves; PROSE,N/A (fewer than 5 teachers),N/A (fewer than 5 teachers),N/A (fewer than 5 teachers),0%,0%,N/A (fewer than 5 teachers),0.2,77%,50%,N/A,58%,40%,N/A,65%,86%,52%,42%,33%,N/A,N/A,N/A,26 (13%),57 (30%),14% (8),2% (1),53% (30),9% (5),0% (0),23% (13),Needs Improvement,100%,0%,0%,96%,N/A,N/A,N/A,N/A,N/A,N/A,N/A,N/A,N/A,N/A,N/A,N/A,N/A,67%,91%,89%,N/A,91%,71%,N/A,95%,100%,86%,67%,75%,88%,N/A,77%,86%,N/A,60%,100%,77%,63%,58%,67%,65%,71%,74%,N/A,70%,86%,N/A,67%,75%,61%,84%,50%,96%,67%,52%,50%,N/A,53%,43%,N/A,64%,62%,41%,92%,95%,N/A,92%,86%,N/A,91%,100%,83%,63%,42%,N/A,69%,57%,N/A,70%,75%,64%,91%,88%,100%,N/A,89%,N/A,N/A,82%,N/A,80%,85%,83%,88%,N/A,81%,N/A,N/A,82%,N/A,100%,94%,88%,71%,N/A,89%,N/A,N/A,91%,N/A,90%
30Q445,William Cullen Bryant High School,Fair,Fair,Good,www.wcbryanths.org,Carlyn St Aubain,"09,10,11,12,SE",1968,"Ed. Opt., Screened, Zoned Guarantee",Local Support and Improvement,48-10 31 Avenue,"Queens, NY 11103",718-721-5404,19%,7%,62%,<1%,<1%,10%,24%,16%,87%,47%,53%,0%,85%,"Boys: Soccer,Basketball,Bowling,Football,Cross Country,Outdoor Track,Wrestling,Baseball,Handball,Indoor Track,Volleyball; Girls: Handball,Indoor Track,Flag Football,Bowling,Tennis,Soccer,Softball,Volleyball,Outdoor Track,Cross Country,Basketball,Wrestling; Co-Ed: Cricket","ACTIVITIES Jazz Band, Orchestra, Rock Band, Show Choir, Piano, Violin, Acting, Playwriting, Theater Company, Technical Theater, Dance Company, Ballet, Tap, Modern, Hip Hop, Studio Art, Graphic Design, Yearbook, Media & Production, Debate, Key Club, Mock Trial, Moot Court, We the People, Student Government, Dance Company, Theater Company, My Brother's Keeper, My Sister's Keeper, Student Leadership, Badminton, Balkan, Beats Per Minute, Bengali, Bhangra, Bollywood, Cheerleading, Colombian, Dominican, Drum Line, Ecuadorian, Japanese, Korean, K-Pop, Mexican, Red Cross, Spikeball, The Hitters (Baseball), Video Game, West Indian, Workout, Yearbook","Studio Art, Mixed Choir, Concert Band, Graphic Design, Acting, Classroom Music, Playwriting, Dance History, Technical Theater, Repertory / Dance Company, and more",21st Century Community Learning Center; Career & Technical Education; Career Readiness and Modern Youth Apprenticeship; Community School; CS for All; Dual Language or TBE; Future Ready NYC; NYC Solves,11%,11%,24%,0%,0%,50%,2.1,74%,59%,49%,63%,89%,100%,54%,70%,55%,87%,79%,43,54%,62%,541 (27%),809 (41%),25% (258),5% (49),58% (600),<1% (7),<1% (5),11% (112),Excellent,96%,4%,0%,96%,0%,4%,82%,89%,76%,80%,N/A,N/A,85%,86%,79%,66%,69%,69%,87%,84%,85%,88%,100%,100%,87%,84%,89%,67%,77%,78%,74%,77%,56%,80%,72%,80%,80%,71%,67%,81%,84%,80%,84%,81%,79%,78%,N/A,71%,80%,79%,84%,52%,96%,68%,44%,49%,48%,42%,56%,60%,43%,50%,49%,90%,91%,83%,90%,100%,100%,83%,89%,91%,73%,73%,73%,74%,78%,80%,70%,78%,74%,91%,92%,88%,98%,94%,100%,N/A,86%,97%,92%,83%,81%,78%,91%,82%,80%,N/A,82%,85%,84%,94%,92%,91%,98%,94%,100%,N/A,86%,94%,94%
30Q450,Long Island City High School,Fair,Good,,longislandcityhs.schoolwires.net,Vivian Selenikas,"09,10,11,12,SE",1864,"Ed. Opt., Language Criteria, Screened, Zoned Guarantee",Local Support and Improvement,14-30 Broadway,"Queens, NY 11106",718-545-7095,7%,9%,73%,<1%,<1%,7%,22%,19%,89%,52%,48%,0%,88%,"Boys: Fencing,Handball,Gymnastics,Tennis,Baseball,Basketball,Soccer,Wrestling,Cross Country,Swimming,Football,Bowling,Volleyball,Lacrosse; Girls: Basketball,Tennis,Softball,Soccer,Handball,Swimming,Lacrosse,Volleyball,Gymnastics,Golf,Fencing,Bowling,Cross Country; Co-Ed: Golf,Cricket","Art Club, Arts & Crafts Club, College Club, Dance Club, Digital Design Program, Fall and Spring Drama & Musical Productions, Future Ready NYC Software Design Program, Gardening Club,Gender Sexuality Alliance (GSA), HANAC SYEP, Junior Reserve Officers' Training (JROTC), Marching Band, Drum Line & Jazz Band, Mock Trial, Multicultural events, National Honor Society (NHS), Rock Band, Tabletop Gaming Club, Winter and Spring Concerts","Theater / Play Production, Mixed Media, Concert Band, Guitar, Three-Dimensional Art, Advertising Art, Art History, Illustration, Computer Art / Digital Art, Mixed Choir, and more",Career & Technical Education; Community School; CS for All; Dual Language or TBE; Future Ready NYC; NYC Solves; Project Pivot,14%,6%,25%,0%,0%,51%,12.2,74%,40%,20%,41%,N/A,N/A,39%,56%,34%,53%,36%,44,69%,53%,630 (34%),736 (39%),9% (93),8% (82),72% (747),<1% (6),<1% (4),8% (85),Excellent,85%,N/A,N/A,93%,0%,7%,81%,86%,67%,81%,N/A,N/A,81%,85%,76%,73%,63%,71%,88%,92%,85%,89%,N/A,N/A,80%,83%,87%,67%,77%,69%,75%,78%,N/A,N/A,77%,75%,77%,73%,71%,81%,86%,80%,85%,71%,81%,N/A,N/A,85%,78%,85%,84%,55%,95%,69%,45%,52%,40%,44%,N/A,N/A,56%,49%,49%,91%,97%,89%,90%,N/A,N/A,89%,88%,89%,75%,70%,58%,78%,N/A,N/A,65%,76%,75%,N/A,79%,86%,71%,79%,N/A,N/A,81%,85%,73%,N/A,69%,71%,69%,67%,N/A,N/A,81%,69%,67%,N/A,87%,93%,79%,88%,N/A,N/A,81%,90%,87%
30Q501,Frank Sinatra School of the Arts High School,Excellent,Good,Good,www.franksinatraschoolofthearts.org,Gideon Rafel Frankel,"09,10,11,12,SE",839,Audition,Local Support and Improvement,35-12 35th Avenue,"Queens, NY 11106",718-361-9920,11%,9%,27%,<1%,<1%,36%,<1%,15%,35%,67%,32%,<1%,82%,"Boys: Outdoor Track,Baseball,Basketball; Girls: Softball,Tennis,Volleyball,Soccer,Basketball,Outdoor Track; Co-Ed: N/A","The Environmental Club, The Debate Club, The Social Justice Club, The Chess Club, The Columbia Writing Club, The Step Team, Cheerleaders, Girls Who Code, International Thespian Society,Gender Sexuality Alliance (GSA), Yoga Club, My Brother's Keeper, My Sister's Keeper, Fashion Club, Key Club","Filmmaking / Video, Mixed Choir, Music Theory / Musicianship, String Orchestra, Art History, Acting, Modern Dance, Ballet, Visual Art, Woodwind Ensemble, and more",Career & Technical Education; NYC Solves; Respect for All,N/A (fewer than 5 teachers),10%,19%,N/A (fewer than 5 teachers),0%,66%,7.1,95%,84%,82%,91%,100%,N/A,84%,N/A,86%,96%,88%,85,99%,84%,553 (66%),517 (62%),11% (79),8% (59),26% (181),<1% (6),<1% (3),37% (261),Needs Improvement,96%,N/A,N/A,94%,N/A,N/A,100%,100%,100%,100%,N/A,N/A,100%,99%,100%,N/A,100%,79%,95%,95%,88%,92%,100%,N/A,98%,N/A,96%,82%,94%,93%,99%,95%,100%,N/A,94%,N/A,94%,81%,84%,95%,82%,66%,61%,74%,72%,57%,N/A,63%,N/A,71%,92%,78%,95%,67%,46%,49%,41%,48%,43%,N/A,47%,N/A,51%,92%,90%,96%,94%,57%,N/A,91%,N/A,92%,81%,85%,83%,77%,100%,N/A,82%,N/A,76%,93%,83%,88%,93%,77%,N/A,N/A,82%,N/A,76%,83%,65%,58%,79%,61%,N/A,N/A,65%,N/A,83%,96%,94%,92%,100%,95%,N/A,N/A,94%,N/A,95%
30Q502,Information Technology High School,Good,Good,Good,www.infotechhs.net,Jean Woods Powell,"09,10,11,12,SE",843,"D75 Special Education Inclusive Services, Ed. Opt.",Local Support and Improvement,21-16 44th Road,"Queens, NY 11101",718-937-4270,17%,8%,65%,<1%,<1%,7%,12%,19%,86%,31%,69%,0%,86%,"Boys: Indoor Track,Football,Volleyball,Baseball,Wrestling,Soccer,Basketball,Cross Country,Outdoor Track; Girls: Volleyball,Cross Country,Outdoor Track,Bowling,Softball,Indoor Track,Basketball; Co-Ed: N/A","Art, Band, The Buddies Alliance, Climbing, Dance, Drama, Gamers,Gender Sexuality Alliance (GSA), NHS, Peer Tutoring, Safe Space, Student Govt, MSA","Studio Art, Music Technology, Graphic Design, Concert Band, Three-Dimensional Art, Illustration, String Orchestra, Fashion and Textile Design",Career & Technical Education; NYC Solves; Respect for All,25%,17%,20%,0%,0%,36%,5.9,73%,76%,68%,78%,N/A,N/A,74%,69%,65%,96%,83%,46,66%,67%,453 (54%),274 (33%),20% (116),8% (43),63% (357),<1% (3),<1% (1),7% (38),Good,97%,N/A,N/A,94%,0%,6%,87%,89%,90%,86%,N/A,N/A,N/A,86%,88%,72%,80%,74%,91%,92%,80%,93%,N/A,N/A,88%,83%,91%,79%,90%,91%,86%,90%,N/A,N/A,92%,81%,85%,83%,84%,87%,86%,82%,86%,81%,81%,N/A,N/A,76%,78%,80%,90%,74%,96%,72%,48%,54%,39%,48%,N/A,N/A,45%,47%,49%,91%,92%,81%,93%,N/A,N/A,92%,91%,90%,76%,86%,66%,76%,N/A,N/A,68%,81%,72%,94%,92%,88%,80%,94%,N/A,N/A,88%,94%,88%,83%,81%,67%,100%,83%,N/A,N/A,82%,84%,88%,96%,93%,92%,89%,94%,N/A,N/A,88%,94%,94%
30Q555,Newcomers High School,Fair,Fair,Fair,newcomershs.schoolwires.net,Elizabeth Messmann,"09,10,11,12,SE",1428,Language Criteria,Local Support and Improvement,28-01 41 Avenue,"Queens, NY 11101",718-937-6005,4%,1%,90%,<1%,<1%,4%,88%,3%,>95%,41%,59%,<1%,85%,"Boys: Swimming,Basketball,Volleyball,Tennis,Baseball,Handball,Soccer; Girls: Volleyball,Tennis,Soccer,Basketball; Co-Ed: Cricket","Dance, Band, Cheerleading, Boxing, Skateboarding, cultural clubs,Gender Sexuality Alliance (GSA)","Studio Art, Theater Survey, Drawing, Computer Art / Digital Art, Acting, Visual Art",Community School; Dual Language or TBE; NYC Solves; New Arrivals,16%,7%,46%,0%,0%,29%,3,57%,50%,67%,67%,N/A,N/A,43%,68%,67%,44%,41%,40,53%,41%,347 (24%),568 (40%),7% (52),2% (15),86% (598),<1% (2),<1% (1),4% (30),Excellent,97%,N/A,N/A,92%,N/A,N/A,78%,88%,N/A,77%,N/A,N/A,N/A,83%,74%,77%,N/A,73%,88%,75%,75%,89%,N/A,N/A,86%,87%,91%,67%,76%,78%,83%,75%,N/A,N/A,73%,76%,78%,72%,82%,82%,82%,77%,86%,100%,76%,N/A,N/A,62%,76%,87%,76%,43%,96%,69%,54%,57%,79%,53%,N/A,N/A,54%,55%,65%,92%,93%,92%,92%,N/A,N/A,92%,91%,92%,70%,69%,77%,70%,N/A,N/A,58%,73%,67%,89%,84%,96%,83%,84%,N/A,N/A,86%,85%,71%,76%,72%,79%,40%,72%,N/A,N/A,86%,73%,57%,92%,89%,100%,83%,88%,N/A,N/A,93%,91%,71%
30Q575,Academy of American Studies,Excellent,,Good,www.academyofamericanstudies.com,William Bassell,"09,10,11,12,SE",1388,"Ed. Opt., Screened",Local Support and Improvement,40-11 28 Street,"Queens, NY 11101",929-487-1910,24%,3%,36%,<1%,<1%,35%,2%,11%,60%,53%,47%,0%,83%,"Boys: Soccer,Cross Country,Bowling,Volleyball,Basketball,Baseball; Girls: Volleyball,Soccer,Flag Football,Bowling,Basketball,Softball,Cross Country; Co-Ed: Stunt",Gender Sexuality Alliance (GSA),"Music Theory / Musicianship, Studio Art, Concert Band, Visual Art, Mixed Choir, Art History, Playwriting, Opera, Computer Art / Digital Art, Acting, and more",NYC Solves,18%,6%,17%,N/A (fewer than 5 teachers),0%,54%,13,83%,81%,78%,89%,N/A,N/A,91%,N/A,82%,93%,82%,69,95%,90%,597 (43%),642 (46%),25% (271),3% (35),33% (366),<1% (4),<1% (3),37% (402),Fair,99%,N/A,N/A,94%,N/A,N/A,96%,96%,N/A,96%,N/A,N/A,98%,98%,95%,92%,78%,N/A,92%,93%,100%,92%,N/A,N/A,90%,N/A,88%,N/A,91%,94%,78%,86%,N/A,N/A,93%,N/A,91%,N/A,82%,76%,N/A,73%,79%,50%,77%,N/A,N/A,64%,N/A,77%,91%,73%,94%,N/A,51%,47%,60%,55%,N/A,N/A,49%,N/A,46%,91%,92%,80%,91%,N/A,N/A,89%,N/A,89%,84%,84%,70%,83%,N/A,N/A,86%,N/A,86%,91%,83%,91%,78%,79%,N/A,N/A,83%,N/A,85%,82%,76%,73%,88%,76%,N/A,N/A,78%,N/A,89%,93%,88%,95%,100%,80%,N/A,N/A,90%,N/A,92%
30Q580,Baccalaureate School for Global Education,Excellent,Good,Good,www.bsge.org,Heather Page,"07,08,09,10,11,SE",408,Screened With Assessment,Local Support and Improvement,34-12 36 Avenue,"Queens, NY 11106",718-361-5275,40%,3%,21%,<1%,<1%,29%,3%,15%,47%,54%,46%,0%,69%,"Boys: Soccer,Basketball,Table Tennis,Outdoor Track; Girls: Basketball,Soccer,Outdoor Track,Softball; Co-Ed: N/A","BaccRag (school newspaper), Helping Hands community service network, Global Glimpse, TDF Wendy Wasserstein Project, Model U.N., Debate Team, Robotics Team, Out & Bacc hiking club, Creative Writing Club, Student Government, Boxing club, Yoga, Crochet Club, Red Cross club, Red, and many other student clubs/organizations","Studio Art, Computer Art / Digital Art, Acting, Visual Art",NYC Solves; Respect for All,24%,15%,15%,0%,0%,47%,2.1,91%,49%,90%,48%,40%,N/A,52%,N/A,69%,42%,47%,91,95%,88%,,210 (51%),40% (154),4% (14),19% (73),1% (4),<1% (1),31% (117),Fair,100%,0%,0%,97%,N/A,N/A,99%,100%,N/A,93%,N/A,N/A,100%,100%,98%,N/A,92%,76%,94%,92%,89%,96%,N/A,N/A,97%,N/A,91%,78%,89%,89%,89%,89%,80%,N/A,91%,N/A,86%,72%,68%,67%,82%,75%,76%,90%,81%,N/A,N/A,75%,N/A,77%,95%,89%,97%,65%,45%,37%,70%,47%,20%,N/A,54%,N/A,58%,91%,93%,90%,91%,80%,N/A,88%,N/A,86%,76%,74%,100%,76%,N/A,N/A,79%,N/A,67%,88%,81%,92%,N/A,70%,N/A,N/A,81%,N/A,78%,85%,72%,76%,N/A,80%,N/A,N/A,63%,N/A,100%,94%,87%,92%,N/A,85%,N/A,N/A,88%,N/A,100%
31R028,The Eagle Academy for Young Men of Staten Island,Fair,Good,Excellent,eaglestatenisland.org/,Jermaine Cameron,"06,07,08,09,10,11,12,SE",102,Open,Local Support and Improvement,101 Warren Street,"Staten Island, NY 10304",718-727-6201,3%,57%,36%,<1%,0%,3%,7%,43%,86%,0%,100%,0%,78%,"Boys: Middle Schools Basketball,Volleyball,Basketball; Girls: N/A; Co-Ed: N/A",N/A,"Dance History, Filmmaking / Video, Visual Art",DYCD: COMPASS/SONYC; Future Ready NYC; Project Pivot; PROSE,N/A (fewer than 5 teachers),22%,N/A (fewer than 5 teachers),0%,0%,56%,10.2,88%,40%,51%,62%,N/A,N/A,64%,71%,58%,85%,82%,32,25%,55%,32 (31%),21 (21%),4% (2),51% (26),41% (21),2% (1),0% (0),2% (1),Excellent,90%,10%,0%,98%,N/A,N/A,86%,N/A,N/A,N/A,N/A,N/A,N/A,N/A,86%,N/A,85%,78%,85%,100%,81%,90%,N/A,N/A,80%,77%,85%,54%,78%,N/A,80%,79%,N/A,N/A,70%,73%,84%,89%,94%,100%,83%,81%,N/A,77%,94%,N/A,N/A,N/A,83%,82%,83%,40%,97%,69%,55%,60%,53%,57%,N/A,N/A,64%,59%,62%,85%,100%,84%,84%,N/A,N/A,91%,81%,89%,64%,80%,61%,71%,N/A,N/A,45%,52%,67%,95%,92%,N/A,91%,93%,N/A,N/A,N/A,100%,94%,95%,96%,N/A,98%,93%,N/A,N/A,N/A,100%,97%,96%,93%,N/A,91%,97%,N/A,N/A,N/A,100%,94%
31R047,CSI High School for International Studies,Excellent,Excellent,Good,csihighschool.org,Joseph Canale,"09,10,11,12,SE",519,Open,Local Support and Improvement,100 Essex Drive,"Staten Island, NY 10314",718-370-6900,32%,7%,23%,<1%,0%,37%,1%,19%,55%,50%,50%,0%,58%,"Boys: Wrestling,Basketball,Baseball,Tennis,Outdoor Track,Fencing,Indoor Track,Cross Country,Soccer; Girls: Softball,Fencing,Soccer,Cross Country,Outdoor Track,Basketball,Flag Football,Tennis,Volleyball,Indoor Track; Co-Ed: N/A",LOGIC CLUB THEATER CLUB AWARENESS CLUB ART CLUB MUSLIM STUDENT ASSOCIATION CLUB (MSA) POLITICS FOR TEENS LION/NICHE CSIHS GENDER SEXUALITY ALLIANCE CHINESE CULTURE CLUB JEWELRY CLUB DEBATE CLUB GAME N' GO CULTURE CLUB JEWISH MUSLIM STUDENT ALLIANCE,"Percussion, Mixed Media, Studio Art, Classroom Music, Drawing",NYC Solves,N/A (fewer than 5 teachers),N/A (fewer than 5 teachers),N/A (fewer than 5 teachers),0%,0%,78%,14,96%,88%,70%,89%,N/A,N/A,86%,80%,85%,90%,85%,75,94%,88%,205 (39%),129 (25%),34% (102),6% (17),20% (62),<1% (1),0% (0),38% (117),Good,99%,N/A,N/A,99%,N/A,N/A,99%,98%,N/A,96%,N/A,N/A,100%,99%,99%,N/A,96%,77%,93%,95%,97%,92%,N/A,N/A,91%,N/A,90%,84%,95%,95%,90%,93%,N/A,N/A,97%,80%,89%,86%,100%,80%,85%,73%,72%,80%,71%,N/A,N/A,73%,80%,78%,94%,82%,95%,75%,57%,62%,57%,48%,N/A,N/A,58%,20%,52%,94%,95%,89%,94%,N/A,N/A,94%,100%,93%,73%,81%,38%,63%,N/A,N/A,78%,60%,61%,98%,95%,95%,91%,95%,N/A,N/A,96%,N/A,98%,81%,75%,64%,80%,92%,N/A,N/A,77%,N/A,93%,96%,93%,95%,100%,95%,N/A,N/A,90%,N/A,98%
31R064,Gaynor McCown Expeditionary Learning School,Excellent,Excellent,Good,www.gaynormccownels.org/,Margaret Tang,"09,10,11,SE",532,Ed. Opt.,Local Support and Improvement,100 Essex Drive,"Staten Island, NY 10314",718-370-6950,14%,6%,27%,<1%,0%,47%,<1%,25%,51%,48%,52%,0%,72%,"Boys: Cross Country,Soccer,Wrestling,Indoor Track,Basketball,Outdoor Track,Fencing,Tennis,Baseball; Girls: Softball,Soccer,Volleyball,Flag Football,Tennis,Fencing,Outdoor Track,Indoor Track,Cross Country,Basketball; Co-Ed: N/A","National Honor Society, School News Paper, Senior Council, Equality Among Teens, Muslim and Arab American Society, Bible Study, Harry Potter Fans, Chess and Games, Film, Key Club, Club 360, Hack Club, Community Service. Students have the opportunity to create any new clubs not listed!","Studio Art, Graphic Design",NYC Solves; Pathways Advising; PROSE,0%,0%,15%,0%,0%,82%,5,82%,87%,88%,75%,N/A,N/A,83%,N/A,82%,100%,96%,66,95%,69%,87 (16%),196 (37%),18% (44),4% (10),25% (63),0% (0),0% (0),47% (118),Needs Improvement,97%,N/A,N/A,98%,N/A,N/A,99%,N/A,N/A,96%,N/A,N/A,100%,98%,100%,N/A,100%,83%,93%,91%,89%,94%,N/A,N/A,92%,N/A,92%,82%,94%,90%,100%,92%,N/A,N/A,96%,N/A,94%,94%,100%,92%,85%,78%,70%,78%,73%,N/A,N/A,82%,N/A,95%,91%,68%,97%,77%,59%,59%,67%,53%,N/A,N/A,60%,N/A,71%,94%,97%,100%,92%,N/A,N/A,93%,N/A,95%,77%,70%,100%,69%,N/A,N/A,82%,N/A,80%,95%,86%,100%,N/A,83%,N/A,N/A,86%,N/A,81%,86%,75%,67%,N/A,71%,N/A,N/A,78%,N/A,85%,90%,87%,83%,N/A,88%,N/A,N/A,86%,N/A,89%
31R080,The Michael J. Petrides School,Good,Excellent,Good,Petridesschool.com,Anthony Tabbitas,"PK,0K,01,02,03,04,05,06,07,08,09,10,11,12,SE",491,"D75 Special Education Inclusive Services, Ed. Opt.",Local Support and Improvement,715 Ocean Terrace,"Staten Island, NY 10301",718-815-0186,13%,21%,33%,<1%,<1%,30%,2%,26%,61%,47%,53%,0%,78%,"Boys: Swimming,Soccer,Wrestling,Cross Country,Football,Bowling,Basketball,Fencing,Indoor Track,Baseball,Outdoor Track,Handball,Tennis; Girls: Lacrosse,Golf,Outdoor Track,Basketball,Soccer,Indoor Track,Bowling,Volleyball,Softball,Swimming,Cross Country; Co-Ed: Golf","Astronomy Club, Billion Oyster Project Club, Community Affairs Project(C.A.P.), Cheerleading, Chess Club, Cooking Club, Council For Unity (CFU), Craft Club, Habitat For Humanity, History Club, Italian Club,Gender Sexuality Alliance (GSA), Math Team, Media and Technology Club, My Brothers Keeper, My Sisters Keeper, National Honor Society, Newspaper, Petrides against Cancer Society (PACS), Passport Club, Step Team, Spoken Word, Student Government, Yearbook, SING, Spring Musical, Winter Concert, Spring Concert, Art Show","Visual Art, Graphic Design, Dramatic Literature, Dance, Mixed Choir, Filmmaking / Video, String Orchestra, Jazz Ensemble, Concert Band, Music Enterprise, Management, and Careers",DYCD: COMPASS/SONYC; NYC Reads; PROSE,N/A (fewer than 5 teachers),N/A (fewer than 5 teachers),11%,N/A (fewer than 5 teachers),0%,81%,0.9,78%,59%,54%,46%,N/A,N/A,57%,75%,49%,95%,86%,53,57%,79%,218 (44%),119 (24%),19% (44),12% (29),27% (63),<1% (1),<1% (1),39% (92),Needs Improvement,100%,N/A,N/A,98%,0%,2%,92%,100%,96%,78%,N/A,N/A,100%,90%,94%,N/A,93%,79%,87%,89%,87%,81%,N/A,N/A,92%,93%,83%,64%,79%,73%,81%,80%,N/A,N/A,78%,94%,80%,94%,99%,99%,88%,83%,88%,79%,82%,N/A,N/A,84%,100%,81%,91%,74%,97%,72%,46%,42%,42%,44%,N/A,N/A,51%,53%,50%,87%,92%,83%,86%,N/A,N/A,89%,88%,81%,74%,73%,74%,72%,N/A,N/A,78%,69%,71%,95%,89%,96%,91%,87%,N/A,N/A,88%,90%,89%,87%,84%,83%,85%,83%,N/A,N/A,86%,89%,91%,95%,93%,98%,95%,90%,N/A,N/A,92%,95%,93%
31R440,New Dorp High School,Fair,Good,Good,www.newdorphs.org,Seth Schoenfeld,"09,10,11,12,SE",3028,"ASD/ACES Program, D75 Special Education Inclusive Services, Ed. Opt., Screened, Zoned Guarantee",Local Support and Improvement,465 New Dorp Lane,"Staten Island, NY 10306",718-667-8686,17%,8%,30%,<1%,<1%,42%,9%,21%,63%,48%,52%,<1%,89%,"Boys: Outdoor Track,Soccer,Volleyball,Wrestling,Cross Country,Baseball,Basketball,Lacrosse,Tennis,Handball,Football,Bowling,Indoor Track; Girls: Volleyball,Gymnastics,Outdoor Track,Lacrosse,Tennis,Basketball,Softball,Indoor Track,Handball,Flag Football,Soccer,Cross Country,Golf,Bowling; Co-Ed: Golf,Stunt",Activities: Algebra Club Asian Culture Club Baking Club Business Club Case Study Club Christian Club Coptic Orthodox Club Computer Science Club Creative Writing Crochet Club Dungeons and Dragons Club English SAT Club Environmental Club Fine Arts Club Folklrico Club Board Game Club Glee Club Gay StraightAlliance Impactful Youth Club Interact Club Jewish Culture Club Key Club Math Club Medical Club Philosophy Club Physics Club Robotics Club SING Society of Women Engineers Spanish Culture Club STEM Research Club Students of Islam Student Union Ukrainian Club Weight Training Club Women's Empowerment Club,"Studio Art, Mixed Media, Visual Art, Core Music, Digital Photography, Art Management / Business, Computer Art / Digital Art, Graphic Design, Portfolio Development, Drawing, and more",Career & Technical Education; Future Ready NYC; NYC Solves; Project Pivot,4%,N/A (fewer than 5 teachers),7%,0%,0%,81%,2.8,78%,56%,59%,59%,N/A,N/A,63%,80%,59%,66%,45%,57,76%,64%,884 (29%),1134 (37%),22% (360),6% (107),23% (377),<1% (4),0% (0),47% (780),Fair,98%,N/A,N/A,95%,N/A,N/A,88%,92%,71%,80%,N/A,N/A,95%,92%,84%,66%,83%,76%,92%,93%,90%,91%,100%,N/A,92%,92%,92%,70%,82%,80%,80%,82%,N/A,N/A,82%,87%,84%,81%,81%,86%,83%,77%,79%,71%,77%,100%,N/A,77%,83%,83%,91%,75%,96%,72%,57%,56%,54%,53%,40%,N/A,60%,61%,61%,92%,94%,89%,93%,100%,N/A,92%,94%,92%,79%,77%,73%,74%,60%,N/A,84%,78%,80%,90%,86%,86%,80%,83%,N/A,N/A,88%,83%,87%,76%,69%,56%,70%,72%,N/A,N/A,72%,67%,82%,94%,91%,91%,82%,89%,N/A,N/A,92%,96%,89%
31R445,Port Richmond High School,Fair,Excellent,Good,www.portrichmondhs.org,Andrew Greenfield,"09,10,11,12,SE",1758,"D75 Special Education Inclusive Services, Ed. Opt., Screened, Zoned Guarantee",Local Support and Improvement,85 St Josephs Avenue,"Staten Island, NY 10302",718-420-2100,7%,22%,54%,<1%,<1%,14%,15%,29%,81%,48%,52%,<1%,91%,"Boys: Wrestling,Indoor Track,Lacrosse,Baseball,Bowling,Handball,Outdoor Track,Basketball,Swimming,Tennis,Volleyball,Cross Country,Football,Soccer; Girls: Bowling,Gymnastics,Cross Country,Swimming,Flag Football,Tennis,Outdoor Track,Basketball,Soccer,Indoor Track,Softball,Volleyball; Co-Ed: Golf,Stunt",N/A,"Concert Band, Drawing, Guitar, Acting, Filmmaking / Video, Theater / Play Production, String Orchestra, Art History, Photography, Music History, and more",Career & Technical Education; Community School; NYC Solves; Project Pivot,N/A (fewer than 5 teachers),7%,14%,0%,0%,74%,6.2,74%,61%,61%,68%,50%,N/A,72%,79%,61%,90%,85%,37,55%,48%,202 (11%),683 (39%),8% (67),19% (157),54% (447),<1% (5),<1% (3),16% (133),Good,93%,N/A,N/A,96%,N/A,N/A,78%,91%,71%,76%,N/A,N/A,86%,80%,76%,62%,73%,80%,93%,90%,92%,93%,100%,N/A,95%,93%,90%,71%,78%,76%,78%,79%,100%,N/A,74%,82%,77%,88%,95%,95%,86%,82%,84%,82%,81%,80%,N/A,83%,89%,83%,86%,59%,96%,76%,58%,57%,53%,59%,55%,N/A,65%,63%,63%,93%,91%,91%,94%,100%,N/A,93%,95%,91%,79%,75%,76%,81%,82%,N/A,79%,86%,77%,94%,91%,96%,91%,90%,N/A,N/A,94%,94%,94%,77%,75%,62%,79%,74%,N/A,N/A,80%,81%,78%,95%,93%,98%,92%,91%,N/A,N/A,97%,94%,94%
31R450,Curtis High School,Good,Good,Fair,www.curtishs.org,Gregory Jaenicke,"09,10,11,12,SE",2276,"D75 Special Education Inclusive Services, Ed. Opt., Open, Screened, Zoned Guarantee",Local Support and Improvement,105 Hamilton Avenue,"Staten Island, NY 10301",718-390-1800,8%,30%,48%,<1%,<1%,11%,9%,20%,79%,54%,46%,0%,91%,"Boys: Wrestling,Basketball,Lacrosse,Indoor Track,Volleyball,Football,Cross Country,Bowling,Baseball,Tennis,Handball,Soccer,Outdoor Track,Swimming; Girls: Volleyball,Basketball,Gymnastics,Indoor Track,Tennis,Rugby,Handball,Golf,Lacrosse,Flag Football,Outdoor Track,Softball,Soccer,Cross Country,Swimming,Bowling,Wrestling; Co-Ed: Golf,Double Dutch","ADL, ASPIRA, Art Club, Chorus, Gaming Club, Garden Club, Girls Who Code, Health Ambassadors, Journalism Club, Key Club, Law Club, Math Team, Muslim Student Association, MBK, MSK, Newspaper, Nex Gen Educators, Nursing Club, Peer Mediation, Pride Club, Robotics Team, Science in Focus Club, Voices of Color Action Club, Warrior TV, Yearbook","Classroom Music, Computer Art / Digital Art, Drawing, Theater Survey, Theater / Play Production, Painting, Filmmaking / Video, Art History, Digital Photography, Studio Art, and more",Career & Technical Education; Community School; Dual Language or TBE; DYCD: COMPASS/SONYC; NYC Solves; Project Pivot,N/A (fewer than 5 teachers),11%,17%,0%,0%,68%,9.1,84%,52%,47%,53%,N/A,N/A,56%,70%,43%,80%,69%,49,60%,73%,657 (29%),574 (25%),11% (127),27% (307),42% (468),0% (0),<1% (1),15% (170),Excellent,95%,N/A,N/A,90%,0%,10%,84%,93%,83%,81%,N/A,N/A,93%,91%,75%,64%,66%,75%,91%,92%,88%,91%,N/A,N/A,95%,90%,90%,64%,78%,76%,79%,78%,N/A,N/A,81%,78%,76%,83%,87%,95%,83%,77%,79%,75%,79%,N/A,N/A,74%,86%,78%,84%,56%,96%,69%,47%,47%,43%,46%,N/A,N/A,57%,51%,43%,92%,91%,89%,94%,N/A,N/A,92%,94%,93%,79%,79%,78%,78%,N/A,N/A,84%,76%,76%,89%,78%,73%,71%,80%,N/A,N/A,86%,75%,81%,76%,69%,47%,71%,66%,N/A,N/A,75%,75%,77%,92%,84%,80%,76%,83%,N/A,N/A,90%,75%,81%
31R455,Tottenville High School,Good,Good,Good,tottenvillehs.org,Gina Battista,"09,10,11,12,SE",3802,"ASD/ACES Program, D75 Special Education Inclusive Services, Ed. Opt., Screened, Zoned Guarantee",Local Support and Improvement,100 Luten Avenue,"Staten Island, NY 10312",718-668-8800,14%,2%,19%,<1%,<1%,63%,3%,23%,44%,50%,50%,<1%,92%,"Boys: Bowling,Football,Baseball,Indoor Track,Handball,Table Tennis,Gymnastics,Tennis,Swimming,Fencing,Outdoor Track,Volleyball,Basketball,Wrestling,Lacrosse,Soccer,Cross Country; Girls: Cross Country,Volleyball,Fencing,Gymnastics,Indoor Track,Bowling,Swimming,Table Tennis,Lacrosse,Badminton,Golf,Flag Football,Handball,Soccer,Basketball,Outdoor Track,Softball,Tennis; Co-Ed: Golf","ACTIVE MINDS CLUB, ALBANIAN CULTURE CLUB, ANIMAL AID CLUB, ASIAN AMERICAN ASSOCIATION, AUTISM AWARENESS CLUB , AV TEAM, BLACK STUDENT UNION, BREAST CANCER RESEARCH FOUNDATION CLUB, BROADWAY CLUB, BUSINESS ACHIEVERS CLUB, BUTTERFLY OF DIFFERENCES CLUB, CARD MAGIC CLUB, CARE CLUB, CAREER EXPLORATION CLUB, CHESS CLUB, CHRISTIAN SEEKERS CLUB, COMFORT & COOKIES BAKING CLUB, COMMIT TO BE FIT, COOKING CLUB (BEACON), COPTIC CLUB, CREATIVE WRITING CLUB, DANCE COMPANY (BEACON), DEBATE TEAM, DENTAL CLUB, DIGITAL ART CLUB, DRAMA CLUB. ENTERTAINMENT SKITTLES CLUB, ENTREPRENEURSHIP CLUB , ENVIRONMENTAL CLUB, FUTURE HEALTH PROFESSIONALS MENTORING,Gender Sexuality Alliance (GSA), GIRLS WHO CODE, GLOBAL OUTREACH CLUB, GREEK CLUB, GREENERY CLUB, HELP US HELP THEM, HISPANIC CULTURE CLUB , ITALIAN CULTURE CLUB, JAIME??S LILAC FOUNDATION CLUB, JASA CLUB, JEWISH CULTURE CLUB, JUNIOR STATES OF AMERICA (JSA), KEY CLUB, KNIT FOR KIDS, LACROSSE CLUB (BOYS), LEGO CLUB. LIBRARY BOOK CLUB. LINENS N LOVE CLUB, LUZURIAGA FOUNDATION CLUB, MARINE BIOLOGY CLUB , MATH TEAM, MEDIA BOOK CLUB, MOCK TRIAL, MODEL UN, MOOT COURT,MUSIC APPRECIATION CLUB, MUSLIM STUDENT ASSOCIATION (MSA), MY SISTER??S KEEPER, NATIONAL HONOR SOCIETY, NYPD EXPLORERS, PROJECT SOAPBOX, RED CROSS CLUB, RESPECT FOR ALL CLUB, RUSSIAN SPEAKING CLUB, SING, SLAM! CREATIVE EXPRESSION CLUB (BEACON), SPRING MUSICAL, STEAM/ROBOTICS TEAM, STEP CLUB, STUDENT ORGANIZATION (S.O.), VETERANS MENTAL HEALTH CLUB, VIDEO GAME CLUB","Concert Band, Core Music, Filmmaking / Video, Studio Art, Architecture, Mixed Choir, Guitar, Photography, Advertising Art, Piano Keyboard, and more",Career & Technical Education; DYCD: Beacon; Project Pivot,2%,N/A (fewer than 5 teachers),9%,N/A (fewer than 5 teachers),0%,84%,4,85%,54%,67%,63%,42%,50%,62%,69%,59%,88%,80%,62,65%,72%,1096 (29%),1761 (46%),16% (392),1% (37),16% (405),<1% (9),<1% (5),64% (1612),Fair,83%,14%,3%,97%,0%,3%,94%,97%,91%,87%,N/A,N/A,96%,97%,92%,86%,87%,82%,93%,92%,88%,92%,87%,80%,94%,92%,93%,69%,81%,77%,86%,80%,86%,60%,82%,89%,80%,86%,90%,91%,83%,74%,73%,80%,74%,43%,83%,75%,81%,79%,91%,71%,95%,72%,56%,50%,61%,55%,43%,33%,58%,53%,57%,91%,94%,83%,89%,80%,83%,91%,94%,88%,80%,76%,78%,78%,79%,67%,82%,72%,79%,93%,84%,86%,82%,86%,62%,N/A,83%,82%,85%,78%,71%,55%,88%,75%,88%,N/A,74%,82%,81%,93%,89%,90%,82%,88%,75%,N/A,89%,100%,87%
31R460,Susan E. Wagner High School,Good,Fair,Fair,wagnerhigh.net,David Cugini,"09,10,11,12,SE",2833,"ASD/ACES Program, Audition, Ed. Opt., Screened, Zoned Guarantee",Local Support and Improvement,1200 Manor Road,"Staten Island, NY 10314",718-698-4200,22%,8%,33%,<1%,<1%,34%,6%,20%,60%,51%,49%,<1%,88%,"Boys: Volleyball,Handball,Baseball,Outdoor Track,Swimming,Football,Wrestling,Soccer,Bowling,Lacrosse,Basketball,Indoor Track,Tennis,Cross Country; Girls: Swimming,Bowling,Volleyball,Indoor Track,Badminton,Tennis,Lacrosse,Cross Country,Softball,Outdoor Track,Golf,Table Tennis,Flag Football,Basketball,Soccer,Handball,Gymnastics; Co-Ed: Golf,Stunt","For a listing of all Clubs and Student Activities, please visit our website at wagnerhigh.net","Core Music, Visual Art, Digital Photography, Acting, Mixed Media, Dance, Filmmaking / Video, Graphic Design, Guitar, Symphonic Orchestra, and more",Career & Technical Education; Project Pivot,3%,N/A (fewer than 5 teachers),14%,N/A (fewer than 5 teachers),0%,75%,7.1,89%,54%,47%,51%,43%,50%,55%,68%,50%,68%,58%,58,60%,70%,654 (23%),1024 (36%),27% (372),6% (87),26% (354),<1% (3),<1% (7),38% (519),Good,97%,N/A,N/A,95%,0%,5%,92%,98%,86%,85%,N/A,N/A,95%,92%,91%,77%,79%,72%,88%,91%,80%,89%,71%,90%,89%,86%,88%,66%,75%,74%,76%,74%,71%,100%,77%,81%,78%,66%,72%,71%,82%,77%,79%,72%,77%,86%,90%,76%,83%,82%,94%,82%,95%,67%,52%,55%,46%,50%,43%,55%,54%,54%,56%,89%,92%,82%,89%,86%,100%,89%,95%,89%,79%,79%,72%,78%,71%,73%,81%,84%,78%,88%,85%,88%,90%,83%,100%,N/A,83%,96%,83%,76%,65%,61%,66%,69%,60%,N/A,67%,76%,72%,92%,89%,94%,85%,86%,80%,N/A,88%,100%,83%
31R600,Ralph R. McKee Career and Technical Education High School,Fair,,Good,mckeecths.org,Gregory Bowen,"09,10,11,12,SE",698,"ASD/ACES Program, D75 Special Education Inclusive Services, Ed. Opt., Screened",Local Support and Improvement,101 Belmont Place,"Staten Island, NY 10301",718-420-2600,2%,23%,56%,<1%,0%,14%,6%,38%,79%,21%,79%,0%,93%,"Boys: Baseball,Cross Country,Tennis,Fencing,Swimming,Football,Outdoor Track,Volleyball,Handball,Table Tennis,Bowling,Wrestling,Basketball,Soccer,Indoor Track; Girls: Basketball,Fencing,Bowling,Outdoor Track,Golf,Swimming,Soccer,Softball,Table Tennis,Volleyball,Cross Country,Indoor Track,Handball,Tennis,Badminton; Co-Ed: Stunt,Golf",Gender Sexuality Alliance (GSA),"Graphic Design, Music History, Art History, Music Enterprise, Management, and Careers",Career & Technical Education; Project Pivot,N/A (fewer than 5 teachers),N/A (fewer than 5 teachers),N/A (fewer than 5 teachers),0%,0%,84%,4.2,78%,N/A,60%,85%,N/A,N/A,60%,N/A,81%,75%,77%,46,70%,36%,187 (27%),177 (25%),3% (8),19% (60),58% (185),<1% (3),0% (0),17% (53),Excellent,96%,4%,0%,97%,N/A,N/A,83%,N/A,82%,77%,N/A,N/A,96%,79%,84%,81%,71%,N/A,98%,N/A,100%,97%,N/A,N/A,100%,N/A,95%,N/A,81%,N/A,73%,88%,N/A,N/A,67%,N/A,90%,N/A,89%,92%,N/A,89%,N/A,90%,94%,N/A,N/A,50%,N/A,90%,83%,48%,96%,N/A,70%,N/A,55%,80%,N/A,N/A,50%,N/A,86%,98%,N/A,100%,97%,N/A,N/A,100%,N/A,95%,86%,N/A,100%,80%,N/A,N/A,100%,N/A,86%,90%,88%,100%,75%,88%,N/A,N/A,89%,N/A,86%,88%,88%,80%,81%,83%,N/A,N/A,96%,N/A,91%,97%,92%,100%,94%,90%,N/A,N/A,89%,N/A,95%
31R605,Staten Island Technical High School,Excellent,Excellent,Good,siths.org,Mark Erlenwein,"09,10,11,12",1404,Test,Local Support and Improvement,485 Clawson Street,"Staten Island, NY 10306",718-667-3222,67%,<1%,4%,<1%,<1%,27%,0%,1%,46%,45%,55%,0%,93%,"Boys: Indoor Track,Soccer,Football,Table Tennis,Handball,Volleyball,Basketball,Outdoor Track,Wrestling,Bowling,Swimming,Fencing,Baseball,Tennis,Cross Country; Girls: Golf,Handball,Soccer,Outdoor Track,Softball,Volleyball,Badminton,Cross Country,Fencing,Tennis,Indoor Track,Basketball,Table Tennis,Swimming,Bowling; Co-Ed: Golf,Stunt","Student Organization, National Honor Society, Spirit Week, Freshman Social, Field Day, Club Fair, Trick or Treating in the Halls, Harvest Fair, Winter Wonderland, Holiday Dress Up Week, Ugly Sweater Day, Candy Cane Gram Sale, Holiday Toy Drive, Class trips, Senior Trip to Orlando Florida (Disney World and Universal Studios), Multicultural Show, SING, Spring Musical, Band Concerts, Movie Nights, Blood Drive, Homecoming, Carnation Sales, Coat Drive, Project Hospitality, Spring Fling, Senior Day, Senior Prom, Tech Connects Mentoring, Senior Dress Up Week, Senior Showcase Talent Show, Russian Olympiada, Maslenitsa, TRIM Honor Society, After School Arts, 100 Extracurricular Student Run Clubs","Architecture, Concert Band, Theater Management / Business, Filmmaking / Video, Visual Art, Chamber Music, Jazz Ensemble",Career & Technical Education; CS for All; Future Ready NYC; Respect for All,N/A (fewer than 5 teachers),N/A (fewer than 5 teachers),N/A (fewer than 5 teachers),0%,0%,90%,11,88%,83%,83%,81%,N/A,N/A,85%,N/A,71%,66%,62%,96,100%,85%,1391 (99%),843 (60%),67% (939),<1% (13),4% (60),<1% (3),<1% (2),27% (372),Fair,100%,0%,0%,86%,N/A,N/A,100%,100%,N/A,100%,N/A,N/A,100%,100%,100%,N/A,N/A,87%,95%,95%,71%,89%,N/A,N/A,96%,N/A,94%,89%,93%,92%,93%,89%,N/A,N/A,95%,N/A,94%,88%,92%,86%,94%,90%,90%,93%,82%,N/A,N/A,90%,N/A,89%,97%,94%,96%,78%,64%,64%,38%,53%,N/A,N/A,68%,N/A,62%,96%,97%,100%,90%,N/A,N/A,96%,N/A,94%,87%,88%,36%,78%,N/A,N/A,87%,N/A,88%,91%,88%,87%,79%,84%,N/A,N/A,90%,N/A,89%,72%,58%,55%,93%,65%,N/A,N/A,63%,N/A,72%,96%,92%,93%,86%,81%,N/A,N/A,92%,N/A,94%
32K168,The Brooklyn School for Math and Research,Excellent,Good,Good,www.bsmartnow.com,Deanna Torres,"09,10,11,12,SE",342,Open,Local Support and Improvement,400 Irving Avenue,"Brooklyn, NY 11237",718-381-7100,9%,31%,54%,<1%,<1%,4%,21%,17%,87%,37%,63%,0%,85%,"Boys: Swimming,Basketball,Soccer,Volleyball,Baseball; Girls: Volleyball,Badminton,Swimming,Softball,Basketball; Co-Ed: N/A","Robotics, Drone Technology, Coding, Battle Bots Club, Video Gaming Club, Chess, Swimming, Cheerleading Club, Badminton Club, Ping Pong Club, Fitness Club, Step Team, Music Club, Choir, National Honor Society, Student Government, Art Club, Coordinators of Student Activities, Homework Resource Lab Club, Movie Club, Self Defense (Karate) Club, Weightlifting Club,Gender Sexuality Alliance (GSA)","Studio Art, Visual Art",Community School; NYC Solves,20%,37%,23%,0%,0%,20%,1.9,60%,54%,48%,61%,N/A,N/A,33%,70%,54%,82%,64%,55,94%,75%,119 (35%),184 (54%),10% (26),29% (76),53% (138),0% (0),<1% (1),5% (12),Excellent,93%,N/A,N/A,96%,N/A,N/A,99%,N/A,100%,97%,N/A,N/A,N/A,100%,98%,100%,100%,70%,88%,88%,93%,87%,N/A,N/A,78%,87%,85%,72%,77%,71%,77%,81%,N/A,N/A,60%,85%,79%,72%,89%,54%,85%,75%,76%,78%,75%,N/A,N/A,60%,91%,84%,91%,62%,98%,68%,43%,58%,48%,39%,N/A,N/A,20%,53%,49%,91%,88%,93%,92%,N/A,N/A,80%,89%,91%,64%,64%,64%,66%,N/A,N/A,40%,68%,66%,93%,92%,96%,90%,94%,N/A,N/A,90%,97%,96%,84%,81%,70%,84%,82%,N/A,N/A,80%,87%,82%,94%,90%,92%,93%,88%,N/A,N/A,90%,91%,86%
32K403,Academy for Excellence in Leadership,Good,Fair,Excellent,www.aelnyc.org,Chantandrea Blissett,"09,10,11,12,SE",279,Ed. Opt.,Local Support and Improvement,400 Irving Avenue,"Brooklyn, NY 11237",718-381-7100,<1%,13%,74%,1%,<1%,3%,43%,22%,94%,43%,57%,0%,73%,"Boys: Soccer,Basketball,Baseball,Swimming,Volleyball; Girls: Softball,Volleyball,Basketball,Swimming,Badminton; Co-Ed: N/A",Gender Sexuality Alliance (GSA),Studio Art,Community School; NYC Solves,N/A (fewer than 5 teachers),N/A (fewer than 5 teachers),21%,0%,0%,42%,9.6,71%,N/A,67%,59%,N/A,N/A,43%,64%,62%,75%,65%,33,28%,44%,66 (24%),79 (28%),<1% (1),13% (14),75% (80),2% (2),<1% (1),7% (7),Good,86%,14%,0%,92%,N/A,N/A,84%,N/A,N/A,82%,N/A,N/A,N/A,84%,83%,77%,100%,77%,88%,N/A,74%,89%,N/A,N/A,86%,88%,78%,68%,78%,N/A,77%,80%,N/A,N/A,86%,74%,74%,74%,74%,95%,82%,76%,N/A,92%,74%,N/A,N/A,86%,75%,82%,87%,49%,96%,68%,46%,N/A,65%,43%,N/A,N/A,43%,38%,56%,86%,N/A,88%,85%,N/A,N/A,86%,84%,81%,70%,N/A,75%,70%,N/A,N/A,71%,73%,66%,96%,94%,N/A,94%,94%,N/A,N/A,N/A,96%,97%,82%,68%,N/A,94%,65%,N/A,N/A,N/A,58%,84%,99%,99%,N/A,100%,99%,N/A,N/A,N/A,98%,100%
32K545,EBC High School for Public Service - Bushwick,Fair,Good,Good,www.schools.nyc.gov/schools/K545,Shawn Brown,"09,10,11,12,SE",446,Ed. Opt.,Local Support and Improvement,1155 Dekalb Avenue,"Brooklyn, NY 11221",718-452-3440,<1%,12%,84%,<1%,<1%,<1%,26%,24%,>95%,43%,57%,0%,77%,"Boys: Soccer,Baseball,Basketball,Handball; Girls: Volleyball,Basketball,Tennis,Softball; Co-Ed: N/A",POWER (BIPOC students and Allies) Gay Straight Alliance Cheerleading/Step Jujitsu Guitar Club Video Game Club,"Concert Band, Studio Art, Drawing",NYC Solves,N/A (fewer than 5 teachers),14%,46%,N/A (fewer than 5 teachers),0%,27%,0.1,65%,N/A,55%,65%,N/A,N/A,N/A,85%,65%,90%,80%,27,38%,35%,99 (22%),232 (52%),1% (3),11% (29),85% (225),<1% (1),0% (0),<1% (1),Good,91%,9%,0%,75%,0%,25%,71%,N/A,N/A,69%,N/A,N/A,N/A,72%,70%,50%,57%,77%,93%,N/A,91%,92%,N/A,N/A,N/A,92%,92%,73%,84%,N/A,100%,81%,N/A,N/A,N/A,76%,71%,95%,100%,100%,86%,81%,N/A,83%,81%,N/A,N/A,N/A,81%,83%,80%,39%,95%,73%,44%,N/A,27%,44%,N/A,N/A,N/A,38%,54%,87%,N/A,75%,88%,N/A,N/A,N/A,84%,79%,76%,N/A,75%,76%,N/A,N/A,N/A,79%,75%,94%,83%,N/A,N/A,80%,N/A,N/A,N/A,83%,69%,85%,78%,N/A,N/A,78%,N/A,N/A,N/A,86%,86%,90%,85%,N/A,N/A,83%,N/A,N/A,N/A,78%,77%
32K549,The Brooklyn School for Social Justice,Fair,Fair,Good,BSSJBrooklyn.com,Patrick Cooper,"09,10,11,12,SE",277,Ed. Opt.,Local Support and Improvement,400 Irving Avenue,"Brooklyn, NY 11237",718-381-7100,1%,12%,82%,<1%,0%,4%,40%,18%,94%,53%,47%,0%,82%,"Boys: Volleyball,Swimming,Basketball,Soccer,Baseball; Girls: Volleyball,Badminton,Softball,Swimming,Basketball; Co-Ed: N/A","National Honor Society, yearbook, Just Keep Livin', a health and wellness program founded by actor, Matthew McConaughey. Debate team, a jazz band, a table tennis club, an eSports team, Student Government and a rites of passage program for young men and women.",Studio Art,Community School; NYC Solves,N/A (fewer than 5 teachers),24%,N/A (fewer than 5 teachers),N/A (fewer than 5 teachers),0%,56%,3,84%,N/A,68%,70%,N/A,N/A,N/A,78%,68%,81%,62%,29,48%,41%,110 (40%),109 (39%),1% (2),11% (18),83% (131),<1% (1),0% (0),4% (6),Excellent,86%,14%,0%,96%,N/A,N/A,84%,N/A,N/A,85%,N/A,N/A,N/A,84%,84%,89%,67%,68%,86%,N/A,100%,86%,N/A,N/A,80%,83%,97%,70%,84%,N/A,77%,86%,N/A,N/A,67%,90%,91%,63%,62%,57%,84%,77%,N/A,82%,78%,N/A,N/A,57%,78%,91%,82%,44%,97%,69%,52%,N/A,45%,54%,N/A,N/A,57%,58%,58%,91%,N/A,86%,93%,N/A,N/A,86%,93%,94%,73%,N/A,68%,74%,N/A,N/A,71%,75%,79%,88%,93%,N/A,95%,93%,N/A,N/A,90%,94%,91%,89%,84%,N/A,58%,88%,N/A,N/A,70%,90%,85%,96%,96%,N/A,95%,96%,N/A,N/A,100%,96%,97%
32K552,The Academy of Urban Planning and Engineering,Good,Excellent,Good,www.aupenyc.org,Jorge Sandoval,"09,10,11,12,SE",431,Ed. Opt.,Local Support and Improvement,400 Irving Avenue,"Brooklyn, NY 11237",718-381-7100,2%,19%,68%,1%,<1%,4%,22%,17%,86%,33%,67%,0%,84%,"Boys: Basketball,Baseball,Soccer,Volleyball,Swimming; Girls: Volleyball,Basketball,Softball,Badminton,Swimming; Co-Ed: N/A","Model UN, Student Council, Robotics Club, Gaming Club, My Brother's Keeper and My Sister's Keeper Mentoring Programs, Make the Road NY Success Center, CUFFH Youth, Center for Urban Pedagogy Program, Visual Art Club and Saturday Academies for Academic Support.","Painting, Classroom Music, Theater Survey",Career Readiness and Modern Youth Apprenticeship; Community School; CS for All; Future Ready NYC; NYC Solves,N/A (fewer than 5 teachers),23%,23%,0%,0%,46%,7.9,71%,29%,47%,60%,80%,N/A,69%,73%,54%,84%,73%,49,64%,57%,130 (30%),79 (18%),3% (6),22% (37),61% (105),0% (0),1% (2),6% (10),Excellent,93%,N/A,N/A,85%,0%,15%,95%,N/A,95%,94%,N/A,N/A,N/A,95%,96%,92%,92%,82%,91%,100%,92%,91%,80%,N/A,94%,83%,90%,74%,80%,83%,81%,79%,80%,N/A,82%,82%,80%,92%,97%,100%,86%,82%,86%,88%,80%,80%,N/A,89%,83%,80%,89%,68%,97%,76%,56%,57%,52%,58%,80%,N/A,50%,63%,52%,92%,100%,96%,91%,100%,N/A,94%,89%,93%,74%,43%,62%,78%,100%,N/A,83%,88%,69%,94%,89%,N/A,94%,90%,N/A,N/A,100%,95%,91%,79%,78%,N/A,72%,80%,N/A,N/A,83%,78%,91%,92%,89%,N/A,82%,92%,N/A,N/A,100%,98%,82%
32K554,All City Leadership Secondary School,Excellent,Excellent,Good,www.schools.nyc.gov/schools/K554,Daphne Rivera,"06,07,08,09,10,11,SE",251,Screened,Local Support and Improvement,321 Palmetto Street,"Brooklyn, NY 11237",718-246-6500,6%,11%,67%,1%,<1%,11%,3%,17%,71%,48%,52%,0%,87%,"Boys: Outdoor Track,Basketball,Volleyball,Bowling,Handball,Baseball; Girls: Handball,Volleyball,Outdoor Track,Basketball,Flag Football,Soccer; Co-Ed: N/A",Gender Sexuality Alliance (GSA),"Core Music, Studio Art",DYCD: COMPASS/SONYC; NYC Solves; Respect for All,N/A (fewer than 5 teachers),21%,33%,0%,0%,29%,5.1,50%,80%,84%,83%,N/A,N/A,75%,89%,75%,88%,94%,76,93%,75%,216 (86%),108 (43%),6% (14),11% (25),67% (157),<1% (2),0% (0),12% (28),Excellent,95%,N/A,N/A,94%,N/A,N/A,99%,N/A,N/A,98%,N/A,N/A,N/A,97%,100%,N/A,N/A,76%,92%,92%,93%,93%,N/A,N/A,93%,100%,86%,73%,86%,72%,78%,90%,N/A,N/A,88%,80%,81%,80%,83%,82%,90%,85%,77%,92%,84%,N/A,N/A,94%,60%,83%,92%,72%,96%,71%,49%,54%,41%,48%,N/A,N/A,59%,90%,49%,89%,93%,82%,92%,N/A,N/A,88%,100%,83%,81%,78%,66%,85%,N/A,N/A,82%,90%,78%,95%,83%,90%,86%,82%,N/A,N/A,90%,N/A,82%,87%,78%,80%,79%,81%,N/A,N/A,70%,N/A,82%,95%,94%,100%,100%,94%,N/A,N/A,90%,N/A,90%
32K556,Bushwick Leaders High School for Academic Excellence,Fair,Fair,Good,www.bushwickleadershs.com,Enrique Garcia,"09,10,11,12,SE",349,"Ed. Opt., Open",Local Support and Improvement,976 Seneca Avenue,"Queens, NY 11385",718-919-4212,1%,13%,82%,<1%,<1%,2%,37%,22%,92%,49%,51%,0%,84%,"Boys: Soccer,Handball,Baseball,Basketball; Girls: Softball,Volleyball,Basketball,Tennis; Co-Ed: N/A","Podcast, National Honor Society (NHS), Student Government, Students in Action,Gender Sexuality Alliance (GSA), Anime Club, FutureReadyNYC, Summer Youth Employment Program (SYEP), Boys Group, Cheer Team, Peer Mediation, Art Therapy, Cosmetology, Fashion, Photography, Crotchet, E-Sports, Camping, Meal-on-Wheels, Chess Club, Dungeons & Dragons, Robotics, Badminton","Studio Art, Illustration, Music Technology, Visual Art",21st Century Community Learning Center; Community School; CS for All; Future Ready NYC; NYC Solves,N/A (fewer than 5 teachers),14%,23%,N/A (fewer than 5 teachers),N/A (fewer than 5 teachers),54%,3.7,69%,N/A,46%,58%,N/A,N/A,N/A,71%,34%,77%,63%,31,56%,57%,72 (21%),206 (59%),2% (5),15% (36),79% (193),0% (0),<1% (1),2% (4),Excellent,93%,N/A,N/A,83%,N/A,N/A,76%,N/A,72%,79%,N/A,N/A,N/A,79%,72%,70%,79%,69%,91%,N/A,92%,91%,N/A,N/A,N/A,90%,94%,73%,85%,N/A,83%,85%,N/A,N/A,N/A,85%,86%,58%,60%,60%,88%,83%,N/A,76%,83%,N/A,N/A,N/A,85%,82%,81%,41%,99%,75%,51%,N/A,43%,53%,N/A,N/A,N/A,47%,53%,92%,N/A,90%,91%,N/A,N/A,N/A,90%,95%,78%,N/A,71%,78%,N/A,N/A,N/A,79%,79%,93%,91%,N/A,82%,96%,N/A,N/A,N/A,95%,82%,87%,92%,N/A,82%,95%,N/A,N/A,N/A,95%,100%,94%,90%,N/A,82%,95%,N/A,N/A,N/A,100%,83%
84K037,Beginning with Children Charter School II,,Excellent,Excellent,communityhighschoolbk.org/,Mike Ferrara/Yvette Ferrara,"0K,01,02,03,04,05,06,07,08,09,10",171,N/A,Local Support and Improvement,215 Heyward Street,"Brooklyn, NY 11206",718-302-7700,<1%,52%,46%,<1%,0%,1%,9%,25%,91%,42%,58%,0%,86%,Boys: Boys JV/Varsity Basketball; Flag football; Soccer; Track; Girls: Girls Volleyball; Basketball; Track; Co-Ed: Track; Cheerleading,"Piano; Guitar; Strings; Model Congress, Cheerleading; Paid Internships",N/A,N/A,N/A (fewer than 5 teachers),33%,33%,0%,0%,31%,7.4,84%,N/A,80%,83%,N/A,N/A,80%,89%,84%,96%,83%,N/A,N/A,N/A,,,N/A,N/A,N/A,N/A,N/A,N/A,Needs Improvement,N/A,N/A,N/A,N/A,N/A,N/A,N/A,N/A,N/A,N/A,N/A,N/A,N/A,N/A,N/A,N/A,N/A,78%,86%,N/A,91%,84%,N/A,N/A,N/A,55%,86%,70%,85%,N/A,84%,85%,N/A,N/A,80%,67%,92%,89%,98%,98%,79%,80%,N/A,78%,82%,N/A,N/A,N/A,N/A,83%,94%,84%,81%,71%,49%,N/A,33%,58%,N/A,N/A,40%,43%,54%,86%,N/A,84%,86%,N/A,N/A,80%,79%,92%,68%,N/A,53%,76%,N/A,N/A,60%,71%,70%,97%,94%,N/A,91%,95%,N/A,N/A,100%,95%,94%,91%,94%,N/A,97%,94%,N/A,N/A,86%,95%,94%,98%,96%,N/A,91%,97%,N/A,N/A,100%,100%,97%
84K356,Achievement First Crown Heights Charter School,Fair,,,www.achievementfirst.org/school/achievement-first-brooklyn-high-school/,Victoria Colter/Sade Johnson,"0K,01,02,03,04,05,06,07,08,09,10,11,12",663,N/A,Local Support and Improvement,790 East New York Avenue,"Brooklyn, NY 11203",718-774-0762,<1%,85%,12%,1%,0%,<1%,2%,17%,77%,49%,51%,<1%,78%,"Boys: Varsity Boys Basketball; Junior Varsity Boys Basketball; Football; Track; Soccer; Girls: Girls Basketball, Varsity A Volleyball, Varsity B Volleyball, Cheerleading, Track, Soccer; Co-Ed: Track and Field, basketball, volleyball",Speech and Debate; Circle of Sisters; Soul Fusion Dance Company; Chorus; Anime Club; Dungeons and Dragons; Zumba Club; Chess Club; Lethal Steppers Step Team; Mental Health and Awareness Club; Gaming Club; Rock Club; Drama Club; Finance and Investing Club; Panther Press (Newspaper); Gay-Straight Alliance; Muslim Student Association; Poetry Club; National Honor Society; Hiking Club; Brothers in Leadership; Student Government Association,N/A,N/A,4%,63%,15%,0%,0%,18%,10,87%,N/A,66%,74%,N/A,N/A,N/A,N/A,67%,N/A,N/A,N/A,43%,83%,197 (30%),44 (7%),<1% (2),89% (203),8% (18),1% (3),0% (0),0% (0),Needs Improvement,N/A,N/A,N/A,N/A,N/A,N/A,90%,N/A,90%,N/A,N/A,N/A,N/A,92%,86%,N/A,N/A,N/A,96%,N/A,96%,96%,N/A,N/A,N/A,N/A,100%,N/A,80%,N/A,76%,93%,N/A,N/A,N/A,N/A,76%,N/A,N/A,N/A,N/A,86%,N/A,87%,78%,N/A,N/A,N/A,N/A,91%,91%,69%,95%,N/A,46%,N/A,46%,43%,N/A,N/A,N/A,N/A,55%,90%,N/A,90%,93%,N/A,N/A,N/A,N/A,93%,72%,N/A,73%,71%,N/A,N/A,N/A,N/A,78%,N/A,85%,N/A,84%,100%,N/A,N/A,N/A,100%,83%,N/A,89%,N/A,90%,86%,N/A,N/A,N/A,100%,89%,N/A,86%,N/A,88%,79%,N/A,N/A,N/A,N/A,80%
84K358,Achievement First East New York Charter School,Fair,,,www.achievementfirst.org/school/achievement-first-university-prep-high-school/,Meryl Senter/Jason Coalter,"0K,01,02,03,04,05,06,07,08,09,10,11,12",473,N/A,Local Support and Improvement,557 Pennsylvania Avenue,"Brooklyn, NY 11207",718-485-4924,1%,28%,68%,<1%,<1%,1%,3%,12%,78%,48%,52%,0%,N/A,Boys: Basketball; Soccer; Volleyball; Flag Football; Track & Field; Girls: Basketball; Soccer; Volleyball; Track & Field; Cheer; Co-Ed: N/A,Choir; Band; Dance; Acting; Art Club; Film Making; Chess; Black Girl Magic; Alkebulan; Neurodiversity Club; Buff Society; Book Club; Anime; Financial Literacy; Sangre Unidad; Rock Climbing; Skate Club; Poetry Club; Threads (Textile Club); Step Team.,N/A,N/A,N/A (fewer than 5 teachers),48%,13%,N/A (fewer than 5 teachers),N/A (fewer than 5 teachers),37%,4,61%,N/A,N/A,N/A,N/A,N/A,N/A,N/A,N/A,N/A,N/A,N/A,65%,87%,244 (52%),199 (42%),2% (5),28% (80),68% (192),<1% (1),<1% (1),<1% (2),Needs Improvement,N/A,N/A,N/A,N/A,N/A,N/A,88%,N/A,93%,84%,N/A,N/A,N/A,91%,85%,N/A,75%,N/A,N/A,N/A,N/A,N/A,N/A,N/A,N/A,N/A,N/A,N/A,N/A,N/A,N/A,N/A,N/A,N/A,N/A,N/A,N/A,N/A,N/A,N/A,N/A,N/A,N/A,N/A,N/A,N/A,N/A,N/A,N/A,N/A,92%,77%,96%,N/A,N/A,N/A,N/A,N/A,N/A,N/A,N/A,N/A,N/A,N/A,N/A,N/A,N/A,N/A,N/A,N/A,N/A,N/A,N/A,N/A,N/A,N/A,N/A,N/A,N/A,N/A,N/A,N/A,96%,N/A,97%,94%,N/A,N/A,N/A,N/A,100%,N/A,100%,N/A,100%,100%,N/A,N/A,N/A,100%,100%,N/A,96%,N/A,97%,94%,N/A,N/A,N/A,N/A,100%
84K367,Success Academy Charter School - Bed Stuy 1,,,,www.schools.nyc.gov/schools/K367,,"0K,01,05,06,07,08,09,10,SE",142,N/A,Local Support and Improvement,70 Tompkins Avenue,"Brooklyn, NY 11206",718-635-3294,3%,73%,18%,2%,<1%,4%,0%,5%,57%,50%,50%,0%,N/A,Boys: N/A; Girls: N/A; Co-Ed: N/A,N/A,N/A,N/A,N/A,N/A,N/A,N/A,N/A,N/A,N/A,N/A,N/A,N/A,N/A,N/A,N/A,N/A,N/A,N/A,N/A,N/A,N/A,N/A,N/A,,,N/A,N/A,N/A,N/A,N/A,N/A,N/A,N/A,N/A,N/A,N/A,N/A,N/A,N/A,N/A,N/A,N/A,N/A,N/A,N/A,N/A,N/A,N/A,N/A,N/A,N/A,N/A,N/A,N/A,N/A,N/A,N/A,N/A,N/A,N/A,N/A,N/A,N/A,N/A,N/A,N/A,N/A,N/A,N/A,N/A,N/A,N/A,N/A,N/A,N/A,N/A,N/A,N/A,N/A,N/A,N/A,N/A,N/A,N/A,N/A,N/A,N/A,N/A,N/A,N/A,N/A,N/A,N/A,N/A,N/A,N/A,N/A,N/A,N/A,N/A,N/A,N/A,N/A,N/A,N/A,N/A,N/A,N/A,N/A,N/A,N/A,N/A,N/A,N/A,71%,N/A,N/A,N/A,N/A,N/A,N/A,N/A,N/A,N/A,71%,N/A,N/A,N/A,N/A,N/A,N/A,N/A,N/A,N/A,71%,N/A,N/A,N/A,N/A,N/A,N/A,N/A,N/A
84K406,"EMBER Charter School for Mindful Education, Innovation and Transformation",Fair,Good,Good,www.schools.nyc.gov/schools/K406,"Rafiq R. Kalam Id-Din Ii, Esq./Damien Dunkley","0K,01,02,03,04,05,06,07,08,09,10,11,12",82,N/A,Local Support and Improvement,500 Macon Street,"Brooklyn, NY 11233",718-285-3787,0%,79%,21%,0%,0%,0%,6%,28%,88%,51%,49%,0%,79%,Boys: N/A; Girls: N/A; Co-Ed: N/A,N/A,N/A,N/A,N/A (fewer than 5 teachers),74%,15%,N/A (fewer than 5 teachers),N/A (fewer than 5 teachers),9%,N/A,N/A,N/A,79%,88%,N/A,N/A,N/A,100%,82%,97%,81%,N/A,N/A,35%,,,N/A,N/A,N/A,N/A,N/A,N/A,Needs Improvement,N/A,N/A,N/A,N/A,N/A,N/A,67%,N/A,N/A,N/A,N/A,N/A,N/A,N/A,N/A,N/A,N/A,83%,97%,N/A,96%,100%,N/A,N/A,N/A,100%,97%,72%,93%,N/A,93%,94%,N/A,N/A,N/A,89%,92%,83%,91%,97%,91%,89%,N/A,90%,85%,N/A,N/A,N/A,N/A,93%,76%,46%,N/A,78%,65%,N/A,65%,66%,N/A,N/A,N/A,60%,76%,93%,N/A,92%,97%,N/A,N/A,N/A,90%,92%,71%,N/A,73%,59%,N/A,N/A,N/A,78%,74%,97%,90%,N/A,90%,89%,N/A,N/A,N/A,83%,83%,89%,94%,N/A,94%,96%,N/A,N/A,N/A,100%,93%,95%,92%,N/A,90%,100%,N/A,N/A,N/A,100%,91%
84K473,Williamsburg Charter High School,Fair,Fair,Fair,thewcs.org/,Jahi Bashir,"09,10,11,12",775,N/A,Local Support and Improvement,198 Varet Street,"Brooklyn, NY 11206",718-782-9830,<1%,38%,59%,<1%,<1%,1%,12%,20%,88%,52%,48%,0%,83%,Boys: Boys Soccer; Volleyball; Boys JV Basketball; Baseball; Girls: Cheerleaders; Girls Soccer; Volleyball; Girls JV Basketball; Softball; Girls Soccer; Girls Flag Football ; Cheerleading; Co-Ed: Flag Football; Cross Country; Flag Football; Track and Field; Tennis,"Chess Club; Rainbow Coalition; Spanish tutoring; Spanish Homework Help; Superhero Club; Senior Committee; Lab Make Up Club; Wrestling; Tennis; ENL Support/ ENL conversation; Chess; recording academy; Music Lab; GEMS Club (Girls Empowerment Movement); Ceramics Club; Tutoring (Regents/AP Exam Review) H.W.Help; Track &Field performance development; Yearbook; Media Club; Weight lifting Club; 11th Grade Student Council; Senior/ Junior Living Environment Lab Make Up for January Regents; Coding Club; Costume and sets and props / trimester 2; Co Ed Volleyball club; Workout club; International Club; United States Academic Decathlon (USAD) Club; Health & Fitness Club; Social Activism Club; Algebra 1 tutoring; Math tutoring; ""Cursive Handwriting"" (includes note taking and homework. S.O.S.) - I will send the flyer to you over the weekend; thanks!; ELLs homework help; LGBTQI+ club; SNAS history homework help; Student Leadership Club; Yearbook- with Mr. Failla; Media Club; SAT Prep; Tutoring any class; Student Council, Anime Club; Student Council - 10th Grade; Marie Maynard Lab; Wall Street Junior; Co-Ed Volleyball Club; Spanish club after school. Help them with project , Classwork and homework; US Academic Decathlon; International Club; Project based club only!!; Anime Club; French Tutoring & Help; Science Fair After School Project Help; Class of 2025 Student Council; Cursive Handwriting; Media Lab; Code Nation; Math Support",N/A,N/A,N/A (fewer than 5 teachers),25%,19%,0%,0%,19%,2,55%,N/A,77%,76%,N/A,N/A,80%,79%,83%,91%,79%,N/A,22%,54%,,,N/A,N/A,N/A,N/A,N/A,N/A,Fair,N/A,N/A,N/A,N/A,N/A,N/A,81%,N/A,80%,81%,N/A,N/A,N/A,86%,75%,64%,73%,75%,86%,N/A,88%,84%,N/A,N/A,100%,78%,89%,71%,86%,N/A,91%,84%,N/A,N/A,80%,88%,90%,81%,87%,91%,80%,74%,N/A,70%,76%,N/A,N/A,60%,71%,78%,77%,41%,95%,68%,47%,N/A,48%,46%,N/A,N/A,40%,49%,50%,84%,N/A,84%,84%,N/A,N/A,80%,82%,87%,66%,N/A,66%,66%,N/A,N/A,80%,69%,69%,88%,81%,N/A,80%,82%,N/A,N/A,N/A,75%,74%,83%,78%,N/A,74%,80%,N/A,N/A,N/A,56%,74%,89%,86%,N/A,83%,87%,N/A,N/A,N/A,88%,94%
84K517,Leadership Preparatory Bedford Stuyvesant Charter School,Good,,,www.schools.nyc.gov/schools/K517,Roland Pope,"0K,01,02,03,04,05,06,07,08,09,10,11,12",490,N/A,Local Support and Improvement,141 Macon Street,"Brooklyn, NY 11216",718-636-0360,<1%,78%,18%,3%,<1%,<1%,3%,18%,77%,50%,50%,0%,N/A,Boys: N/A; Girls: N/A; Co-Ed: N/A,N/A,N/A,N/A,8%,56%,7%,N/A (fewer than 5 teachers),0%,23%,N/A,N/A,N/A,N/A,N/A,N/A,N/A,N/A,N/A,N/A,N/A,N/A,N/A,71%,72%,,,N/A,N/A,N/A,N/A,N/A,N/A,Needs Improvement,N/A,N/A,N/A,N/A,N/A,N/A,91%,N/A,93%,78%,N/A,N/A,N/A,93%,89%,N/A,79%,N/A,N/A,N/A,N/A,N/A,N/A,N/A,N/A,N/A,N/A,N/A,N/A,N/A,N/A,N/A,N/A,N/A,N/A,N/A,N/A,N/A,N/A,N/A,N/A,N/A,N/A,N/A,N/A,N/A,N/A,N/A,N/A,N/A,87%,51%,N/A,N/A,N/A,N/A,N/A,N/A,N/A,N/A,N/A,N/A,N/A,N/A,N/A,N/A,N/A,N/A,N/A,N/A,N/A,N/A,N/A,N/A,N/A,N/A,N/A,N/A,N/A,N/A,N/A,N/A,89%,N/A,94%,80%,N/A,N/A,N/A,N/A,78%,N/A,98%,N/A,100%,89%,N/A,N/A,N/A,N/A,100%,N/A,84%,N/A,91%,78%,N/A,N/A,N/A,N/A,67%
84K593,Excellence Boys Charter School of Bedford Stuyvesant,,,,www.schools.nyc.gov/schools/K593,Quinterrence Bell/Jaz Grant,"0K,01,02,03,04,05,06,07,08,09",7,N/A,Local Support and Improvement,225 Patchen Avenue,"Brooklyn, NY 11233",718-638-1830,14%,86%,0%,0%,0%,0%,0%,0%,79%,0%,100%,0%,N/A,Boys: N/A; Girls: N/A; Co-Ed: N/A,N/A,N/A,N/A,N/A (fewer than 5 teachers),76%,10%,0%,0%,N/A (fewer than 5 teachers),N/A,N/A,N/A,N/A,N/A,N/A,N/A,N/A,N/A,N/A,N/A,N/A,N/A,N/A,N/A,,,N/A,N/A,N/A,N/A,N/A,N/A,N/A,N/A,N/A,N/A,N/A,N/A,N/A,N/A,N/A,N/A,N/A,N/A,N/A,N/A,N/A,N/A,N/A,N/A,N/A,N/A,N/A,N/A,N/A,N/A,N/A,N/A,N/A,N/A,N/A,N/A,N/A,N/A,N/A,N/A,N/A,N/A,N/A,N/A,N/A,N/A,N/A,N/A,N/A,N/A,N/A,N/A,N/A,N/A,N/A,N/A,N/A,N/A,N/A,N/A,N/A,N/A,N/A,N/A,N/A,N/A,N/A,N/A,N/A,N/A,N/A,N/A,N/A,N/A,N/A,N/A,N/A,N/A,N/A,N/A,N/A,N/A,N/A,N/A,N/A,N/A,N/A,N/A,N/A,100%,N/A,100%,N/A,N/A,N/A,N/A,N/A,N/A,N/A,100%,N/A,100%,N/A,N/A,N/A,N/A,N/A,N/A,N/A,94%,N/A,92%,N/A,N/A,N/A,N/A,N/A,80%
84K608,Kings Collegiate Charter School,Fair,,,www.schools.nyc.gov/schools/K608,Scott Schuster/Sean Gavin,"0K,01,02,03,04,05,06,07,08,09,10,11,12",501,N/A,Local Support and Improvement,1084 Lenox Road,"Brooklyn, NY 11212",347-390-0460,<1%,78%,18%,<1%,<1%,<1%,4%,12%,84%,49%,51%,0%,N/A,Boys: N/A; Girls: N/A; Co-Ed: N/A,N/A,N/A,N/A,5%,55%,8%,0%,0%,26%,N/A,N/A,N/A,N/A,N/A,N/A,N/A,N/A,N/A,N/A,N/A,N/A,N/A,2%,67%,,,N/A,N/A,N/A,N/A,N/A,N/A,Needs Improvement,N/A,N/A,N/A,N/A,N/A,N/A,89%,N/A,90%,N/A,N/A,N/A,N/A,90%,87%,N/A,N/A,N/A,100%,N/A,N/A,N/A,N/A,N/A,N/A,N/A,N/A,N/A,N/A,N/A,N/A,N/A,N/A,N/A,N/A,N/A,N/A,N/A,N/A,N/A,N/A,N/A,N/A,N/A,N/A,N/A,N/A,N/A,N/A,N/A,88%,57%,N/A,N/A,60%,N/A,N/A,N/A,N/A,N/A,N/A,N/A,N/A,80%,N/A,N/A,N/A,N/A,N/A,N/A,N/A,N/A,80%,N/A,N/A,N/A,N/A,N/A,N/A,N/A,N/A,N/A,93%,N/A,92%,100%,N/A,N/A,N/A,N/A,88%,N/A,97%,N/A,97%,100%,N/A,N/A,N/A,N/A,100%,N/A,95%,N/A,93%,100%,N/A,N/A,N/A,N/A,100%
84K626,Achievement First Brownsville Charter School,Fair,,,www.achievementfirst.org/school/achievement-first-east-brooklyn-high-school/,Allison Laird/Martin Palamore,"0K,01,02,03,04,05,06,07,08,09,10,11,12",206,N/A,Local Support and Improvement,2021 Bergen Street,"Brooklyn, NY 11233",347-471-2600,2%,73%,25%,0%,<1%,0%,3%,11%,74%,48%,52%,0%,N/A,"Boys: Basketball; Flag Football; Girls: Volleyball; Basketball; Cheerleading; Co-Ed: Track and Field, basketball, volleyball","Linked Up; Anime Club; Gaming, Dance",N/A,N/A,N/A (fewer than 5 teachers),61%,10%,N/A (fewer than 5 teachers),N/A (fewer than 5 teachers),26%,3.3,77%,N/A,N/A,N/A,N/A,N/A,N/A,N/A,N/A,N/A,N/A,N/A,52%,68%,,,N/A,N/A,N/A,N/A,N/A,N/A,Needs Improvement,N/A,N/A,N/A,N/A,N/A,N/A,87%,N/A,87%,N/A,N/A,N/A,N/A,86%,88%,N/A,N/A,N/A,N/A,N/A,N/A,N/A,N/A,N/A,N/A,N/A,N/A,N/A,N/A,N/A,N/A,N/A,N/A,N/A,N/A,N/A,N/A,N/A,N/A,N/A,N/A,N/A,N/A,N/A,N/A,N/A,N/A,N/A,N/A,N/A,88%,57%,96%,N/A,N/A,N/A,N/A,N/A,N/A,N/A,N/A,N/A,N/A,N/A,N/A,N/A,N/A,N/A,N/A,N/A,N/A,N/A,N/A,N/A,N/A,N/A,N/A,N/A,N/A,N/A,N/A,N/A,N/A,N/A,N/A,N/A,N/A,N/A,N/A,N/A,N/A,N/A,N/A,N/A,N/A,N/A,N/A,N/A,N/A,N/A,N/A,N/A,N/A,N/A,N/A,N/A,N/A,N/A,N/A,N/A,N/A
84K652,Brooklyn Ascend Charter School,Needs Improvement,,,www.ascendlearning.org/,Latasha Williams/Jennifer Bauer,"0K,01,02,03,04,05,06,07,08,09,10,11,12",336,N/A,Local Support and Improvement,205 Rockaway Parkway,"Brooklyn, NY 11212",347-464-7600,1%,80%,15%,2%,0%,<1%,6%,22%,83%,45%,55%,0%,N/A,Boys: Junior Varsity Basketball; Varisty Basketball; Girls: Varsity Basketball; Co-Ed: Cheerleading; Track; Flag Football,Yearbook; Student Government; Band,N/A,N/A,0%,70%,11%,N/A (fewer than 5 teachers),0%,14%,10,73%,N/A,N/A,N/A,N/A,N/A,N/A,N/A,N/A,N/A,N/A,N/A,34%,58%,55 (16%),,2% (1),71% (39),27% (15),0% (0),0% (0),0% (0),Needs Improvement,N/A,N/A,N/A,N/A,N/A,N/A,72%,N/A,75%,65%,N/A,N/A,N/A,75%,70%,N/A,47%,N/A,N/A,N/A,N/A,N/A,N/A,N/A,N/A,N/A,N/A,N/A,N/A,N/A,N/A,N/A,N/A,N/A,N/A,N/A,N/A,N/A,N/A,N/A,N/A,N/A,N/A,N/A,N/A,N/A,N/A,N/A,N/A,N/A,94%,84%,80%,N/A,N/A,N/A,N/A,N/A,N/A,N/A,N/A,N/A,N/A,N/A,N/A,N/A,N/A,N/A,N/A,N/A,N/A,N/A,N/A,N/A,N/A,N/A,N/A,N/A,N/A,N/A,N/A,N/A,N/A,N/A,N/A,N/A,N/A,N/A,N/A,N/A,N/A,N/A,N/A,N/A,N/A,N/A,N/A,N/A,N/A,N/A,N/A,N/A,N/A,N/A,N/A,N/A,N/A,N/A,N/A,N/A,N/A
84K680,Achievement First Aspire Charter School,,,,www.achievementfirst.org/school/achievement-first-ujima-high/,Zachary Segall/Jordan Hardy,"0K,01,02,03,04,05,06,07,08,09,10",227,N/A,Local Support and Improvement,982 Hegeman Avenue,"Brooklyn, NY 11208",718-623-2660,<1%,66%,29%,2%,0%,<1%,7%,18%,84%,44%,56%,0%,77%,Boys: Basketball; Soccer; Flag Football; Girls: Basketball; Cheer; Co-Ed: Volleyball,Speech and Debate; Cooking; Dance ensemble; Majorette; Cheer,N/A,N/A,N/A (fewer than 5 teachers),80%,9%,0%,N/A (fewer than 5 teachers),8%,2.7,51%,N/A,54%,67%,N/A,N/A,N/A,100%,68%,N/A,N/A,N/A,N/A,N/A,,,N/A,N/A,N/A,N/A,N/A,N/A,Needs Improvement,N/A,N/A,N/A,N/A,N/A,N/A,N/A,N/A,N/A,N/A,N/A,N/A,N/A,N/A,N/A,N/A,N/A,N/A,94%,N/A,92%,98%,N/A,N/A,N/A,100%,97%,N/A,79%,N/A,81%,76%,N/A,N/A,N/A,75%,81%,N/A,N/A,N/A,N/A,59%,N/A,58%,57%,N/A,N/A,N/A,60%,67%,89%,66%,94%,N/A,50%,N/A,53%,41%,N/A,N/A,N/A,60%,44%,90%,N/A,89%,91%,N/A,N/A,N/A,90%,88%,62%,N/A,59%,66%,N/A,N/A,N/A,100%,69%,N/A,67%,N/A,50%,N/A,N/A,N/A,N/A,N/A,N/A,N/A,55%,N/A,50%,N/A,N/A,N/A,N/A,N/A,N/A,N/A,75%,N/A,62%,N/A,N/A,N/A,N/A,N/A,N/A
84K693,Northside Charter High School,Fair,,,www.schools.nyc.gov/schools/K693,Stan Brown/Louise Grotenhuis,"09,10,11,12",443,N/A,Local Support and Improvement,424 Leonard Street,"Brooklyn, NY 11222",347-390-1273,1%,23%,72%,<1%,0%,3%,11%,24%,85%,45%,55%,0%,N/A,Boys: N/A; Girls: N/A; Co-Ed: N/A,N/A,N/A,N/A,N/A (fewer than 5 teachers),N/A (fewer than 5 teachers),81%,N/A (fewer than 5 teachers),0%,7%,N/A,N/A,N/A,N/A,N/A,N/A,N/A,N/A,N/A,N/A,N/A,N/A,N/A,24%,66%,,,N/A,N/A,N/A,N/A,N/A,N/A,Fair,N/A,N/A,N/A,N/A,N/A,N/A,61%,N/A,57%,63%,N/A,N/A,N/A,72%,52%,N/A,46%,N/A,N/A,N/A,N/A,N/A,N/A,N/A,N/A,N/A,N/A,N/A,N/A,N/A,N/A,N/A,N/A,N/A,N/A,N/A,N/A,N/A,N/A,N/A,N/A,N/A,N/A,N/A,N/A,N/A,N/A,N/A,N/A,N/A,N/A,N/A,N/A,N/A,N/A,N/A,N/A,N/A,N/A,N/A,N/A,N/A,N/A,N/A,N/A,N/A,N/A,N/A,N/A,N/A,N/A,N/A,N/A,N/A,N/A,N/A,N/A,N/A,N/A,N/A,N/A,N/A,89%,N/A,N/A,N/A,N/A,N/A,N/A,N/A,N/A,N/A,89%,N/A,N/A,N/A,N/A,N/A,N/A,N/A,N/A,N/A,89%,N/A,N/A,N/A,N/A,N/A,N/A,N/A,N/A
84K712,Excellence Girls Charter School,Fair,,,www.schools.nyc.gov/schools/K712,Bronte Johnson/Ts Hoard,"0K,01,02,03,04,05,06,07,08,09,10,11,12",488,N/A,Local Support and Improvement,794 Monroe Street,"Brooklyn, NY 11221",718-638-1875,1%,75%,19%,3%,1%,<1%,3%,24%,78%,43%,57%,0%,83%,Boys: N/A; Girls: N/A; Co-Ed: N/A,N/A,N/A,N/A,9%,59%,8%,0%,0%,16%,N/A,N/A,N/A,62%,N/A,N/A,N/A,N/A,N/A,N/A,N/A,N/A,N/A,2%,72%,,,N/A,N/A,N/A,N/A,N/A,N/A,Needs Improvement,N/A,N/A,N/A,N/A,N/A,N/A,82%,N/A,82%,82%,N/A,N/A,N/A,87%,79%,N/A,55%,N/A,88%,N/A,100%,N/A,N/A,N/A,N/A,N/A,N/A,N/A,75%,N/A,86%,N/A,N/A,N/A,N/A,N/A,N/A,N/A,N/A,N/A,N/A,88%,N/A,100%,N/A,N/A,N/A,N/A,N/A,N/A,88%,56%,N/A,N/A,56%,N/A,62%,N/A,N/A,N/A,N/A,N/A,N/A,89%,N/A,100%,N/A,N/A,N/A,N/A,N/A,N/A,67%,N/A,75%,N/A,N/A,N/A,N/A,N/A,N/A,N/A,98%,N/A,97%,100%,N/A,N/A,N/A,N/A,100%,N/A,94%,N/A,95%,86%,N/A,N/A,N/A,N/A,100%,N/A,94%,N/A,92%,100%,N/A,N/A,N/A,N/A,100%
84K730,Summit Academy Charter School,Good,,,www.schools.nyc.gov/schools/K730,Machael Spencer-Edwards,"06,07,08,09,10,11,12",168,N/A,Local Support and Improvement,27 Huntington Street,"Brooklyn, NY 11231",718-875-1403,<1%,30%,68%,1%,0%,0%,26%,23%,94%,42%,58%,0%,100%,Boys: N/A; Girls: N/A; Co-Ed: N/A,N/A,N/A,N/A,N/A (fewer than 5 teachers),50%,16%,N/A (fewer than 5 teachers),N/A (fewer than 5 teachers),28%,N/A,N/A,N/A,N/A,100%,N/A,N/A,N/A,N/A,N/A,N/A,N/A,N/A,35%,63%,,,N/A,N/A,N/A,N/A,N/A,N/A,Needs Improvement,N/A,N/A,N/A,N/A,N/A,N/A,71%,N/A,N/A,66%,N/A,N/A,N/A,75%,68%,18%,N/A,N/A,100%,N/A,N/A,100%,N/A,N/A,N/A,N/A,N/A,N/A,100%,N/A,N/A,100%,N/A,N/A,N/A,N/A,N/A,N/A,N/A,N/A,N/A,100%,N/A,N/A,100%,N/A,N/A,N/A,N/A,N/A,81%,40%,N/A,N/A,90%,N/A,N/A,100%,N/A,N/A,N/A,N/A,N/A,100%,N/A,N/A,100%,N/A,N/A,N/A,N/A,N/A,90%,N/A,N/A,100%,N/A,N/A,N/A,N/A,N/A,N/A,98%,N/A,95%,100%,N/A,N/A,N/A,100%,100%,N/A,94%,N/A,89%,97%,N/A,N/A,N/A,89%,93%,N/A,100%,N/A,100%,100%,N/A,N/A,N/A,100%,100%
84K733,"Math, Engineering, and Science Academy Charter High School",Good,,,www.mesacharter.org,Arthur Samuels/Pagee Cheung,"09,10,11,12",524,N/A,Local Support and Improvement,231 Palmetto Street,"Brooklyn, NY 11221",718-282-7426,2%,5%,89%,<1%,0%,1%,17%,15%,89%,47%,53%,0%,N/A,"Boys: Basketball, Baseball, Volleyball, Track & Field, Soccer; Girls: Flag Football, Softball, Basketball, Track & Field; Co-Ed: N/A","School Culture Committee, SPECTRUM, Rocket League, Cooking Club, Public Speaking for ELLs",N/A,CS for All; Future Ready NYC,9%,22%,28%,0%,0%,33%,2,80%,N/A,N/A,N/A,N/A,N/A,N/A,N/A,N/A,N/A,N/A,N/A,68%,70%,,,4% (4),2% (2),90% (97),0% (0),0% (0),2% (2),Fair,N/A,N/A,N/A,N/A,N/A,N/A,91%,N/A,N/A,91%,N/A,N/A,N/A,91%,92%,72%,92%,N/A,N/A,N/A,N/A,N/A,N/A,N/A,N/A,N/A,N/A,N/A,N/A,N/A,N/A,N/A,N/A,N/A,N/A,N/A,N/A,N/A,N/A,N/A,N/A,N/A,N/A,N/A,N/A,N/A,N/A,N/A,N/A,N/A,88%,61%,96%,N/A,N/A,N/A,N/A,N/A,N/A,N/A,N/A,N/A,N/A,N/A,N/A,N/A,N/A,N/A,N/A,N/A,N/A,N/A,N/A,N/A,N/A,N/A,N/A,N/A,N/A,N/A,N/A,N/A,100%,N/A,N/A,100%,N/A,N/A,N/A,N/A,N/A,N/A,100%,N/A,N/A,100%,N/A,N/A,N/A,N/A,N/A,N/A,100%,N/A,N/A,100%,N/A,N/A,N/A,N/A,N/A
84K738,New Visions Charter High School for Advanced Math and Science III,Good,Fair,Fair,www.schools.nyc.gov/schools/K738,Nissi Jonathan,"09,10,11,12",315,N/A,Local Support and Improvement,3000 Avenue X,"Brooklyn, NY 11235",718-934-9240,4%,79%,10%,1%,2%,3%,6%,19%,74%,43%,57%,0%,75%,Boys: N/A; Girls: N/A; Co-Ed: N/A,N/A,N/A,N/A,N/A (fewer than 5 teachers),N/A (fewer than 5 teachers),N/A (fewer than 5 teachers),0%,0%,0%,N/A,N/A,70%,49%,46%,N/A,N/A,50%,91%,51%,92%,91%,N/A,42%,78%,,,N/A,N/A,N/A,N/A,N/A,N/A,Needs Improvement,N/A,N/A,N/A,N/A,N/A,N/A,97%,N/A,98%,N/A,N/A,N/A,N/A,98%,96%,N/A,93%,75%,89%,100%,90%,88%,N/A,100%,89%,92%,87%,58%,75%,90%,76%,65%,N/A,100%,78%,85%,88%,80%,79%,79%,86%,77%,90%,79%,68%,N/A,N/A,56%,85%,83%,90%,58%,N/A,68%,53%,70%,54%,46%,N/A,80%,40%,64%,57%,88%,100%,88%,92%,N/A,100%,90%,93%,79%,59%,90%,61%,40%,N/A,40%,50%,64%,58%,89%,84%,86%,86%,85%,N/A,N/A,75%,83%,83%,86%,83%,100%,84%,78%,N/A,N/A,75%,100%,94%,90%,88%,86%,90%,85%,N/A,N/A,62%,92%,89%
84K744,Coney Island Preparatory Public Charter School,Good,Fair,Excellent,coneyislandprep.org/our-schools/coney-island-prep-high-school/,Rachel Kashner/Leslie-Bernard Joseph,"0K,01,02,03,04,05,06,07,08,09,10,11,12,SE",361,N/A,Local Support and Improvement,501 West Avenue,"Brooklyn, NY 11224",718-513-6951,7%,37%,35%,<1%,<1%,18%,8%,20%,82%,45%,55%,0%,72%,Boys: Junior Varsity Boys Basketball; Varsity Boys Basketball; Girls: Varsity Girls Basketball; Varsity Girls Volleyball; Co-Ed: Soccer; Cheerleading,Cooking; Queer Club; Radio Club; STEM Club; Debate; Performing Arts Club; Student Government; Textile/Clothing Design; Robotics; Weightlifting Club; Tomorrow's Entrepreneurs,N/A,N/A,8%,48%,14%,N/A (fewer than 5 teachers),0%,27%,1.5,63%,50%,54%,67%,N/A,N/A,68%,77%,58%,76%,77%,N/A,55%,74%,72 (20%),145 (40%),9% (18),33% (66),34% (68),<1% (1),1% (2),21% (41),Needs Improvement,N/A,N/A,N/A,N/A,N/A,N/A,90%,N/A,81%,92%,N/A,N/A,N/A,93%,88%,N/A,78%,74%,89%,79%,90%,93%,N/A,N/A,83%,92%,88%,64%,80%,80%,82%,80%,N/A,N/A,74%,81%,74%,81%,91%,86%,82%,83%,88%,80%,89%,N/A,N/A,77%,75%,88%,85%,40%,96%,70%,53%,57%,54%,50%,N/A,N/A,59%,54%,55%,89%,84%,89%,93%,N/A,N/A,86%,84%,89%,71%,73%,68%,76%,N/A,N/A,68%,67%,70%,93%,95%,93%,96%,95%,86%,N/A,93%,95%,100%,93%,94%,85%,94%,97%,86%,N/A,93%,93%,94%,97%,96%,96%,97%,97%,100%,N/A,93%,98%,100%
84K757,Unity Preparatory Charter School of Brooklyn,Fair,,,www.schools.nyc.gov/schools/K757,Joshua Beauregard/Casey Burns,"06,07,08,09,10,11,12",282,N/A,Local Support and Improvement,432 Monroe Street,"Brooklyn, NY 11221",718-455-5046,<1%,71%,26%,1%,0%,1%,2%,29%,81%,45%,55%,0%,N/A,Boys: N/A; Girls: N/A; Co-Ed: N/A,N/A,N/A,N/A,0%,0%,0%,0%,0%,0%,N/A,N/A,N/A,N/A,N/A,N/A,N/A,N/A,N/A,N/A,N/A,N/A,N/A,28%,59%,134 (48%),,0% (0),72% (145),24% (49),1% (3),0% (0),1% (3),Fair,N/A,N/A,N/A,N/A,N/A,N/A,93%,N/A,92%,100%,N/A,N/A,N/A,89%,96%,N/A,90%,N/A,N/A,N/A,N/A,N/A,N/A,N/A,N/A,N/A,N/A,N/A,N/A,N/A,N/A,N/A,N/A,N/A,N/A,N/A,N/A,N/A,N/A,N/A,N/A,N/A,N/A,N/A,N/A,N/A,N/A,N/A,N/A,N/A,86%,60%,N/A,N/A,N/A,N/A,N/A,N/A,N/A,N/A,N/A,N/A,N/A,N/A,N/A,N/A,N/A,N/A,N/A,N/A,N/A,N/A,N/A,N/A,N/A,N/A,N/A,N/A,N/A,N/A,N/A,N/A,N/A,N/A,N/A,N/A,N/A,N/A,N/A,N/A,N/A,N/A,N/A,N/A,N/A,N/A,N/A,N/A,N/A,N/A,N/A,N/A,N/A,N/A,N/A,N/A,N/A,N/A,N/A,N/A,N/A
84K775,Leadership Preparatory Ocean Hill Charter School,Fair,,,www.schools.nyc.gov/schools/K775,Sean Healey/Alonte Johnson,"0K,01,02,03,04,05,06,07,08,09,10,11,12",532,N/A,Local Support and Improvement,51 Christopher Avenue,"Brooklyn, NY 11212",718-250-5767,<1%,92%,5%,2%,<1%,<1%,4%,11%,68%,46%,54%,0%,73%,Boys: N/A; Girls: N/A; Co-Ed: N/A,N/A,N/A,N/A,5%,48%,15%,N/A (fewer than 5 teachers),N/A (fewer than 5 teachers),23%,N/A,N/A,N/A,49%,N/A,N/A,N/A,N/A,N/A,55%,62%,65%,N/A,11%,74%,,,N/A,N/A,N/A,N/A,N/A,N/A,Fair,N/A,N/A,N/A,N/A,N/A,N/A,93%,N/A,93%,N/A,N/A,N/A,N/A,96%,91%,N/A,82%,N/A,92%,N/A,91%,N/A,N/A,N/A,N/A,N/A,100%,N/A,81%,N/A,79%,N/A,N/A,N/A,N/A,N/A,100%,N/A,96%,62%,N/A,81%,N/A,79%,100%,N/A,N/A,N/A,N/A,100%,90%,61%,N/A,N/A,47%,N/A,44%,80%,N/A,N/A,N/A,N/A,67%,89%,N/A,88%,100%,N/A,N/A,N/A,N/A,92%,63%,N/A,62%,80%,N/A,N/A,N/A,N/A,58%,N/A,92%,N/A,91%,91%,N/A,N/A,N/A,100%,89%,N/A,91%,N/A,92%,94%,N/A,N/A,N/A,89%,94%,N/A,94%,N/A,97%,91%,N/A,N/A,N/A,89%,88%
84K803,Brooklyn Laboratory Charter School,Needs Improvement,Fair,Fair,www.bklabprep.org/,Garland Thomas-Mcdavid,"08,09,10,11,12",570,N/A,Local Support and Improvement,77 Sands Street,"Brooklyn, NY 11226",347-853-6762,<1%,76%,20%,1%,1%,1%,7%,25%,84%,43%,57%,0%,68%,Boys: Track; Basketball; Soccer; Baseball; Girls: Track; Basketball; Volleyball; Co-Ed: E-Gaming; Cheerleading; Flag Football,Art Club; Robotics Club; International Club,N/A,N/A,N/A (fewer than 5 teachers),65%,11%,N/A (fewer than 5 teachers),N/A (fewer than 5 teachers),19%,3,43%,N/A,75%,82%,N/A,N/A,N/A,100%,73%,97%,97%,N/A,6%,37%,340 (60%),,<1% (2),76% (258),20% (68),1% (5),<1% (3),<1% (2),Excellent,N/A,N/A,N/A,N/A,N/A,N/A,79%,N/A,83%,71%,N/A,N/A,N/A,89%,74%,87%,71%,69%,89%,N/A,89%,86%,N/A,N/A,N/A,86%,85%,59%,81%,N/A,78%,86%,N/A,N/A,N/A,92%,77%,68%,88%,88%,81%,75%,N/A,73%,81%,N/A,N/A,N/A,71%,73%,70%,17%,90%,68%,50%,N/A,46%,59%,N/A,N/A,N/A,60%,58%,83%,N/A,81%,87%,N/A,N/A,N/A,87%,87%,65%,N/A,64%,70%,N/A,N/A,N/A,71%,67%,91%,75%,N/A,75%,N/A,N/A,N/A,N/A,N/A,N/A,79%,85%,N/A,78%,N/A,N/A,N/A,N/A,N/A,N/A,91%,77%,N/A,89%,N/A,N/A,N/A,N/A,N/A,N/A
84K892,Brooklyn Emerging Leaders Academy Charter School,Fair,,,www.schools.nyc.gov/schools/K892,Nicia Fullwood,"09,10,11,12,SE",219,N/A,Local Support and Improvement,125 Stuyvesant Avenue,"Brooklyn, NY 11221",347-491-8320,<1%,77%,20%,1%,0%,<1%,4%,16%,75%,100%,0%,0%,N/A,Boys: N/A; Girls: N/A; Co-Ed: N/A,N/A,N/A,N/A,N/A (fewer than 5 teachers),40%,17%,N/A (fewer than 5 teachers),N/A (fewer than 5 teachers),40%,N/A,N/A,N/A,N/A,N/A,N/A,N/A,N/A,N/A,N/A,N/A,N/A,N/A,21%,79%,,,N/A,N/A,N/A,N/A,N/A,N/A,Needs Improvement,N/A,N/A,N/A,N/A,N/A,N/A,93%,N/A,92%,N/A,N/A,N/A,N/A,93%,N/A,N/A,91%,N/A,N/A,N/A,N/A,N/A,N/A,N/A,N/A,N/A,N/A,N/A,N/A,N/A,N/A,N/A,N/A,N/A,N/A,N/A,N/A,N/A,N/A,N/A,N/A,N/A,N/A,N/A,N/A,N/A,N/A,N/A,N/A,N/A,88%,55%,N/A,N/A,N/A,N/A,N/A,N/A,N/A,N/A,N/A,N/A,N/A,N/A,N/A,N/A,N/A,N/A,N/A,N/A,N/A,N/A,N/A,N/A,N/A,N/A,N/A,N/A,N/A,N/A,N/A,N/A,N/A,N/A,N/A,N/A,N/A,N/A,N/A,N/A,N/A,N/A,N/A,N/A,N/A,N/A,N/A,N/A,N/A,N/A,N/A,N/A,N/A,N/A,N/A,N/A,N/A,N/A,N/A,N/A,N/A
84K928,Brooklyn Prospect Charter School - CSD 15.2,Excellent,,,www.schools.nyc.gov/schools/K928,Dana Mulwanda/Tresha Ward,"0K,01,02,03,06,07,08,09,10,11,12",716,N/A,Local Support and Improvement,3002 Fort Hamilton Parkway,"Brooklyn, NY 11218",N/A,4%,21%,28%,<1%,0%,42%,2%,25%,41%,40%,60%,0%,57%,Boys: N/A; Girls: N/A; Co-Ed: N/A,N/A,N/A,N/A,8%,30%,9%,0%,0%,39%,N/A,N/A,N/A,21%,18%,N/A,N/A,35%,80%,32%,29%,57%,N/A,40%,80%,,,N/A,N/A,N/A,N/A,N/A,N/A,Needs Improvement,N/A,N/A,N/A,N/A,N/A,N/A,94%,N/A,86%,90%,N/A,N/A,100%,94%,94%,N/A,93%,N/A,86%,N/A,73%,90%,N/A,N/A,86%,100%,88%,N/A,74%,80%,64%,72%,N/A,N/A,78%,80%,78%,N/A,86%,86%,N/A,N/A,N/A,N/A,N/A,N/A,N/A,N/A,N/A,N/A,98%,98%,N/A,N/A,54%,60%,35%,58%,N/A,N/A,58%,80%,48%,77%,100%,62%,81%,N/A,N/A,77%,80%,74%,66%,60%,47%,70%,N/A,N/A,70%,80%,64%,N/A,72%,86%,86%,85%,N/A,N/A,64%,71%,69%,N/A,72%,86%,53%,88%,N/A,N/A,67%,100%,84%,N/A,84%,100%,71%,95%,N/A,N/A,81%,100%,86%
84M202,Great Oaks Charter School,,Good,Good,www.gonycks.org/apps/pages/index.jsp?uREC_ID=545959&type=d,Timberly Wilson,"06,07,08,09,10,11",159,N/A,Local Support and Improvement,240 Bleecker Street,"Manhattan, NY 10014",212-233-5152,3%,32%,59%,3%,0%,2%,9%,36%,86%,40%,60%,0%,70%,Boys: Basketball; soccer; Girls: Volleyball; basketball; Co-Ed: N/A,Homework center; music; crochet; kickboxing; badminton; garden club; step/dance,N/A,N/A,N/A (fewer than 5 teachers),23%,N/A (fewer than 5 teachers),0%,0%,16%,2,97%,N/A,58%,72%,N/A,N/A,N/A,100%,64%,100%,95%,N/A,N/A,N/A,22 (14%),,4% (4),35% (35),54% (55),3% (3),0% (0),2% (2),Needs Improvement,N/A,N/A,N/A,N/A,N/A,N/A,N/A,N/A,N/A,N/A,N/A,N/A,N/A,N/A,N/A,N/A,N/A,78%,91%,N/A,97%,88%,N/A,N/A,N/A,89%,93%,58%,84%,N/A,92%,82%,N/A,N/A,N/A,89%,85%,82%,95%,95%,84%,83%,N/A,94%,80%,N/A,N/A,N/A,N/A,89%,97%,95%,94%,75%,59%,N/A,61%,62%,N/A,N/A,N/A,80%,64%,89%,N/A,88%,91%,N/A,N/A,N/A,100%,92%,61%,N/A,46%,68%,N/A,N/A,N/A,80%,70%,94%,91%,N/A,85%,95%,N/A,N/A,N/A,100%,87%,91%,93%,N/A,94%,93%,N/A,N/A,N/A,91%,92%,94%,94%,N/A,92%,95%,N/A,N/A,N/A,100%,90%
84M204,Capital Preparatory Harlem Charter School,Needs Improvement,Needs Improvement,,www.schools.nyc.gov/schools/M204,Angela Logan/Laqwana Alexander,"06,07,08,09,10,11,12",174,N/A,Local Support and Improvement,2041 Madison Avenue,"Manhattan, NY 10035",212-328-9370,0%,76%,22%,1%,0%,1%,3%,19%,86%,43%,57%,0%,39%,Boys: N/A; Girls: N/A; Co-Ed: N/A,N/A,N/A,N/A,N/A (fewer than 5 teachers),63%,15%,0%,0%,N/A (fewer than 5 teachers),N/A,N/A,N/A,23%,31%,N/A,N/A,N/A,N/A,37%,78%,62%,N/A,15%,34%,,,N/A,N/A,N/A,N/A,N/A,N/A,Needs Improvement,N/A,N/A,N/A,N/A,N/A,N/A,66%,N/A,70%,N/A,N/A,N/A,N/A,75%,58%,N/A,N/A,50%,78%,N/A,77%,79%,N/A,N/A,N/A,N/A,72%,44%,64%,N/A,66%,69%,N/A,N/A,N/A,N/A,64%,65%,78%,78%,70%,57%,N/A,53%,68%,N/A,N/A,N/A,N/A,83%,83%,38%,N/A,53%,26%,N/A,21%,42%,N/A,N/A,N/A,N/A,34%,70%,N/A,69%,75%,N/A,N/A,N/A,N/A,69%,40%,N/A,41%,39%,N/A,N/A,N/A,N/A,45%,N/A,52%,N/A,61%,47%,N/A,N/A,N/A,N/A,58%,N/A,59%,N/A,57%,63%,N/A,N/A,N/A,N/A,50%,N/A,63%,N/A,73%,53%,N/A,N/A,N/A,N/A,58%
84M279,Opportunity Charter School,Fair,,,ocsny.org,Jessica Marcu/Kaitlin Francis,"06,07,08,09,10,11,12,SE",244,N/A,Comprehensive Support and Improvement,240 West 113 Street,"Manhattan, NY 10026",212-866-6137,0%,49%,48%,1%,<1%,<1%,11%,66%,93%,43%,57%,0%,N/A,"Boys: Basketball, Volleyball, Softball, Flag Football, Track; Girls: Basketball, Volleyball, Softball, Flag Football; Co-Ed: Track","Yearbook Club, Senior Events, Photograph, and Cosmetology",N/A,N/A,N/A (fewer than 5 teachers),44%,12%,0%,0%,39%,8,91%,N/A,N/A,N/A,N/A,N/A,N/A,N/A,N/A,N/A,N/A,N/A,7%,49%,,,N/A,N/A,N/A,N/A,N/A,N/A,Needs Improvement,N/A,N/A,N/A,N/A,N/A,N/A,83%,N/A,77%,85%,N/A,N/A,N/A,84%,82%,N/A,87%,N/A,N/A,N/A,N/A,N/A,N/A,N/A,N/A,N/A,N/A,N/A,N/A,N/A,N/A,N/A,N/A,N/A,N/A,N/A,N/A,N/A,N/A,N/A,N/A,N/A,N/A,N/A,N/A,N/A,N/A,N/A,N/A,N/A,97%,88%,93%,N/A,N/A,N/A,N/A,N/A,N/A,N/A,N/A,N/A,N/A,N/A,N/A,N/A,N/A,N/A,N/A,N/A,N/A,N/A,N/A,N/A,N/A,N/A,N/A,N/A,N/A,N/A,N/A,N/A,N/A,N/A,N/A,N/A,N/A,N/A,N/A,N/A,N/A,N/A,N/A,N/A,N/A,N/A,N/A,N/A,N/A,N/A,N/A,N/A,N/A,N/A,N/A,N/A,N/A,N/A,N/A,N/A,N/A
84M284,Harlem Children's Zone Promise Academy Charter School,Good,Good,Good,www.schools.nyc.gov/schools/M284,Achil Petit/Joseph Cordero,"0K,01,02,03,04,05,06,07,08,09,10,11,12",258,N/A,Local Support and Improvement,245 West 129th Street,"New York, NY 10027",212-360-3232,0%,84%,13%,<1%,<1%,1%,<1%,14%,85%,53%,47%,0%,78%,Boys: N/A; Girls: N/A; Co-Ed: N/A,N/A,N/A,N/A,3%,43%,20%,N/A (fewer than 5 teachers),0%,29%,N/A,N/A,N/A,62%,53%,N/A,N/A,N/A,N/A,59%,80%,67%,N/A,44%,84%,99 (38%),60 (23%),0% (0),87% (116),10% (13),2% (2),<1% (1),<1% (1),Needs Improvement,N/A,N/A,N/A,N/A,N/A,N/A,98%,N/A,98%,N/A,N/A,N/A,N/A,97%,100%,N/A,90%,75%,87%,N/A,88%,87%,N/A,N/A,N/A,N/A,83%,64%,82%,N/A,82%,85%,N/A,N/A,N/A,N/A,86%,78%,88%,91%,83%,86%,N/A,86%,90%,N/A,N/A,N/A,N/A,87%,94%,86%,N/A,73%,58%,N/A,61%,46%,N/A,N/A,N/A,N/A,55%,85%,N/A,85%,84%,N/A,N/A,N/A,N/A,85%,78%,N/A,78%,78%,N/A,N/A,N/A,N/A,77%,93%,91%,N/A,91%,93%,N/A,100%,N/A,95%,93%,91%,92%,N/A,93%,92%,N/A,60%,N/A,95%,90%,94%,92%,N/A,93%,87%,N/A,N/A,N/A,97%,96%
84M341,Harlem Children's Zone Promise Academy II Charter School,Good,Good,Good,www.schools.nyc.gov/schools/M341,Achil Petit/Kaitlynn Conley,"0K,01,02,03,04,05,06,07,08,09,10,11,12",215,N/A,Local Support and Improvement,35 East 125th Street,"Manhattan, NY 10035",212-360-3236,0%,82%,13%,1%,0%,<1%,<1%,15%,85%,49%,51%,0%,75%,Boys: N/A; Girls: N/A; Co-Ed: N/A,N/A,N/A,N/A,6%,41%,20%,N/A (fewer than 5 teachers),0%,28%,N/A,N/A,N/A,47%,57%,N/A,N/A,N/A,N/A,60%,78%,74%,N/A,34%,82%,81 (38%),48 (22%),0% (0),79% (89),14% (16),2% (2),0% (0),2% (2),Fair,N/A,N/A,N/A,N/A,N/A,N/A,92%,N/A,90%,N/A,N/A,N/A,N/A,93%,91%,N/A,100%,73%,88%,N/A,86%,96%,N/A,N/A,N/A,100%,84%,60%,82%,N/A,84%,77%,N/A,N/A,N/A,80%,86%,75%,87%,88%,85%,87%,N/A,86%,88%,N/A,N/A,N/A,N/A,100%,92%,78%,N/A,70%,53%,N/A,53%,48%,N/A,N/A,N/A,100%,52%,81%,N/A,80%,83%,N/A,N/A,N/A,83%,89%,71%,N/A,73%,64%,N/A,N/A,N/A,83%,67%,92%,87%,N/A,86%,90%,N/A,N/A,N/A,100%,90%,90%,90%,N/A,90%,91%,N/A,N/A,N/A,93%,91%,88%,87%,N/A,86%,90%,N/A,N/A,N/A,93%,94%
84M350,Democracy Preparatory Charter School,Fair,Fair,Fair,democracyprep.org/ny/,Nakita Green/Shanique Clement,"06,07,08,09,10,11,12",403,N/A,Local Support and Improvement,2230 5 Avenue,"Manhattan, NY 10037",212-281-1248,<1%,61%,32%,3%,0%,2%,9%,13%,84%,51%,49%,<1%,57%,Boys: JV basketball; flag football; varsity soccer; varsity basketball; baseball; Girls: JV basketball; soccer; volleyball; varsity basketball; softball; cheer; Co-Ed: flag football; fencing,Chess Club; Games & Anime; Yearbook Club; Dance Team; K-Pop Dance Team; Korean Culture & Cooking Club; Journalism Club; African Diaspora Club; Theater Club; Skate Everything School; Korean Dance & Drum; Speech & Debate; Music Academy & House Band,N/A,N/A,11%,40%,15%,0%,0%,18%,3,47%,N/A,30%,59%,N/A,N/A,N/A,60%,30%,82%,62%,N/A,56%,62%,100 (25%),245 (61%),<1% (2),59% (145),33% (80),4% (10),0% (0),1% (3),Fair,N/A,N/A,N/A,N/A,N/A,N/A,81%,N/A,79%,83%,N/A,N/A,N/A,83%,79%,90%,85%,70%,79%,N/A,78%,79%,N/A,N/A,N/A,73%,73%,55%,73%,N/A,68%,84%,N/A,N/A,N/A,83%,63%,83%,100%,90%,73%,70%,N/A,73%,64%,N/A,N/A,N/A,71%,58%,86%,46%,95%,60%,39%,N/A,36%,43%,N/A,N/A,N/A,67%,37%,75%,N/A,69%,86%,N/A,N/A,N/A,89%,68%,51%,N/A,46%,58%,N/A,N/A,N/A,67%,54%,90%,78%,N/A,73%,88%,N/A,N/A,N/A,N/A,80%,84%,84%,N/A,84%,88%,N/A,N/A,N/A,N/A,86%,89%,82%,N/A,80%,92%,N/A,N/A,N/A,N/A,100%
84M351,Success Academy Charter School - Harlem 1,Fair,,,www.schools.nyc.gov/schools/M351,Michael Lafrancis/Amaury Ramirez,"0K,01,02,03,04,05,06,07,08,09,10,11,12,SE",856,N/A,Local Support and Improvement,34 West 118 Street,"Manhattan, NY 10026",646-277-7170,3%,57%,30%,<1%,<1%,7%,0%,7%,65%,54%,46%,0%,80%,Boys: N/A; Girls: N/A; Co-Ed: N/A,N/A,N/A,N/A,N/A,N/A,N/A,N/A,N/A,N/A,N/A,N/A,N/A,N/A,N/A,N/A,N/A,N/A,N/A,N/A,N/A,N/A,N/A,0%,69%,,,N/A,N/A,N/A,N/A,N/A,N/A,Good,N/A,N/A,N/A,N/A,N/A,N/A,63%,N/A,63%,64%,N/A,N/A,67%,67%,60%,N/A,38%,N/A,100%,N/A,N/A,N/A,N/A,N/A,N/A,N/A,N/A,N/A,100%,N/A,N/A,N/A,N/A,N/A,N/A,N/A,N/A,N/A,N/A,N/A,N/A,N/A,N/A,N/A,N/A,N/A,N/A,N/A,N/A,N/A,N/A,N/A,N/A,N/A,20%,N/A,N/A,N/A,N/A,N/A,N/A,N/A,N/A,100%,N/A,N/A,N/A,N/A,N/A,N/A,N/A,N/A,80%,N/A,N/A,N/A,N/A,N/A,N/A,N/A,N/A,N/A,80%,N/A,N/A,N/A,N/A,N/A,N/A,N/A,N/A,N/A,80%,N/A,N/A,N/A,N/A,N/A,N/A,N/A,N/A,N/A,80%,N/A,N/A,N/A,N/A,N/A,N/A,N/A,N/A
84M353,New Heights Academy Charter School,Good,Good,Good,www.schools.nyc.gov/schools/M353,Fred Givens Iii/Christina Brown,"05,06,07,08,09,10,11,12",416,N/A,Local Support and Improvement,1818 Amsterdam Avenue,"Manhattan, NY 10031",212-283-5400,<1%,7%,91%,0%,<1%,1%,14%,12%,92%,57%,43%,0%,79%,Boys: N/A; Girls: N/A; Co-Ed: N/A,N/A,N/A,N/A,N/A (fewer than 5 teachers),42%,29%,N/A (fewer than 5 teachers),0%,26%,N/A,N/A,N/A,58%,80%,N/A,N/A,N/A,82%,71%,70%,63%,N/A,35%,80%,58 (14%),,0% (0),3% (2),97% (56),0% (0),0% (0),0% (0),Needs Improvement,N/A,N/A,N/A,N/A,N/A,N/A,93%,N/A,N/A,94%,N/A,N/A,N/A,92%,95%,75%,100%,74%,89%,N/A,85%,90%,N/A,N/A,N/A,88%,88%,66%,84%,N/A,84%,84%,N/A,N/A,N/A,83%,74%,78%,88%,84%,84%,86%,N/A,80%,86%,N/A,N/A,N/A,84%,83%,95%,86%,N/A,68%,45%,N/A,46%,46%,N/A,N/A,N/A,50%,51%,88%,N/A,82%,88%,N/A,N/A,80%,88%,86%,70%,N/A,54%,73%,N/A,N/A,N/A,74%,74%,94%,97%,N/A,94%,97%,N/A,N/A,100%,98%,97%,84%,88%,N/A,89%,88%,N/A,N/A,86%,87%,87%,98%,97%,N/A,100%,97%,N/A,N/A,86%,100%,96%
84M433,Innovation Charter High School,Fair,Fair,Good,www.schools.nyc.gov/schools/M433,Terence Joseph/Stephen Falla Riff,"09,10,11,12",407,N/A,Local Support and Improvement,410 East 100 Street,"Manhattan, NY 10029",212-722-5871,<1%,44%,54%,<1%,0%,<1%,9%,31%,91%,47%,53%,0%,84%,Boys: N/A; Girls: N/A; Co-Ed: N/A,N/A,N/A,N/A,0%,0%,19%,81%,0%,0%,N/A,N/A,N/A,59%,68%,N/A,N/A,N/A,62%,62%,85%,65%,N/A,22%,36%,,,N/A,N/A,N/A,N/A,N/A,N/A,Fair,N/A,N/A,N/A,N/A,N/A,N/A,78%,N/A,74%,82%,N/A,N/A,N/A,77%,80%,80%,63%,75%,93%,N/A,88%,97%,N/A,N/A,N/A,86%,91%,66%,79%,N/A,86%,74%,N/A,N/A,N/A,80%,77%,85%,88%,94%,86%,83%,N/A,80%,85%,N/A,N/A,N/A,100%,87%,76%,35%,N/A,71%,52%,N/A,52%,50%,N/A,N/A,N/A,59%,54%,90%,N/A,88%,91%,N/A,N/A,N/A,100%,87%,64%,N/A,60%,66%,N/A,N/A,N/A,69%,73%,95%,90%,N/A,84%,93%,N/A,N/A,N/A,93%,87%,87%,87%,N/A,88%,88%,N/A,N/A,N/A,60%,94%,93%,90%,N/A,82%,96%,N/A,N/A,N/A,93%,91%
84M478,Inwood Academy for Leadership Charter School,Good,Fair,Good,www.schools.nyc.gov/schools/M478,Christina Reyes/Jenny Pichardo,"05,06,07,08,09,10,11,12",510,N/A,Local Support and Improvement,3896 10 Avenue,"Manhattan, NY 10034",646-665-5570,<1%,6%,92%,<1%,0%,<1%,15%,25%,88%,46%,54%,0%,73%,Boys: N/A; Girls: N/A; Co-Ed: N/A,N/A,N/A,N/A,6%,17%,56%,0%,N/A (fewer than 5 teachers),16%,N/A,N/A,N/A,66%,66%,N/A,N/A,100%,68%,58%,95%,89%,N/A,9%,69%,39 (8%),123 (24%),<1% (1),4% (5),93% (118),0% (0),0% (0),2% (2),Good,N/A,N/A,N/A,N/A,N/A,N/A,90%,N/A,N/A,90%,N/A,N/A,N/A,84%,95%,88%,84%,66%,89%,N/A,84%,90%,N/A,N/A,N/A,85%,83%,60%,80%,N/A,90%,79%,N/A,N/A,100%,79%,73%,69%,74%,68%,79%,76%,N/A,81%,76%,N/A,N/A,N/A,85%,71%,N/A,N/A,N/A,65%,46%,N/A,51%,45%,N/A,N/A,60%,47%,42%,87%,N/A,89%,86%,N/A,N/A,100%,84%,82%,67%,N/A,56%,67%,N/A,N/A,80%,72%,67%,91%,90%,N/A,90%,90%,N/A,N/A,80%,93%,86%,89%,86%,N/A,94%,86%,N/A,N/A,N/A,93%,86%,94%,92%,N/A,84%,93%,N/A,N/A,100%,94%,89%
84M481,Democracy Preparatory Harlem Charter School,Fair,,,democracyprep.org/ny/,Josef Robinson/Katelyn Derry,"0K,01,02,03,04,05,06,07,08,09,10,11,12",355,N/A,Local Support and Improvement,207 West 133 Street,"Manhattan, NY 10030",212-281-3061,0%,70%,26%,2%,<1%,<1%,8%,28%,85%,48%,52%,0%,59%,Boys: JV basketball; flag football; varsity soccer; varsity basketball; baseball; Girls: JV basketball; soccer; volleyball; varsity basketball; softball; cheer; Co-Ed: flag football; fencing,"National Honor Society; Girls, Inc; Art Club; Movie Club; Creative Writing Club; Senior Committee; 9th Grade Scholar Leadership Council; Korean Arts & Culture Club; Coding Club; Dance Club; Theatre Club; The Cooking Club; Chess Club; Tabletop Tuesdays (DnD/Gaming Club); 10th Grade Scholar Leadership Council; 11th Grade Scholar Leadership Council; Korean Honor Society; GSA; Financial Club; Korean Dance & Drum; Speech & Debate; Music Academy & House Band",N/A,N/A,7%,30%,22%,0%,0%,17%,8,58%,N/A,51%,51%,N/A,N/A,N/A,67%,43%,87%,87%,N/A,53%,59%,91 (26%),168 (47%),0% (0),72% (127),25% (45),2% (3),<1% (1),0% (0),Fair,N/A,N/A,N/A,N/A,N/A,N/A,78%,N/A,79%,75%,N/A,N/A,N/A,86%,68%,N/A,47%,N/A,88%,N/A,84%,96%,N/A,N/A,N/A,92%,81%,N/A,76%,N/A,74%,80%,N/A,N/A,N/A,83%,68%,N/A,73%,80%,N/A,83%,N/A,83%,83%,N/A,N/A,N/A,100%,90%,85%,58%,94%,N/A,48%,N/A,49%,45%,N/A,N/A,N/A,67%,45%,79%,N/A,76%,87%,N/A,N/A,N/A,96%,74%,56%,N/A,56%,56%,N/A,N/A,N/A,52%,53%,N/A,87%,N/A,89%,82%,80%,N/A,N/A,100%,87%,N/A,93%,N/A,93%,91%,100%,N/A,N/A,100%,98%,N/A,91%,N/A,92%,89%,80%,N/A,N/A,100%,91%
84M518,East Harlem Scholars Academy Charter School,Needs Improvement,,,www.eastharlemscholars.org/high-school,Jeff Ginsburg/Tiffany Thomas,"PK,0K,01,02,03,04,05,06,07,08,09,10,11,12,SE",352,N/A,Local Support and Improvement,2050 Second Avenue,"Manhattan, NY 10029",212-348-2518,1%,30%,65%,1%,<1%,<1%,6%,27%,91%,44%,56%,0%,N/A,Boys: Boys Varsity Basketball; Flag Football; Boys Junior Varsity Basketball; Boys Soccer; Girls: Girls Varsity Volleyball; Varsity Cheerleading; Girls Varsity Basketball; Co-Ed: Flag Football,Yearbook; Senior Committee; National Honor Society; Student Ambassadors; Anime Club; Dance Team; Chess Club; Cooking Club; Crochet Club; Gaming Club,N/A,N/A,6%,43%,30%,0%,0%,14%,2,40%,N/A,N/A,N/A,N/A,N/A,N/A,N/A,N/A,N/A,N/A,N/A,5%,56%,,,N/A,N/A,N/A,N/A,N/A,N/A,Needs Improvement,N/A,N/A,N/A,N/A,N/A,N/A,62%,N/A,66%,60%,N/A,N/A,N/A,58%,65%,N/A,68%,N/A,N/A,N/A,N/A,N/A,N/A,N/A,N/A,N/A,N/A,N/A,N/A,N/A,N/A,N/A,N/A,N/A,N/A,N/A,N/A,N/A,N/A,N/A,N/A,N/A,N/A,N/A,N/A,N/A,N/A,N/A,N/A,N/A,63%,7%,94%,N/A,N/A,N/A,N/A,N/A,N/A,N/A,N/A,N/A,N/A,N/A,N/A,N/A,N/A,N/A,N/A,N/A,N/A,N/A,N/A,N/A,N/A,N/A,N/A,N/A,N/A,N/A,N/A,N/A,87%,N/A,100%,86%,N/A,N/A,N/A,71%,80%,N/A,94%,N/A,100%,93%,N/A,N/A,N/A,100%,91%,N/A,93%,N/A,100%,93%,N/A,N/A,N/A,100%,91%
84M522,Broome Street Academy Charter High School,Needs Improvement,,Needs Improvement,www.schools.nyc.gov/schools/M522,Lynette Ford,"09,10,11,12,SE",348,N/A,Local Support and Improvement,121 Avenue Of The Americas,"Manhattan, NY 10013",212-453-0295,<1%,49%,44%,3%,<1%,2%,6%,28%,91%,49%,51%,0%,67%,Boys: N/A; Girls: N/A; Co-Ed: N/A,N/A,N/A,Community School,0%,N/A (fewer than 5 teachers),25%,0%,0%,0%,N/A,N/A,N/A,59%,53%,N/A,N/A,N/A,67%,41%,67%,59%,N/A,19%,38%,,,N/A,N/A,N/A,N/A,N/A,N/A,Fair,N/A,N/A,N/A,N/A,N/A,N/A,44%,N/A,44%,45%,N/A,N/A,N/A,51%,38%,N/A,28%,N/A,87%,N/A,90%,86%,N/A,N/A,N/A,86%,91%,N/A,71%,N/A,74%,72%,N/A,N/A,N/A,N/A,70%,N/A,74%,85%,N/A,80%,N/A,82%,79%,N/A,N/A,N/A,67%,75%,73%,27%,N/A,N/A,49%,N/A,59%,41%,N/A,N/A,N/A,50%,44%,83%,N/A,94%,78%,N/A,N/A,N/A,71%,84%,59%,N/A,69%,51%,N/A,N/A,N/A,71%,57%,81%,72%,N/A,75%,62%,N/A,N/A,N/A,N/A,N/A,72%,75%,N/A,71%,71%,N/A,N/A,N/A,N/A,N/A,80%,75%,N/A,75%,71%,N/A,N/A,N/A,N/A,N/A
84M708,Harlem Prep Charter School,Fair,Fair,Fair,democracyprep.org/ny/,Greg Daniel/Andre Geddes,"03,04,05,06,07,08,09,10,11,12",421,N/A,Local Support and Improvement,240 East 123 Street,"Manhattan, NY 10035",212-876-9953,<1%,62%,34%,<1%,<1%,1%,8%,17%,91%,53%,47%,0%,54%,Boys: JV basketball; flag football; varsity soccer; varsity basketball; baseball; fencing; Girls: JV basketball; soccer; volleyball; varsity basketball; softball; cheer; Co-Ed: flag football; fencing,Theater; Student Council; Korean Dance & Drum; Speech & Debate; Music Academy & House Band,N/A,N/A,5%,25%,16%,0%,0%,24%,7,53%,N/A,47%,52%,N/A,N/A,N/A,60%,43%,71%,62%,N/A,69%,70%,56 (13%),245 (58%),<1% (1),62% (155),35% (89),1% (3),<1% (1),1% (3),Fair,N/A,N/A,N/A,N/A,N/A,N/A,74%,N/A,76%,70%,N/A,N/A,N/A,88%,58%,N/A,54%,67%,84%,N/A,83%,84%,N/A,N/A,N/A,91%,86%,55%,74%,N/A,77%,69%,N/A,N/A,N/A,67%,65%,72%,81%,85%,74%,66%,N/A,66%,68%,N/A,N/A,N/A,60%,57%,83%,58%,95%,61%,42%,N/A,43%,42%,N/A,N/A,N/A,33%,41%,81%,N/A,82%,81%,N/A,N/A,N/A,80%,82%,53%,N/A,59%,45%,N/A,N/A,N/A,31%,46%,88%,83%,N/A,85%,80%,N/A,N/A,N/A,80%,80%,82%,85%,N/A,88%,81%,N/A,N/A,N/A,90%,79%,89%,82%,N/A,86%,78%,N/A,N/A,N/A,80%,78%
84M709,Harlem Village Academy West Charter School,,,,harlemvillageacademies.org/,Kevin Tallat-Kelpsa/Yohana De Los Santos,"PK,0K,01,02,03,04,05,06,07,08,09,10,11,12",129,N/A,Local Support and Improvement,244 West 144 Street,"Manhattan, NY 10030",646-812-9300,0%,82%,17%,0%,0%,0%,2%,11%,82%,57%,43%,0%,N/A,Boys: Basketball; Girls: Basketball; Co-Ed: Track & Field,Student Senate; Book Club; Mindfulness Club; Weight Lifting Club; Muslim Student Association; Debate Club; Iron Clad Chef Club; Boss Girls; Chess Club + Dungeons & Dragons; Self Care Club; Arts & Crafts Club; Unfiltered Scribes; Fashion Club; Harlem Village Herald; Polyglot Club; Badminton Club; Safe Space and Theatre Club.,N/A,N/A,6%,44%,13%,0%,0%,37%,4,93%,N/A,N/A,N/A,N/A,N/A,N/A,N/A,N/A,N/A,N/A,N/A,61%,88%,,24 (19%),0% (0),82% (71),17% (15),0% (0),0% (0),0% (0),N/A,N/A,N/A,N/A,N/A,N/A,N/A,88%,N/A,87%,N/A,N/A,N/A,N/A,94%,82%,N/A,N/A,N/A,N/A,N/A,N/A,N/A,N/A,N/A,N/A,N/A,N/A,N/A,N/A,N/A,N/A,N/A,N/A,N/A,N/A,N/A,N/A,N/A,N/A,N/A,N/A,N/A,N/A,N/A,N/A,N/A,N/A,N/A,N/A,N/A,95%,91%,90%,N/A,N/A,N/A,N/A,N/A,N/A,N/A,N/A,N/A,N/A,N/A,N/A,N/A,N/A,N/A,N/A,N/A,N/A,N/A,N/A,N/A,N/A,N/A,N/A,N/A,N/A,N/A,N/A,N/A,100%,N/A,N/A,N/A,N/A,N/A,N/A,N/A,N/A,N/A,100%,N/A,N/A,N/A,N/A,N/A,N/A,N/A,N/A,N/A,100%,N/A,N/A,N/A,N/A,N/A,N/A,N/A,N/A
84Q320,New Visions Charter High School for Advanced Math and Science IV,Good,Fair,Good,www.newvisions.org/ams4,Claubentz Dieujuste,"09,10,11,12,SE",419,N/A,Local Support and Improvement,156-10 Baisley Boulevard,"Queens, NY 11434",718-525-2041,3%,81%,13%,1%,<1%,<1%,2%,17%,63%,46%,54%,0%,57%,Boys: N/A; Girls: N/A; Co-Ed: N/A,Yearbook; Dance; Fashion;,N/A,Career Readiness and Modern Youth Apprenticeship,21%,44%,15%,N/A (fewer than 5 teachers),N/A (fewer than 5 teachers),18%,12,50%,56%,41%,47%,N/A,N/A,N/A,N/A,40%,53%,44%,N/A,37%,68%,,,N/A,N/A,N/A,N/A,N/A,N/A,Fair,N/A,N/A,N/A,N/A,N/A,N/A,94%,N/A,95%,89%,N/A,N/A,N/A,95%,94%,N/A,94%,71%,91%,67%,92%,96%,N/A,N/A,N/A,N/A,93%,64%,78%,62%,77%,84%,N/A,N/A,N/A,N/A,76%,67%,70%,66%,85%,79%,80%,78%,86%,N/A,N/A,N/A,N/A,88%,89%,58%,90%,64%,40%,40%,39%,39%,N/A,N/A,N/A,N/A,39%,86%,80%,85%,92%,N/A,N/A,N/A,N/A,91%,63%,60%,64%,58%,N/A,N/A,N/A,N/A,66%,92%,84%,N/A,82%,N/A,N/A,N/A,N/A,N/A,67%,86%,78%,N/A,76%,N/A,N/A,N/A,N/A,N/A,83%,91%,89%,N/A,88%,N/A,N/A,N/A,N/A,N/A,83%
84Q340,Challenge Preparatory Charter School,Fair,Good,Good,www.schools.nyc.gov/schools/Q340,Nicole Griffin/Dr. Les Mullings,"0K,01,02,03,04,05,06,07,08,09,10,11,12",272,N/A,Local Support and Improvement,710 Hartman Lane,"Queens, NY 11691",718-634-1634,<1%,76%,19%,2%,0%,1%,4%,20%,82%,56%,44%,0%,54%,Boys: N/A; Girls: N/A; Co-Ed: N/A,N/A,N/A,N/A,0%,4%,11%,0%,0%,3%,N/A,N/A,N/A,54%,66%,80%,N/A,71%,85%,54%,90%,81%,N/A,39%,N/A,,,N/A,N/A,N/A,N/A,N/A,N/A,Needs Improvement,N/A,N/A,N/A,N/A,N/A,N/A,74%,N/A,74%,N/A,N/A,N/A,N/A,70%,79%,N/A,N/A,76%,88%,N/A,90%,77%,100%,N/A,86%,74%,87%,54%,75%,N/A,74%,78%,60%,N/A,80%,85%,73%,83%,99%,91%,82%,78%,N/A,79%,73%,N/A,N/A,N/A,82%,84%,88%,55%,N/A,64%,43%,N/A,44%,37%,50%,N/A,29%,50%,44%,81%,N/A,81%,79%,83%,N/A,83%,91%,84%,59%,N/A,59%,61%,33%,N/A,67%,68%,58%,93%,86%,100%,87%,84%,92%,N/A,91%,86%,81%,88%,88%,100%,88%,83%,100%,N/A,91%,77%,87%,92%,89%,100%,89%,90%,91%,N/A,91%,87%,85%
84Q373,New Visions Charter High School for the Humanities IV,Good,Fair,Good,www.newvisions.org/hum4,Hannah Kehn,"09,10,11,12",207,N/A,Local Support and Improvement,100-00 Beach Channel Drive,"Queens, NY 11694",718-734-3350,1%,61%,32%,3%,<1%,1%,7%,32%,87%,53%,46%,<1%,68%,Boys: Boys Football; Boys Baseball; Boys Basketball; Boys Volleyball; Boys Soccer; Boys Lacrosse; Girls: Girls Softball; Girls Basketball; Girls Volleyball; Girls Tennis; Co-Ed: N/A,Black Student Union; Chess; Photography; Yearbook; Skateboard; Dance,N/A,N/A,N/A (fewer than 5 teachers),41%,14%,0%,N/A (fewer than 5 teachers),36%,7,86%,N/A,44%,62%,N/A,N/A,N/A,71%,59%,96%,78%,N/A,49%,58%,44 (21%),52 (25%),3% (2),52% (40),38% (29),4% (3),1% (1),3% (2),Good,N/A,N/A,N/A,N/A,N/A,N/A,92%,N/A,93%,89%,N/A,N/A,N/A,93%,91%,N/A,100%,80%,92%,N/A,92%,90%,N/A,N/A,N/A,100%,97%,65%,77%,N/A,77%,77%,N/A,N/A,N/A,71%,83%,85%,81%,93%,87%,83%,N/A,77%,85%,N/A,N/A,N/A,86%,88%,81%,40%,85%,74%,47%,N/A,46%,48%,N/A,N/A,N/A,50%,48%,90%,N/A,88%,90%,N/A,N/A,N/A,100%,94%,62%,N/A,56%,66%,N/A,N/A,N/A,71%,72%,91%,83%,N/A,76%,100%,N/A,N/A,N/A,N/A,92%,93%,93%,N/A,95%,86%,N/A,N/A,N/A,N/A,100%,96%,93%,N/A,90%,100%,N/A,N/A,N/A,N/A,100%
84Q380,Forte Preparatory Academy Charter School,,Excellent,Good,www.schools.nyc.gov/schools/Q380,Graham Browne/Justin Smith,"05,06,07,08,09",96,N/A,Local Support and Improvement,51-35 Reeder Street,"Queens, NY 11373",N/A,4%,13%,77%,0%,0%,5%,11%,20%,80%,44%,56%,0%,85%,Boys: N/A; Girls: N/A; Co-Ed: N/A,N/A,N/A,N/A,13%,32%,11%,0%,0%,42%,N/A,N/A,83%,81%,90%,N/A,N/A,78%,90%,87%,97%,91%,N/A,N/A,N/A,,,N/A,N/A,N/A,N/A,N/A,N/A,Good,N/A,N/A,N/A,N/A,N/A,N/A,N/A,N/A,N/A,N/A,N/A,N/A,N/A,N/A,N/A,N/A,N/A,76%,93%,94%,91%,93%,N/A,N/A,88%,89%,89%,74%,87%,94%,84%,88%,N/A,N/A,86%,87%,86%,79%,100%,82%,88%,87%,N/A,100%,83%,N/A,N/A,N/A,67%,88%,93%,81%,N/A,70%,51%,53%,69%,49%,N/A,N/A,56%,48%,44%,90%,89%,91%,91%,N/A,N/A,67%,90%,88%,67%,84%,59%,67%,N/A,N/A,44%,61%,60%,88%,86%,95%,72%,88%,N/A,N/A,78%,88%,85%,90%,85%,95%,82%,85%,N/A,N/A,78%,85%,91%,94%,90%,100%,77%,91%,N/A,N/A,78%,93%,90%
84Q414,Renaissance Charter School 2,,Good,Good,rencharters.org/trcs-elmhurst/,Stacey Gauthier/Everett Boyd,"0K,01,02,03,04,09",104,N/A,Local Support and Improvement,45-20 83 Street,"Queens, NY 11373",N/A,12%,10%,72%,2%,0%,4%,27%,19%,81%,50%,50%,0%,68%,Boys: Charter School League Basketball; Volleyball; Soccer; Girls: Charter School League Basketball; Volleyball; Soccer; Co-Ed: N/A,"Sports Clubs in Soccer, Volleyball, and Basketball Board Games; Chess Club Project Prevent; Wonsulting AI; Sadie Nash; Planned Parenthood; Amazon Coding; Model UN w/Best Delegate; NY Chronicles (ELLs); Urban Word; Music Explorers",N/A,N/A,15%,22%,17%,N/A (fewer than 5 teachers),0%,39%,4,74%,80%,100%,76%,N/A,N/A,N/A,67%,38%,97%,97%,N/A,N/A,N/A,,,N/A,N/A,N/A,N/A,N/A,N/A,Needs Improvement,N/A,N/A,N/A,N/A,N/A,N/A,N/A,N/A,N/A,N/A,N/A,N/A,N/A,N/A,N/A,N/A,N/A,71%,79%,100%,N/A,75%,N/A,N/A,N/A,60%,33%,70%,86%,100%,100%,81%,N/A,N/A,N/A,64%,57%,76%,85%,71%,88%,84%,80%,67%,87%,N/A,N/A,N/A,77%,78%,N/A,N/A,94%,69%,50%,60%,33%,49%,N/A,N/A,N/A,45%,22%,88%,100%,83%,86%,N/A,N/A,N/A,75%,67%,72%,80%,67%,70%,N/A,N/A,N/A,75%,56%,94%,89%,87%,100%,91%,N/A,N/A,N/A,93%,86%,93%,92%,92%,100%,92%,N/A,N/A,N/A,88%,95%,93%,91%,87%,100%,93%,N/A,N/A,N/A,95%,84%
84Q705,Renaissance Charter School,Excellent,Excellent,Good,rencharters.org/trcs-jackson-heights/,Stacey Gauthier,"PK,0K,01,02,03,04,05,06,07,08,09,10,11,12",264,N/A,Local Support and Improvement,35-59 81 Street,"Queens, NY 11372",718-803-0060,16%,1%,80%,0%,<1%,2%,9%,17%,73%,50%,50%,0%,70%,Boys: Boys Volleyball Boys Basketball Boys Soccer; Girls: Girls Volleyball Girls Basketball Girls Soccer; Co-Ed: N/A,Academic Clubs are: National Honor Society Spanish Honor Society Clubs: Peer Mediation Silk Screening (pending) Chess Future Farmers of America Senior Student Council Clubs paired with leadership program: Model UN Newspaper and Literary Magazine (pending) Student Council,N/A,N/A,22%,12%,23%,0%,0%,43%,N/A,N/A,44%,N/A,38%,N/A,N/A,40%,48%,37%,67%,43%,N/A,54%,84%,,,N/A,N/A,N/A,N/A,N/A,N/A,Excellent,N/A,N/A,N/A,N/A,N/A,N/A,94%,N/A,N/A,93%,N/A,N/A,N/A,97%,91%,N/A,N/A,79%,93%,92%,N/A,93%,N/A,N/A,100%,94%,95%,73%,87%,87%,N/A,86%,N/A,N/A,86%,88%,84%,83%,93%,80%,83%,82%,90%,N/A,81%,N/A,N/A,50%,85%,89%,92%,76%,N/A,71%,47%,63%,N/A,44%,N/A,N/A,43%,41%,47%,91%,92%,N/A,91%,N/A,N/A,87%,89%,88%,76%,83%,N/A,75%,N/A,N/A,64%,74%,67%,96%,90%,97%,100%,89%,N/A,N/A,81%,97%,90%,89%,84%,87%,100%,84%,N/A,N/A,81%,87%,83%,93%,90%,95%,91%,90%,N/A,N/A,86%,95%,92%
84R067,John W. Lavelle Preparatory Charter School,Good,Fair,Good,www.schools.nyc.gov/schools/R067,Jenna Curran/Dori Rexha,"0K,01,02,03,04,05,06,07,08,09,10,11,12,SE",171,N/A,Local Support and Improvement,1441 South Avenue,"Staten Is, NY 10314",347-855-2238,1%,44%,44%,1%,0%,8%,2%,32%,74%,49%,51%,0%,48%,Boys: N/A; Girls: N/A; Co-Ed: N/A,N/A,N/A,N/A,4%,10%,15%,N/A (fewer than 5 teachers),0%,57%,N/A,N/A,22%,28%,27%,20%,N/A,22%,23%,28%,58%,62%,N/A,34%,59%,,,N/A,N/A,N/A,N/A,N/A,N/A,N/A,N/A,N/A,N/A,N/A,N/A,N/A,92%,N/A,88%,N/A,N/A,N/A,N/A,90%,95%,N/A,N/A,72%,81%,78%,84%,80%,N/A,N/A,74%,83%,84%,55%,70%,88%,72%,68%,N/A,N/A,53%,92%,67%,83%,96%,92%,78%,71%,N/A,71%,68%,N/A,N/A,77%,N/A,76%,85%,55%,N/A,63%,44%,56%,46%,45%,40%,N/A,14%,46%,39%,81%,100%,81%,84%,60%,N/A,71%,100%,80%,57%,86%,60%,52%,40%,N/A,45%,46%,56%,94%,89%,75%,87%,92%,100%,N/A,86%,93%,87%,87%,90%,57%,88%,91%,100%,N/A,100%,87%,93%,94%,92%,100%,90%,94%,100%,N/A,91%,93%,90%
84R070,Lois and Richard Nicotra Early College Charter School,Good,Fair,Fair,www.schools.nyc.gov/schools/R070,Terrona Gaynor,"08,09,10,11,12,SE",236,N/A,Local Support and Improvement,1441 South Avenue,"Staten Is, NY 10314",N/A,<1%,33%,48%,0%,<1%,16%,3%,36%,74%,52%,48%,0%,26%,Boys: N/A; Girls: N/A; Co-Ed: N/A,N/A,N/A,N/A,9%,12%,13%,0%,0%,54%,N/A,N/A,N/A,72%,77%,N/A,N/A,70%,N/A,69%,76%,64%,N/A,53%,72%,,,N/A,N/A,N/A,N/A,N/A,N/A,Excellent,N/A,N/A,N/A,N/A,N/A,N/A,92%,N/A,N/A,82%,N/A,N/A,N/A,N/A,96%,N/A,N/A,71%,86%,N/A,77%,89%,N/A,N/A,97%,40%,86%,60%,83%,N/A,81%,81%,N/A,N/A,90%,N/A,81%,67%,75%,72%,70%,60%,N/A,52%,63%,N/A,N/A,67%,50%,58%,87%,55%,N/A,64%,43%,N/A,37%,43%,N/A,N/A,56%,N/A,41%,84%,N/A,76%,87%,N/A,N/A,94%,N/A,87%,51%,N/A,51%,48%,N/A,N/A,54%,50%,51%,91%,84%,N/A,86%,88%,N/A,N/A,77%,N/A,88%,83%,85%,N/A,75%,92%,N/A,N/A,75%,N/A,86%,90%,84%,N/A,86%,84%,N/A,N/A,85%,N/A,86%
84X185,Pharos Academy Charter School,Good,Good,Good,pharosacademies.org/,Travis Brown,"0K,01,02,03,04,05,06,07,08,09,10,11,12",259,N/A,Local Support and Improvement,1001 Intervale Avenue,"Bronx, NY 10459",646-915-0025,1%,31%,66%,<1%,0%,<1%,4%,14%,89%,51%,49%,0%,63%,"Boys: Volleyball, basketball, cross country, baseball, track, soccer; Girls: Volleyball, cross country, softball, track; Co-Ed: Flag football",N/A,N/A,N/A,N/A (fewer than 5 teachers),44%,16%,0%,0%,34%,10,65%,100%,86%,78%,N/A,N/A,N/A,67%,83%,98%,94%,N/A,62%,58%,,,N/A,N/A,N/A,N/A,N/A,N/A,Fair,N/A,N/A,N/A,N/A,N/A,N/A,90%,N/A,100%,82%,N/A,N/A,N/A,92%,88%,N/A,N/A,80%,94%,100%,95%,93%,N/A,N/A,N/A,90%,91%,67%,92%,100%,95%,90%,N/A,N/A,N/A,94%,91%,79%,96%,81%,72%,65%,N/A,67%,65%,N/A,N/A,N/A,80%,71%,93%,76%,87%,68%,47%,50%,50%,46%,N/A,N/A,N/A,42%,59%,88%,100%,85%,90%,N/A,N/A,N/A,87%,90%,67%,50%,71%,66%,N/A,N/A,N/A,54%,71%,96%,93%,N/A,92%,93%,N/A,N/A,N/A,94%,91%,92%,97%,N/A,96%,97%,N/A,N/A,N/A,94%,97%,95%,94%,N/A,96%,92%,N/A,N/A,N/A,94%,88%
84X202,New Visions Charter High School for Advanced Math and Science II,Excellent,Good,Good,www.newvisions.org/ams2,Sandy Manessis/Curtis Palmore,"09,10,11,12,SE",484,N/A,Local Support and Improvement,900 Tinton Avenue,"Bronx, NY 10456",718-665-3671,1%,46%,49%,2%,0%,1%,5%,16%,88%,52%,48%,0%,82%,"Boys: Varsity Basketball, JV Basketball, Volleyball, Soccer; Girls: Basketball, Volleyball, Soccer; Co-Ed: Track & Field, Cross Country, Flag Football, Cheerleading","Pre Health Club, Weight Room, Art Club, Chess Club, World Cultural Alliance, Student Ambassadors, Choir, Spanish Creative Writing, Jiu Jitsu, Makeup Club, GSA, Reality Check, Creative Writing, Gaming Club, Caribbean Club",N/A,N/A,6%,20%,40%,0%,0%,33%,8,95%,50%,60%,59%,100%,N/A,80%,35%,58%,77%,67%,N/A,86%,82%,123 (25%),173 (36%),2% (4),44% (91),51% (106),3% (6),0% (0),0% (0),Excellent,N/A,N/A,N/A,N/A,N/A,N/A,99%,N/A,100%,98%,N/A,N/A,N/A,100%,98%,N/A,95%,79%,91%,83%,87%,96%,100%,N/A,N/A,78%,89%,76%,88%,83%,85%,89%,100%,N/A,100%,84%,81%,86%,84%,90%,89%,84%,83%,81%,88%,71%,N/A,100%,79%,83%,90%,64%,73%,74%,52%,67%,43%,58%,71%,N/A,67%,37%,41%,92%,100%,88%,94%,100%,N/A,100%,89%,90%,74%,67%,69%,79%,100%,N/A,83%,53%,64%,93%,91%,80%,92%,91%,N/A,N/A,N/A,100%,96%,85%,85%,80%,82%,87%,N/A,N/A,N/A,73%,96%,96%,95%,100%,94%,96%,N/A,N/A,N/A,87%,94%
84X208,New Visions Charter High School for the Humanities II,Good,Fair,Fair,www.hum2.org/,David Neagley,"09,10,11,12,SE",322,N/A,Local Support and Improvement,900 Tinton Avenue,"Bronx, NY 10456",212-645-5110,0%,39%,57%,<1%,0%,1%,13%,18%,92%,55%,45%,0%,82%,"Boys: Flag football, Basketball (boys), Soccer, Volleyball, Track & Field; Girls: Flag Football, Volleyball, Basketball, Soccer, Track & Field; Co-Ed: Flag Football, Volleyball, Basketball, Soccer, Track & Field","Climbing Club, South Bronx Steppers, Student Activities Board, Lego Engineers, Gamer Club, Board Game Club, Peer Group Leaders, The Knightly News, Debate Club, Cosmetology Club, Project PRIDE, Young Men's Club, Young Women's Club & Yearbook Club",N/A,N/A,0%,37%,30%,0%,0%,32%,6,54%,N/A,65%,66%,N/A,N/A,N/A,73%,57%,65%,57%,N/A,65%,68%,73 (23%),196 (61%),0% (0),40% (87),56% (122),1% (3),0% (0),<1% (2),Fair,N/A,N/A,N/A,N/A,N/A,N/A,87%,N/A,91%,82%,N/A,N/A,N/A,88%,86%,69%,75%,79%,87%,N/A,90%,87%,N/A,N/A,N/A,78%,78%,73%,88%,N/A,94%,86%,N/A,N/A,N/A,89%,92%,80%,83%,95%,88%,83%,N/A,83%,84%,N/A,N/A,N/A,81%,90%,78%,29%,86%,73%,51%,N/A,58%,50%,N/A,N/A,N/A,54%,48%,92%,N/A,91%,93%,N/A,N/A,N/A,89%,90%,70%,N/A,78%,66%,N/A,N/A,N/A,64%,62%,89%,78%,N/A,79%,78%,N/A,N/A,N/A,N/A,N/A,81%,74%,N/A,57%,100%,N/A,N/A,N/A,N/A,N/A,86%,82%,N/A,79%,88%,N/A,N/A,N/A,N/A,N/A
84X309,South Bronx Charter School for International Cultures and the Arts,,Fair,Good,www.sbcsica.org,Evelyn Hey/Nick Marinacci,"0K,01,02,03,04,05,06,07,08,09,10",56,N/A,Local Support and Improvement,164 Bruckner Boulevard,"Bronx, NY 10454",718-401-9216,0%,16%,84%,0%,0%,0%,21%,13%,94%,48%,52%,0%,49%,Boys: Soccer; Tennis; Girls: Soccer; Co-Ed: Soccer,Music; Dance,N/A,N/A,0%,31%,52%,0%,0%,17%,20,85%,N/A,35%,61%,N/A,N/A,N/A,58%,50%,91%,86%,N/A,N/A,N/A,,,N/A,N/A,N/A,N/A,N/A,N/A,N/A,N/A,N/A,N/A,N/A,N/A,N/A,N/A,N/A,N/A,N/A,N/A,N/A,N/A,N/A,N/A,N/A,N/A,76%,85%,N/A,71%,86%,N/A,N/A,N/A,85%,73%,61%,78%,N/A,71%,78%,N/A,N/A,N/A,85%,80%,83%,95%,91%,68%,67%,N/A,57%,68%,N/A,N/A,N/A,75%,57%,N/A,N/A,80%,62%,40%,N/A,23%,41%,N/A,N/A,N/A,59%,29%,85%,N/A,77%,86%,N/A,N/A,N/A,93%,82%,58%,N/A,36%,60%,N/A,N/A,N/A,55%,47%,95%,89%,N/A,73%,91%,N/A,N/A,N/A,95%,95%,91%,87%,N/A,79%,87%,N/A,N/A,N/A,88%,91%,94%,91%,N/A,94%,91%,N/A,N/A,N/A,97%,90%
84X345,Leaders In Our Neighborhood Charter School,Fair,Good,Good,lioncharterschool.org/,Celia Sosa/Lex Zain,"0K,01,02,03,04,05,06,07,08,09,10,11,12",313,N/A,Local Support and Improvement,730 Bryant Avenue,"Bronx, NY 10474",718-991-5500,<1%,25%,73%,<1%,0%,<1%,14%,22%,88%,47%,53%,0%,78%,Boys: Basketball (Men's); Baseball (Men's); Soccer (Men's); Girls: Basketball (Women's); Soccer (Women's); Softball (Women's); Volleyball (Women's); Co-Ed: Cheerleading (Co-Ed); Track & Field (Co-Ed); Cheerleading (Co-Ed); Flag-Football (Co-Ed);,Step Team (Co-Ed); Dance Team (Co-Ed); National Honor Society ; National Dance Honor Society; National Arts Honor Society; LION Newspaper; Yearbook; Film Club; Debate Team; Mock Trial; Investment Club; Student Council; Gaming Club; GSA; Caribbean & African American Association; Girls Group; Mental Health Club,N/A,N/A,6%,35%,37%,N/A (fewer than 5 teachers),N/A (fewer than 5 teachers),18%,5,78%,N/A,62%,67%,N/A,N/A,N/A,52%,59%,57%,49%,N/A,40%,73%,125 (40%),,<1% (1),29% (46),69% (111),<1% (1),0% (0),<1% (1),Needs Improvement,N/A,N/A,N/A,N/A,N/A,N/A,88%,N/A,90%,87%,N/A,N/A,N/A,85%,91%,N/A,88%,71%,89%,N/A,87%,89%,N/A,N/A,N/A,75%,82%,65%,83%,N/A,81%,85%,N/A,N/A,N/A,81%,84%,77%,90%,86%,86%,82%,N/A,91%,79%,N/A,N/A,N/A,66%,81%,89%,62%,90%,70%,54%,N/A,55%,54%,N/A,N/A,N/A,51%,57%,89%,N/A,88%,88%,N/A,N/A,N/A,81%,88%,74%,N/A,72%,75%,N/A,N/A,N/A,76%,76%,95%,90%,N/A,88%,91%,N/A,N/A,N/A,88%,89%,93%,96%,N/A,98%,95%,N/A,N/A,N/A,96%,94%,94%,92%,N/A,90%,93%,N/A,N/A,N/A,91%,91%
84X347,International Leadership Charter High School,Good,,,www.schools.nyc.gov/schools/X347,Dr. Elaine Ruiz Lopez,"06,09,10,11,12",329,N/A,Local Support and Improvement,3030 Riverdale Avenue,"Bronx, NY 10463",718-562-2300,<1%,18%,78%,<1%,<1%,<1%,13%,10%,86%,55%,45%,0%,N/A,Boys: N/A; Girls: N/A; Co-Ed: N/A,N/A,N/A,N/A,N/A (fewer than 5 teachers),44%,24%,0%,0%,24%,N/A,N/A,N/A,N/A,N/A,N/A,N/A,N/A,N/A,N/A,N/A,N/A,N/A,19%,50%,,,N/A,N/A,N/A,N/A,N/A,N/A,Needs Improvement,N/A,N/A,N/A,N/A,N/A,N/A,90%,N/A,N/A,89%,N/A,N/A,N/A,86%,94%,N/A,N/A,N/A,N/A,N/A,N/A,N/A,N/A,N/A,N/A,N/A,N/A,N/A,N/A,N/A,N/A,N/A,N/A,N/A,N/A,N/A,N/A,N/A,N/A,N/A,N/A,N/A,N/A,N/A,N/A,N/A,N/A,N/A,N/A,N/A,92%,65%,N/A,N/A,N/A,N/A,N/A,N/A,N/A,N/A,N/A,N/A,N/A,N/A,N/A,N/A,N/A,N/A,N/A,N/A,N/A,N/A,N/A,N/A,N/A,N/A,N/A,N/A,N/A,N/A,N/A,N/A,N/A,N/A,N/A,N/A,N/A,N/A,N/A,N/A,N/A,N/A,N/A,N/A,N/A,N/A,N/A,N/A,N/A,N/A,N/A,N/A,N/A,N/A,N/A,N/A,N/A,N/A,N/A,N/A,N/A
84X380,Success Academy Charter School - Bronx 3,,,,www.schools.nyc.gov/schools/X380,Tahiri Jean-Baptiste/Katherine Huntington,"0K,01,02,03,04,05,06,07,08,09,10,11,SE",356,N/A,Local Support and Improvement,1000 Teller Avenue,"Bronx, NY 10456",646-790-2145,<1%,60%,35%,2%,<1%,2%,0%,4%,78%,50%,50%,0%,N/A,Boys: N/A; Girls: N/A; Co-Ed: N/A,N/A,N/A,N/A,N/A,N/A,N/A,N/A,N/A,N/A,N/A,N/A,N/A,N/A,N/A,N/A,N/A,N/A,N/A,N/A,N/A,N/A,N/A,N/A,N/A,,,N/A,N/A,N/A,N/A,N/A,N/A,Excellent,N/A,N/A,N/A,N/A,N/A,N/A,N/A,N/A,N/A,N/A,N/A,N/A,N/A,N/A,N/A,N/A,N/A,N/A,N/A,N/A,N/A,N/A,N/A,N/A,N/A,N/A,N/A,N/A,N/A,N/A,N/A,N/A,N/A,N/A,N/A,N/A,N/A,N/A,N/A,N/A,N/A,N/A,N/A,N/A,N/A,N/A,N/A,N/A,N/A,N/A,N/A,N/A,N/A,N/A,N/A,N/A,N/A,N/A,N/A,N/A,N/A,N/A,N/A,N/A,N/A,N/A,N/A,N/A,N/A,N/A,N/A,N/A,N/A,N/A,N/A,N/A,N/A,N/A,N/A,N/A,N/A,N/A,N/A,N/A,N/A,N/A,N/A,N/A,N/A,N/A,N/A,N/A,N/A,N/A,N/A,N/A,N/A,N/A,N/A,N/A,N/A,N/A,N/A,N/A,N/A,N/A,N/A,N/A,N/A,N/A,N/A
84X387,Brilla College Preparatory Charter School,,Good,Excellent,Vertexacademies.org,Yeime Valle/Denise Mccrummen,"0K,01,02,03,04,05,06,07,08,09,10,SE",65,N/A,Local Support and Improvement,413 East 144 Street,"Bronx, NY 10454",347-273-8439,0%,25%,71%,3%,0%,2%,15%,22%,89%,23%,77%,0%,59%,"Boys: Soccer, Basketball, Flag football, Track; Girls: Girls Basketball League; Fitness; Shotput""; Co-Ed: Soccer, Track and Field","Theater, Play, Service as Action, Compost Club, Pod Cast",N/A,N/A,N/A,N/A,N/A,N/A,N/A,N/A,2,48%,N/A,36%,38%,N/A,N/A,N/A,31%,33%,84%,84%,N/A,N/A,N/A,,,N/A,N/A,N/A,N/A,N/A,N/A,N/A,N/A,N/A,N/A,N/A,N/A,N/A,N/A,N/A,N/A,N/A,N/A,N/A,N/A,N/A,N/A,N/A,N/A,69%,81%,N/A,83%,80%,N/A,N/A,N/A,82%,83%,50%,68%,N/A,71%,68%,N/A,N/A,N/A,87%,66%,77%,84%,84%,88%,N/A,N/A,N/A,N/A,N/A,N/A,N/A,N/A,N/A,92%,77%,92%,65%,49%,N/A,51%,49%,N/A,N/A,N/A,61%,51%,82%,N/A,73%,84%,N/A,N/A,N/A,76%,75%,65%,N/A,62%,66%,N/A,N/A,N/A,78%,63%,95%,96%,N/A,97%,96%,N/A,N/A,100%,94%,98%,91%,89%,N/A,90%,88%,N/A,N/A,100%,91%,89%,96%,97%,N/A,98%,97%,N/A,N/A,100%,97%,99%
84X393,University Prep Charter High School,Excellent,Excellent,Good,www.uppublicschools.org/,Andrea D'amato/Andrew Ayers,"09,10,11,12",421,N/A,Local Support and Improvement,600 Saint Ann's Avenue,"Bronx, NY 10455",718-585-0560,0%,40%,59%,0%,<1%,0%,5%,17%,84%,52%,48%,0%,93%,"Boys: Baseball; Basketball, Flag Football; Soccer; Girls: Softball; Volleyball;; Co-Ed: Cross Country/Track",Jewelry Club; Boys Club; Girls Club; Cooking Club; Board Games Club; Pottery Club; Swim Club; Minecraft Club; Flag Football Club; Fitness Club; GSA Club; Soccer Club,N/A,N/A,N/A (fewer than 5 teachers),13%,21%,N/A (fewer than 5 teachers),0%,38%,7,82%,N/A,80%,89%,N/A,N/A,100%,94%,83%,86%,82%,N/A,27%,83%,47 (11%),,0% (0),32% (15),66% (31),0% (0),2% (1),0% (0),Fair,N/A,N/A,N/A,N/A,N/A,N/A,99%,N/A,100%,98%,N/A,N/A,N/A,100%,97%,90%,100%,86%,95%,N/A,94%,95%,N/A,N/A,100%,100%,96%,76%,94%,N/A,91%,96%,N/A,N/A,N/A,94%,96%,90%,77%,90%,90%,86%,N/A,87%,87%,N/A,N/A,80%,89%,87%,92%,72%,92%,80%,71%,N/A,70%,72%,N/A,N/A,60%,83%,77%,93%,N/A,92%,94%,N/A,N/A,100%,94%,93%,86%,N/A,83%,89%,N/A,N/A,80%,94%,82%,95%,95%,N/A,95%,96%,N/A,N/A,100%,94%,99%,75%,91%,N/A,88%,93%,N/A,N/A,100%,100%,96%,96%,94%,N/A,94%,94%,N/A,N/A,80%,100%,97%
84X395,"NYC Charter High School for Architecture, Engineering and Construction Industries",Good,Good,Excellent,aecischools.org,Colin Healy,"09,10,11,12",450,N/A,Local Support and Improvement,838 Brook Avenue,"Bronx, NY 10451",646-400-5566,1%,36%,60%,1%,<1%,2%,7%,22%,89%,38%,62%,0%,89%,Boys: Basketball; Baseball; Flag Football; Volleyball; Track; Soccer; Girls: Basketball; Softball; Volleyball; Track; Soccer; Co-Ed: Soccer,"ACE Mentor Program of America; Cooper Union STEM Summer Intensive; Center for Architecture Summer Intensive; New York State Summer School of the Arts; DreamYard Theatre; DreamYard Design and Technology; Black Pearls Club; E-Sports League; Video Game Club; Chess Club, Site Visits,",N/A,N/A,N/A (fewer than 5 teachers),26%,28%,0%,0%,39%,10,94%,N/A,70%,72%,N/A,N/A,20%,77%,74%,86%,78%,N/A,49%,63%,,,0% (0),34% (16),66% (31),0% (0),0% (0),0% (0),Needs Improvement,N/A,N/A,N/A,N/A,N/A,N/A,97%,N/A,97%,97%,N/A,N/A,N/A,100%,95%,100%,92%,80%,93%,N/A,91%,94%,N/A,N/A,86%,87%,93%,81%,89%,N/A,87%,90%,N/A,N/A,100%,84%,91%,88%,86%,92%,92%,90%,N/A,90%,91%,N/A,N/A,71%,96%,92%,88%,56%,95%,79%,63%,N/A,64%,62%,N/A,N/A,43%,60%,69%,93%,N/A,93%,92%,N/A,N/A,100%,100%,92%,80%,N/A,83%,79%,N/A,N/A,71%,80%,82%,98%,100%,100%,100%,100%,N/A,N/A,100%,100%,100%,100%,100%,100%,99%,100%,N/A,N/A,100%,100%,100%,100%,100%,100%,100%,100%,N/A,N/A,100%,100%,100%
84X429,Charter High School for Law and Social Justice,Fair,Good,Excellent,www.chslsj.org,Richard Burke,"09,10,11,12",471,N/A,Local Support and Improvement,1960 University Avenue,"Bronx, NY 10453",646-450-2240,<1%,12%,86%,<1%,<1%,<1%,21%,19%,93%,51%,49%,0%,90%,"Boys: Baseball, Basketball, Flag Football, Volleyball, Cheerleading; Girls: Softball, Basketball, Flag Football, Volleyball, Cheerleading; Co-Ed: Flag Football, Cheerleading, Volleyball","Gaming Club, Yearbook, Knitting, Peer Tutoring, Community Service",N/A,N/A,7%,19%,41%,N/A (fewer than 5 teachers),0%,31%,5,82%,N/A,77%,89%,N/A,N/A,N/A,89%,85%,91%,88%,N/A,9%,62%,,,N/A,N/A,N/A,N/A,N/A,N/A,Fair,N/A,N/A,N/A,N/A,N/A,N/A,83%,N/A,87%,83%,N/A,N/A,N/A,82%,84%,69%,89%,80%,95%,N/A,95%,95%,N/A,N/A,N/A,92%,92%,82%,93%,N/A,91%,93%,N/A,N/A,N/A,93%,92%,90%,91%,94%,88%,86%,N/A,82%,87%,N/A,N/A,N/A,85%,86%,76%,34%,94%,80%,65%,N/A,64%,64%,N/A,N/A,N/A,77%,61%,93%,N/A,92%,93%,N/A,N/A,N/A,94%,85%,82%,N/A,70%,84%,N/A,N/A,N/A,90%,91%,97%,91%,N/A,88%,91%,N/A,N/A,N/A,86%,92%,89%,85%,N/A,72%,86%,N/A,N/A,N/A,92%,75%,98%,95%,N/A,92%,95%,N/A,N/A,N/A,94%,98%
84X460,Atmosphere Academy Public Charter School,,Good,Good,www.schools.nyc.gov/schools/X460,Colin Greene,"06,07,08,09,10,11",547,N/A,Local Support and Improvement,22 Marble Hill Avenue,"Bronx, NY 10463",718-757-5852,1%,18%,79%,<1%,0%,<1%,7%,18%,86%,46%,54%,0%,79%,Boys: N/A; Girls: N/A; Co-Ed: N/A,N/A,N/A,N/A,6%,39%,28%,N/A (fewer than 5 teachers),0%,22%,N/A,N/A,64%,58%,68%,N/A,N/A,70%,76%,71%,96%,95%,N/A,N/A,N/A,,,N/A,N/A,N/A,N/A,N/A,N/A,Excellent,N/A,N/A,N/A,N/A,N/A,N/A,N/A,N/A,N/A,N/A,N/A,N/A,N/A,N/A,N/A,N/A,N/A,74%,87%,84%,83%,88%,N/A,N/A,89%,85%,87%,59%,82%,71%,78%,84%,N/A,N/A,60%,82%,83%,76%,91%,84%,84%,85%,100%,89%,84%,N/A,N/A,N/A,75%,87%,91%,64%,N/A,65%,43%,42%,39%,44%,N/A,N/A,54%,48%,52%,79%,83%,81%,78%,N/A,N/A,92%,80%,81%,65%,75%,58%,67%,N/A,N/A,62%,63%,67%,92%,92%,87%,92%,92%,N/A,N/A,75%,95%,92%,86%,83%,80%,84%,83%,N/A,N/A,75%,85%,90%,93%,90%,87%,92%,90%,N/A,N/A,75%,93%,91%
84X461,Nuasin Next Generation Charter School,Fair,Fair,Excellent,nngcs.org,Kurt Davidson/Malik Russell,"0K,01,02,03,04,05,06,07,08,09,10,11,12",206,N/A,Local Support and Improvement,180 West 165th Street,"Bronx, NY 10452",718-893-0640,<1%,23%,74%,<1%,0%,1%,14%,21%,93%,55%,45%,0%,67%,"Boys: Boys Basketball, Boys Track; Girls: Girls Volleyball; Co-Ed: N/A","Track, Dance",N/A,N/A,N/A (fewer than 5 teachers),38%,27%,0%,0%,30%,6,80%,N/A,77%,75%,N/A,N/A,N/A,89%,64%,94%,91%,N/A,43%,75%,92 (45%),70 (34%),<1% (1),26% (28),70% (74),<1% (1),0% (0),2% (2),Needs Improvement,N/A,N/A,N/A,N/A,N/A,N/A,76%,N/A,N/A,71%,N/A,N/A,N/A,82%,68%,N/A,N/A,76%,93%,N/A,91%,93%,N/A,N/A,N/A,92%,93%,69%,90%,N/A,88%,90%,N/A,N/A,N/A,92%,91%,78%,89%,81%,85%,83%,N/A,89%,82%,N/A,N/A,N/A,84%,84%,83%,37%,85%,72%,50%,N/A,48%,50%,N/A,N/A,N/A,49%,58%,90%,N/A,87%,91%,N/A,N/A,N/A,95%,88%,75%,N/A,80%,73%,N/A,N/A,N/A,81%,72%,95%,95%,N/A,91%,96%,N/A,N/A,N/A,93%,92%,90%,92%,N/A,85%,95%,N/A,N/A,N/A,93%,97%,97%,96%,N/A,95%,96%,N/A,N/A,N/A,96%,95%
84X465,Boys Preparatory Charter School of New York,,Fair,,www.schools.nyc.gov/schools/X465,Joyanet Mangual/Steve Paul,"PK,0K,01,02,03,04,05,06,07,08,09,10,SE",39,N/A,Local Support and Improvement,192 East 151st Street,"Bronx, NY 10451",718-860-8774,3%,23%,74%,0%,0%,0%,13%,33%,>95%,0%,100%,0%,59%,Boys: Basketball; Track and Field; Baseball; Flag Football; Girls: N/A; Co-Ed: N/A,N/A,N/A,N/A,N/A (fewer than 5 teachers),41%,38%,N/A (fewer than 5 teachers),N/A (fewer than 5 teachers),17%,2,63%,60%,49%,45%,N/A,N/A,N/A,67%,50%,95%,95%,N/A,N/A,N/A,,,N/A,N/A,N/A,N/A,N/A,N/A,N/A,N/A,N/A,N/A,N/A,N/A,N/A,N/A,N/A,N/A,N/A,N/A,N/A,N/A,N/A,N/A,N/A,N/A,70%,78%,60%,76%,81%,N/A,N/A,N/A,62%,69%,50%,62%,N/A,70%,57%,N/A,N/A,N/A,71%,73%,74%,80%,85%,81%,N/A,N/A,N/A,N/A,N/A,N/A,N/A,N/A,N/A,N/A,N/A,N/A,64%,57%,80%,66%,49%,N/A,N/A,N/A,80%,62%,77%,100%,78%,75%,N/A,N/A,N/A,90%,83%,67%,60%,67%,71%,N/A,N/A,N/A,60%,73%,N/A,91%,N/A,90%,94%,N/A,N/A,N/A,100%,95%,N/A,87%,N/A,93%,84%,N/A,N/A,N/A,80%,89%,N/A,95%,N/A,97%,93%,N/A,N/A,N/A,100%,95%
84X471,American Dream Charter School,Good,Excellent,Excellent,www.schools.nyc.gov/schools/X471,Melissa Melkonian/Beatriz Banuelos,"06,07,08,09,10,11,12",325,N/A,Local Support and Improvement,510 East 141 Street,"Bronx, NY 10454",718-585-3071,0%,5%,95%,0%,0%,<1%,19%,16%,93%,58%,42%,0%,85%,Boys: N/A; Girls: N/A; Co-Ed: N/A,N/A,N/A,N/A,N/A (fewer than 5 teachers),12%,68%,N/A (fewer than 5 teachers),N/A (fewer than 5 teachers),15%,N/A,N/A,N/A,60%,78%,N/A,N/A,N/A,78%,67%,86%,67%,N/A,12%,81%,,,N/A,N/A,N/A,N/A,N/A,N/A,Needs Improvement,N/A,N/A,N/A,N/A,N/A,N/A,92%,N/A,N/A,91%,N/A,N/A,N/A,96%,86%,77%,N/A,81%,95%,N/A,88%,95%,N/A,N/A,N/A,89%,95%,75%,91%,N/A,76%,92%,N/A,N/A,N/A,96%,88%,85%,88%,95%,87%,82%,N/A,73%,83%,N/A,N/A,N/A,89%,79%,89%,59%,N/A,76%,58%,N/A,61%,58%,N/A,N/A,N/A,55%,47%,93%,N/A,89%,93%,N/A,N/A,N/A,96%,94%,83%,N/A,71%,84%,N/A,N/A,N/A,79%,73%,96%,93%,N/A,92%,93%,N/A,N/A,N/A,95%,96%,90%,93%,N/A,87%,93%,N/A,N/A,N/A,95%,95%,96%,95%,N/A,87%,95%,N/A,N/A,N/A,100%,96%
84X482,Dr. Richard Izquierdo Health and Science Charter School,Good,Fair,Fair,www.drizquierdocharterschools.org/,Beatriz Szmurlo/Sandra Bynum,"06,07,08,09,10,11,12,SE",415,N/A,Local Support and Improvement,800 Home Street,"Bronx, NY 10456",718-378-0490,<1%,16%,80%,0%,<1%,2%,11%,15%,93%,52%,48%,0%,83%,"Boys: "" Baseball, Basketball, Flag Football, Soccer; Girls: Softball, Volleyball, Basketball; Co-Ed: Track and Cheerleading",Sports After school cosmetology (soap making) Chess club Songwriting Podcasting Film club Art Jewelry making,N/A,N/A,4%,38%,36%,N/A (fewer than 5 teachers),0%,15%,5,95%,N/A,43%,46%,N/A,N/A,N/A,47%,31%,95%,85%,N/A,57%,81%,,,N/A,N/A,N/A,N/A,N/A,N/A,Needs Improvement,N/A,N/A,N/A,N/A,N/A,N/A,93%,N/A,89%,94%,N/A,N/A,N/A,96%,89%,100%,95%,71%,79%,N/A,76%,79%,N/A,N/A,N/A,68%,73%,58%,75%,N/A,75%,76%,N/A,N/A,N/A,71%,71%,84%,93%,96%,86%,84%,N/A,95%,82%,N/A,N/A,N/A,60%,92%,83%,31%,89%,61%,38%,N/A,41%,37%,N/A,N/A,N/A,30%,31%,78%,N/A,79%,78%,N/A,N/A,N/A,74%,76%,64%,N/A,66%,64%,N/A,N/A,N/A,61%,56%,90%,81%,N/A,89%,80%,N/A,N/A,N/A,86%,80%,85%,77%,N/A,78%,77%,N/A,N/A,N/A,77%,60%,89%,84%,N/A,75%,85%,N/A,N/A,N/A,82%,79%
84X487,Girls Preparatory Charter School of the Bronx,,Fair,,www.schools.nyc.gov/schools/X487,Robyn Milliner/Joyanet Mangual,"PK,0K,01,02,03,04,05,06,07,08,09,10,SE",49,N/A,Local Support and Improvement,681 Kelly Street,"Bronx, NY 10455",718-901-3855,2%,31%,65%,0%,0%,2%,8%,14%,94%,100%,0%,0%,80%,Boys: N/A; Girls: N/A; Co-Ed: N/A,N/A,N/A,N/A,N/A (fewer than 5 teachers),46%,35%,0%,N/A (fewer than 5 teachers),15%,3,56%,N/A,28%,34%,N/A,N/A,N/A,N/A,35%,45%,35%,N/A,N/A,N/A,,,N/A,N/A,N/A,N/A,N/A,N/A,N/A,N/A,N/A,N/A,N/A,N/A,N/A,N/A,N/A,N/A,N/A,N/A,N/A,N/A,N/A,N/A,N/A,N/A,77%,86%,N/A,83%,88%,N/A,N/A,N/A,N/A,81%,58%,77%,N/A,76%,85%,N/A,N/A,N/A,N/A,80%,63%,84%,80%,72%,N/A,N/A,N/A,N/A,N/A,N/A,N/A,N/A,N/A,N/A,N/A,N/A,66%,46%,N/A,45%,46%,N/A,N/A,N/A,N/A,58%,80%,N/A,68%,91%,N/A,N/A,N/A,N/A,74%,62%,N/A,54%,69%,N/A,N/A,N/A,N/A,53%,N/A,89%,N/A,86%,91%,N/A,N/A,N/A,89%,80%,N/A,94%,N/A,95%,92%,N/A,N/A,N/A,100%,93%,N/A,91%,N/A,88%,92%,N/A,N/A,N/A,100%,87%
84X488,The Equality Charter School,Fair,Good,Good,www.equalitycharterschool.org/,Caitlin Franco/Favrol Philemy,"06,07,08,09,10,11,12,SE",370,N/A,Local Support and Improvement,4140 Hutchinson River Parkway East,"Bronx, NY 10475",718-517-3169,2%,53%,42%,1%,<1%,<1%,8%,26%,77%,46%,54%,0%,73%,"Boys: JV basketball; Varsity basketball; Baseball; Girls: Volleyball, Cheer, Varsity basketball, Softball girls; Baseball boys; Coed Flag football,soccer.; Co-Ed: Cheer; Flag football; Soccer.","Newspaper; Yearbook; GSA (Gay Straight Alliance), Girls to Women, Men of Tomorrow, Christian Youth United, Book Club, Science Club, Improv/Theater Club",N/A,N/A,6%,42%,19%,0%,0%,27%,12.5,85%,71%,62%,69%,N/A,N/A,N/A,82%,63%,82%,75%,N/A,25%,68%,11 (3%),264 (71%),1% (3),54% (146),41% (109),1% (4),<1% (1),0% (0),Needs Improvement,N/A,N/A,N/A,N/A,N/A,N/A,83%,N/A,87%,77%,N/A,N/A,N/A,85%,81%,79%,78%,71%,90%,100%,89%,91%,N/A,N/A,N/A,90%,93%,62%,83%,100%,82%,86%,N/A,N/A,N/A,92%,79%,77%,88%,76%,87%,89%,100%,88%,90%,N/A,N/A,N/A,95%,91%,89%,68%,7%,68%,48%,75%,48%,46%,N/A,N/A,N/A,79%,51%,87%,100%,87%,87%,N/A,N/A,N/A,88%,85%,65%,88%,64%,65%,N/A,N/A,N/A,88%,61%,90%,92%,100%,90%,93%,N/A,N/A,N/A,100%,89%,87%,89%,86%,86%,94%,N/A,N/A,N/A,91%,92%,97%,96%,100%,96%,97%,N/A,N/A,N/A,100%,97%
84X539,New Visions Charter High School for Advanced Math and Science,Good,Good,Good,unitedcharter.org/,Robert Hiller,"09,10,11,12,SE",464,N/A,Local Support and Improvement,99 Terrace View Avenue,"Bronx, NY 10463",718-817-7683,1%,35%,61%,1%,0%,2%,8%,14%,87%,53%,47%,0%,87%,Boys: Baseball; Basketball; Bowling; Cross Country; Football; Gymnastics; Indoor Track; Outdoor Track; Soccer; Volleyball; Girls: Basketball; Cross Country; Golf Coed; Flag Football; Golf; Gymnastics; Handball; Indoor Track; Outdoor Track; Soccer; Softball; Stunt Coed; Tennis; Volleyball; Co-Ed: Golf Coed Varsity; Stunt Coed Varsity,Amnesty Club; Anime Club; Bilingual Book Club; Braided Club; Dance Club; Dungeons & Dragons Club; Fitness Club. Gaming Club; Gardening Club; Highlight Club; Minds Matter Club; Minds Matter Club; National Honor Society; Science Club; Student Council; Theater Club,N/A,N/A,N/A (fewer than 5 teachers),38%,25%,N/A (fewer than 5 teachers),N/A (fewer than 5 teachers),34%,10,80%,80%,60%,64%,N/A,N/A,83%,80%,67%,76%,61%,N/A,78%,68%,121 (26%),156 (34%),2% (4),32% (69),62% (131),1% (3),0% (0),3% (6),Good,N/A,N/A,N/A,N/A,N/A,N/A,93%,N/A,96%,91%,N/A,N/A,N/A,96%,91%,N/A,69%,78%,95%,100%,95%,95%,N/A,N/A,100%,96%,98%,72%,85%,83%,82%,87%,N/A,N/A,100%,88%,84%,87%,79%,79%,93%,88%,67%,89%,90%,N/A,N/A,71%,93%,94%,87%,52%,92%,77%,59%,33%,56%,62%,N/A,N/A,29%,82%,56%,94%,83%,96%,93%,N/A,N/A,86%,96%,96%,78%,67%,74%,80%,N/A,N/A,57%,82%,85%,94%,96%,80%,95%,97%,100%,N/A,100%,93%,98%,81%,92%,60%,90%,94%,100%,N/A,88%,96%,96%,99%,98%,100%,96%,98%,100%,N/A,100%,97%,98%
84X553,New Visions Charter High School for the Humanities,Good,Fair,Excellent,unitedcharter.org/,Magaly Hicks,"09,10,11,12,SE",412,N/A,Local Support and Improvement,99 Terrace View Avenue,"Bronx, NY 10463",718-817-7686,0%,30%,68%,<1%,<1%,1%,6%,17%,91%,46%,54%,0%,85%,"Boys: Cross Country, Indoor Track, JV Baseball, JV Basketball, JV Football, outdoor Track, Varsity Baseball, Varsity Basketball, Varsity Bowling, Varsity Football, Varsity Gymnastics, Varsity Soccer, Varsity Volleyball; Girls: Flag Football, Handball, Indoor Track, JV Basketball, JV Volleyball, Outdoor Track, Varsity Basketball, Varsity Golf, Varsity Gymnastics, Varsity Soccer, Varsity Softball, Varsity Tennis, Varsity Volleyball; Co-Ed: COED Stunt and COED Varsity Golf","African American Studies Club, Anime Club, Be' HUM' tiful club, Career Club, Chess club, Cooking Club, Creative Writing Club, Dance Club, Dynamic Figure Drawing Club, Fashion Design club, GAMING Club, GSA, Health Careers Club, Movie Club, Picasso Baby, and Student Council",N/A,N/A,N/A (fewer than 5 teachers),43%,25%,N/A (fewer than 5 teachers),N/A (fewer than 5 teachers),26%,15,95%,N/A,66%,61%,N/A,N/A,50%,80%,54%,88%,76%,N/A,24%,66%,,,N/A,N/A,N/A,N/A,N/A,N/A,Fair,N/A,N/A,N/A,N/A,N/A,N/A,94%,N/A,96%,93%,N/A,N/A,N/A,91%,98%,93%,91%,74%,92%,N/A,93%,92%,N/A,N/A,100%,86%,85%,72%,82%,N/A,76%,84%,N/A,N/A,83%,87%,78%,82%,88%,88%,88%,81%,N/A,85%,80%,N/A,N/A,83%,80%,78%,82%,36%,94%,74%,61%,N/A,64%,61%,N/A,N/A,67%,81%,48%,94%,N/A,92%,95%,N/A,N/A,100%,88%,89%,76%,N/A,77%,76%,N/A,N/A,67%,81%,70%,91%,97%,N/A,97%,97%,N/A,N/A,100%,100%,98%,93%,87%,N/A,84%,89%,N/A,N/A,60%,100%,89%,100%,99%,N/A,99%,99%,N/A,N/A,100%,100%,100%
84X581,South Bronx Community Charter High School,Fair,Needs Improvement,Good,southbronxcommunity.org,Natalie Ferrell/John Clemente,"09,10,11,12",376,N/A,Local Support and Improvement,1110 Washington Avenue,"Bronx, NY 10456",N/A,<1%,36%,61%,1%,0%,<1%,15%,22%,92%,55%,45%,<1%,74%,Boys: Basketball; football; soccer; baseball; track; wrestling; fitness; Girls: Basketball; softball; track; Co-Ed: N/A,Dance; step; yearbook; gaming; student government; national honor society; school store; theater,N/A,Career Readiness and Modern Youth Apprenticeship,0%,12%,25%,0%,0%,N/A (fewer than 5 teachers),8,73%,N/A,83%,89%,N/A,N/A,N/A,91%,88%,97%,70%,N/A,0%,46%,,,N/A,N/A,N/A,N/A,N/A,N/A,Fair,N/A,N/A,N/A,N/A,N/A,N/A,79%,N/A,82%,78%,N/A,N/A,N/A,84%,73%,N/A,75%,71%,90%,N/A,89%,90%,N/A,N/A,N/A,91%,95%,65%,81%,N/A,83%,80%,N/A,N/A,N/A,67%,61%,72%,60%,83%,89%,87%,N/A,85%,89%,N/A,N/A,N/A,83%,84%,77%,26%,85%,67%,41%,N/A,46%,38%,N/A,N/A,N/A,58%,37%,86%,N/A,92%,84%,N/A,N/A,N/A,75%,79%,67%,N/A,79%,60%,N/A,N/A,N/A,67%,68%,92%,88%,N/A,82%,90%,N/A,N/A,N/A,N/A,70%,89%,95%,N/A,92%,97%,N/A,N/A,N/A,N/A,78%,95%,95%,N/A,100%,93%,N/A,N/A,N/A,N/A,100%
84X585,Legacy College Preparatory Charter School,Fair,Fair,Fair,www.schools.nyc.gov/schools/X585,Summer Schneider/Christian Toledo,"06,07,08,09,10,11,12",514,N/A,Local Support and Improvement,416 Willis Avenue,"Bronx, NY 10454",N/A,0%,37%,60%,2%,<1%,<1%,10%,21%,92%,53%,47%,0%,71%,Boys: N/A; Girls: N/A; Co-Ed: N/A,N/A,N/A,N/A,N/A (fewer than 5 teachers),49%,37%,0%,0%,8%,N/A,N/A,N/A,60%,73%,N/A,N/A,N/A,79%,65%,92%,92%,N/A,56%,N/A,107 (21%),,0% (0),40% (59),56% (83),3% (4),<1% (1),0% (0),Needs Improvement,N/A,N/A,N/A,N/A,N/A,N/A,84%,N/A,91%,79%,N/A,N/A,N/A,87%,80%,82%,94%,72%,84%,N/A,81%,86%,N/A,N/A,N/A,70%,82%,51%,75%,N/A,70%,79%,N/A,N/A,N/A,71%,66%,76%,80%,84%,83%,75%,N/A,75%,76%,N/A,N/A,N/A,92%,76%,86%,51%,N/A,62%,44%,N/A,35%,48%,N/A,N/A,N/A,59%,44%,83%,N/A,79%,86%,N/A,N/A,N/A,77%,78%,51%,N/A,50%,52%,N/A,N/A,N/A,54%,43%,90%,83%,N/A,83%,83%,N/A,N/A,N/A,96%,86%,83%,81%,N/A,78%,81%,N/A,N/A,N/A,92%,86%,89%,87%,N/A,83%,88%,N/A,N/A,N/A,100%,89%
84X597,Urban Assembly Charter School for Computer Science,Good,Excellent,Excellent,www.compscihigh.org,David Noah/Iris Adler,"09,10,11,12",449,N/A,Local Support and Improvement,1300 Boynton Avenue,"Bronx, NY 10472",N/A,4%,32%,60%,2%,<1%,2%,6%,21%,89%,39%,61%,0%,92%,Boys: Basketball; Soccer; Track; Girls: Basketball; Track; Volleyball; Softball; Co-Ed: N/A,Dance; Art; Graphic Design; Hacking; Anime; Gaming; Yearbook; Music/Drumline; Newspaper,N/A,Career Readiness and Modern Youth Apprenticeship; CS for All; Future Ready NYC,10%,27%,24%,0%,0%,39%,5,84%,62%,66%,74%,100%,N/A,60%,65%,75%,77%,66%,N/A,44%,65%,192 (43%),192 (43%),3% (7),36% (80),55% (122),3% (7),0% (0),2% (4),Needs Improvement,N/A,N/A,N/A,N/A,N/A,N/A,89%,N/A,90%,87%,N/A,N/A,N/A,87%,90%,N/A,80%,79%,96%,100%,96%,96%,86%,N/A,86%,89%,97%,77%,88%,89%,91%,87%,71%,N/A,86%,68%,95%,88%,89%,97%,93%,92%,100%,93%,91%,100%,N/A,100%,90%,89%,90%,71%,96%,77%,59%,44%,56%,60%,86%,N/A,57%,43%,70%,94%,100%,95%,94%,100%,N/A,71%,95%,94%,79%,75%,82%,78%,71%,N/A,71%,65%,81%,94%,98%,N/A,100%,96%,N/A,N/A,N/A,100%,100%,87%,93%,N/A,100%,89%,N/A,N/A,N/A,100%,82%,99%,99%,N/A,100%,98%,N/A,N/A,N/A,100%,100%
84X611,AECI II: NYC Charter High School for Computer Engineering and Innovation,Good,Good,Good,www.aeci2charterhs.org/,,"09,10,11,12",457,N/A,Local Support and Improvement,116 East 169 Street,"Bronx, NY 10452",N/A,0%,25%,74%,<1%,0%,<1%,15%,20%,94%,42%,58%,0%,82%,Boys: Boys Varsity Basketball;Boys JV Basketball; Baseball; Soccer; Flag Football; Girls: Girls Volleyball; Softball; Co-Ed: Girls Volleyball; Softball,Art Club; Cheerleading Club; Chess Club; Debate Club; Finance Club; Medical Club; Cooking Club; Gaming and Esports Club; Ladies Fitness Club; Music Club; Dance Club; GSA; ESL Club; Journalism Club,N/A,N/A,0%,27%,44%,0%,0%,23%,3,80%,N/A,86%,90%,N/A,N/A,N/A,89%,79%,94%,88%,N/A,11%,75%,,,N/A,N/A,N/A,N/A,N/A,N/A,Good,N/A,N/A,N/A,N/A,N/A,N/A,94%,N/A,96%,93%,N/A,N/A,N/A,96%,93%,94%,100%,77%,89%,N/A,89%,89%,N/A,N/A,N/A,89%,91%,79%,93%,N/A,90%,94%,N/A,N/A,N/A,91%,91%,88%,94%,94%,85%,79%,N/A,80%,79%,N/A,N/A,N/A,79%,80%,86%,53%,95%,69%,46%,N/A,47%,46%,N/A,N/A,N/A,42%,37%,90%,N/A,88%,90%,N/A,N/A,N/A,94%,89%,78%,N/A,84%,76%,N/A,N/A,N/A,71%,79%,90%,83%,N/A,87%,82%,N/A,N/A,N/A,82%,87%,83%,81%,N/A,88%,78%,N/A,N/A,N/A,76%,81%,93%,89%,N/A,93%,89%,N/A,N/A,N/A,90%,96%
84X617,KIPP Bronx Charter School III,,,,www.schools.nyc.gov/schools/X617,Diamond Graham/Kate Baughman,"0K,01,02,03,04,05,06,07,08,09,10",469,N/A,Local Support and Improvement,501 Gerard Avenue,"Bronx, NY 10451",N/A,<1%,45%,52%,<1%,<1%,2%,7%,25%,91%,52%,48%,0%,89%,Boys: N/A; Girls: N/A; Co-Ed: N/A,N/A,N/A,N/A,3%,27%,35%,0%,0%,28%,N/A,N/A,N/A,N/A,60%,N/A,N/A,N/A,N/A,N/A,N/A,N/A,N/A,N/A,N/A,,,N/A,N/A,N/A,N/A,N/A,N/A,Fair,N/A,N/A,N/A,N/A,N/A,N/A,N/A,N/A,N/A,N/A,N/A,N/A,N/A,N/A,N/A,N/A,N/A,N/A,100%,N/A,N/A,100%,N/A,N/A,N/A,N/A,N/A,N/A,100%,N/A,N/A,100%,N/A,N/A,N/A,N/A,N/A,N/A,N/A,N/A,N/A,73%,N/A,N/A,86%,N/A,N/A,N/A,N/A,83%,90%,65%,N/A,N/A,27%,N/A,N/A,50%,N/A,N/A,N/A,N/A,N/A,100%,N/A,N/A,100%,N/A,N/A,N/A,N/A,100%,67%,N/A,N/A,71%,N/A,N/A,N/A,N/A,60%,N/A,90%,N/A,92%,89%,N/A,N/A,N/A,100%,100%,N/A,94%,N/A,92%,94%,N/A,N/A,N/A,100%,93%,N/A,88%,N/A,92%,87%,N/A,N/A,N/A,100%,79%
84X627,Capital Preparatory Bronx Charter School,,Good,Fair,www.schools.nyc.gov/schools/X627,Isaiah Brown/Kashani Stokley,"06,07,08,09,10",139,N/A,Local Support and Improvement,755 Co-Op City Boulevard,"Bronx, NY 10475",N/A,<1%,84%,12%,0%,1%,1%,1%,23%,72%,46%,54%,0%,55%,Boys: N/A; Girls: N/A; Co-Ed: N/A,N/A,N/A,N/A,N/A (fewer than 5 teachers),44%,33%,0%,0%,N/A (fewer than 5 teachers),N/A,N/A,N/A,44%,56%,N/A,N/A,50%,N/A,43%,95%,84%,N/A,N/A,N/A,,134 (96%),<1% (1),84% (113),12% (16),0% (0),1% (2),1% (2),Needs Improvement,N/A,N/A,N/A,N/A,N/A,N/A,N/A,N/A,N/A,N/A,N/A,N/A,N/A,N/A,N/A,N/A,N/A,73%,87%,N/A,88%,83%,N/A,N/A,60%,N/A,83%,46%,56%,N/A,54%,58%,N/A,N/A,50%,N/A,55%,77%,95%,94%,73%,62%,N/A,59%,82%,N/A,N/A,N/A,N/A,79%,95%,87%,N/A,62%,36%,N/A,36%,39%,N/A,N/A,33%,N/A,41%,82%,N/A,82%,91%,N/A,N/A,60%,N/A,82%,50%,N/A,50%,41%,N/A,N/A,50%,N/A,46%,91%,78%,N/A,78%,79%,N/A,N/A,83%,N/A,75%,83%,77%,N/A,76%,80%,N/A,N/A,60%,N/A,75%,88%,83%,N/A,85%,71%,N/A,N/A,83%,N/A,78%
84X635,Earl Monroe New Renaissance Basketball Charter School,,Fair,Good,www.schools.nyc.gov/schools/X635,Kern Mojica,"09,10,11",322,N/A,Local Support and Improvement,1617 Parkview Avenue,"Bronx, NY 10461",917-873-6049,2%,44%,49%,<1%,<1%,3%,5%,25%,78%,26%,74%,0%,76%,Boys: N/A; Girls: N/A; Co-Ed: N/A,N/A,N/A,N/A,N/A (fewer than 5 teachers),49%,31%,N/A (fewer than 5 teachers),0%,16%,N/A,N/A,N/A,69%,68%,N/A,N/A,67%,N/A,68%,75%,79%,N/A,N/A,N/A,,,N/A,N/A,N/A,N/A,N/A,N/A,Needs Improvement,N/A,N/A,N/A,N/A,N/A,N/A,N/A,N/A,N/A,N/A,N/A,N/A,N/A,N/A,N/A,N/A,N/A,77%,91%,N/A,94%,89%,N/A,N/A,71%,N/A,83%,70%,87%,N/A,87%,89%,N/A,N/A,50%,N/A,86%,83%,71%,83%,83%,82%,N/A,87%,83%,N/A,N/A,62%,N/A,84%,86%,45%,N/A,71%,52%,N/A,55%,52%,N/A,N/A,50%,N/A,41%,88%,N/A,84%,90%,N/A,N/A,86%,N/A,84%,66%,N/A,73%,61%,N/A,N/A,50%,N/A,61%,96%,91%,N/A,80%,100%,N/A,N/A,N/A,N/A,92%,80%,80%,N/A,79%,79%,N/A,N/A,N/A,N/A,83%,96%,90%,N/A,87%,92%,N/A,N/A,N/A,N/A,100%
84X640,Family Life Academy Charter Schools High School,,Fair,,www.schools.nyc.gov/schools/X640,Jose Martinez,"09,10",201,N/A,Local Support and Improvement,890 Washington Avenue,"Bronx, NY 10451",N/A,0%,29%,71%,0%,0%,<1%,16%,19%,94%,49%,51%,0%,N/A,Boys: N/A; Girls: N/A; Co-Ed: N/A,N/A,N/A,N/A,N/A (fewer than 5 teachers),30%,41%,N/A (fewer than 5 teachers),N/A (fewer than 5 teachers),26%,N/A,N/A,N/A,N/A,N/A,N/A,N/A,N/A,N/A,N/A,N/A,N/A,N/A,N/A,N/A,,,N/A,N/A,N/A,N/A,N/A,N/A,Fair,N/A,N/A,N/A,N/A,N/A,N/A,N/A,N/A,N/A,N/A,N/A,N/A,N/A,N/A,N/A,N/A,N/A,N/A,N/A,N/A,N/A,N/A,N/A,N/A,N/A,N/A,N/A,N/A,N/A,N/A,N/A,N/A,N/A,N/A,N/A,N/A,N/A,N/A,N/A,N/A,N/A,N/A,N/A,N/A,N/A,N/A,N/A,N/A,N/A,N/A,87%,52%,N/A,N/A,N/A,N/A,N/A,N/A,N/A,N/A,N/A,N/A,N/A,N/A,N/A,N/A,N/A,N/A,N/A,N/A,N/A,N/A,N/A,N/A,N/A,N/A,N/A,N/A,N/A,N/A,N/A,N/A,N/A,N/A,N/A,N/A,N/A,N/A,N/A,N/A,N/A,N/A,N/A,N/A,N/A,N/A,N/A,N/A,N/A,N/A,N/A,N/A,N/A,N/A,N/A,N/A,N/A,N/A,N/A,N/A,N/A
84X703,Bronx Preparatory Charter School,Good,Good,,democracyprep.org/ny/,Cassius Gil/Nikita Philpott,"06,07,08,09,10,11,12",482,N/A,Local Support and Improvement,3872 Third Avenue,"Bronx, NY 10457",718-294-0841,<1%,52%,46%,<1%,0%,<1%,4%,13%,90%,55%,45%,0%,69%,Boys: JV basketball; flag football; varsity soccer; varsity basketball; baseball; Girls: JV basketball; soccer; volleyball; varsity basketball; softball; cheer; Co-Ed: flag football; fencing,Poetry Club; Chess Club; Cooking Club; Anime Club; Student Council; Dance team; GIRLUP; MSA: Muslim Student Association; Korean Honor Society; 90s club; Korean Dance & Drum; Speech & Debate; Music Academy & House Band,N/A,N/A,6%,44%,12%,0%,0%,21%,7.5,60%,N/A,72%,74%,N/A,N/A,N/A,55%,65%,97%,91%,N/A,71%,73%,68 (14%),290 (60%),0% (0),54% (157),45% (132),<1% (1),0% (0),<1% (1),Fair,N/A,N/A,N/A,N/A,N/A,N/A,81%,N/A,84%,76%,N/A,N/A,N/A,85%,77%,N/A,40%,74%,89%,N/A,86%,93%,N/A,N/A,N/A,89%,98%,59%,86%,N/A,86%,86%,N/A,N/A,N/A,64%,92%,85%,97%,100%,82%,71%,N/A,73%,68%,N/A,N/A,N/A,N/A,58%,88%,68%,95%,65%,38%,N/A,36%,40%,N/A,N/A,N/A,18%,47%,84%,N/A,83%,86%,N/A,N/A,N/A,83%,97%,60%,N/A,59%,60%,N/A,N/A,N/A,26%,64%,N/A,78%,N/A,70%,86%,N/A,N/A,N/A,N/A,70%,N/A,84%,N/A,76%,93%,N/A,N/A,N/A,N/A,80%,N/A,79%,N/A,77%,80%,N/A,N/A,N/A,N/A,60%
84X704,KIPP Academy Charter School,,,,www.schools.nyc.gov/schools/X704,Antoine Lewis/Anissa Jones,"0K,01,02,03,04,05,06,07,08,09,10,11,12",266,N/A,Local Support and Improvement,250 East 156 Street,"Bronx, NY 10451",718-665-3555,0%,48%,48%,2%,<1%,1%,2%,16%,84%,47%,53%,0%,84%,Boys: N/A; Girls: N/A; Co-Ed: N/A,N/A,N/A,CS for All; Future Ready NYC,4%,32%,32%,N/A (fewer than 5 teachers),0%,24%,N/A,N/A,N/A,67%,94%,N/A,N/A,N/A,N/A,N/A,N/A,N/A,N/A,54%,48%,,,N/A,N/A,N/A,N/A,N/A,N/A,N/A,N/A,N/A,N/A,N/A,N/A,N/A,96%,N/A,96%,96%,N/A,N/A,N/A,96%,97%,N/A,90%,N/A,76%,N/A,50%,83%,N/A,N/A,N/A,N/A,N/A,N/A,83%,N/A,60%,89%,N/A,N/A,N/A,N/A,N/A,N/A,N/A,N/A,N/A,84%,N/A,67%,89%,N/A,N/A,N/A,N/A,N/A,93%,79%,N/A,N/A,64%,N/A,50%,72%,N/A,N/A,N/A,N/A,N/A,92%,N/A,83%,94%,N/A,N/A,N/A,N/A,N/A,76%,N/A,67%,83%,N/A,N/A,N/A,N/A,N/A,N/A,65%,N/A,80%,50%,N/A,N/A,N/A,N/A,N/A,N/A,55%,N/A,50%,60%,N/A,N/A,N/A,N/A,N/A,N/A,75%,N/A,90%,60%,N/A,N/A,N/A,N/A,N/A
