dbn,school_name,hs_sd_1ip,hs_sd_1ssc,hs_sd_1rf,hs_sd_2w,hs_sd_2p,hs_sp_2g,hs_sd_2e,hs_sd_2am,hs_sd_2as,hs_sd_2a,hs_sd_2l,hs_sd_2n,hs_sd_3as,hs_sd_3bl,hs_sd_3hs,hs_sd_3na,hs_sd_3pi,hs_sd_3wh,hs_sd_3ell,hs_sd_3iep,hs_sd_3eni,hs_sd_3f,hs_sd_3m,hs_sd_3nb,hs_sd_4qvar,hs_sd_4spt,hs_sd_4ec,hs_sd_4art,hs_sd_4ps,hs_sd_5as,hs_sd_5bl,hs_sd_5hs,hs_sd_5na,hs_sd_5pi,hs_sd_5wh,hs_sd_5py,hs_sd_5t3,hs_sd_6q1a,hs_sd_6q1b,hs_sd_6q1h,hs_sd_6q1n,hs_sd_6q1p,hs_sd_6q1w,hs_sd_6q1e,hs_sd_6q1i,hs_sd_6q2,hs_sd_6q3,hs_ip_1crs,hs_ip_1pc,hs_ip_1ce,hs_ip_2ap,hs_ip_2nap,hs_ip_2ra,hs_ip_2rb,hs_ip_2rh,hs_ip_2rn,hs_ip_2rp,hs_ip_2rw,hs_ip_3mv,hs_ip_3sef,hs_ip_3sep,hs_ip_3sen,hs_ip_3rsf,hs_ip_3rsp,hs_ip_3rsn,hs_ip_4gr,hs_ip_4gra,hs_ip_4grb,hs_ip_4grh,hs_ip_4grn,hs_ip_4grp,hs_ip_4grw,hs_ip_4grf,hs_ip_4grm,hs_ip_4gre,hs_ip_4gri,hs_ip_5q,hs_ip_5q1,hs_ip_5q1a,hs_ip_5q1b,hs_ip_5q1h,hs_ip_5q1n,hs_ip_5q1p,hs_ip_5q1w,hs_ip_5q1e,hs_ip_5q1i,hs_ssc_1qp,hs_ssc_1q1,hs_ssc_1q1a,hs_ssc_1q1b,hs_ssc_1q1h,hs_ssc_1q1n,hs_ssc_1q1p,hs_ssc_1q1w,hs_ssc_1q1e,hs_ssc_1q1i,hs_ssc_2qp,hs_ssc_2q1,hs_ssc_2q2,hs_ssc_3qp,hs_ssc_3q1,hs_ssc_3q1a,hs_ssc_3q1b,hs_ssc_3q1h,hs_ssc_3q1n,hs_ssc_3q1p,hs_ssc_3q1w,hs_ssc_3q1e,hs_ssc_3q1i,hs_ssc_4sa,hs_ssc_4sa90,hs_ssc_4ta,hs_ssc_5qp,hs_ssc_5q1,hs_ssc_5q1a,hs_ssc_5q1b,hs_ssc_5q1h,hs_ssc_5q1n,hs_ssc_5q1p,hs_ssc_5q1w,hs_ssc_5q1e,hs_ssc_5q1i,hs_ssc_5q2,hs_ssc_5q2a,hs_ssc_5q2b,hs_ssc_5q2h,hs_ssc_5q2n,hs_ssc_5q2p,hs_ssc_5q2w,hs_ssc_5q2e,hs_ssc_5q2i,hs_ssc_5q3,hs_ssc_5q3a,hs_ssc_5q3b,hs_ssc_5q3h,hs_ssc_5q3n,hs_ssc_5q3p,hs_ssc_5q3w,hs_ssc_5q3e,hs_ssc_5q3i,hs_rf_1qp,hs_rf_1q1,hs_rf_1q1a,hs_rf_1q1b,hs_rf_1q1h,hs_rf_1q1n,hs_rf_1q1p,hs_rf_1q1w,hs_rf_1q1e,hs_rf_1q1i,hs_rf_2qp,hs_rf_2q1,hs_rf_2q1a,hs_rf_2q1b,hs_rf_2q1h,hs_rf_2q1n,hs_rf_2q1p,hs_rf_2q1w,hs_rf_2q1e,hs_rf_2q1i,hs_rf_3qp,hs_rf_3q1,hs_rf_3q1a,hs_rf_3q1b,hs_rf_3q1h,hs_rf_3q1n,hs_rf_3q1p,hs_rf_3q1w,hs_rf_3q1e,hs_rf_3q1i
01M292,Orchard Collegiate Academy,Fair,Good,Good,www.orchardcollegiateacademy.org,Miles Doyle,"09,10,11,12,SE",258,Ed. Opt.,Local Support and Improvement,220 Henry Street,"Manhattan, NY 10002",212-406-9411,15%,22%,57%,2%,0%,4%,4%,31%,91%,44%,56%,0%,85%,"Boys: Badminton,Volleyball; Girls: Volleyball; Co-Ed: N/A",Gender Sexuality Alliance (GSA),"Drawing, Music Technology, Mixed Media, Guitar, Concert Band, Graphic Design, Studio Art, Music Theory / Musicianship, Photography",Community School; NYC Solves; Respect for All,N/A (fewer than 5 teachers),20%,N/A (fewer than 5 teachers),0%,0%,48%,10.1,92%,85%,74%,73%,N/A,N/A,75%,89%,68%,88%,88%,54,45%,71%,50 (19%),27 (10%),36% (24),14% (9),42% (28),0% (0),0% (0),8% (5),Good,86%,14%,0%,98%,N/A,N/A,88%,100%,N/A,89%,N/A,N/A,N/A,100%,80%,N/A,73%,78%,95%,83%,97%,97%,N/A,N/A,100%,78%,93%,78%,85%,81%,88%,87%,N/A,N/A,56%,78%,82%,89%,92%,88%,89%,87%,86%,84%,89%,N/A,N/A,78%,90%,81%,82%,45%,97%,79%,56%,43%,64%,60%,N/A,N/A,33%,40%,48%,93%,86%,95%,95%,N/A,N/A,100%,100%,90%,77%,81%,78%,79%,N/A,N/A,44%,90%,75%,91%,86%,94%,73%,87%,N/A,N/A,N/A,N/A,91%,81%,73%,69%,73%,75%,N/A,N/A,N/A,N/A,77%,94%,93%,100%,100%,89%,N/A,N/A,N/A,N/A,90%
01M448,University Neighborhood High School,Excellent,Excellent,Excellent,universityneighborhoodhighschool.org/,Matthew Willie,"09,10,11,12,SE",476,"Ed. Opt., Screened",Local Support and Improvement,200 Monroe Street,"Manhattan, NY 10002",212-962-4341,33%,13%,42%,<1%,0%,11%,4%,18%,72%,41%,59%,<1%,93%,"Boys: Basketball,Handball,Volleyball; Girls: Badminton,Basketball,Softball,Volleyball; Co-Ed: N/A","Student Equity Leaders, Dance Club, Website Club, Music and Band, Fitness Club, Art Club, Newspaper Club, Chess Club, Spanish Club, Chinese Club, Korean Club (K-Pop), Science Club, Student Government, SAT and ACT Prep, Debate Club (Competes Citywide), Black Student Union, Sisterhood Club, Coding Club ,Debate Club, Knitting Club ,Gender Sexuality Alliance (GSA), Deloitte Academy, National Honors Society, Spanish Honors Society, Mentoring Program, Peer Mediation, Internships , Saturday School, Basketball Team (Boys and Girls), Handball Team, Softball Team, Soccer Club Team, Saturday School, Photography Club, Yearbook Club, Green Team, Fencing Club, Video Game Club, Young Women's Empowerment Club, International Travel (Costa Rica 2025, Japan 2026), Battle of the Grades, College Trips, Chess Club, Game Club, Art and Relax Club, Gardening Club, Asian American Culture Club, Knitting Club,Gender Sexuality Alliance (GSA)","Mixed Media, Core Music, Filmmaking / Video, Modern Dance, Studio Art, Ballet, Piano Keyboard",Career & Technical Education; NYC Solves; Respect for All,18%,N/A (fewer than 5 teachers),13%,0%,0%,55%,6.8,68%,95%,91%,95%,N/A,N/A,94%,93%,85%,100%,97%,77,94%,84%,280 (59%),209 (44%),34% (110),11% (35),45% (146),0% (0),0% (0),10% (33),Good,92%,8%,0%,86%,0%,14%,100%,100%,100%,100%,N/A,N/A,N/A,100%,100%,N/A,100%,89%,96%,99%,93%,94%,N/A,N/A,96%,100%,90%,91%,95%,94%,93%,95%,N/A,N/A,98%,92%,81%,92%,82%,90%,93%,91%,92%,93%,90%,N/A,N/A,94%,85%,83%,92%,75%,97%,87%,76%,77%,81%,75%,N/A,N/A,66%,79%,63%,96%,96%,95%,94%,N/A,N/A,100%,93%,87%,89%,90%,91%,88%,N/A,N/A,90%,86%,76%,96%,94%,95%,88%,94%,N/A,N/A,100%,N/A,100%,82%,74%,69%,65%,83%,N/A,N/A,79%,N/A,74%,99%,97%,98%,100%,94%,N/A,N/A,100%,N/A,100%
01M450,East Side Community School,Excellent,Excellent,Excellent,www.eschs.org,Mark Federman,"06,07,08,09,10,11,12,SE",377,Screened With Assessment,Local Support and Improvement,420 East 12 Street,"Manhattan, NY 10009",212-460-8467,7%,15%,54%,<1%,0%,19%,<1%,34%,66%,40%,60%,0%,90%,"Boys: Baseball,Basketball,Soccer; Girls: Basketball,Soccer,Softball,Volleyball; Co-Ed: N/A","ACTIVITIES Chess, Debate, Model U.N., School Newspaper, Science, Student Council, National Honors Society, College Now, Brotherhood, Sisterhood, Morgan Stanley Mentoring, Baruch STEP, Asian American, Biobus Science Explorers,Gender Sexuality Alliance (GSA), Asian Students Association, Black Student Association, Jewish Students Association, Latinx Students Association, Green Team, Literacy Leaders, Activist/Upstander Club, Principal's Book Club, Coding, Film, The Moth, internships, and much more SCHOOL SPORTS Dance, baseball, basketball, crew, cycling, flag football, rock climbing, running club, soccer, softball, skateboarding, snowboarding, table tennis, and volleyball PSAL SPORTS - GIRLS Basketball, Soccer, Softball, Volleyball PSAL SPORTS - BOYS Baseball, Basketball, Soccer","Studio Art, Computer Art / Digital Art, Percussion, Fashion and Textile Design, Digital Photography, Choreography / Dance Composition",Consortium; DYCD: Beacon; DYCD: COMPASS/SONYC; NYC Solves; PROSE,10%,15%,29%,0%,0%,39%,24,79%,62%,59%,60%,100%,N/A,71%,67%,61%,84%,70%,67,95%,91%,84 (22%),162 (43%),7% (19),13% (34),53% (141),<1% (1),0% (0),22% (58),Needs Improvement,92%,N/A,N/A,96%,0%,4%,98%,N/A,N/A,98%,N/A,N/A,100%,97%,98%,N/A,96%,87%,94%,94%,91%,96%,100%,N/A,95%,71%,94%,79%,91%,91%,88%,90%,100%,N/A,93%,86%,92%,92%,96%,96%,91%,83%,74%,87%,83%,N/A,N/A,84%,N/A,88%,94%,80%,97%,83%,71%,79%,74%,68%,60%,N/A,74%,38%,74%,94%,95%,93%,94%,100%,N/A,97%,100%,97%,85%,89%,88%,85%,100%,N/A,82%,67%,87%,96%,92%,91%,92%,92%,N/A,N/A,92%,100%,98%,93%,90%,91%,92%,91%,N/A,N/A,85%,86%,95%,95%,94%,100%,91%,95%,N/A,N/A,93%,100%,99%
01M539,"New Explorations into Science, Technology and Math High School",Excellent,Excellent,Excellent,nestmk12.net/,Meaghan Lynch,"0K,01,02,03,04,05,06,07,08,09,10,11,SE",579,Screened With Assessment,Local Support and Improvement,111 Columbia Street,"Manhattan, NY 10002",212-677-5190,32%,7%,15%,<1%,<1%,35%,<1%,19%,44%,49%,51%,0%,92%,"Boys: Basketball,Fencing,Indoor Track,Soccer; Girls: Badminton,Basketball,Fencing,Indoor Track,Soccer,Softball,Table Tennis,Volleyball; Co-Ed: N/A","School Newspaper, National Honor Society (NHS), Peer Leaders Club, Student Government, Yearbook, Asian Culture Club, Black Student Union (BSU), Fashion Club, Feminism Club,Gender Sexuality Alliance (GSA), Genealogy Club, Jewish Student Union, Latino & Hispanic Student Union (LHSU), Mediterranean Culture Club, Muslim Student Association (MSA), Coding Club, Debate Club, Investment Club, Literary Magazine Club, Math Team, Model UN, Next Generation Politics, Robotics Club, Science Olympiad Team Science Research Club, A Capella Project, Anime Club, Art Club, Film Club, Improv Troupe, Jazz Combo Club, Tech Crew, Advertising & Marketing Club, Key Club, Nature Club, Red Cross Club, WE Club, Blog & Podcast Club, Tabletop Gaming Club","Studio Art, Theater Survey, Concert Band, Jazz Ensemble, Theater / Play Production, Guitar, Acting",DYCD: COMPASS/SONYC; Gifted & Talented; NYC Solves,20%,5%,5%,0%,0%,67%,5.2,87%,72%,87%,88%,N/A,N/A,83%,N/A,81%,96%,80%,94,98%,94%,411 (71%),394 (68%),32% (184),6% (37),15% (87),<1% (1),<1% (3),35% (203),Needs Improvement,99%,N/A,N/A,96%,0%,4%,99%,100%,N/A,100%,N/A,N/A,98%,98%,100%,N/A,95%,87%,96%,96%,98%,100%,N/A,N/A,96%,N/A,95%,83%,94%,93%,97%,100%,N/A,N/A,94%,N/A,93%,87%,96%,95%,89%,90%,90%,90%,90%,N/A,N/A,91%,N/A,90%,94%,84%,97%,79%,64%,59%,55%,66%,N/A,N/A,70%,N/A,71%,96%,96%,97%,97%,N/A,N/A,95%,N/A,97%,87%,89%,75%,90%,N/A,N/A,86%,N/A,88%,96%,94%,95%,96%,95%,N/A,N/A,93%,83%,94%,93%,86%,86%,75%,85%,N/A,N/A,86%,100%,86%,98%,96%,96%,96%,92%,N/A,N/A,98%,80%,94%
01M696,Bard High School Early College,Excellent,Good,Good,bhsec.bard.edu/manhattan/,Brian Pew,"09,10,11,12",570,Screened With Assessment,Local Support and Improvement,525 East Houston Street,"Manhattan, NY 10002",212-995-8479,20%,15%,24%,<1%,<1%,34%,<1%,16%,50%,62%,38%,0%,90%,"Boys: Baseball,Basketball,Cross Country,Outdoor Track,Soccer,Tennis; Girls: Basketball,Cross Country,Outdoor Track,Soccer,Tennis,Volleyball; Co-Ed: N/A","Anime Club, Art Magazine, East Asian Culture Club, Bardvark Student Newspaper, Black Students Alliance, African Students Organization, Debate Team, Diversity Initiative, Eco Club,Gender Sexuality Alliance (GSA), Literary Magazine, Model UN, Robotics, Science Olympiad, Math Team, Itching to Stitch, Muslim Students Alliance, Philosophy Club, Quiz Bowl, Step Team, Student Union, Table Tennis, Theater Production, Winter and Spring Concerts, Yearbook, BuildON Malawi, CheerNastics, Swim Club, Poetry Club, Photography Club, Fitness Club, Scrap Art Magazine, Bollywood, Sailing Mentorships, Best Buddies, Chess Club, Cooking Club, Animal Rights Club, Theatre Club, Model Congress, Lend A Hand, Music Club, Indoor Track Club, Latin American Student Organization, Public Speaking Club, Youth Progressive Policy Group, Y2 Committee, Jewish Student Alliance,Gender Sexuality Alliance (GSA)","Mixed Media, Business of Performing, Performing Ensemble, Classroom Music, Guitar, Painting, Theater / Play Production, Music History, Playwriting, Printmaking, and more",NYC Solves; PROSE,22%,N/A (fewer than 5 teachers),12%,N/A (fewer than 5 teachers),N/A (fewer than 5 teachers),59%,0.4,80%,66%,71%,62%,N/A,N/A,74%,80%,69%,68%,58%,86,100%,77%,,319 (56%),20% (115),15% (86),24% (137),<1% (1),<1% (1),34% (192),Needs Improvement,96%,N/A,N/A,92%,N/A,N/A,97%,91%,97%,100%,N/A,N/A,97%,98%,96%,N/A,87%,85%,95%,94%,93%,98%,N/A,N/A,97%,100%,97%,84%,94%,96%,94%,95%,N/A,N/A,94%,100%,92%,83%,81%,81%,85%,80%,89%,79%,76%,N/A,N/A,79%,100%,76%,92%,74%,96%,79%,63%,50%,59%,53%,N/A,N/A,78%,80%,60%,95%,92%,97%,92%,N/A,N/A,99%,80%,84%,79%,72%,74%,75%,N/A,N/A,87%,60%,74%,91%,86%,89%,94%,74%,N/A,N/A,91%,N/A,89%,85%,75%,83%,72%,76%,N/A,N/A,78%,N/A,95%,94%,91%,93%,90%,81%,N/A,N/A,97%,N/A,91%
02M047,47 The American Sign Language and English Secondary School,Excellent,Fair,Excellent,47aslhs.net,Watfa Shama,"09,10,11,12,SE",148,Screened,Local Support and Improvement,223 East 23 Street,"Manhattan, NY 10010",917-326-6668,5%,16%,72%,<1%,0%,5%,9%,28%,84%,59%,41%,0%,64%,"Boys: Basketball,Outdoor Track,Soccer; Girls: Outdoor Track,Volleyball; Co-Ed: Stunt","Anime, Boardgames, Crochet, Dungeons and Dragons, Fashion, Fitness,Gender Sexuality Alliance (GSA), Literary Magazine, National Honor Society, Performing Arts, Student Equity, and Student Government",Drawing,Community School; NYC Solves,N/A (fewer than 5 teachers),N/A (fewer than 5 teachers),N/A (fewer than 5 teachers),0%,0%,65%,17.2,69%,67%,76%,51%,N/A,N/A,57%,43%,53%,61%,50%,61,87%,83%,128 (86%),56 (38%),5% (6),16% (20),73% (93),<1% (1),0% (0),5% (6),Fair,100%,0%,0%,99%,N/A,N/A,100%,N/A,N/A,100%,N/A,N/A,N/A,100%,100%,N/A,100%,73%,87%,83%,94%,87%,N/A,N/A,75%,67%,83%,81%,89%,80%,88%,89%,N/A,N/A,88%,80%,82%,64%,50%,50%,79%,67%,83%,75%,64%,N/A,N/A,71%,44%,65%,87%,52%,98%,68%,40%,20%,60%,37%,N/A,N/A,38%,57%,47%,89%,100%,90%,87%,N/A,N/A,100%,90%,87%,61%,80%,70%,60%,N/A,N/A,38%,38%,62%,93%,96%,N/A,N/A,94%,N/A,N/A,N/A,N/A,100%,84%,89%,N/A,N/A,83%,N/A,N/A,N/A,80%,100%,99%,100%,N/A,N/A,100%,N/A,N/A,N/A,N/A,100%
02M135,The Urban Assembly Early College High School of Emergency Medicine,Good,Good,Good,www.uasem.org,Rasheed Bility,"09,10,11,12,SE",360,Ed. Opt.,Local Support and Improvement,411 Pearl Street,"Manhattan, NY 10038",212-225-0998,2%,35%,57%,0%,<1%,4%,10%,17%,88%,64%,36%,0%,84%,"Boys: Baseball,Basketball,Cross Country,Indoor Track,Lacrosse,Outdoor Track,Soccer,Volleyball,Wrestling; Girls: Basketball,Cross Country,Flag Football,Indoor Track,Outdoor Track,Softball,Volleyball; Co-Ed: N/A","Broadway Shows, American Heart Association, College Trips/Tours,Gender Sexuality Alliance (GSA), Hands to Heart CPR Team, Student Government, National Honor Society, UA Basketball, Regents Tutoring, Office Hours, Lip Sync Battle, Multicultural Celebration Day, Field Day, Roller Skating Trips, Career Week, Senior Decision Day, City Meals on Wheels Community Service, Saturday Academy, Students v.s. Staff Basketball Game, AMC Movie Trips, Pi Your Favorite Staff Member Day, Stop & Shop Food Pantry, Black History Month Celebrations, Family Game Night, Thanksgiving Potluck",Visual Art,Career & Technical Education; Future Ready NYC; NYC Solves,N/A (fewer than 5 teachers),17%,33%,0%,0%,40%,4,73%,N/A,44%,61%,N/A,N/A,38%,72%,60%,81%,58%,53,68%,64%,336 (93%),107 (30%),2% (7),36% (121),57% (191),0% (0),<1% (2),4% (12),Fair,94%,N/A,N/A,84%,0%,16%,97%,N/A,96%,97%,N/A,N/A,N/A,100%,93%,N/A,100%,78%,87%,100%,82%,90%,N/A,N/A,90%,74%,85%,70%,78%,N/A,77%,77%,N/A,N/A,80%,68%,80%,91%,96%,100%,84%,80%,100%,79%,80%,N/A,N/A,78%,61%,82%,84%,52%,97%,69%,39%,80%,37%,40%,N/A,N/A,50%,31%,36%,89%,100%,86%,92%,N/A,N/A,90%,86%,84%,67%,60%,60%,75%,N/A,N/A,40%,55%,66%,94%,89%,N/A,83%,90%,N/A,N/A,N/A,67%,86%,77%,77%,N/A,75%,79%,N/A,N/A,N/A,67%,83%,91%,86%,N/A,82%,86%,N/A,N/A,N/A,N/A,86%
02M139,Stephen T. Mather Building Arts & Craftsmanship High School,Fair,Good,Excellent,MatherHSNYC.org,Christopher Mayer,"09,10,11,12,SE",339,Ed. Opt.,Local Support and Improvement,439 West 49 Street,"Manhattan, NY 10019",212-399-3520,4%,26%,66%,0%,<1%,4%,6%,30%,90%,46%,53%,<1%,88%,"Boys: Baseball,Basketball,Bowling,Indoor Track,Outdoor Track,Soccer,Table Tennis,Volleyball; Girls: Basketball,Flag Football,Indoor Track,Outdoor Track,Soccer,Softball,Volleyball; Co-Ed: Stunt","Music Studio, Love is Love Club, Photography Club, Muslim Student Alliance, Student Dispatch Newsletter, Carpentry Club, Horticulture, Rewards Trips, Crochet Club, Cooking Club, Board Games Club, Urban Culture Club, and more...",Visual Art,Career & Technical Education; NYC Solves; Project Pivot; PROSE,N/A (fewer than 5 teachers),20%,23%,0%,0%,46%,4.5,77%,100%,78%,86%,N/A,N/A,91%,90%,86%,94%,78%,51,74%,44%,95 (28%),169 (50%),5% (10),24% (45),66% (122),0% (0),0% (0),5% (9),Needs Improvement,98%,N/A,N/A,89%,0%,11%,85%,N/A,73%,89%,N/A,N/A,N/A,93%,78%,N/A,70%,84%,94%,90%,92%,96%,N/A,N/A,100%,90%,95%,76%,85%,71%,91%,84%,N/A,N/A,83%,80%,85%,89%,92%,97%,88%,84%,90%,82%,85%,N/A,N/A,83%,83%,88%,83%,49%,96%,80%,69%,78%,66%,69%,N/A,N/A,67%,58%,68%,93%,100%,91%,94%,N/A,N/A,83%,82%,88%,80%,89%,78%,81%,N/A,N/A,75%,75%,84%,95%,92%,N/A,92%,91%,N/A,N/A,N/A,N/A,100%,86%,80%,N/A,92%,78%,N/A,N/A,N/A,N/A,100%,97%,97%,N/A,100%,96%,N/A,N/A,N/A,N/A,100%
02M260,The Clinton School,Excellent,Good,Fair,theclintonschool.net,Jonathan Levin,"06,07,08,09,10,11,12,SE",524,"D75 Special Education Inclusive Services, Screened",Local Support and Improvement,10 East 15 Street,"Manhattan, NY 10003",212-524-4360,14%,4%,13%,<1%,0%,53%,<1%,19%,31%,68%,32%,0%,76%,"Boys: Basketball,Cross Country,Outdoor Track,Soccer,Volleyball; Girls: Basketball,Cross Country,Outdoor Track,Soccer,Volleyball; Co-Ed: N/A","Intramural Sports, Public Forum Debate Club, Community Service Club, The Social Justice Club, The Green Initiative Club, Love Will Save This Place Club, Yearbook Club, Clinton Soup, Clinton TV, Student Council,Gender Sexuality Alliance (GSA), The Clinton School Post, Pre-Med Club, Kpop Dance Crew (KPDC),Gender Sexuality Alliance (GSA), Model United Nations, The Clinton Theatre Company, Film Club, Courageous Conversations, The Clinton Band, Students of Color Matter, Art History Club, Japanese Media Club, Jewelry Making Club, Study Club, Peer Tutoring, Dungeons and Dragons, Chess Club, Bracelet Making Club, Board Game Club, Book Club, The Jewish Student Union (JSU), Prom Committee","Studio Art, Digital Photography, Filmmaking / Video",DYCD: COMPASS/SONYC; NYC Solves,12%,9%,12%,N/A (fewer than 5 teachers),0%,61%,14,88%,67%,80%,79%,N/A,N/A,74%,N/A,65%,81%,74%,91,93%,93%,,144 (27%),14% (54),3% (13),13% (51),<1% (2),0% (0),52% (200),Needs Improvement,95%,5%,0%,98%,N/A,N/A,99%,100%,N/A,100%,N/A,N/A,98%,100%,97%,N/A,95%,77%,94%,94%,88%,93%,N/A,N/A,95%,N/A,86%,79%,88%,88%,87%,92%,N/A,N/A,87%,N/A,79%,79%,89%,85%,78%,69%,60%,71%,68%,N/A,N/A,69%,N/A,66%,95%,89%,96%,72%,56%,50%,43%,61%,N/A,N/A,57%,N/A,52%,90%,92%,88%,91%,N/A,N/A,90%,N/A,86%,82%,79%,80%,75%,N/A,N/A,83%,N/A,74%,84%,76%,84%,N/A,86%,N/A,N/A,72%,N/A,67%,82%,60%,63%,N/A,57%,N/A,N/A,58%,N/A,85%,87%,84%,76%,N/A,95%,N/A,N/A,82%,N/A,73%
02M280,Manhattan Early College School for Advertising,Good,Fair,Good,meca-nyc.org,Sarah Kaplan,"09,10,11,12,SE",389,Ed. Opt.,Local Support and Improvement,411 Pearl Street,"Manhattan, NY 10038",212-225-0880,8%,28%,59%,<1%,<1%,3%,13%,18%,87%,54%,46%,0%,81%,"Boys: Baseball,Basketball,Cross Country,Indoor Track,Lacrosse,Outdoor Track,Soccer,Volleyball,Wrestling; Girls: Basketball,Cross Country,Flag Football,Indoor Track,Outdoor Track,Softball,Volleyball; Co-Ed: N/A","ReAct, job shadowing, paid internships, SYEP, Model UN,Gender Sexuality Alliance (GSA), Black Student Union, MECA's Got Talent, Book Club, photography club, culinary club","Graphic Design, Advertising Art, Filmmaking / Video, Acting, Theater History, Three-Dimensional Art, Fashion and Textile Design, Printmaking, Music Theory / Musicianship, Mixed Media",Career & Technical Education; NYC Solves,N/A (fewer than 5 teachers),18%,N/A (fewer than 5 teachers),0%,0%,75%,7.2,79%,55%,69%,72%,N/A,N/A,80%,86%,68%,38%,26%,59,89%,65%,66 (17%),155 (40%),9% (20),28% (65),56% (128),<1% (1),1% (3),3% (7),Fair,95%,N/A,N/A,94%,N/A,N/A,92%,N/A,85%,94%,N/A,N/A,N/A,92%,91%,N/A,75%,76%,91%,86%,95%,92%,N/A,N/A,100%,83%,88%,75%,88%,80%,84%,91%,N/A,N/A,83%,85%,86%,72%,73%,63%,83%,82%,91%,80%,80%,N/A,N/A,100%,67%,78%,82%,54%,96%,72%,54%,70%,51%,52%,N/A,N/A,50%,50%,62%,91%,100%,83%,96%,N/A,N/A,83%,93%,96%,68%,83%,63%,69%,N/A,N/A,83%,53%,69%,90%,89%,N/A,92%,91%,N/A,N/A,N/A,N/A,83%,78%,73%,N/A,83%,76%,N/A,N/A,N/A,N/A,N/A,93%,92%,N/A,100%,90%,N/A,N/A,N/A,N/A,100%
02M282,Urban Assembly Maker Academy,Good,Good,Good,www.uamaker.nyc,Amy Piller,"09,10,11,12,SE",537,Ed. Opt.,Local Support and Improvement,411 Pearl Street,"Manhattan, NY 10038",212-225-0890,7%,25%,48%,<1%,0%,15%,7%,25%,74%,36%,64%,0%,89%,"Boys: Baseball,Basketball,Cross Country,Indoor Track,Lacrosse,Outdoor Track,Soccer,Volleyball,Wrestling; Girls: Basketball,Cross Country,Flag Football,Indoor Track,Outdoor Track,Softball,Volleyball; Co-Ed: N/A","Maker Eats and Maker Feeds,Gender Sexuality Alliance (GSA), Kickboxing, Tutoring, Chess, Student Leadership, Design Team, Yearbook, Tech Club, Community Service, Internships, Video Game Club, Dungeons & Dragons, Black Student Union, Career Club, Girls Club, E-Sports, Music/Band","Visual Art, Computer Art / Digital Art, Graphic Design, Mixed Media",Career & Technical Education; NYC Solves; PROSE; Respect for All,12%,23%,16%,0%,0%,44%,4.1,74%,73%,73%,73%,N/A,N/A,68%,96%,70%,53%,38%,53,66%,71%,126 (23%),216 (40%),10% (29),24% (70),49% (145),<1% (1),0% (0),15% (43),Needs Improvement,98%,N/A,N/A,85%,0%,15%,97%,N/A,93%,98%,N/A,N/A,N/A,100%,96%,83%,100%,84%,97%,94%,97%,97%,N/A,N/A,99%,92%,97%,86%,90%,86%,94%,90%,N/A,N/A,87%,92%,91%,89%,84%,84%,91%,87%,94%,88%,87%,N/A,N/A,80%,88%,90%,86%,57%,98%,83%,66%,64%,63%,66%,N/A,N/A,74%,65%,73%,96%,94%,97%,98%,N/A,N/A,90%,96%,94%,88%,86%,84%,90%,N/A,N/A,88%,81%,91%,95%,91%,100%,85%,93%,N/A,N/A,89%,100%,94%,85%,91%,86%,75%,95%,N/A,N/A,95%,N/A,94%,97%,96%,100%,100%,100%,N/A,N/A,89%,100%,97%
02M288,Food and Finance High School,Good,Fair,Excellent,www.foodfinancehs.org,Ambar Ventura,"09,10,11,12,SE",485,Ed. Opt.,Local Support and Improvement,525 West 50 Street,"Manhattan, NY 10019",212-586-2943,2%,31%,61%,<1%,<1%,3%,7%,25%,84%,54%,46%,0%,90%,"Boys: Baseball,Basketball,Bowling,Soccer,Tennis,Volleyball; Girls: Basketball,Volleyball; Co-Ed: N/A","Pass the Spatula (Student Magazine) Baking Club,Gender Sexuality Alliance (GSA), Anime, Culinary Competition, National Honors Society, Step Team, Visiting chef program, Cornell nutrition, Entrepreneurship, Internship, Student government, Yearbook, Youth Equity Leadership",Core Music,Career & Technical Education; Future Ready NYC; NYC Solves,N/A (fewer than 5 teachers),28%,13%,0%,0%,41%,1,74%,50%,48%,55%,N/A,N/A,50%,72%,49%,41%,28%,51,75%,67%,294 (61%),153 (32%),3% (11),31% (118),60% (227),<1% (3),<1% (1),3% (12),Good,99%,N/A,N/A,94%,0%,6%,93%,N/A,94%,92%,N/A,N/A,N/A,94%,90%,N/A,83%,73%,94%,100%,92%,95%,N/A,N/A,86%,100%,96%,68%,80%,88%,80%,82%,N/A,N/A,71%,89%,76%,74%,78%,72%,87%,84%,88%,87%,84%,N/A,N/A,64%,82%,87%,86%,55%,96%,72%,45%,33%,41%,47%,N/A,N/A,43%,50%,44%,93%,100%,91%,95%,N/A,N/A,86%,95%,93%,77%,78%,76%,78%,N/A,N/A,71%,86%,76%,95%,98%,80%,99%,98%,N/A,N/A,93%,95%,98%,93%,86%,N/A,85%,89%,N/A,N/A,86%,89%,85%,97%,99%,N/A,98%,99%,N/A,N/A,92%,100%,99%
02M294,Essex Street Academy,Excellent,Excellent,Excellent,www.essexstreetacademy.org,Wallace Simpson,"09,10,11,12,SE",367,Open,Local Support and Improvement,350 Grand Street,"Manhattan, NY 10002",212-475-4773,5%,19%,36%,<1%,0%,33%,2%,28%,58%,48%,52%,0%,88%,"Boys: Badminton,Baseball,Basketball,Bowling,Handball,Soccer,Volleyball,Wrestling; Girls: Badminton,Basketball,Bowling,Softball,Swimming,Table Tennis,Tennis,Volleyball,Wrestling; Co-Ed: N/A","Black Student Union, Boxing / Martial Arts, Big Sibs, Community Service, Dance Club, Fitness Club, Senior Activities, Junior Fundraising,Gender Sexuality Alliance (GSA), Mock Trial, Music Club, Art and Literary Magazine, Newspaper Club, Strength Training Club, Student Government, Theater Club, Video Game Club, Yearbook, Photography, Fashion Club, Sewing Club, Knitting Club, Film Club, French Club, ESA Student Ambassadors, RJAT","Visual Art, Theater Survey, Classroom Music, Studio Art, Mixed Media, Theater",Consortium; Future Ready NYC; Project Pivot; PROSE; Respect for All,N/A (fewer than 5 teachers),N/A (fewer than 5 teachers),N/A (fewer than 5 teachers),0%,0%,57%,9.8,87%,76%,78%,86%,N/A,N/A,88%,83%,78%,100%,90%,54,94%,82%,,351 (96%),6% (20),18% (66),36% (128),<1% (3),0% (0),33% (120),Needs Improvement,90%,N/A,N/A,86%,0%,14%,95%,N/A,100%,90%,N/A,N/A,97%,98%,91%,N/A,96%,88%,95%,100%,89%,95%,N/A,N/A,96%,86%,92%,88%,94%,95%,94%,93%,N/A,N/A,95%,100%,91%,94%,97%,93%,90%,84%,85%,84%,81%,N/A,N/A,85%,100%,83%,88%,61%,96%,86%,69%,70%,62%,61%,N/A,N/A,79%,43%,70%,94%,100%,91%,93%,N/A,N/A,95%,100%,91%,89%,95%,85%,85%,N/A,N/A,93%,71%,86%,95%,88%,100%,86%,88%,N/A,N/A,87%,N/A,81%,89%,86%,78%,83%,94%,N/A,N/A,83%,N/A,83%,96%,94%,100%,90%,96%,N/A,N/A,94%,N/A,90%
02M296,High School of Hospitality Management,Fair,Fair,,hshm.info,Yves Mompoint Jr,"09,10,11,12",235,"D75 Special Education Inclusive Services, Ed. Opt.",Local Support and Improvement,525 West 50 Street,"Manhattan, NY 10019",212-586-0963,3%,19%,73%,<1%,0%,3%,32%,23%,92%,53%,46%,<1%,79%,"Boys: Baseball,Basketball,Bowling,Soccer,Tennis,Volleyball; Girls: Basketball,Volleyball; Co-Ed: N/A","College Readiness Mentors, Culinary Art, Digital Learning, Hydroponics Program,Gender Sexuality Alliance (GSA), Makers Club, National Honor Society, ScriptEd, Yearbook Club, Student Council, Explorers, College Now, Advisory, Weight Lifting, and Cosmetics",Studio Art,Career Readiness and Modern Youth Apprenticeship; Community School; Future Ready NYC; NYC Solves; Pathways Advising,N/A (fewer than 5 teachers),25%,N/A (fewer than 5 teachers),0%,0%,60%,13,90%,N/A,74%,65%,N/A,N/A,N/A,80%,61%,73%,82%,56,71%,62%,22 (9%),35 (15%),3% (2),25% (20),67% (53),0% (0),0% (0),3% (2),Excellent,88%,N/A,N/A,79%,0%,21%,74%,N/A,N/A,77%,N/A,N/A,N/A,75%,72%,N/A,42%,73%,87%,N/A,100%,83%,N/A,N/A,N/A,73%,80%,73%,85%,N/A,89%,87%,N/A,N/A,N/A,75%,68%,78%,73%,73%,85%,79%,N/A,90%,77%,N/A,N/A,N/A,75%,75%,71%,29%,98%,73%,40%,N/A,38%,39%,N/A,N/A,N/A,38%,38%,87%,N/A,81%,92%,N/A,N/A,N/A,93%,80%,70%,N/A,67%,72%,N/A,N/A,N/A,66%,50%,N/A,81%,N/A,N/A,91%,N/A,N/A,N/A,80%,N/A,N/A,86%,N/A,N/A,78%,N/A,N/A,N/A,N/A,N/A,N/A,100%,N/A,N/A,100%,N/A,N/A,N/A,N/A,N/A
02M298,Pace High School,Fair,Fair,Good,www.pacehsnyc.org,Eric Glatz,"09,10,11,12,SE",498,Ed. Opt.,Local Support and Improvement,100 Hester Street,"Manhattan, NY 10002",212-334-4663,9%,33%,51%,<1%,1%,5%,4%,23%,82%,49%,51%,0%,80%,"Boys: Basketball,Cross Country,Soccer,Volleyball; Girls: Basketball,Cross Country,Outdoor Track,Softball,Volleyball; Co-Ed: N/A","Student Government, Journalism, Debate, Drama Club, Wellness Club, K-Pop Club, Latin Dance, Asian-American Student Union, Sustainability Club,Gender Sexuality Alliance (GSA), Yearbook, Media Club, Guitar Club, Chorus, Math Zone, Academic Tutorials, Anime Club, Chess Club, Fashion Club, Knitting & Crocheting Club, SAT Prep, Video Game Club, and more","Studio Art, Acting, Visual Art, Photography",NYC Solves,15%,N/A (fewer than 5 teachers),22%,0%,0%,46%,9.8,76%,50%,54%,65%,N/A,N/A,62%,50%,54%,52%,59%,49,52%,67%,127 (26%),242 (49%),10% (31),31% (97),50% (159),<1% (1),2% (5),6% (20),Needs Improvement,84%,N/A,N/A,91%,0%,9%,78%,80%,71%,79%,N/A,N/A,N/A,89%,63%,75%,58%,76%,92%,97%,88%,93%,N/A,N/A,93%,91%,86%,71%,86%,100%,84%,84%,N/A,N/A,93%,92%,88%,76%,67%,70%,85%,82%,79%,84%,82%,N/A,N/A,73%,83%,81%,82%,42%,96%,71%,53%,47%,47%,57%,N/A,N/A,53%,42%,54%,93%,97%,92%,92%,N/A,N/A,93%,100%,89%,74%,75%,69%,78%,N/A,N/A,73%,75%,75%,87%,88%,N/A,92%,81%,N/A,N/A,100%,N/A,88%,84%,84%,N/A,77%,88%,N/A,N/A,100%,N/A,89%,94%,88%,N/A,87%,83%,N/A,N/A,100%,N/A,88%
02M300,"Urban Assembly School of Design and Construction, The",Fair,,Excellent,uasdc.org,Anthony Genna,"09,10,11,12,SE",199,Ed. Opt.,Local Support and Improvement,525 West 50 Street,"Manhattan, NY 10019",212-586-0981,<1%,24%,71%,2%,0%,3%,14%,22%,88%,42%,58%,0%,N/A,"Boys: Baseball,Basketball,Bowling,Soccer,Tennis,Volleyball; Girls: Basketball,Volleyball; Co-Ed: N/A",Student Government Association National Honors Society SDC Ambassadors Art Club Cooking Club Gender Sexuality Alliance (GSA) Sneakerhead Club Theater Club Gaming Club Student-led clubs,"Mixed Media, Portfolio Development",Career & Technical Education; NYC Solves; PROSE,N/A (fewer than 5 teachers),32%,36%,0%,0%,N/A (fewer than 5 teachers),2.1,91%,N/A,N/A,N/A,N/A,N/A,N/A,N/A,N/A,68%,53%,41,31%,62%,101 (51%),84 (42%),<1% (1),26% (29),68% (76),2% (2),0% (0),3% (3),Good,95%,N/A,N/A,81%,0%,19%,86%,N/A,75%,91%,N/A,N/A,N/A,100%,78%,N/A,73%,N/A,N/A,N/A,N/A,N/A,N/A,N/A,N/A,N/A,N/A,N/A,N/A,N/A,N/A,N/A,N/A,N/A,N/A,N/A,N/A,N/A,100%,79%,N/A,N/A,N/A,N/A,N/A,N/A,N/A,N/A,N/A,N/A,80%,42%,95%,N/A,N/A,N/A,N/A,N/A,N/A,N/A,N/A,N/A,N/A,N/A,N/A,N/A,N/A,N/A,N/A,N/A,N/A,N/A,N/A,N/A,N/A,N/A,N/A,N/A,N/A,N/A,N/A,96%,90%,N/A,100%,90%,N/A,N/A,N/A,N/A,88%,81%,84%,N/A,75%,88%,N/A,N/A,N/A,N/A,75%,99%,100%,N/A,100%,100%,N/A,N/A,N/A,N/A,100%
02M303,"Facing History School, The",Good,Good,Good,www.facinghistoryschool.org,Dana Panagot,"06,07,08,09,10,11,12,SE",267,"D75 Special Education Inclusive Services, Ed. Opt.",Local Support and Improvement,525 West 50 Street,"Manhattan, NY 10019",212-757-2680,1%,20%,74%,<1%,0%,3%,19%,25%,91%,46%,54%,0%,81%,"Boys: Baseball,Basketball,Bowling,Soccer,Tennis,Volleyball; Girls: Basketball,Volleyball; Co-Ed: N/A","HIGH SHCOOL ACTIVITIES After school clubs: music production, student government, chess club, Kpop club, cooking club,Gender Sexuality Alliance (GSA), barletics, & more! , MIDDLE SCHOOL ACTIVITIES After School Program with Manhattan Youth COMMUNITY EVENTS: field days, Thanksgiving potluck, Valentine's Day candy grams, game days, movie days, spirit weeks, award ceremonies & more!, Field trips: Outward Bound rock climbing, Tenement Museum, Riverside Park ice skating, Museum of City of New York, & more!","Studio Art, Computer Art / Digital Art",Community School; Consortium; DYCD: COMPASS/SONYC; NYC Solves; PROSE,0%,22%,27%,0%,0%,49%,14.1,90%,67%,56%,69%,N/A,N/A,50%,79%,58%,76%,64%,41,44%,75%,,136 (51%),<1% (1),21% (37),73% (126),1% (2),0% (0),3% (6),Good,86%,14%,0%,87%,N/A,N/A,89%,N/A,84%,90%,N/A,N/A,N/A,93%,85%,83%,79%,83%,88%,83%,83%,88%,N/A,N/A,91%,84%,79%,73%,81%,50%,80%,83%,N/A,N/A,73%,81%,76%,94%,95%,93%,87%,82%,N/A,69%,86%,N/A,N/A,83%,79%,83%,79%,36%,95%,78%,64%,83%,63%,64%,N/A,N/A,82%,59%,57%,88%,83%,87%,88%,N/A,N/A,82%,87%,82%,78%,67%,78%,78%,N/A,N/A,82%,88%,66%,94%,89%,N/A,78%,91%,N/A,N/A,N/A,86%,90%,84%,82%,N/A,78%,81%,N/A,N/A,N/A,69%,91%,92%,89%,N/A,76%,91%,N/A,N/A,N/A,90%,89%
02M305,"Urban Assembly Academy of Government and Law, The",Fair,Good,Good,www.uaagl.org,Jacqueline D'agostino,"09,10,11,12",258,Ed. Opt.,Local Support and Improvement,350 Grand Street,"Manhattan, NY 10002",212-505-0745,11%,28%,53%,<1%,<1%,5%,10%,19%,86%,61%,39%,<1%,91%,"Boys: Badminton,Baseball,Basketball,Bowling,Handball,Soccer,Volleyball,Wrestling; Girls: Badminton,Basketball,Bowling,Softball,Swimming,Table Tennis,Tennis,Volleyball,Wrestling; Co-Ed: N/A","AGL Law Team, Moot Court, Mock Trial, Law Themed Trips and Experiences, National Honor Society (NHS), Student Government, Intramural Boys Basketball, Intramural Girls Basketball, Intramural CoEd Volleyball, Intramural Girls Volleyball, Art Club, Intramural Soccer, Annual AGL Multicultural Day, AGL Eagle Event Days, Field Day, Senior Celebrations, Career Exploration Days,Gender Sexuality Alliance (GSA)","Studio Art, Three-Dimensional Art",Future Ready NYC; NYC Solves,N/A (fewer than 5 teachers),20%,N/A (fewer than 5 teachers),0%,0%,52%,1.2,80%,64%,69%,84%,N/A,N/A,N/A,92%,83%,88%,76%,52,44%,64%,181 (70%),88 (34%),12% (22),29% (52),52% (94),<1% (1),<1% (1),4% (7),Good,100%,0%,0%,92%,N/A,N/A,81%,N/A,85%,81%,N/A,N/A,N/A,88%,68%,N/A,60%,87%,97%,100%,96%,97%,N/A,N/A,100%,100%,100%,81%,93%,86%,94%,93%,N/A,N/A,100%,91%,84%,91%,96%,88%,91%,90%,96%,92%,86%,N/A,N/A,88%,100%,93%,82%,49%,97%,80%,57%,48%,62%,54%,N/A,N/A,62%,83%,63%,93%,87%,90%,97%,N/A,N/A,88%,100%,93%,80%,83%,78%,82%,N/A,N/A,62%,92%,74%,96%,94%,100%,76%,100%,N/A,N/A,100%,100%,100%,81%,86%,69%,93%,93%,N/A,N/A,80%,78%,100%,98%,98%,100%,100%,96%,N/A,N/A,N/A,88%,100%
02M308,Lower Manhattan Arts Academy,Fair,Fair,Fair,lomahs.nyc,Joel Lowy,"09,10,11,12,SE",263,Ed. Opt.,Local Support and Improvement,350 Grand Street,"Manhattan, NY 10002",212-505-0143,6%,30%,59%,<1%,0%,3%,8%,29%,90%,68%,32%,0%,78%,"Boys: Badminton,Baseball,Basketball,Bowling,Handball,Soccer,Volleyball,Wrestling; Girls: Badminton,Basketball,Bowling,Softball,Swimming,Table Tennis,Tennis,Volleyball,Wrestling; Co-Ed: N/A","Competitive Dance Team (Chimera Concept), Concert Band, Drama Club (LoMA Theater Ensemble), Video Game Club, Photography Club, Step & Cheer, Intramural Sports, Community Service Club, Arts & Crafts Club, Student Council, LGBTQIA+ Society","Studio Art, Dance, Theater Survey, Core Music, Visual Art",NYC Solves,N/A (fewer than 5 teachers),N/A (fewer than 5 teachers),18%,0%,0%,54%,2.9,86%,55%,64%,68%,N/A,N/A,83%,50%,53%,88%,85%,47,45%,61%,55 (21%),50 (19%),9% (9),32% (30),56% (53),0% (0),0% (0),2% (2),Needs Improvement,76%,N/A,N/A,88%,0%,12%,81%,N/A,87%,76%,N/A,N/A,N/A,84%,74%,N/A,67%,78%,89%,91%,85%,90%,N/A,N/A,100%,83%,79%,77%,88%,91%,86%,90%,N/A,N/A,80%,80%,87%,83%,85%,81%,85%,83%,82%,79%,86%,N/A,N/A,67%,80%,68%,76%,39%,96%,70%,47%,91%,53%,36%,N/A,N/A,71%,83%,32%,92%,91%,92%,93%,N/A,N/A,86%,83%,88%,68%,82%,59%,70%,N/A,N/A,67%,80%,71%,87%,82%,100%,76%,83%,N/A,N/A,N/A,N/A,83%,79%,79%,50%,81%,81%,N/A,N/A,N/A,N/A,92%,92%,87%,100%,80%,87%,N/A,N/A,N/A,N/A,67%
02M316,"Urban Assembly School of Business for Young Women, the",Fair,Good,Good,www.schools.nyc.gov/schools/M316,Patricia Minaya,"09,10,11,12,SE",125,Ed. Opt.,Local Support and Improvement,26 Broadway,"Manhattan, NY 10004",212-668-0169,2%,30%,62%,0%,0%,5%,44%,13%,>95%,100%,0%,0%,83%,"Boys: Basketball,Soccer,Volleyball; Girls: Basketball,Softball,Volleyball; Co-Ed: N/A","Drama Club, Art, Flamenco Vivo, Photography Club, Pod Cast Club, PSAL, Art Survey (Piano, Dance, Singing) Travel Club, PSAL Sports: Basketball, Volleyball, Softball",Studio Art,Dual Language or TBE; NYC Solves; PROSE,0%,N/A (fewer than 5 teachers),N/A (fewer than 5 teachers),0%,0%,50%,20.2,80%,N/A,77%,85%,N/A,N/A,100%,90%,70%,100%,100%,42,20%,N/A,48 (38%),31 (25%),4% (2),43% (23),43% (23),0% (0),0% (0),9% (5),Fair,53%,47%,0%,100%,0%,0%,89%,N/A,N/A,N/A,N/A,N/A,N/A,89%,N/A,N/A,N/A,85%,84%,N/A,86%,80%,N/A,N/A,100%,78%,70%,82%,92%,N/A,91%,92%,N/A,N/A,N/A,90%,83%,97%,100%,100%,90%,89%,N/A,81%,91%,N/A,N/A,100%,89%,62%,71%,17%,98%,83%,65%,N/A,59%,70%,N/A,N/A,60%,67%,62%,91%,N/A,85%,92%,N/A,N/A,100%,93%,77%,91%,N/A,89%,92%,N/A,N/A,80%,90%,77%,97%,93%,N/A,92%,94%,N/A,N/A,100%,89%,91%,73%,67%,N/A,67%,70%,N/A,N/A,50%,71%,73%,96%,97%,N/A,95%,98%,N/A,N/A,N/A,97%,89%
02M374,Gramercy Arts High School,Good,Fair,Good,www.gramercyhs.org,Pamela Mudzingwa Makin,"09,10,11,12,SE",421,"Audition, Screened With Assessment",Local Support and Improvement,40 Irving Place,"Manhattan, NY 10003",212-253-7076,5%,26%,52%,<1%,<1%,14%,2%,17%,73%,74%,25%,<1%,84%,"Boys: Baseball,Basketball,Handball,Soccer,Volleyball; Girls: Basketball,Soccer,Softball,Volleyball; Co-Ed: N/A","Spring Musical, Fall Play, Equity Team, Student Government, Open Visual Arts Studio, Newspaper, Anime,Gender Sexuality Alliance (GSA), Cleary Gottlieb, Career Day, Yearbook, Community Service","Computer Art / Digital Art, Graphic Design, Portfolio Development, Cartooning, Illustration, Musical Theater, Acting, Theater, Photography, Mixed Media, and more",Future Ready NYC; NYC Solves,N/A (fewer than 5 teachers),17%,N/A (fewer than 5 teachers),0%,0%,63%,6.1,71%,73%,60%,73%,N/A,N/A,74%,88%,76%,87%,70%,59,80%,79%,226 (54%),199 (47%),5% (16),27% (86),50% (162),<1% (2),<1% (1),13% (43),Needs Improvement,91%,N/A,N/A,95%,N/A,N/A,98%,N/A,97%,100%,N/A,N/A,93%,99%,97%,N/A,93%,78%,95%,100%,94%,95%,N/A,N/A,95%,100%,89%,79%,93%,93%,97%,91%,N/A,N/A,93%,100%,85%,70%,80%,63%,89%,85%,82%,94%,81%,N/A,N/A,82%,67%,85%,88%,60%,96%,71%,51%,41%,49%,51%,N/A,N/A,58%,62%,54%,93%,94%,95%,93%,N/A,N/A,89%,100%,90%,72%,76%,75%,69%,N/A,N/A,73%,78%,69%,93%,88%,N/A,N/A,83%,N/A,N/A,80%,N/A,100%,90%,96%,N/A,N/A,92%,N/A,N/A,100%,N/A,100%,92%,100%,N/A,N/A,100%,N/A,N/A,100%,N/A,N/A
02M376,NYC iSchool,Excellent,Excellent,Good,nycischool.org,Cara Tait,"09,10,11,12",446,Screened With Assessment,Local Support and Improvement,131 Avenue Of The Americas,"Manhattan, NY 10013",917-237-7300,8%,12%,38%,<1%,<1%,33%,2%,28%,57%,54%,46%,0%,96%,"Boys: Baseball,Basketball,Bowling,Cross Country,Handball,Indoor Track; Girls: Basketball,Bowling,Cross Country,Indoor Track,Softball; Co-Ed: N/A","Black Student Union, Anime Club, Creative Writing Club,Gender Sexuality Alliance (GSA), iCare Community Service Club, iNews Club, Model UN, Gardening Club, Magazine Design Club, iSchool Latinx Student Association, Helping Hands Club, and Sewing Club. Clubs are subject to change per year based on student interest.","Core Music, Drawing, Visual Art, Painting, Studio Art, Graphic Design, Theater / Play Production, Acting, Printmaking, Illustration, and more",NYC Solves; PROSE,N/A (fewer than 5 teachers),N/A (fewer than 5 teachers),22%,0%,0%,61%,3.1,92%,86%,82%,85%,N/A,N/A,92%,100%,89%,65%,54%,78,98%,85%,104 (23%),340 (76%),9% (33),12% (45),37% (134),0% (0),0% (0),35% (127),Needs Improvement,90%,N/A,N/A,95%,0%,5%,98%,N/A,100%,95%,N/A,N/A,100%,98%,98%,N/A,96%,87%,94%,97%,98%,95%,N/A,N/A,94%,83%,97%,89%,94%,93%,100%,93%,N/A,N/A,96%,80%,95%,93%,95%,97%,92%,87%,87%,93%,85%,N/A,N/A,89%,67%,86%,92%,71%,96%,84%,65%,77%,68%,56%,N/A,N/A,74%,67%,63%,95%,97%,98%,94%,N/A,N/A,95%,100%,95%,86%,93%,89%,80%,N/A,N/A,90%,100%,89%,93%,89%,94%,90%,93%,N/A,N/A,85%,N/A,87%,83%,71%,67%,83%,79%,N/A,N/A,61%,N/A,76%,97%,96%,100%,92%,95%,N/A,N/A,96%,N/A,95%
02M392,Manhattan Business Academy,Excellent,Good,Good,manhattanbusinessacademy.org,Karen Polsonetti,"09,10,11,12,SE",437,Ed. Opt.,Local Support and Improvement,351 West 18 Street,"Manhattan, NY 10011",212-647-1983,5%,25%,62%,2%,<1%,5%,6%,23%,88%,48%,52%,0%,90%,"Boys: Baseball,Basketball,Bowling,Soccer,Volleyball,Wrestling; Girls: Basketball,Bowling,Softball,Tennis,Volleyball; Co-Ed: N/A","Art Club, Business Club, CHILL Snowboarding Club, Hudson Sailing Club, Dance Team, Fitness Club, Guitar Club, National Honor Society, Peer Mediation","Graphic Design, Mixed Media, Drawing",Career & Technical Education; NYC Solves; Project Pivot; PROSE,15%,N/A (fewer than 5 teachers),15%,0%,0%,56%,16.2,82%,75%,75%,81%,100%,N/A,83%,73%,75%,100%,97%,52,60%,66%,52 (12%),94 (22%),3% (4),27% (33),59% (71),2% (3),<1% (1),7% (8),Needs Improvement,98%,N/A,N/A,96%,N/A,N/A,98%,N/A,96%,98%,N/A,N/A,N/A,100%,96%,N/A,95%,87%,94%,94%,94%,94%,100%,N/A,83%,100%,97%,82%,94%,76%,94%,95%,100%,N/A,100%,100%,100%,94%,94%,97%,91%,90%,81%,94%,88%,100%,N/A,92%,100%,97%,85%,51%,97%,83%,58%,48%,62%,56%,67%,N/A,83%,69%,59%,94%,95%,94%,94%,100%,N/A,92%,92%,92%,83%,62%,90%,82%,83%,N/A,83%,85%,87%,94%,88%,100%,88%,84%,N/A,N/A,100%,83%,95%,81%,78%,100%,95%,73%,N/A,N/A,62%,33%,71%,94%,90%,N/A,89%,88%,N/A,N/A,100%,80%,89%
02M393,Business Of Sports School,Fair,Good,Good,nycboss.org,Joshua Solomon,"09,10,11,12,SE",401,Ed. Opt.,Local Support and Improvement,439 West 49 Street,"Manhattan, NY 10019",212-246-2183,2%,30%,65%,0%,0%,2%,8%,26%,89%,26%,74%,0%,87%,"Boys: Baseball,Basketball,Bowling,Indoor Track,Outdoor Track,Soccer,Table Tennis,Volleyball; Girls: Basketball,Flag Football,Indoor Track,Outdoor Track,Soccer,Softball,Volleyball; Co-Ed: Stunt",Gender Sexuality Alliance (GSA),"Studio Art, Graphic Design",Career & Technical Education; NYC Solves; Project Pivot,N/A (fewer than 5 teachers),32%,21%,0%,0%,37%,16.2,82%,71%,68%,72%,N/A,N/A,86%,79%,70%,100%,96%,38,68%,59%,88 (22%),187 (47%),4% (9),27% (62),66% (152),0% (0),0% (0),3% (7),Good,98%,N/A,N/A,97%,N/A,N/A,77%,N/A,76%,80%,N/A,N/A,N/A,86%,73%,70%,53%,79%,90%,71%,88%,92%,N/A,N/A,100%,87%,92%,71%,84%,86%,86%,83%,N/A,N/A,86%,93%,88%,95%,93%,100%,86%,81%,71%,82%,81%,N/A,N/A,83%,80%,84%,83%,46%,96%,74%,48%,71%,51%,46%,N/A,N/A,57%,41%,45%,88%,100%,86%,89%,N/A,N/A,100%,83%,88%,68%,71%,70%,67%,N/A,N/A,71%,63%,69%,94%,90%,N/A,88%,91%,N/A,N/A,100%,83%,94%,87%,91%,N/A,94%,88%,N/A,N/A,100%,100%,94%,97%,94%,N/A,93%,95%,N/A,N/A,100%,100%,96%
02M395,A School Without Walls,,Good,Good,www.aschoolwithoutwalls.org,Veronica Coleman,"09,10,11",207,Open,Local Support and Improvement,90 Trinity Place,"Manhattan, NY 10006",N/A,6%,31%,37%,<1%,0%,17%,3%,34%,70%,56%,43%,<1%,75%,"Boys: Basketball,Soccer; Girls: Volleyball; Co-Ed: N/A","Gender Sexuality Alliance (GSA), Photography Club, Student Leadership Training in Circle Keeping and School Governance, Fashion Club, Student Music Club, Student Generated Elective offerings.","Visual Art, Photography, Classroom Music, Filmmaking / Video, Theater / Play Production",CS for All; NYC Solves; PROSE,N/A (fewer than 5 teachers),N/A (fewer than 5 teachers),N/A (fewer than 5 teachers),0%,0%,62%,2.2,92%,100%,93%,94%,N/A,N/A,70%,N/A,85%,92%,85%,N/A,N/A,N/A,,113 (55%),6% (8),34% (44),33% (42),0% (0),0% (0),18% (23),Excellent,98%,N/A,N/A,94%,N/A,N/A,N/A,N/A,N/A,N/A,N/A,N/A,N/A,N/A,N/A,N/A,N/A,76%,89%,100%,87%,89%,N/A,N/A,85%,N/A,86%,86%,92%,83%,86%,94%,N/A,N/A,95%,N/A,92%,87%,83%,92%,84%,82%,83%,93%,84%,N/A,N/A,60%,N/A,79%,76%,39%,99%,79%,61%,67%,65%,55%,N/A,N/A,60%,N/A,52%,89%,83%,90%,89%,N/A,N/A,85%,N/A,83%,79%,83%,90%,79%,N/A,N/A,50%,N/A,72%,90%,86%,80%,83%,92%,N/A,N/A,75%,N/A,80%,88%,86%,80%,92%,92%,N/A,N/A,75%,N/A,87%,91%,86%,80%,83%,100%,N/A,N/A,62%,N/A,87%
02M399,The High School For Language And Diplomacy,Fair,Good,Good,hsflad.enschool.org/,Lisa Wang,"09,10,11,12,SE",132,Ed. Opt.,Local Support and Improvement,40 Irving Place,"Manhattan, NY 10003",212-253-2480,5%,20%,61%,2%,2%,8%,36%,15%,88%,50%,50%,0%,70%,"Boys: Baseball,Basketball,Handball,Soccer,Volleyball; Girls: Basketball,Soccer,Softball,Volleyball; Co-Ed: N/A","LAD Dance Team, Basketball Club, Workplace Challenge, Debate Club, Film Club, Anime Club, Gaming Club, Fitness Club, Dramatic Arts and Talent Show, Stage Crew, Student Government, Yearbook Commitee, National Honor Society, Student Equity Team, Arts & Media Club, Peer Tutoring Program, Peer Mediators Program, Student Podcast Crew, Senior Council, LADirature Student-Led Publication.","Advertising Art, Illustration, Visual Art",Dual Language or TBE; Future Ready NYC; NYC Solves; Pathways Advising,N/A (fewer than 5 teachers),0%,N/A (fewer than 5 teachers),0%,0%,50%,3,43%,N/A,87%,82%,N/A,N/A,60%,100%,67%,88%,88%,43,45%,69%,37 (28%),30 (23%),5% (3),21% (12),58% (33),4% (2),4% (2),7% (4),Fair,67%,N/A,N/A,93%,N/A,N/A,83%,N/A,N/A,83%,N/A,N/A,N/A,94%,N/A,N/A,N/A,81%,92%,100%,89%,92%,N/A,N/A,80%,90%,86%,88%,94%,100%,100%,94%,N/A,N/A,67%,88%,100%,94%,94%,100%,90%,92%,100%,88%,92%,N/A,N/A,83%,83%,100%,78%,34%,96%,79%,65%,60%,58%,62%,N/A,N/A,83%,64%,75%,92%,100%,95%,91%,N/A,N/A,83%,81%,100%,73%,60%,65%,75%,N/A,N/A,67%,81%,88%,91%,89%,N/A,N/A,85%,N/A,N/A,N/A,75%,N/A,86%,78%,N/A,N/A,77%,N/A,N/A,N/A,75%,N/A,94%,94%,N/A,N/A,92%,N/A,N/A,N/A,88%,N/A
02M400,High School for Environmental Studies,Good,Good,Good,www.envirostudies.org,Heather Deflorio,"09,10,11,12,SE",995,"Ed. Opt., Screened",Local Support and Improvement,444 West 56 Street,"Manhattan, NY 10019",212-262-8113,12%,13%,54%,<1%,<1%,16%,5%,16%,71%,52%,48%,0%,86%,"Boys: Baseball,Basketball,Cross Country,Soccer,Tennis,Volleyball; Girls: Basketball,Cross Country,Handball,Soccer,Softball,Tennis,Volleyball; Co-Ed: N/A","Anime, Art, Badminton, Black Student Association, Drama, Envirothon, Environmental Media Studio, Feminist Club,Gender Sexuality Alliance (GSA), Drama, Gamers, Generation Z Club, Girls Who Code, Glee, Green Team, Hiking, Hydroponics, Internship, J Club, Latino Students Union, K-Pop, MakerSpace, Media Club, Model UN, Music, Muslim Student Association, National Honor Society, Photography, Rooftop, Science Research, Student Government, Sustainability, Table Tennis, Weight Training, Yearbook","Core Music, Theater Survey, Filmmaking / Video, Computer Art / Digital Art, Ceramics, Art History",CS for All; NYC Solves,16%,7%,15%,0%,0%,59%,4.2,88%,56%,67%,60%,N/A,N/A,68%,70%,61%,78%,63%,61,77%,82%,337 (34%),353 (35%),15% (78),11% (60),48% (252),<1% (3),<1% (2),22% (114),Fair,99%,N/A,N/A,93%,0%,7%,92%,97%,90%,90%,N/A,N/A,95%,93%,90%,82%,89%,81%,92%,90%,92%,92%,N/A,N/A,93%,90%,93%,81%,84%,78%,90%,84%,N/A,N/A,85%,95%,80%,87%,91%,89%,89%,84%,86%,86%,83%,N/A,N/A,86%,100%,80%,87%,58%,95%,76%,51%,57%,60%,48%,N/A,N/A,57%,56%,49%,93%,94%,91%,92%,N/A,N/A,95%,96%,92%,78%,83%,83%,76%,N/A,N/A,79%,92%,80%,91%,90%,62%,100%,95%,N/A,N/A,88%,N/A,89%,79%,73%,88%,83%,71%,N/A,N/A,71%,N/A,78%,96%,95%,83%,100%,100%,N/A,N/A,91%,N/A,100%
02M407,Institute for Collaborative Education,Excellent,,,iceschoolnyc.org,Peter Karp,"06,07,08,09,10,11,12,SE",267,Screened With Assessment,Local Support and Improvement,345 East 15 Street,"Manhattan, NY 10003",212-475-7972,5%,19%,22%,1%,<1%,44%,<1%,30%,35%,49%,51%,0%,82%,"Boys: Baseball,Basketball,Soccer; Girls: Basketball,Soccer,Softball,Volleyball; Co-Ed: N/A","Music, Video Game club, chorus, community service, model UN, green team, skittles,Gender Sexuality Alliance (GSA)","Studio Art, Visual Art, Core Music, Fashion and Textile Design, Directing, Digital Photography, Music Theory / Musicianship, Photography",Consortium; DYCD: COMPASS/SONYC; PROSE,N/A (fewer than 5 teachers),N/A (fewer than 5 teachers),21%,0%,0%,53%,13.6,85%,N/A,N/A,43%,N/A,N/A,80%,N/A,N/A,11%,11%,72,100%,82%,,168 (63%),4% (6),17% (29),24% (40),<1% (1),1% (2),45% (76),Fair,91%,N/A,N/A,95%,0%,5%,99%,N/A,100%,N/A,N/A,N/A,100%,97%,100%,N/A,95%,N/A,94%,N/A,N/A,100%,N/A,N/A,80%,N/A,N/A,N/A,88%,N/A,N/A,100%,N/A,N/A,80%,N/A,N/A,N/A,89%,89%,N/A,91%,N/A,N/A,N/A,N/A,N/A,N/A,N/A,N/A,91%,76%,95%,N/A,76%,N/A,N/A,86%,N/A,N/A,80%,N/A,N/A,94%,N/A,N/A,100%,N/A,N/A,80%,N/A,N/A,94%,N/A,N/A,100%,N/A,N/A,80%,N/A,N/A,N/A,81%,60%,100%,72%,N/A,N/A,78%,N/A,86%,N/A,85%,80%,100%,78%,N/A,N/A,84%,N/A,95%,N/A,92%,80%,100%,82%,N/A,N/A,94%,N/A,95%
02M408,Professional Performing Arts High School,Excellent,Good,Good,www.ppasnyc.org,Leah Dyer,"06,07,08,09,10,11,12,SE",435,Audition,Local Support and Improvement,328 West 48 Street,"Manhattan, NY 10036",212-247-8652,5%,23%,33%,<1%,0%,33%,1%,18%,50%,78%,22%,<1%,79%,"Boys: Baseball,Basketball,Bowling,Indoor Track,Outdoor Track,Soccer,Table Tennis,Volleyball; Girls: Basketball,Flag Football,Indoor Track,Outdoor Track,Soccer,Softball,Volleyball; Co-Ed: Stunt",Gender Sexuality Alliance (GSA),"Voice and Diction, Choreography / Dance Composition, Acting, Ballet, Music Theory / Musicianship, Dance, Modern Dance, Classroom Music, Mixed Choir, Musical Theater, and more",DYCD: COMPASS/SONYC; NYC Solves,N/A (fewer than 5 teachers),N/A (fewer than 5 teachers),N/A (fewer than 5 teachers),0%,0%,71%,2,97%,25%,30%,39%,N/A,N/A,31%,80%,40%,42%,24%,69,100%,76%,144 (33%),115 (26%),6% (14),19% (42),32% (71),<1% (1),0% (0),38% (85),Needs Improvement,96%,N/A,N/A,81%,0%,19%,100%,N/A,100%,100%,N/A,N/A,100%,100%,100%,N/A,100%,84%,95%,88%,92%,97%,N/A,N/A,97%,N/A,95%,75%,87%,85%,86%,92%,N/A,N/A,84%,N/A,81%,85%,100%,96%,81%,71%,80%,70%,75%,N/A,N/A,68%,60%,71%,91%,68%,97%,72%,51%,54%,48%,56%,N/A,N/A,48%,60%,51%,91%,96%,88%,96%,N/A,N/A,88%,100%,86%,81%,77%,77%,84%,N/A,N/A,81%,80%,82%,94%,84%,75%,89%,88%,N/A,N/A,81%,N/A,90%,88%,81%,38%,93%,81%,N/A,N/A,80%,N/A,93%,97%,93%,83%,100%,95%,N/A,N/A,90%,N/A,87%
02M411,Baruch College Campus High School,Excellent,Excellent,Excellent,www.bcchsnyc.net,Alicia Perez Katz,"09,10,11,SE",479,Screened,Local Support and Improvement,55 East 25 Street,"Manhattan, NY 10010",212-683-7440,29%,10%,34%,<1%,<1%,23%,1%,17%,61%,61%,39%,0%,89%,"Boys: Baseball,Basketball,Soccer,Wrestling; Girls: Badminton,Basketball,Soccer,Softball,Volleyball; Co-Ed: N/A","Affinity Groups: Black & Latinx Student Union, Asian Affinity Club,Gender Sexuality Alliance (GSA), Equity Team, Jewish Club, Muslim Club. Media Clubs: School Newspaper, Media Team, Tech Team, Film Club. Service Clubs: Key Club, Lorax Environmental Club, Cookies for Cancer, NHS, SAP Board, Baruch Events Committee, Student Government. Academic/Arts Clubs: Peer Tutors, Baruch AP Tutors, Art club, Drama club, Philosophy Club, Career clubs: Rock the Street Wall Street, PENCIL partnership, Debate Team.","Visual Art, Studio Art, Music History, Filmmaking / Video, Musical Theater",NYC Solves; Respect for All,N/A (fewer than 5 teachers),N/A (fewer than 5 teachers),N/A (fewer than 5 teachers),0%,0%,68%,21.4,87%,88%,74%,83%,N/A,N/A,80%,80%,78%,67%,67%,82,92%,94%,178 (37%),307 (64%),30% (104),11% (37),33% (115),<1% (3),<1% (1),22% (75),Needs Improvement,97%,N/A,N/A,98%,N/A,N/A,100%,100%,100%,100%,N/A,N/A,100%,100%,100%,N/A,100%,86%,96%,97%,95%,98%,N/A,N/A,94%,100%,97%,88%,97%,93%,97%,98%,N/A,N/A,100%,80%,97%,88%,96%,89%,93%,89%,90%,87%,92%,N/A,N/A,83%,N/A,90%,93%,79%,95%,85%,68%,67%,59%,66%,N/A,N/A,70%,60%,74%,99%,100%,95%,100%,N/A,N/A,100%,100%,100%,87%,86%,74%,89%,N/A,N/A,93%,80%,85%,96%,90%,100%,100%,87%,N/A,N/A,81%,N/A,90%,83%,69%,69%,86%,79%,N/A,N/A,64%,N/A,90%,98%,96%,97%,100%,95%,N/A,N/A,94%,N/A,100%
02M412,N.Y.C. Lab School for Collaborative Studies,Excellent,Excellent,Good,www.nyclabschool.org,Brooke Jackson,"09,10,11,SE",415,"ASD/ACES Program, Screened",Local Support and Improvement,333 West 17 Street,"Manhattan, NY 10011",212-691-6119,28%,7%,24%,0%,<1%,35%,1%,26%,52%,47%,53%,0%,85%,"Boys: Baseball,Basketball,Cross Country,Outdoor Track,Soccer; Girls: Basketball,Cross Country,Flag Football,Outdoor Track,Soccer,Softball,Tennis,Volleyball; Co-Ed: Golf","Our clubs are created and led by students. New club proposals are always welcome. Club offerings include: Black Student Union, Asian Culture Club, La Alianza,Gender Sexuality Alliance (GSA), Muslim Student Association, Neurodiversity Student Association, Music Club, Student Government, Model UN, Bike Club, Video Game Club, Green Team, Coding Club, Chess Club, Lab Theater Company, Body Positivity, SALT Photography, Hudson River Community Sailing, Lab Report Newspaper","Studio Art, Fashion and Textile Design, Core Music, Concert Band, Visual Art, Portfolio Development",NYC Solves; PROSE,N/A (fewer than 5 teachers),N/A (fewer than 5 teachers),N/A (fewer than 5 teachers),0%,0%,86%,19,83%,91%,82%,94%,N/A,N/A,92%,N/A,92%,81%,69%,89,92%,88%,210 (51%),251 (60%),29% (106),7% (24),23% (82),0% (0),<1% (1),36% (132),Needs Improvement,97%,N/A,N/A,96%,0%,4%,100%,100%,N/A,100%,N/A,N/A,100%,100%,100%,N/A,100%,88%,96%,94%,91%,95%,N/A,N/A,97%,N/A,96%,83%,97%,98%,96%,94%,N/A,N/A,98%,N/A,96%,84%,85%,88%,89%,88%,89%,91%,89%,N/A,N/A,85%,N/A,87%,93%,82%,96%,82%,73%,75%,70%,74%,N/A,N/A,74%,N/A,77%,98%,99%,100%,94%,N/A,N/A,98%,N/A,99%,83%,87%,59%,82%,N/A,N/A,83%,N/A,74%,94%,93%,100%,78%,93%,N/A,N/A,94%,N/A,93%,88%,84%,69%,89%,87%,N/A,N/A,88%,N/A,98%,97%,94%,96%,67%,93%,N/A,N/A,98%,N/A,96%
02M413,School of the Future High School,Excellent,Excellent,Good,www.sof.edu,Stacy Goldstein,"06,07,08,09,10,11,12,SE",418,Screened With Assessment,Local Support and Improvement,127 East 22 Street,"Manhattan, NY 10010",212-475-8086,18%,12%,24%,<1%,<1%,38%,1%,24%,48%,46%,54%,<1%,79%,"Boys: Baseball,Basketball,Soccer,Volleyball; Girls: Badminton,Basketball,Handball,Soccer,Softball,Volleyball; Co-Ed: N/A","Model United Nations, Student Council,Gender Sexuality Alliance (GSA), Key Club, Global Glimpse, Robotics Team, Black Student Union, Asian Student Association, Latine Heritage Club, Chess Club, Science Club, Drawing Club, Book Club, Anime Club, Games Club, Literature Magazine, Chorus, Drama Club, Debate Club, Prom Committee, Dance Club, Yearbook Committee, Trivia Club, Badminton Club, Afterschool Tutoring, SOF Green Team, Ski & Snowboard Club, The MOTH Storytellers, Operation Smile, Recording Studio Club, Science Olympiad, Social Justice Club","Visual Art, Classroom Music, Theater, Concert Band, Drawing, Graphic Design, Acting, Art History, Music Technology",Consortium; CS for All; DYCD: COMPASS/SONYC; NYC Solves,N/A (fewer than 5 teachers),14%,N/A (fewer than 5 teachers),0%,0%,77%,18,82%,58%,66%,67%,N/A,N/A,63%,85%,66%,63%,71%,76,100%,80%,121 (29%),252 (60%),20% (61),12% (35),22% (66),<1% (1),<1% (1),39% (118),Needs Improvement,98%,N/A,N/A,98%,N/A,N/A,99%,97%,100%,100%,N/A,N/A,100%,98%,100%,N/A,100%,83%,92%,94%,94%,88%,N/A,N/A,94%,75%,91%,75%,82%,79%,85%,84%,N/A,N/A,81%,79%,82%,86%,93%,90%,78%,69%,69%,72%,73%,N/A,N/A,66%,N/A,69%,92%,73%,97%,74%,56%,53%,63%,52%,N/A,N/A,58%,64%,57%,95%,96%,98%,92%,N/A,N/A,95%,93%,97%,81%,76%,79%,77%,N/A,N/A,85%,86%,76%,91%,82%,81%,94%,75%,N/A,N/A,83%,N/A,78%,85%,74%,67%,71%,90%,N/A,N/A,71%,N/A,80%,95%,89%,88%,94%,94%,N/A,N/A,88%,N/A,87%
02M414,N.Y.C. Museum School,Excellent,Excellent,Good,www.nycmuseumschool.org,Andre Rodrigues,"09,10,11,SE",483,Screened,Local Support and Improvement,333 West 17 Street,"Manhattan, NY 10011",212-675-6206,19%,7%,30%,<1%,<1%,35%,2%,20%,52%,53%,46%,<1%,83%,"Boys: Baseball,Basketball,Cross Country,Outdoor Track,Soccer; Girls: Basketball,Cross Country,Flag Football,Outdoor Track,Soccer,Softball,Tennis,Volleyball; Co-Ed: Golf","Archive Literary and Arts Magazine, Hudson River Community Sailing, Chorus, Guitar Club, Japanese Club, Running Club, Dance Club, Sustainability Club,Gender Sexuality Alliance (GSA), Student Government, Student Activities Council, Computer Building Club, Natural Hair Club, Black Student Union, AAPI Club, Fashion & Design Club, Women's Empowerment Club, Debate Club, Social Justice Club, Sports, Statistics Club, Dungeons & Dragons Club, Drama Club, International Cooking Club, Video Game Design Club, K-Pop Club, Red Cross Club, Photoshop Club, Video Game Club","Studio Art, Mixed Media, Photography",NYC Solves; PROSE; Respect for All,N/A (fewer than 5 teachers),16%,N/A (fewer than 5 teachers),0%,0%,59%,4.2,91%,93%,90%,95%,N/A,N/A,95%,91%,92%,97%,90%,82,88%,88%,279 (58%),251 (52%),20% (63),8% (27),28% (89),<1% (1),<1% (1),38% (121),Needs Improvement,95%,N/A,N/A,96%,N/A,N/A,100%,100%,N/A,100%,N/A,N/A,100%,100%,100%,N/A,100%,85%,96%,98%,97%,95%,N/A,N/A,97%,100%,93%,88%,95%,91%,100%,97%,N/A,N/A,95%,100%,96%,91%,90%,97%,86%,79%,86%,78%,83%,N/A,N/A,74%,92%,80%,94%,85%,94%,78%,55%,59%,56%,54%,N/A,N/A,54%,33%,53%,95%,93%,100%,97%,N/A,N/A,93%,92%,93%,82%,81%,72%,83%,N/A,N/A,82%,83%,80%,94%,87%,93%,100%,85%,N/A,N/A,86%,N/A,81%,81%,70%,64%,58%,70%,N/A,N/A,74%,N/A,84%,96%,92%,100%,90%,93%,N/A,N/A,90%,N/A,85%
02M416,Eleanor Roosevelt High School,Excellent,Excellent,Excellent,www.erhsnyc.org,Dimitri Saliani,"09,10,11,12,SE",540,Screened,Local Support and Improvement,411 East 76 Street,"Manhattan, NY 10021",212-772-1220,22%,8%,27%,0%,<1%,34%,<1%,16%,51%,59%,41%,0%,89%,"Boys: Baseball,Basketball,Outdoor Track,Soccer,Tennis; Girls: Basketball,Cross Country,Flag Football,Outdoor Track,Soccer,Softball,Table Tennis,Tennis,Volleyball; Co-Ed: Golf","Art 4 Heart, Black, Indigenous, and People of Color (BIPOC) Student Union (BSU), Asian Club, Badminton Club, Chess Club, Culinary Club, Debate Club, ElRo Naturalist Club, ElRo PawPrint, ElRo Day Planning Committee, Film and Photography Club, Finance and Investment Club, Gaming Club,Gender Sexuality Alliance (GSA), Girls Lead Our World (GLOW), Green Team, Habitat for Humanity, High School Democrats of America, Jazz Ensemble, Law Team, Life Skills Club, Math Club, Model United Nations, Pawcast, Ping Pong Club, PreMed Club, Red Cross, Stargazer Magazine, STEM Club, Student Government, Tech Club, Yearbook","Mixed Media, Guitar, Digital Photography, Ceramics, Concert Band, Classroom Music, Acting",CS for All; NYC Solves; Respect for All,24%,N/A (fewer than 5 teachers),N/A (fewer than 5 teachers),0%,0%,68%,17.2,88%,84%,68%,89%,N/A,N/A,89%,N/A,86%,91%,76%,88,97%,84%,390 (72%),302 (56%),24% (108),8% (38),26% (119),0% (0),<1% (2),34% (158),Needs Improvement,90%,N/A,N/A,85%,0%,15%,99%,97%,100%,100%,N/A,N/A,100%,100%,98%,N/A,100%,88%,94%,93%,92%,95%,N/A,N/A,94%,N/A,93%,90%,97%,98%,91%,98%,N/A,N/A,97%,N/A,96%,84%,86%,88%,91%,82%,84%,73%,82%,N/A,N/A,86%,N/A,81%,95%,87%,96%,81%,62%,55%,58%,61%,N/A,N/A,70%,N/A,71%,95%,96%,92%,96%,N/A,N/A,94%,N/A,90%,85%,84%,78%,87%,N/A,N/A,86%,N/A,79%,95%,91%,88%,100%,88%,N/A,N/A,91%,N/A,93%,87%,76%,69%,80%,81%,N/A,N/A,79%,N/A,80%,98%,96%,93%,100%,96%,N/A,N/A,96%,N/A,92%
02M418,Millennium High School,Excellent,Excellent,Good,www.millenniumhs.org,Colin Mcevoy,"09,10,11,12,SE",687,"D75 Special Education Inclusive Services, Screened",Local Support and Improvement,75 Broad Street,"Manhattan, NY 10004",212-825-9008,38%,6%,17%,<1%,<1%,33%,1%,17%,42%,56%,44%,0%,75%,"Boys: Baseball,Basketball,Cross Country,Fencing,Football,Indoor Track,Outdoor Track,Soccer,Swimming,Table Tennis,Volleyball; Girls: Basketball,Cross Country,Fencing,Flag Football,Indoor Track,Outdoor Track,Soccer,Softball,Swimming,Table Tennis,Volleyball; Co-Ed: Double Dutch,Stunt","The Student Life Program at Millennium consists of 25+ activities that support leadership development, creative expression, social responsibility, healthy lifestyles, civic engagement, and cultural awareness. All extracurricular activities are created based on student interest., , Current (20222023) club offerings include: Art Loft, ASL (American Sign Language), ASU (Asian Student Union), Best Buddies, BLSU (Black Latinx Student Union), Brains & Gains (Workout), Chinese Culture Club, Cooking Club, Design Club, Drama Club, Fitness Club, Girl Rising, Green Team/Sustainability Team,Gender Sexuality Alliance (GSA), Jewish Student Union, Key Club, LGBTQ+ Open Art Space, Literary Magazine Flux, Math Team, Mouse Squad, MSA (Muslim Student Association), Newspaper The Phoenix, PreMed Club, Podcast Club, Red Cross Club, Sound Lab, Student Activities, Video Game Club, Wellness Club, Yearbook, and Young Entrepreneurs Club., , The MHS Student Senate is our representative student government organization. Senior Officers plan and coordinate communitybuilding and celebratory class events.","Studio Art, Photography, Graphic Design, Mixed Media, Art History, Music Theory / Musicianship",NYC Solves; Respect for All,21%,N/A (fewer than 5 teachers),0%,0%,0%,68%,13.2,89%,89%,84%,90%,N/A,83%,88%,80%,83%,93%,86%,92,98%,88%,236 (34%),326 (47%),39% (179),5% (25),16% (73),<1% (1),<1% (4),34% (160),Needs Improvement,100%,0%,0%,94%,0%,6%,100%,100%,N/A,100%,N/A,N/A,100%,100%,100%,N/A,100%,86%,96%,97%,97%,90%,N/A,83%,98%,100%,98%,90%,96%,99%,97%,94%,N/A,100%,96%,100%,92%,87%,98%,88%,88%,80%,81%,91%,78%,N/A,83%,78%,80%,73%,95%,87%,98%,76%,54%,53%,53%,45%,N/A,67%,59%,80%,54%,94%,96%,100%,91%,N/A,83%,94%,100%,96%,80%,83%,74%,74%,N/A,100%,79%,80%,70%,91%,87%,92%,60%,92%,N/A,N/A,87%,N/A,87%,81%,67%,57%,100%,81%,N/A,N/A,74%,N/A,83%,97%,95%,99%,78%,96%,N/A,N/A,92%,N/A,93%
02M419,Landmark High School,Fair,Fair,Good,www.landmarkhs.org/,Susanna Tenny,"09,10,11,12,SE",294,Ed. Opt.,Local Support and Improvement,351 West 18 Street,"Manhattan, NY 10011",212-647-7410,1%,22%,64%,1%,<1%,7%,22%,29%,89%,52%,48%,0%,86%,"Boys: Baseball,Basketball,Bowling,Soccer,Volleyball,Wrestling; Girls: Basketball,Bowling,Softball,Tennis,Volleyball; Co-Ed: N/A","Student-led clubs including Fashion,Gender Sexuality Alliance (GSA), Theater, Student Council Electives including: guitar, arts, chess, debate, hair styling, barbering, sewing / crochet","Studio Art, Filmmaking / Video, Fashion and Textile Design, Guitar, Three-Dimensional Art",Career Readiness and Modern Youth Apprenticeship; Consortium; Future Ready NYC; Project Pivot; PROSE,N/A (fewer than 5 teachers),N/A (fewer than 5 teachers),N/A (fewer than 5 teachers),0%,0%,61%,6,90%,N/A,60%,71%,N/A,N/A,80%,81%,56%,91%,87%,48,89%,60%,89 (30%),82 (28%),1% (2),27% (37),56% (77),0% (0),<1% (1),9% (12),Excellent,92%,8%,0%,98%,N/A,N/A,88%,N/A,95%,83%,N/A,N/A,N/A,95%,78%,N/A,71%,80%,89%,N/A,94%,88%,N/A,N/A,87%,79%,90%,76%,80%,N/A,76%,77%,N/A,N/A,88%,71%,78%,89%,83%,96%,85%,80%,N/A,74%,81%,N/A,N/A,81%,76%,82%,80%,33%,95%,73%,52%,N/A,47%,52%,N/A,N/A,56%,51%,59%,90%,N/A,86%,91%,N/A,N/A,88%,87%,88%,65%,N/A,63%,65%,N/A,N/A,69%,58%,73%,93%,80%,N/A,N/A,94%,N/A,N/A,N/A,100%,71%,81%,80%,N/A,N/A,94%,N/A,N/A,N/A,50%,86%,92%,92%,N/A,N/A,94%,N/A,N/A,N/A,100%,86%
02M420,High School for Health Professions and Human Services,Good,Good,Good,hphsnyc.org,Robert Gentile,"09,10,11,12,SE",1723,"Ed. Opt., Screened",Local Support and Improvement,345 East 15 Street,"Manhattan, NY 10003",212-780-9175,19%,15%,54%,<1%,<1%,9%,4%,13%,81%,70%,30%,<1%,90%,"Boys: Baseball,Basketball,Handball,Soccer; Girls: Basketball,Cross Country,Flag Football,Handball,Indoor Track,Outdoor Track,Soccer,Softball,Volleyball; Co-Ed: N/A","Gender Sexuality Alliance (GSA), Cheerleading, African Dance Team, Drama Club, Girl Up, American Sign Language Club, Muslim Student Alliance (MSA), Guitar Club, Christian Student Group, Gaming Club, Glee Club, Weight Training Club, Book Club, Black Student Union (BSU), La Causa, Art Club, Photography Club, Volleyball Club, Basketball Club, Environmental Club, Super Hero Club, Model UN, Debate Team, Chess Club, Badminton Club, La Fuerza, Culinary Club, Personal Finance/Financial Literacy Club, Movie Appreciation Club, UNICEF Club, CDI Men's Group, CDI Women's Group, SAT Prep Class, National Honor Society, Yearbook Club, Prom Committee, Student Government, Bridge Program","Core Music, Studio Art, Theater History, Technical Theater, Illustration, Visual Art",Career & Technical Education; Future Ready NYC; NYC Solves; Respect for All,22%,9%,13%,0%,N/A (fewer than 5 teachers),52%,16,85%,49%,47%,60%,73%,56%,64%,79%,63%,59%,57%,69,88%,83%,726 (42%),884 (51%),21% (250),13% (157),53% (618),<1% (9),<1% (8),9% (111),Fair,96%,N/A,N/A,96%,0%,4%,94%,95%,87%,96%,N/A,N/A,97%,97%,89%,87%,83%,80%,93%,93%,89%,95%,86%,78%,95%,85%,92%,80%,91%,88%,90%,92%,93%,78%,91%,90%,91%,81%,83%,78%,84%,78%,78%,78%,79%,60%,67%,77%,87%,87%,90%,71%,97%,75%,46%,44%,38%,48%,31%,44%,52%,58%,47%,94%,94%,92%,95%,88%,89%,97%,96%,94%,79%,78%,73%,81%,75%,78%,79%,72%,77%,90%,84%,82%,83%,86%,N/A,N/A,93%,N/A,95%,78%,76%,62%,83%,81%,N/A,N/A,70%,N/A,90%,94%,92%,91%,94%,91%,N/A,N/A,92%,N/A,94%
02M422,Quest to Learn,Fair,Fair,Good,q2l.org,Marina Galazidis,"06,07,08,09,10,11,12,SE",201,Ed. Opt.,Local Support and Improvement,351 West 18 Street,"Manhattan, NY 10011",212-488-3645,7%,22%,51%,1%,<1%,15%,19%,33%,81%,34%,66%,0%,81%,"Boys: Baseball,Basketball,Bowling,Soccer,Volleyball,Wrestling; Girls: Basketball,Bowling,Softball,Tennis,Volleyball; Co-Ed: N/A","School newspaper, Chess Club, Chinese Culture Club, Peer Tutoring, Video Game Club, Dance, Book Club, Pageant Club,Gender Sexuality Alliance (GSA), and Coding","Visual Art, Graphic Design, Studio Art",21st Century Community Learning Center; Community School; DYCD: COMPASS/SONYC; NYC Solves,11%,N/A (fewer than 5 teachers),14%,0%,0%,68%,3.9,93%,54%,51%,71%,N/A,N/A,60%,77%,53%,84%,84%,52,68%,53%,40 (20%),63 (31%),13% (11),20% (18),42% (37),1% (1),1% (1),23% (20),Excellent,86%,N/A,N/A,86%,0%,14%,87%,N/A,N/A,91%,N/A,N/A,N/A,N/A,88%,N/A,88%,79%,90%,87%,89%,89%,N/A,N/A,97%,90%,83%,71%,78%,79%,83%,77%,N/A,N/A,81%,77%,71%,82%,84%,81%,85%,80%,92%,83%,78%,N/A,N/A,76%,77%,74%,77%,42%,96%,71%,54%,60%,54%,50%,N/A,N/A,62%,59%,52%,88%,100%,82%,83%,N/A,N/A,97%,81%,79%,72%,80%,64%,74%,N/A,N/A,82%,78%,65%,90%,83%,60%,87%,82%,N/A,N/A,92%,86%,83%,83%,85%,70%,73%,79%,N/A,N/A,100%,100%,86%,94%,92%,88%,85%,91%,N/A,N/A,96%,100%,96%
02M425,Leadership and Public Service High School,Fair,Good,Good,leadershipnyc.org,Philip Santos,"09,10,11,12,SE",267,Ed. Opt.,Local Support and Improvement,90 Trinity Place,"Manhattan, NY 10006",212-346-0007,9%,25%,61%,<1%,0%,3%,17%,18%,85%,55%,45%,0%,63%,"Boys: Basketball,Soccer; Girls: Volleyball; Co-Ed: N/A","ASPIRA, Newspaper (LEAD News), The Green Team, SUMMA (Syracuse University Mentor/Mentee Alliance, Big Brothers Big Sisters, Student Government, National Honor Society, Upward Bound, College Now, Bank of America, Zurich, New York Presbyterian Lower Manhattan, Trinity Youth, Touro College, and Syracuse University Summer College","Portfolio Development, Studio Art, Computer Art / Digital Art",NYC Solves,N/A (fewer than 5 teachers),N/A (fewer than 5 teachers),33%,0%,0%,33%,14.2,78%,62%,50%,76%,N/A,N/A,N/A,88%,75%,95%,100%,48,45%,69%,88 (33%),25 (9%),14% (15),24% (25),59% (63),<1% (1),0% (0),2% (2),Needs Improvement,72%,N/A,N/A,91%,N/A,N/A,84%,N/A,87%,82%,N/A,N/A,N/A,86%,81%,N/A,N/A,81%,91%,77%,94%,93%,N/A,N/A,N/A,87%,88%,84%,91%,75%,88%,95%,N/A,N/A,N/A,86%,100%,88%,79%,89%,86%,80%,50%,76%,86%,N/A,N/A,N/A,94%,88%,78%,32%,95%,78%,53%,43%,33%,59%,N/A,N/A,N/A,74%,47%,93%,86%,95%,94%,N/A,N/A,N/A,94%,89%,75%,54%,67%,80%,N/A,N/A,N/A,83%,67%,92%,84%,88%,75%,84%,N/A,N/A,N/A,75%,100%,82%,86%,78%,100%,86%,N/A,N/A,N/A,89%,100%,93%,89%,83%,89%,95%,N/A,N/A,N/A,86%,100%
02M427,Manhattan Academy For Arts & Language,Fair,Fair,Good,maalnyc.org,Siv Boletsis,"09,10,11,12,SE",288,Language Criteria,Local Support and Improvement,111 East 33 Street,"Manhattan, NY 10016",212-576-0502,<1%,6%,91%,0%,0%,2%,84%,5%,>95%,47%,53%,0%,82%,"Boys: Baseball,Basketball,Soccer; Girls: Basketball,Softball,Volleyball; Co-Ed: N/A","Chess Club, Soccer Club, Arts and Crafts Club, Yearbook, School Newspaper, Art Club, Dance Club, Knitting Club","Computer Art / Digital Art, Studio Art",Dual Language or TBE; NYC Solves; New Arrivals; PROSE,22%,0%,52%,0%,0%,22%,15.2,61%,N/A,100%,83%,N/A,N/A,N/A,88%,88%,100%,91%,38,40%,72%,58 (20%),108 (38%),<1% (1),4% (5),92% (108),0% (0),0% (0),3% (3),N/A,87%,N/A,N/A,94%,N/A,N/A,73%,N/A,N/A,71%,N/A,N/A,N/A,78%,67%,64%,N/A,81%,95%,N/A,64%,97%,N/A,N/A,N/A,95%,100%,72%,87%,N/A,100%,85%,N/A,N/A,N/A,84%,80%,91%,95%,95%,86%,80%,N/A,64%,82%,N/A,N/A,N/A,78%,90%,70%,26%,95%,78%,54%,N/A,58%,54%,N/A,N/A,N/A,56%,45%,93%,N/A,92%,93%,N/A,N/A,N/A,92%,90%,75%,N/A,75%,74%,N/A,N/A,N/A,79%,45%,94%,86%,N/A,73%,87%,N/A,N/A,N/A,85%,80%,73%,58%,N/A,82%,56%,N/A,N/A,N/A,61%,N/A,95%,95%,N/A,90%,95%,N/A,N/A,N/A,94%,N/A
02M432,Murray Hill Academy,Good,Good,Fair,www.mhacademy.net,Nicholas Marinacci,"09,10,11,12,SE",300,Ed. Opt.,Local Support and Improvement,111 East 33 Street,"Manhattan, NY 10016",212-696-0195,15%,21%,49%,<1%,<1%,11%,4%,19%,80%,48%,52%,<1%,82%,"Boys: Baseball,Basketball,Soccer; Girls: Basketball,Softball,Volleyball; Co-Ed: N/A","Full Service NYU Health Clinic, Grade Level and All School Student Government, Robotics Club, Book Club, Cheerleading Team, Chess Club, Chinese Culture Club, Meditation Club, LGBTQ+ Club, Cooking Club, Art Club, Girls Inc, Green Team, STEP Team, Open Gym, Yearbook, College Application Supports, School Newspaper (The Paw Print), Muslim Student Union, BringChange2Mind (Mental Health) Club, Paid Internships, 12th grade Capstone Project with L+M Real Estate Development Company in Midtown Manhattan, National Honor Society, In School Internships,","Studio Art, Filmmaking / Video, Percussion, Choreography / Dance Composition",NYC Solves; Pathways Advising; PROSE,N/A (fewer than 5 teachers),0%,N/A (fewer than 5 teachers),0%,0%,63%,1,100%,70%,74%,70%,N/A,N/A,72%,83%,58%,69%,62%,59,60%,73%,118 (39%),82 (27%),14% (20),25% (37),47% (69),0% (0),<1% (1),10% (15),Needs Improvement,100%,0%,0%,93%,0%,7%,85%,N/A,N/A,89%,N/A,N/A,N/A,87%,83%,N/A,77%,85%,94%,93%,97%,93%,N/A,N/A,90%,80%,90%,73%,87%,85%,97%,83%,N/A,N/A,100%,83%,79%,94%,100%,100%,88%,84%,87%,83%,84%,N/A,N/A,85%,83%,81%,86%,50%,96%,77%,52%,55%,46%,52%,N/A,N/A,65%,50%,48%,91%,90%,94%,89%,N/A,N/A,95%,80%,87%,76%,69%,74%,80%,N/A,N/A,71%,80%,55%,94%,91%,N/A,N/A,92%,N/A,N/A,N/A,N/A,N/A,77%,74%,N/A,N/A,69%,N/A,N/A,N/A,N/A,N/A,89%,90%,N/A,N/A,92%,N/A,N/A,N/A,N/A,N/A
02M437,Hudson High School of Learning Technologies,Fair,Fair,Needs Improvement,www.hudsonhs.com/admissions.html,Michael Wilson,"09,10,11,12,SE",187,"D75 Special Education Inclusive Services, Open",Local Support and Improvement,351 West 18 Street,"Manhattan, NY 10011",212-488-3330,4%,25%,65%,0%,<1%,5%,23%,22%,85%,33%,67%,0%,79%,"Boys: Baseball,Basketball,Bowling,Soccer,Volleyball,Wrestling; Girls: Basketball,Bowling,Softball,Tennis,Volleyball; Co-Ed: N/A","MANGA, Robotics, Coding, Student Choir, Yearbook,Gender Sexuality Alliance (GSA), Student Government, Art, Photography, Dance, Video Gaming, and Running Club.","Music Theory / Musicianship, Core Music",NYC Solves; Project Pivot,0%,N/A (fewer than 5 teachers),N/A (fewer than 5 teachers),0%,0%,60%,6.2,67%,N/A,72%,80%,N/A,N/A,75%,95%,72%,85%,85%,42,27%,60%,74 (40%),99 (53%),5% (6),26% (33),61% (77),0% (0),0% (0),8% (10),Fair,81%,19%,0%,87%,0%,13%,84%,N/A,67%,91%,N/A,N/A,N/A,83%,85%,N/A,92%,68%,92%,N/A,89%,92%,N/A,N/A,100%,95%,91%,71%,86%,N/A,92%,83%,N/A,N/A,88%,84%,77%,79%,69%,85%,87%,82%,N/A,90%,79%,N/A,N/A,75%,95%,72%,81%,45%,95%,75%,66%,N/A,75%,59%,N/A,N/A,100%,70%,62%,87%,N/A,87%,85%,N/A,N/A,100%,82%,72%,72%,N/A,77%,69%,N/A,N/A,86%,82%,59%,83%,79%,N/A,N/A,78%,N/A,N/A,N/A,N/A,N/A,83%,77%,N/A,N/A,75%,N/A,N/A,N/A,N/A,N/A,79%,79%,N/A,N/A,89%,N/A,N/A,N/A,N/A,N/A
02M438,International High School at Union Square,Good,Excellent,Good,www.ihs-us.org,Vadewatie Ramsuchit,"09,10,11,12",361,Language Criteria,Local Support and Improvement,40 Irving Place,"Manhattan, NY 10003",212-533-2560,6%,14%,73%,<1%,1%,4%,86%,2%,>95%,47%,53%,0%,92%,"Boys: Baseball,Basketball,Handball,Soccer,Volleyball; Girls: Basketball,Soccer,Softball,Volleyball; Co-Ed: N/A","Peer Tutoring, Art Club, French Heritage Club, Hispanic Heritage Club, Arts Club (Talent Show), Asian Heritage Club, Global Kids (Drumming) City Wide Global Kids, Student Government, Glasswing,Gender Sexuality Alliance (GSA), Dream Team Club",Studio Art,Consortium; DYCD: COMPASS/SONYC; NYC Solves; New Arrivals,19%,N/A (fewer than 5 teachers),30%,N/A (fewer than 5 teachers),N/A (fewer than 5 teachers),41%,10,70%,100%,90%,90%,N/A,N/A,91%,90%,N/A,100%,68%,51,50%,54%,,167 (46%),5% (8),15% (25),71% (119),<1% (1),<1% (1),7% (11),N/A,100%,0%,0%,100%,0%,0%,88%,N/A,N/A,87%,N/A,N/A,N/A,98%,80%,88%,N/A,84%,91%,88%,83%,93%,N/A,N/A,90%,90%,N/A,86%,91%,82%,87%,93%,N/A,N/A,100%,90%,N/A,92%,96%,92%,90%,86%,88%,91%,84%,N/A,N/A,100%,85%,N/A,86%,53%,95%,86%,71%,88%,68%,69%,N/A,N/A,91%,69%,N/A,95%,94%,97%,95%,N/A,N/A,100%,95%,N/A,90%,94%,94%,89%,N/A,N/A,82%,90%,N/A,93%,92%,85%,100%,90%,N/A,N/A,100%,94%,N/A,80%,82%,73%,78%,82%,N/A,N/A,100%,84%,N/A,95%,95%,91%,100%,94%,N/A,N/A,100%,95%,N/A
02M439,Manhattan Village Academy,Excellent,Good,Good,www.schools.nyc.gov/schools/M439,Christina White,"09,10,11,12,SE",393,Screened,Local Support and Improvement,43 West 22 Street,"Manhattan, NY 10010",212-242-8752,16%,13%,52%,<1%,<1%,15%,3%,19%,63%,55%,45%,0%,75%,"Boys: Baseball,Basketball,Soccer,Table Tennis; Girls: Basketball,Soccer,Softball,Table Tennis; Co-Ed: N/A","Art Club, Architecture Club, Anime Club, Book Club, Bring Change to Mind, Crafts Club, Creative Writing Club, Film Club, Fraternity, MVA Band, MVA Senior Class Fundraising Committee, National Honor Society, PM School & Saturday Academy, Spirit Week, Student Ambassadors, Student Council, Video Game Club, Yearbook Committee,Gender Sexuality Alliance (GSA)","Concert Band, Visual Art, Core Music, Art History",NYC Solves,N/A (fewer than 5 teachers),N/A (fewer than 5 teachers),21%,0%,0%,55%,6,93%,81%,68%,78%,N/A,N/A,74%,89%,80%,42%,32%,85,95%,88%,235 (60%),193 (49%),20% (58),13% (38),50% (147),<1% (2),<1% (2),15% (43),Fair,95%,N/A,N/A,94%,N/A,N/A,98%,100%,100%,98%,N/A,N/A,95%,99%,98%,N/A,100%,78%,92%,84%,92%,95%,N/A,N/A,92%,100%,96%,83%,93%,91%,84%,95%,N/A,N/A,98%,100%,94%,71%,42%,67%,85%,77%,71%,77%,81%,N/A,N/A,71%,100%,81%,93%,80%,96%,77%,63%,55%,54%,64%,N/A,N/A,72%,44%,57%,96%,98%,85%,98%,N/A,N/A,98%,100%,98%,82%,85%,74%,80%,N/A,N/A,90%,78%,76%,89%,85%,92%,64%,88%,N/A,N/A,81%,N/A,79%,84%,73%,62%,71%,73%,N/A,N/A,71%,N/A,93%,95%,97%,89%,92%,100%,N/A,N/A,93%,N/A,92%
02M449,Vanguard High School,Good,Good,Excellent,www.vanguardhighschool.org,Rita Doyle,"09,10,11,12,SE",398,Ed. Opt.,Local Support and Improvement,317 East 67 Street,"Manhattan, NY 10065",212-517-5175,2%,27%,60%,<1%,<1%,9%,7%,26%,86%,50%,50%,0%,95%,"Boys: Badminton,Basketball,Soccer,Volleyball; Girls: Badminton,Basketball,Soccer,Swimming,Volleyball; Co-Ed: N/A",Gender Sexuality Alliance (GSA),"Visual Art, Modern band, Digital Photography, Illustration, Classroom Music",Consortium; Future Ready NYC; PROSE,16%,24%,18%,0%,0%,37%,6,84%,83%,59%,76%,N/A,N/A,85%,88%,72%,81%,66%,53,84%,77%,45 (11%),157 (39%),2% (4),24% (50),63% (131),0% (0),<1% (2),8% (16),Fair,91%,N/A,N/A,88%,0%,12%,88%,N/A,86%,88%,N/A,N/A,N/A,89%,88%,75%,81%,84%,89%,100%,87%,90%,N/A,N/A,89%,78%,92%,78%,91%,100%,94%,88%,N/A,N/A,94%,75%,85%,93%,91%,87%,94%,93%,100%,95%,92%,N/A,N/A,89%,78%,95%,79%,35%,96%,82%,58%,100%,56%,55%,N/A,N/A,63%,78%,68%,93%,100%,90%,93%,N/A,N/A,100%,100%,85%,83%,100%,74%,86%,N/A,N/A,79%,89%,77%,97%,96%,N/A,100%,94%,N/A,N/A,N/A,100%,95%,89%,91%,N/A,100%,87%,N/A,N/A,N/A,80%,95%,99%,100%,N/A,100%,100%,N/A,N/A,N/A,N/A,100%
02M459,Manhattan International High School,Good,Good,Excellent,www.mihsnyc.org,Gladys Rodriguez,"09,10,11,12",358,Language Criteria,Local Support and Improvement,317 East 67 Street,"Manhattan, NY 10065",212-517-6728,5%,13%,71%,<1%,<1%,9%,73%,3%,>95%,49%,51%,0%,93%,"Boys: Badminton,Basketball,Soccer,Volleyball; Girls: Badminton,Basketball,Soccer,Swimming,Volleyball; Co-Ed: N/A","Afterschool: Cooking Club, French Heritage Club, NYPD Explorers, Theater Club, Student Government, Yearbook, Anime Club, Fitness Club, Big Brother/Big Sister, Swimming (onsite Pool in building), Gaming Club, onsite YMCA (Rowe Scholars, Community Service, Internships, Learn to Earn, Y Swear, Swimming, Global Teens, SAT Prep, Biking, College Road Trips and Rallies). Saturday Academy: Literacy Program, Regents Prep and Math Prep Summer Programs: Summer Youth Employment Program, Career Connect- Workplace Challenge with Solar One (Paid stipend), John Jay Upward Bound, College Now Summer, English Enrichment Classes, and Incoming Student Orientation Program.,Gender Sexuality Alliance (GSA)","Visual Art, Graphic Design, Mixed Media, Theater, Computer Art / Digital Art, Acting",Career Readiness and Modern Youth Apprenticeship; Consortium; Future Ready NYC; New Arrivals; PROSE; Respect for All,24%,N/A (fewer than 5 teachers),N/A (fewer than 5 teachers),0%,N/A (fewer than 5 teachers),36%,13,80%,92%,92%,91%,N/A,N/A,87%,91%,83%,88%,79%,50,54%,48%,23 (6%),248 (69%),5% (13),15% (38),68% (169),<1% (2),<1% (1),10% (25),N/A,N/A,N/A,N/A,75%,N/A,N/A,84%,N/A,N/A,81%,N/A,N/A,N/A,91%,78%,83%,N/A,90%,92%,92%,84%,94%,N/A,N/A,91%,90%,67%,85%,90%,83%,86%,92%,N/A,N/A,83%,90%,83%,95%,91%,92%,92%,91%,85%,93%,91%,N/A,N/A,88%,91%,100%,84%,48%,97%,84%,62%,42%,54%,64%,N/A,N/A,71%,62%,83%,95%,92%,93%,96%,N/A,N/A,92%,94%,83%,87%,77%,92%,88%,N/A,N/A,75%,86%,60%,96%,91%,100%,86%,91%,N/A,N/A,90%,95%,100%,86%,83%,80%,86%,81%,N/A,N/A,93%,88%,100%,99%,97%,83%,97%,98%,N/A,N/A,96%,98%,100%
02M475,Stuyvesant High School,Excellent,Excellent,Good,stuy.edu,Seung Yu,"09,10,11,12",3266,Test,Local Support and Improvement,345 Chambers Street,"Manhattan, NY 10282",212-312-4800,71%,2%,4%,<1%,<1%,16%,<1%,2%,46%,44%,56%,<1%,95%,"Boys: Badminton,Baseball,Basketball,Bowling,Cross Country,Fencing,Football,Gymnastics,Handball,Indoor Track,Lacrosse,Outdoor Track,Soccer,Swimming,Table Tennis,Tennis,Volleyball,Wrestling; Girls: Badminton,Basketball,Bowling,Cross Country,Fencing,Golf,Gymnastics,Handball,Indoor Track,Lacrosse,Outdoor Track,Soccer,Softball,Swimming,Table Tennis,Tennis,Volleyball; Co-Ed: Cricket,Golf,Stunt",Gender Sexuality Alliance (GSA),"Art History, Core Music, Concert Band, Painting, Studio Art, Music Technology, String Orchestra, Classroom Music, Treble Choir, Drawing, and more",Respect for All,21%,3%,10%,0%,0%,63%,5.1,96%,90%,87%,91%,83%,86%,91%,N/A,84%,86%,67%,97,100%,96%,2483 (76%),2017 (62%),71% (1980),2% (50),4% (109),<1% (9),<1% (16),17% (472),Fair,87%,N/A,N/A,73%,0%,28%,100%,100%,N/A,96%,N/A,N/A,100%,100%,100%,N/A,N/A,88%,95%,96%,89%,91%,83%,85%,94%,N/A,93%,90%,97%,97%,96%,99%,100%,100%,95%,N/A,90%,85%,90%,84%,89%,84%,85%,87%,92%,71%,79%,79%,N/A,79%,96%,92%,96%,78%,54%,54%,53%,42%,57%,36%,56%,N/A,56%,96%,96%,96%,95%,100%,86%,95%,N/A,88%,82%,82%,76%,75%,71%,71%,82%,N/A,69%,91%,86%,88%,83%,86%,N/A,83%,82%,N/A,84%,80%,62%,63%,71%,70%,N/A,67%,58%,N/A,84%,95%,93%,95%,91%,92%,N/A,80%,89%,N/A,81%
02M489,High School of Economics and Finance,Good,Good,Good,www.ecoandfin.org,Michael Stanzione,"09,10,11,12,SE",645,Ed. Opt.,Local Support and Improvement,100 Trinity Place,"Manhattan, NY 10006",212-346-0708,18%,18%,53%,1%,<1%,9%,5%,15%,78%,42%,58%,0%,84%,"Boys: Basketball,Cross Country,Handball,Outdoor Track; Girls: Basketball,Cross Country,Flag Football,Outdoor Track,Softball,Tennis; Co-Ed: N/A","Financial Women's Association, National Honor Society, Student Government, Cooking Club, Debate Club, Model United Nations, Big Brother Big Sister, Young Professionals Mentoring Program (YPMP), Pride Club (LGBTQIA+), LitMag (Literary Magazine), Panther Prophet (School Newspaper), KMPG Mentoring Program, Book Clubs, Liberty Partnership Program, NAF Academy of Finance, Futures & Options, Exploring Careers, Investment Club, Green Team Environmental Sustainability Club, Global Glimpse, Atlantic Theater Company, Wendy Wasserstein Open Door Scholars, Mindfulness Club, Yearbook, Art Club, Federal Reserve Challenge, December Fest/MADfest (Music Art Dance), Weightlifting Club, Theater Art and Dance (TADA), Trinity Commons, Board Game Club, Chess, Discussion and Support Group, EuroChallenge, Students Demand Action, Write On, La Familia, Sister Zone, Muslim Club, Soccer Club, Ping Pong Club, Rock the Wall Street","Studio Art, Visual Art, Mixed Media",Career & Technical Education; NYC Solves; Respect for All,16%,N/A (fewer than 5 teachers),11%,0%,0%,60%,18.1,89%,57%,53%,74%,86%,N/A,61%,50%,62%,79%,79%,68,85%,73%,206 (32%),210 (33%),20% (69),17% (58),50% (171),<1% (2),0% (0),11% (38),Fair,98%,N/A,N/A,92%,0%,8%,95%,100%,90%,94%,N/A,N/A,N/A,97%,93%,N/A,83%,81%,92%,91%,98%,90%,100%,N/A,94%,78%,91%,80%,89%,86%,93%,89%,100%,N/A,85%,83%,92%,87%,91%,78%,88%,82%,81%,79%,83%,86%,N/A,82%,84%,81%,90%,80%,95%,76%,53%,49%,54%,54%,86%,N/A,50%,40%,57%,93%,95%,93%,93%,100%,N/A,85%,89%,92%,77%,77%,77%,77%,86%,N/A,71%,79%,76%,91%,93%,96%,80%,94%,N/A,N/A,N/A,N/A,100%,81%,78%,73%,80%,79%,N/A,N/A,N/A,N/A,100%,97%,96%,100%,100%,94%,N/A,N/A,N/A,N/A,N/A
02M500,Unity Center for Urban Technologies,Good,,,www.schools.nyc.gov/schools/M500,Fausto De La Rosa,"09,10,11,12,SE",256,Ed. Opt.,Local Support and Improvement,111 East 33 Street,"Manhattan, NY 10016",212-576-0530,11%,14%,64%,2%,<1%,7%,24%,18%,88%,42%,58%,0%,100%,"Boys: Baseball,Basketball,Soccer; Girls: Basketball,Softball,Volleyball; Co-Ed: N/A",N/A,"Graphic Design, Painting, Computer Art / Digital Art",NYC Solves,N/A (fewer than 5 teachers),N/A (fewer than 5 teachers),56%,0%,0%,N/A (fewer than 5 teachers),18.1,81%,100%,100%,100%,N/A,N/A,100%,100%,100%,N/A,N/A,51,59%,62%,162 (63%),127 (50%),13% (23),16% (28),63% (112),2% (3),<1% (1),6% (10),Good,93%,N/A,N/A,90%,N/A,N/A,95%,N/A,N/A,100%,N/A,N/A,N/A,94%,96%,N/A,N/A,N/A,100%,100%,100%,100%,N/A,N/A,100%,100%,100%,N/A,100%,100%,100%,99%,N/A,N/A,100%,98%,100%,N/A,N/A,N/A,N/A,99%,96%,100%,99%,N/A,N/A,100%,98%,100%,83%,53%,97%,N/A,98%,96%,97%,99%,N/A,N/A,100%,96%,100%,98%,100%,97%,98%,N/A,N/A,100%,96%,100%,100%,100%,100%,100%,N/A,N/A,100%,100%,100%,N/A,100%,100%,100%,100%,N/A,N/A,100%,100%,100%,N/A,97%,100%,100%,97%,N/A,N/A,100%,100%,96%,N/A,100%,100%,100%,100%,N/A,N/A,100%,100%,100%
02M507,Urban Assembly Gateway School for Technology,Excellent,Excellent,Excellent,www.uagateway.org,Kristina Dvorakovskaya,"09,10,11,12,SE",405,Ed. Opt.,Local Support and Improvement,439 West 49 Street,"Manhattan, NY 10019",212-246-1041,7%,19%,60%,1%,<1%,11%,3%,27%,70%,17%,83%,0%,92%,"Boys: Baseball,Basketball,Bowling,Indoor Track,Outdoor Track,Soccer,Table Tennis,Volleyball; Girls: Basketball,Flag Football,Indoor Track,Outdoor Track,Soccer,Softball,Volleyball; Co-Ed: Stunt","Music Club, UAG Band, Gamer Haven, Unity Club, Creative Writing, Art Club, Paint Club, Smash Bros, Dungeons & Dragons, Anime, Yearbook, Volleyball Club, Knitting, Volunteer Club, Restorative Justice, Pokemon Go, Fitness Club, Table Top Club, Sound On, Chess, Yoga, TikTok, Music Production, Board Game club, and anything you want to start!",Mixed Media,Career & Technical Education; Career Readiness and Modern Youth Apprenticeship; NYC Solves; Project Pivot,16%,18%,13%,0%,0%,47%,8.1,76%,88%,89%,86%,100%,N/A,95%,88%,82%,98%,85%,69,94%,73%,171 (42%),181 (45%),7% (17),16% (40),61% (155),1% (3),<1% (1),14% (36),Needs Improvement,98%,N/A,N/A,100%,0%,0%,98%,N/A,100%,98%,N/A,N/A,N/A,N/A,98%,N/A,96%,90%,95%,96%,92%,96%,100%,N/A,97%,100%,91%,85%,92%,96%,93%,91%,N/A,N/A,92%,78%,86%,94%,95%,93%,91%,88%,88%,86%,90%,60%,N/A,80%,100%,86%,90%,67%,96%,83%,66%,79%,61%,65%,80%,N/A,68%,70%,67%,95%,96%,93%,94%,100%,N/A,100%,90%,91%,82%,84%,78%,82%,N/A,N/A,90%,78%,79%,99%,98%,95%,100%,98%,N/A,N/A,97%,100%,99%,93%,96%,94%,92%,98%,N/A,N/A,94%,100%,98%,99%,99%,100%,100%,99%,N/A,N/A,97%,100%,99%
02M519,Talent Unlimited High School,Excellent,Excellent,Excellent,tuhs.nyc,William Gagstetter,"09,10,11,12,SE",462,"Audition, D75 Special Education Inclusive Services",Local Support and Improvement,317 East 67 Street,"Manhattan, NY 10065",212-737-1530,5%,19%,57%,<1%,<1%,14%,2%,18%,68%,74%,26%,0%,85%,"Boys: Badminton,Basketball,Soccer,Volleyball; Girls: Badminton,Basketball,Soccer,Swimming,Volleyball; Co-Ed: N/A","American Sign Language Club, Anointed Voices, Asian Culture Club, Chess Club, Dungeon and Dragons Club, Dance Team, Equity Team, Gospel Choir,Gender Sexuality Alliance (GSA), HOSA, Music Composition Club, Music Production Club, Newspaper Club, Piano Lab, SAT Prep, Songwriting, Student Government (SGO)","Music Theory / Musicianship, Musical Theater, Ballet, Acting, Theater History, Theater / Play Production, String Orchestra, Chamber Music, Technical Theater, Dance, and more",Career & Technical Education; NYC Solves,17%,N/A (fewer than 5 teachers),N/A (fewer than 5 teachers),0%,0%,60%,5.9,91%,58%,57%,64%,N/A,N/A,52%,N/A,60%,71%,55%,67,85%,85%,396 (86%),129 (28%),5% (21),19% (85),57% (249),<1% (2),<1% (2),14% (59),Needs Improvement,91%,N/A,N/A,95%,N/A,N/A,97%,N/A,94%,96%,N/A,N/A,N/A,96%,100%,N/A,88%,83%,94%,93%,91%,94%,N/A,N/A,96%,N/A,95%,84%,94%,86%,88%,94%,N/A,N/A,100%,N/A,100%,89%,95%,100%,89%,86%,100%,79%,88%,N/A,N/A,80%,N/A,88%,89%,63%,95%,76%,51%,50%,55%,48%,N/A,N/A,58%,N/A,40%,94%,93%,89%,96%,N/A,N/A,87%,N/A,91%,84%,93%,88%,86%,N/A,N/A,76%,N/A,79%,95%,90%,N/A,67%,91%,N/A,N/A,89%,N/A,82%,89%,86%,N/A,78%,89%,N/A,N/A,89%,N/A,88%,98%,93%,N/A,71%,93%,N/A,N/A,95%,N/A,100%
02M520,Murry Bergtraum High School for Business Careers,Needs Improvement,Fair,Good,www.schools.nyc.gov/schools/M520,Joyell Simmons,"09,10,11,12,SE",133,"Ed. Opt., Open",Local Support and Improvement,411 Pearl Street,"Manhattan, NY 10038",212-964-9610,3%,36%,54%,2%,0%,2%,23%,15%,91%,39%,61%,0%,67%,"Boys: Baseball,Basketball,Cross Country,Indoor Track,Lacrosse,Outdoor Track,Soccer,Volleyball,Wrestling; Girls: Basketball,Cross Country,Flag Football,Indoor Track,Outdoor Track,Softball,Volleyball; Co-Ed: N/A",N/A,"Filmmaking / Video, Art History",NYC Solves,N/A (fewer than 5 teachers),N/A (fewer than 5 teachers),N/A (fewer than 5 teachers),0%,0%,43%,5.8,93%,N/A,82%,76%,N/A,N/A,N/A,N/A,60%,100%,80%,31,26%,65%,41 (31%),33 (25%),2% (1),38% (19),54% (27),2% (1),0% (0),4% (2),Needs Improvement,N/A,64%,N/A,71%,N/A,N/A,63%,N/A,N/A,69%,N/A,N/A,N/A,67%,60%,N/A,N/A,75%,67%,N/A,65%,74%,N/A,N/A,N/A,N/A,83%,70%,81%,N/A,82%,76%,N/A,N/A,N/A,N/A,67%,90%,80%,90%,79%,77%,N/A,78%,78%,N/A,N/A,N/A,N/A,67%,72%,25%,98%,70%,59%,N/A,71%,56%,N/A,N/A,N/A,N/A,50%,72%,N/A,78%,67%,N/A,N/A,N/A,N/A,67%,67%,N/A,67%,72%,N/A,N/A,N/A,N/A,67%,94%,89%,N/A,N/A,100%,N/A,N/A,N/A,N/A,N/A,53%,56%,N/A,N/A,60%,N/A,N/A,N/A,N/A,N/A,96%,86%,N/A,N/A,N/A,N/A,N/A,N/A,N/A,N/A
02M529,Jacqueline Kennedy Onassis High School,Fair,Good,Excellent,JKOhighschool.org,Manuel Urena,"09,10,11,12,SE",316,Ed. Opt.,Local Support and Improvement,120 West 46 Street,"Manhattan, NY 10036",212-391-0041,3%,20%,69%,<1%,<1%,7%,15%,19%,89%,61%,39%,0%,87%,"Boys: Baseball,Basketball,Bowling,Indoor Track,Outdoor Track,Soccer,Table Tennis,Volleyball; Girls: Basketball,Flag Football,Indoor Track,Outdoor Track,Soccer,Softball,Volleyball; Co-Ed: Stunt","After School Tutoring, Big Brothers/Big Sisters Work Place Mentoring Program, BSU, Coding Club, Creative Writing Club, Dance, Game Club, Helping Hands Society, LUCHA, Marsh and McLennan Mentoring Program, Morgan Stanley Mentoring Program, National Honor Society, Pickleball, Senior Council, Smash Arts Tech Team, Student Government, Journalism Club, Chess Club, Music Club, Fitness Club","Studio Art, Fashion and Textile Design, Mixed Media",Career & Technical Education; NYC Solves,19%,19%,22%,0%,0%,33%,6.1,81%,100%,74%,89%,N/A,N/A,88%,93%,82%,100%,100%,53,66%,52%,265 (84%),119 (38%),3% (8),21% (57),67% (185),<1% (2),1% (3),7% (19),Fair,91%,N/A,N/A,93%,N/A,N/A,86%,N/A,81%,90%,N/A,N/A,N/A,89%,80%,80%,74%,88%,93%,100%,88%,94%,N/A,N/A,94%,93%,92%,88%,94%,100%,90%,95%,N/A,N/A,100%,89%,89%,96%,100%,100%,91%,88%,88%,83%,90%,N/A,N/A,82%,86%,85%,81%,43%,96%,84%,64%,75%,52%,68%,N/A,N/A,50%,59%,64%,91%,100%,82%,93%,N/A,N/A,100%,86%,88%,85%,88%,69%,90%,N/A,N/A,82%,86%,74%,96%,81%,N/A,N/A,81%,N/A,N/A,N/A,N/A,N/A,91%,86%,N/A,N/A,88%,N/A,N/A,N/A,100%,N/A,98%,95%,N/A,N/A,94%,N/A,N/A,N/A,100%,N/A
02M531,Repertory Company High School for Theatre Arts,Excellent,Excellent,Good,www.repertorycompanyhs.org,Michael Fram,"09,10,11,SE",204,Audition,Local Support and Improvement,123 West 43 Street,"Manhattan, NY 10036",212-382-1875,2%,25%,45%,1%,<1%,20%,1%,30%,59%,81%,18%,<1%,90%,"Boys: Baseball,Basketball,Bowling,Indoor Track,Outdoor Track,Soccer,Table Tennis,Volleyball; Girls: Basketball,Flag Football,Indoor Track,Outdoor Track,Soccer,Softball,Volleyball; Co-Ed: Stunt",Mainstage musical and play productions; Gender Sexuality Alliance (GSA); CORE (Coalition on Racial Equity); Black/Latinx/Jewish/AAPI Student Unions; Tech Crew,"Choreography / Dance Composition, Playwriting, Musical Theater, Technical Theater, Music Theory / Musicianship, Theater History, Theater / Play Production, Acting, Styles of Acting, Scenic Design and Implementation, and more",NYC Solves; Respect for All,N/A (fewer than 5 teachers),N/A (fewer than 5 teachers),N/A (fewer than 5 teachers),0%,0%,72%,9.6,83%,N/A,65%,72%,N/A,N/A,78%,N/A,73%,88%,59%,65,96%,88%,86 (42%),97 (48%),3% (4),22% (30),46% (64),1% (2),<1% (1),21% (29),Needs Improvement,96%,N/A,N/A,98%,N/A,N/A,100%,N/A,100%,100%,N/A,N/A,N/A,100%,N/A,N/A,100%,78%,95%,N/A,84%,98%,N/A,N/A,100%,N/A,89%,82%,94%,N/A,100%,91%,N/A,N/A,90%,N/A,92%,87%,94%,94%,88%,83%,N/A,80%,85%,N/A,N/A,83%,N/A,82%,90%,64%,97%,79%,70%,N/A,48%,78%,N/A,N/A,72%,N/A,57%,95%,N/A,88%,96%,N/A,N/A,100%,N/A,93%,84%,N/A,75%,86%,N/A,N/A,86%,N/A,75%,96%,90%,N/A,90%,95%,N/A,N/A,90%,N/A,100%,88%,87%,N/A,90%,86%,N/A,N/A,90%,N/A,78%,94%,95%,N/A,90%,89%,N/A,N/A,100%,N/A,100%
02M533,Union Square Academy for Health Sciences,Good,Good,Good,Unionsquareacademy.org,Bernardo Ascona,"09,10,11,12,SE",520,Ed. Opt.,Local Support and Improvement,40 Irving Place,"Manhattan, NY 10003",212-253-3110,14%,15%,58%,2%,<1%,8%,7%,13%,86%,68%,32%,0%,87%,"Boys: Baseball,Basketball,Handball,Soccer,Volleyball; Girls: Basketball,Soccer,Softball,Volleyball; Co-Ed: N/A","Board Game Club, Basketball Club, Cinema Club, Creative Wellness Club, Dance Team, Equity Team, Get Fit Club, Hip Hop, Key Club, Martial Arts Club, Movie Club, Photography Club, Step Team, Student Government, Track Club, Video Game Club,",Core Music,Career & Technical Education; Career Readiness and Modern Youth Apprenticeship; CS for All; Future Ready NYC; NYC Solves,15%,N/A (fewer than 5 teachers),21%,0%,0%,52%,13.2,82%,80%,76%,71%,50%,N/A,76%,85%,84%,79%,70%,64,96%,82%,277 (53%),176 (34%),14% (47),13% (44),62% (201),2% (6),<1% (3),5% (17),Fair,90%,N/A,N/A,100%,0%,0%,94%,100%,N/A,94%,N/A,N/A,N/A,92%,96%,80%,91%,79%,92%,93%,85%,93%,100%,N/A,95%,90%,91%,78%,86%,88%,74%,87%,100%,N/A,86%,92%,83%,81%,83%,88%,88%,85%,90%,74%,86%,100%,N/A,77%,88%,89%,94%,81%,97%,80%,60%,69%,62%,58%,50%,N/A,56%,52%,67%,92%,94%,87%,93%,100%,N/A,85%,88%,97%,81%,84%,72%,83%,100%,N/A,70%,72%,89%,93%,86%,92%,82%,86%,100%,N/A,79%,96%,89%,81%,75%,83%,71%,77%,67%,N/A,59%,78%,82%,94%,93%,96%,83%,93%,100%,N/A,95%,95%,88%
02M534,Harvest Collegiate High School,Fair,Fair,Good,harvestcollegiate.org,Catherine Burch,"09,10,11,12,SE",370,"D75 Special Education Inclusive Services, Open",Local Support and Improvement,34 West 14 Street,"Manhattan, NY 10011",212-242-3384,5%,24%,53%,<1%,<1%,13%,6%,29%,75%,54%,46%,0%,79%,"Boys: Baseball,Basketball,Handball,Soccer,Volleyball; Girls: Basketball,Soccer,Softball,Volleyball; Co-Ed: N/A","Extracurriculars over twenty ACTIVE CLUBS, many studentstarted including Advisory Representatives (student government), Ambassadors, Art, Asian Affinity, Black Student Union, Chess, Circlekeepers, Coding, Climate Justice,Gender Sexuality Alliance (GSA), General Film, Girls Inc., Knitting, published Literary Magazine, Model United Nations, My Brother s Keeper, Rock Band, Art, Basketball, Broadway Junior/Musical Theater, Knitting, Sailing and boat building, Sage healing, Yearbook.","Three-Dimensional Art, Concert Band, Studio Art, Photography, Graphic Design, Piano Keyboard, Jazz Ensemble, Fashion and Textile Design, Painting, Filmmaking / Video, and more",Consortium; PROSE,N/A (fewer than 5 teachers),31%,17%,N/A (fewer than 5 teachers),0%,36%,12.6,94%,54%,62%,61%,N/A,N/A,77%,89%,48%,55%,41%,55,77%,60%,91 (25%),256 (69%),5% (16),25% (86),51% (175),<1% (2),<1% (1),14% (47),Needs Improvement,73%,N/A,N/A,74%,0%,26%,86%,N/A,83%,83%,N/A,N/A,100%,92%,80%,N/A,79%,82%,95%,100%,96%,94%,N/A,N/A,96%,100%,94%,72%,85%,79%,86%,83%,N/A,N/A,88%,88%,79%,87%,90%,86%,86%,84%,79%,84%,82%,N/A,N/A,89%,64%,82%,84%,50%,97%,74%,51%,57%,47%,48%,N/A,N/A,59%,55%,51%,91%,100%,90%,91%,N/A,N/A,90%,91%,89%,70%,69%,74%,64%,N/A,N/A,79%,45%,61%,88%,80%,N/A,N/A,71%,N/A,N/A,89%,N/A,75%,78%,80%,N/A,N/A,57%,N/A,N/A,89%,N/A,75%,94%,84%,N/A,N/A,71%,N/A,N/A,89%,N/A,75%
02M542,Manhattan Bridges High School,Excellent,Good,Good,sites.google.com/manhattanbridgeshs.org/mbhs/home,George Lock,"09,10,11,12,SE",395,Screened: Language & Academics,Local Support and Improvement,525 West 50 Street,"Manhattan, NY 10019",212-757-5274,0%,<1%,99%,0%,0%,0%,39%,7%,93%,41%,59%,0%,85%,"Boys: Baseball,Basketball,Bowling,Soccer,Tennis,Volleyball; Girls: Basketball,Volleyball; Co-Ed: N/A","Extra-Curriculum School Clubs: Gaming Club, Chess Club, Robotics Club, Creative Writing Club, Ping Pong Club, Girls Club, Student Government, NYPD Explorers, FBI Explorers, Film & Photography Club, Kickboxing Club, Fashion Design Club, Piano Club, Ukulele Club, School Beautification Club, School Community Service, Cooking Club, Debate Team, and Dance Club","Computer Art / Digital Art, Art History, Social Dance, Theater / Play Production",Career & Technical Education; Dual Language or TBE; NYC Solves; New Arrivals; Respect for All,N/A (fewer than 5 teachers),N/A (fewer than 5 teachers),57%,0%,0%,23%,6.7,100%,N/A,N/A,80%,N/A,N/A,N/A,87%,80%,79%,42%,62,91%,72%,210 (53%),139 (35%),0% (0),<1% (1),>99% (244),0% (0),0% (0),0% (0),Good,92%,N/A,N/A,89%,N/A,N/A,95%,N/A,N/A,95%,N/A,N/A,N/A,96%,94%,91%,91%,79%,93%,N/A,N/A,93%,N/A,N/A,N/A,93%,100%,86%,94%,N/A,N/A,93%,N/A,N/A,N/A,95%,86%,81%,88%,76%,89%,89%,N/A,N/A,88%,N/A,N/A,N/A,90%,95%,92%,78%,97%,80%,57%,N/A,N/A,57%,N/A,N/A,N/A,58%,76%,95%,N/A,N/A,95%,N/A,N/A,N/A,94%,100%,83%,N/A,N/A,83%,N/A,N/A,N/A,82%,81%,91%,91%,N/A,N/A,91%,N/A,N/A,N/A,93%,90%,84%,79%,N/A,N/A,79%,N/A,N/A,N/A,75%,86%,95%,94%,N/A,N/A,93%,N/A,N/A,N/A,96%,94%
02M543,New Design High School,Good,Good,Excellent,www.newdesignhigh.com,Scott Conti,"09,10,11,12,SE",415,Ed. Opt.,Local Support and Improvement,350 Grand Street,"Manhattan, NY 10002",212-475-4148,6%,28%,60%,1%,<1%,3%,6%,26%,89%,71%,29%,0%,87%,"Boys: Badminton,Baseball,Basketball,Bowling,Handball,Soccer,Volleyball,Wrestling; Girls: Badminton,Basketball,Bowling,Softball,Swimming,Table Tennis,Tennis,Volleyball,Wrestling; Co-Ed: N/A","Podcast recording studio, music production, weekly advisory groups,Gender Sexuality Alliance (GSA), and Restorative Peer mediation","Fashion and Textile Design, Art History, Studio Art, Three-Dimensional Art, Music Enterprise, Management, and Careers, Advertising Art, Digital Photography, Portfolio Development, Graphic Design, Visual Art, and more",Future Ready NYC; NYC Solves; Respect for All,N/A (fewer than 5 teachers),N/A (fewer than 5 teachers),12%,0%,0%,70%,22.2,93%,71%,80%,76%,N/A,N/A,56%,78%,76%,93%,84%,45,32%,75%,105 (25%),82 (20%),9% (13),26% (39),58% (88),1% (2),0% (0),5% (7),Fair,86%,14%,0%,87%,N/A,N/A,95%,N/A,89%,100%,N/A,N/A,N/A,94%,97%,N/A,83%,82%,95%,100%,91%,96%,N/A,N/A,100%,88%,96%,82%,88%,88%,86%,89%,N/A,N/A,88%,75%,81%,87%,70%,86%,91%,90%,94%,96%,88%,N/A,N/A,75%,100%,85%,84%,46%,96%,81%,58%,59%,62%,58%,N/A,N/A,44%,71%,71%,96%,100%,93%,97%,N/A,N/A,89%,88%,96%,80%,65%,80%,80%,N/A,N/A,89%,75%,85%,94%,95%,100%,84%,100%,N/A,N/A,N/A,N/A,100%,86%,82%,100%,67%,88%,N/A,N/A,N/A,N/A,82%,98%,93%,100%,75%,100%,N/A,N/A,N/A,N/A,100%
02M545,High School for Dual Language and Asian Studies,Excellent,Excellent,Good,www.hsdlasnyc.org/,Meesun John,"09,10,11,SE",363,Screened: Language & Academics,Local Support and Improvement,350 Grand Street,"Manhattan, NY 10002",212-475-4097,94%,<1%,2%,<1%,<1%,2%,12%,5%,72%,48%,52%,0%,69%,"Boys: Badminton,Baseball,Basketball,Bowling,Handball,Soccer,Volleyball,Wrestling; Girls: Badminton,Basketball,Bowling,Softball,Swimming,Table Tennis,Tennis,Volleyball,Wrestling; Co-Ed: N/A","Debate Club, Chinese Yo-Yo, Dual Events Committee, Homework Help, Study Hall, Guitar and Chorus Club, Lion Dance, Red Cross, Key Club, Book Club, Vision Sphere, Muslim Student Association, K-pop and Korean culture Club, Chinese Cultural Club, IT and Contemporary Studies, Chess Club, Project Gateway, Career and College Readiness","Studio Art, Visual Art",Dual Language or TBE; DYCD: COMPASS/SONYC; NYC Solves,52%,N/A (fewer than 5 teachers),N/A (fewer than 5 teachers),0%,0%,35%,4.1,61%,71%,N/A,100%,N/A,N/A,83%,71%,47%,88%,71%,87,100%,92%,190 (52%),175 (48%),95% (219),<1% (1),1% (3),<1% (2),0% (0),2% (4),Needs Improvement,100%,0%,0%,100%,0%,0%,100%,100%,N/A,N/A,N/A,N/A,N/A,100%,100%,100%,N/A,81%,92%,91%,N/A,100%,N/A,N/A,100%,85%,87%,88%,94%,95%,N/A,100%,N/A,N/A,83%,94%,92%,88%,100%,88%,90%,87%,87%,N/A,83%,N/A,N/A,83%,80%,88%,98%,94%,98%,78%,54%,54%,N/A,50%,N/A,N/A,50%,57%,47%,93%,94%,N/A,100%,N/A,N/A,83%,89%,94%,81%,82%,N/A,33%,N/A,N/A,83%,62%,87%,93%,89%,89%,N/A,N/A,N/A,N/A,N/A,100%,100%,71%,58%,58%,N/A,N/A,N/A,N/A,N/A,62%,100%,95%,96%,96%,N/A,N/A,N/A,N/A,N/A,80%,N/A
02M546,Academy for Software Engineering,Good,Fair,Good,www.schools.nyc.gov/schools/M546,Shawn Raeke,"09,10,11,12,SE",441,Open,Local Support and Improvement,40 Irving Place,"Manhattan, NY 10003",212-253-3299,15%,25%,51%,<1%,<1%,5%,6%,26%,85%,17%,83%,0%,83%,"Boys: Baseball,Basketball,Handball,Soccer,Volleyball; Girls: Basketball,Soccer,Softball,Volleyball; Co-Ed: N/A","Gender Sexuality Alliance (GSA), Anime, Basketball, Community Service, Content Creator, Crafting, Dungeons & Dragons, Fitness, Green Team, HERstory Girls Club, Debate Club, Muslim Student Association, Performing Arts, Ping Pong, Poetry, Programming, Robotics, Student Ambassadors, Student Incentive Programs, Student Government, Video Game, Yearbook","Three-Dimensional Art, Computer Art / Digital Art, Theater",Career & Technical Education; Career Readiness and Modern Youth Apprenticeship; Future Ready NYC; NYC Solves; PROSE,19%,14%,17%,0%,0%,42%,7.9,75%,89%,58%,72%,N/A,N/A,88%,88%,73%,89%,75%,49,45%,66%,211 (48%),140 (32%),18% (42),28% (65),46% (105),<1% (1),1% (3),4% (10),Fair,95%,N/A,N/A,96%,N/A,N/A,92%,100%,92%,91%,N/A,N/A,N/A,N/A,90%,87%,85%,78%,94%,98%,91%,93%,N/A,N/A,93%,93%,95%,82%,88%,96%,93%,83%,N/A,N/A,88%,64%,79%,84%,69%,81%,86%,84%,96%,82%,83%,N/A,N/A,73%,88%,79%,83%,51%,95%,78%,60%,69%,57%,55%,N/A,N/A,76%,59%,62%,91%,94%,91%,91%,N/A,N/A,75%,88%,86%,79%,87%,77%,75%,N/A,N/A,88%,88%,74%,90%,92%,100%,94%,91%,N/A,N/A,75%,N/A,88%,85%,81%,80%,83%,82%,N/A,N/A,75%,N/A,75%,95%,95%,100%,94%,94%,N/A,N/A,100%,N/A,100%
02M551,Urban Assembly New York Harbor School,Fair,Good,Good,www.newyorkharborschool.org,Michael Hojnacki,"09,10,11,12,SE",518,Open,Local Support and Improvement,"10 South Street, Slip 7","Manhattan, NY 10004",212-458-0800,5%,16%,41%,<1%,0%,29%,3%,29%,56%,30%,70%,0%,88%,"Boys: Baseball,Soccer; Girls: Softball,Volleyball; Co-Ed: N/A","Boat Building, Sailing, Rowing, Marine Engineering, Welding, Compost Club, Debate Club, Chess Club, Fishing, Garden Club,Gender Sexuality Alliance (GSA), Harbor Corps, Harbor SEALS, Student Council, Waterfront Club, Basketball, Soccer, Swimming, Media Club, Regents Tutoring, Cheerleading",Visual Art,Career & Technical Education; NYC Solves; PROSE,N/A (fewer than 5 teachers),N/A (fewer than 5 teachers),N/A (fewer than 5 teachers),0%,0%,73%,1.2,83%,77%,78%,89%,N/A,N/A,86%,88%,85%,90%,83%,62,67%,66%,112 (22%),224 (43%),7% (19),13% (38),40% (115),<1% (2),0% (0),33% (95),Needs Improvement,90%,N/A,N/A,87%,0%,13%,96%,N/A,95%,92%,N/A,N/A,100%,98%,95%,N/A,89%,76%,90%,95%,82%,94%,N/A,N/A,88%,100%,89%,77%,86%,81%,98%,82%,N/A,N/A,86%,88%,78%,83%,82%,88%,89%,84%,83%,82%,81%,N/A,N/A,86%,88%,80%,89%,69%,95%,72%,52%,58%,48%,53%,N/A,N/A,55%,50%,59%,88%,92%,84%,90%,N/A,N/A,87%,88%,84%,82%,87%,68%,84%,N/A,N/A,85%,88%,80%,92%,89%,86%,100%,94%,N/A,N/A,85%,N/A,83%,85%,81%,57%,100%,84%,N/A,N/A,81%,N/A,90%,93%,92%,83%,100%,93%,N/A,N/A,90%,N/A,92%
02M580,Richard R. Green High School of Teaching,Fair,Excellent,Good,rrghst.org,Joan Weaver,"09,10,11,12,SE",407,Ed. Opt.,Local Support and Improvement,7 Beaver Street,"Manhattan, NY 10004",646-826-8174,11%,16%,38%,<1%,1%,26%,6%,20%,58%,62%,38%,0%,89%,"Boys: Basketball,Soccer,Volleyball; Girls: Basketball,Softball,Volleyball; Co-Ed: N/A","Chess Club, Drama, Book Club, Fashion, Game Club, Cooking Club, Badminton, Mural Club, United Girls, Student Council, CFES College For Every Student, College MAP, Photography","Studio Art, Art History, Music History",Community School; CS for All; Future Ready NYC; NYC Solves; Respect for All,N/A (fewer than 5 teachers),N/A (fewer than 5 teachers),N/A (fewer than 5 teachers),0%,0%,69%,8.1,92%,91%,87%,87%,N/A,N/A,94%,100%,87%,95%,91%,59,52%,61%,173 (43%),120 (29%),17% (39),8% (19),33% (77),<1% (1),<1% (1),34% (80),Good,89%,N/A,N/A,91%,0%,9%,93%,100%,83%,93%,N/A,N/A,100%,92%,95%,N/A,81%,87%,94%,94%,90%,94%,N/A,N/A,95%,93%,89%,86%,92%,94%,97%,90%,N/A,N/A,94%,100%,91%,90%,91%,95%,91%,85%,84%,82%,91%,N/A,N/A,79%,93%,79%,85%,62%,95%,82%,64%,70%,66%,56%,N/A,N/A,70%,57%,56%,94%,95%,98%,93%,N/A,N/A,93%,100%,92%,89%,89%,90%,87%,N/A,N/A,93%,93%,79%,94%,82%,88%,90%,75%,N/A,N/A,81%,N/A,87%,83%,81%,59%,90%,88%,N/A,N/A,83%,N/A,87%,95%,93%,100%,90%,95%,N/A,N/A,92%,N/A,91%
02M600,The High School of Fashion Industries,Good,Excellent,Good,hsfi.nyc,Daryl Blank,"09,10,11,12,SE",1446,"Audition, D75 Special Education Inclusive Services, Ed. Opt.",Local Support and Improvement,225 West 24 Street,"Manhattan, NY 10011",212-255-1235,4%,29%,59%,<1%,<1%,5%,2%,18%,79%,88%,12%,0%,93%,"Boys: Badminton,Basketball,Bowling,Volleyball; Girls: Badminton,Basketball,Bowling,Cross Country,Fencing,Indoor Track,Outdoor Track,Soccer,Softball,Swimming,Volleyball,Wrestling; Co-Ed: Stunt","Iconoclan Hip Hop Dance Team, K-pop Dance Team, Latin Groove Dance Team, Photography, Sewing, Animal Welfare, Anime, Anti-Prom Fashion Show, Asian Culture, Black and Latina Empowerment, Black Student Union, Coding, Cooking-World Cuisine, Creative Writing, Crochet, Craft, Dungeons and Dragons, Emotions Matter, Feminist, Fashion Cares Community Service, Fashion With A Purpose, Financial Literacy, Gaming, Gardening,Gender Sexuality Alliance (GSA), Green Team, Guitar, Italian, Math, Modeling, Movie, Muslim Student Association, African American, Puerto Rican, and Latino Studies, National Honor Society, Patternmaking, Plant-Based Eating, Portfolio Development, RAPP-The Relationship Abuse Prevention Program Peer Leadership, RIF RAF Book Club, Rock Band & Song, Student Government, Sculpture, Skate Boarding Club, Sailing Club, Threads of Culture, and Watercolor Painting.","Fashion and Textile Design, Studio Art, Art Management / Business, Portfolio Development, Photography, Computer Art / Digital Art, Painting, Illustration, Mixed Media, Art History, and more",Career & Technical Education; Career Readiness and Modern Youth Apprenticeship; DYCD: COMPASS/SONYC; Future Ready NYC; NYC Solves; Project Pivot,10%,11%,15%,0%,N/A (fewer than 5 teachers),60%,15,93%,49%,51%,62%,56%,N/A,63%,81%,58%,78%,65%,62,87%,79%,197 (14%),417 (29%),5% (34),27% (165),58% (363),<1% (6),<1% (1),6% (40),Needs Improvement,99%,N/A,N/A,97%,0%,3%,94%,N/A,93%,94%,N/A,N/A,100%,94%,91%,91%,80%,82%,92%,92%,90%,94%,89%,N/A,89%,88%,88%,78%,87%,86%,86%,87%,80%,N/A,86%,82%,84%,86%,80%,93%,90%,86%,87%,85%,87%,91%,N/A,87%,88%,83%,89%,62%,96%,78%,53%,44%,55%,53%,60%,N/A,51%,58%,57%,94%,92%,94%,94%,82%,N/A,94%,88%,90%,83%,77%,82%,84%,73%,N/A,83%,72%,83%,94%,89%,89%,84%,89%,N/A,N/A,95%,100%,90%,83%,75%,61%,75%,76%,N/A,N/A,77%,86%,85%,96%,92%,100%,88%,93%,N/A,N/A,97%,100%,95%
02M605,Humanities Preparatory Academy,Good,Excellent,Fair,www.humanitiesprep.org,Georgieann Ramsudh,"09,10,11,12,SE",268,Screened,Local Support and Improvement,351 West 18 Street,"Manhattan, NY 10011",212-929-4433,7%,14%,56%,0%,0%,17%,5%,25%,68%,54%,46%,0%,77%,"Boys: Baseball,Basketball,Bowling,Soccer,Volleyball,Wrestling; Girls: Basketball,Bowling,Softball,Tennis,Volleyball; Co-Ed: N/A","Debate Club, National Honor Society, Robotics Team, Finance Club, Studio Art, Music Club, Yoga, Games Club, Jewelry Making Club, Screen Printing Club, School Newspaper/Vox Humana, Student Council, Big Sibling, BIPOC Alliance,Gender Sexuality Alliance (GSA), Restorative Justice Leaders, Cooking Club, Yearbook Committee, Freshman Lunch Club, Travel Club, Fitness Club, Theater Arts Club","Mixed Media, Music Theory / Musicianship, Art History",Consortium; Project Pivot; PROSE; Respect for All,N/A (fewer than 5 teachers),N/A (fewer than 5 teachers),N/A (fewer than 5 teachers),0%,0%,48%,0.6,95%,92%,59%,67%,N/A,N/A,57%,N/A,50%,89%,100%,56,43%,89%,78 (29%),157 (59%),7% (14),16% (30),52% (99),0% (0),0% (0),18% (34),Needs Improvement,84%,N/A,N/A,92%,0%,8%,90%,N/A,N/A,86%,N/A,N/A,N/A,88%,93%,82%,78%,85%,95%,100%,94%,96%,N/A,N/A,90%,N/A,100%,90%,86%,100%,80%,87%,N/A,N/A,78%,N/A,86%,98%,100%,100%,87%,75%,100%,82%,79%,N/A,N/A,46%,N/A,80%,88%,65%,97%,82%,58%,73%,59%,59%,N/A,N/A,54%,N/A,62%,94%,92%,94%,94%,N/A,N/A,92%,N/A,94%,82%,83%,88%,83%,N/A,N/A,71%,N/A,93%,92%,83%,100%,N/A,33%,N/A,N/A,100%,N/A,N/A,69%,67%,50%,N/A,67%,N/A,N/A,67%,N/A,N/A,91%,85%,100%,N/A,40%,N/A,N/A,100%,N/A,N/A
02M615,Chelsea Career and Technical Education High School,Fair,Fair,Good,www.ChelseaCTE.org,Jaivelle Reed,"09,10,11,12,SE",388,"D75 Special Education Inclusive Services, Ed. Opt., Screened",Local Support and Improvement,131 Avenue Of The Americas,"Manhattan, NY 10013",212-925-1080,11%,26%,56%,<1%,<1%,5%,8%,27%,86%,37%,63%,0%,77%,"Boys: Baseball,Basketball,Bowling,Cross Country,Handball,Indoor Track; Girls: Basketball,Bowling,Cross Country,Indoor Track,Softball; Co-Ed: N/A","Video Game Club,Gender Sexuality Alliance (GSA), Visual Arts, Chelsea Insider (School Newspaper), STEAM (3D Printing) Club, Photography Club, National Technical Honor Society, Workplace Challenges, Student Government, Key Club (Community Service), College Access, Chelsea E-Blast (School Newsletter), Academic Tutoring, and others that students can create.","Graphic Design, Mixed Media",Career & Technical Education; Career Readiness and Modern Youth Apprenticeship; CS for All; Future Ready NYC; NYC Solves; Respect for All,17%,19%,17%,0%,0%,44%,8.1,83%,65%,48%,64%,N/A,N/A,50%,76%,59%,69%,75%,57,85%,62%,221 (57%),117 (30%),12% (37),27% (80),54% (164),0% (0),<1% (2),4% (13),Fair,88%,N/A,N/A,93%,0%,7%,88%,100%,78%,86%,N/A,N/A,N/A,86%,89%,N/A,93%,78%,91%,96%,91%,92%,N/A,N/A,83%,94%,89%,75%,83%,92%,88%,80%,N/A,N/A,85%,89%,72%,82%,84%,88%,88%,84%,89%,83%,86%,N/A,N/A,69%,89%,80%,81%,47%,95%,71%,44%,52%,41%,45%,N/A,N/A,31%,83%,52%,89%,100%,85%,89%,N/A,N/A,85%,100%,85%,67%,70%,66%,68%,N/A,N/A,62%,67%,61%,94%,100%,N/A,100%,100%,N/A,N/A,N/A,N/A,100%,88%,90%,N/A,100%,80%,N/A,N/A,N/A,N/A,86%,92%,89%,N/A,100%,100%,N/A,N/A,N/A,N/A,100%
02M630,Art and Design High School,Excellent,Good,Good,www.artanddesignhs.org/,Maximillian Re Sugiura,"09,10,11,12,SE",1490,Audition,Local Support and Improvement,231-249 East 56 Street,"Manhattan, NY 10022",212-752-4340,9%,12%,40%,<1%,<1%,31%,<1%,23%,47%,69%,30%,<1%,90%,"Boys: Baseball,Basketball,Bowling,Soccer,Volleyball; Girls: Basketball,Fencing,Soccer,Softball,Table Tennis,Volleyball; Co-Ed: N/A",AND Agency AND Literary AND Newscast Cat+Fish Magazine Gender Sexuality Alliance (GSA) Major League (Art Major Leadership) Black Student Union Latine Student Union AAPI Club Painting Club Green Team Fitness Club Riot Grrrl Mural Club Film Club D&D Club Philosophy and Debate Club AIA Youth Chapter *Just to Name a Few*,"Drawing, Art History, Visual Art, Cartooning, Illustration, Filmmaking / Video, Graphic Design, Fashion and Textile Design, Architecture, Photography, and more",Career & Technical Education; NYC Solves,13%,11%,13%,0%,0%,59%,6.1,88%,59%,59%,68%,N/A,N/A,64%,86%,65%,87%,53%,77,98%,75%,543 (36%),529 (36%),9% (77),12% (98),38% (313),<1% (4),0% (0),33% (268),Fair,93%,N/A,N/A,93%,0%,7%,97%,97%,94%,96%,N/A,N/A,98%,97%,97%,100%,92%,82%,96%,97%,94%,95%,N/A,N/A,97%,86%,96%,84%,93%,94%,91%,94%,N/A,N/A,91%,88%,93%,85%,88%,96%,86%,79%,79%,85%,82%,N/A,N/A,74%,89%,77%,91%,72%,96%,72%,45%,44%,43%,45%,N/A,N/A,46%,33%,50%,93%,94%,94%,95%,N/A,N/A,91%,100%,93%,83%,87%,74%,83%,N/A,N/A,86%,89%,84%,95%,90%,94%,100%,89%,N/A,N/A,88%,N/A,89%,89%,81%,81%,83%,78%,N/A,N/A,82%,N/A,86%,96%,92%,97%,87%,91%,N/A,N/A,92%,N/A,90%
02M655,The High School for Climate Justice,Fair,Good,Good,www.climatejustice.nyc,Kimberly Swanson,"09,10,11,12,SE",380,Ed. Opt.,Local Support and Improvement,320 East 96 Street,"Manhattan, NY 10128",212-348-1694,4%,23%,61%,2%,<1%,6%,11%,24%,92%,53%,47%,0%,85%,"Boys: Baseball,Basketball,Soccer; Girls: Soccer,Softball,Volleyball; Co-Ed: N/A","Clubs: Anime Club, Art Club, Band/Choir Club, Big Brother/Big Sister, Bike Club, Center for Urban Pedagogy (CUP) Program, Chess Club, Crochet Club, Dance Club, Explore Urban Spaces Club, Fashion Club, Film Club,Gender Sexuality Alliance (GSA), Music Production Club, Philosophy Club, Podcasting Club, Pono Sanctuary Visits, Resilient Schools Consortium, SAT Prep, Theater Club and Tutoring, and Student Council Culture Building: Fall Outdoor Social, Halloween Festival, Thanksgiving Pie Party, Winter Concert & Cocoa, Ice Skating, and Spring Field Day","Acting, Concert Band, Art History, Music Enterprise, Management, and Careers",NYC Solves; PROSE,N/A (fewer than 5 teachers),N/A (fewer than 5 teachers),N/A (fewer than 5 teachers),0%,0%,64%,10.2,84%,75%,50%,62%,N/A,N/A,62%,100%,62%,89%,78%,38,17%,52%,182 (48%),105 (28%),6% (13),22% (46),57% (118),2% (4),<1% (1),7% (14),Needs Improvement,88%,N/A,N/A,93%,0%,7%,74%,N/A,63%,72%,N/A,N/A,N/A,82%,66%,71%,46%,82%,96%,90%,96%,97%,N/A,N/A,92%,95%,96%,78%,86%,100%,85%,86%,N/A,N/A,69%,86%,87%,93%,89%,100%,87%,81%,85%,82%,79%,N/A,N/A,79%,65%,84%,72%,35%,96%,80%,57%,83%,47%,57%,N/A,N/A,60%,67%,63%,94%,100%,90%,95%,N/A,N/A,93%,95%,84%,72%,82%,71%,71%,N/A,N/A,67%,85%,73%,92%,85%,91%,80%,83%,N/A,N/A,89%,77%,77%,76%,80%,91%,82%,74%,N/A,N/A,100%,58%,72%,94%,94%,100%,100%,92%,N/A,N/A,88%,90%,91%
03M291,West End Secondary School,Excellent,,Fair,www.westendsecondary.com/,Andrew Wintner,"06,07,08,09,10,11,12,SE",423,Screened,Local Support and Improvement,227-243 West 61 Street,"Manhattan, NY 10023",212-245-1506,6%,12%,29%,0%,<1%,49%,<1%,20%,44%,55%,45%,0%,82%,"Boys: Basketball,Cross Country,Indoor Track,Outdoor Track; Girls: Cross Country,Indoor Track,Outdoor Track,Volleyball; Co-Ed: N/A","Student Council , Chess, Rock climbing, Debate, WESS Talks, Black Student Union (BSU),Gender Sexuality Alliance (GSA), Model UN, Mindfullness , National Honor Society, Social Justice Club, WESS Side Stories (Newspaper), WESS Player (theater)","Visual Art, Dramatic Literature, Studio Art, Photography, Music History, Filmmaking / Video, Fashion and Textile Design, Architecture, Music Theory / Musicianship",DYCD: COMPASS/SONYC; NYC Reads,N/A (fewer than 5 teachers),N/A (fewer than 5 teachers),13%,0%,0%,66%,0.7,83%,56%,82%,59%,N/A,N/A,66%,N/A,65%,92%,58%,87,98%,87%,415 (98%),132 (31%),6% (26),12% (49),29% (119),0% (0),<1% (1),49% (205),Good,97%,N/A,N/A,97%,N/A,N/A,99%,N/A,N/A,100%,N/A,N/A,100%,100%,98%,N/A,100%,N/A,94%,94%,96%,88%,N/A,N/A,96%,N/A,85%,N/A,82%,65%,77%,89%,N/A,N/A,86%,N/A,84%,N/A,88%,100%,N/A,65%,75%,89%,61%,N/A,N/A,61%,N/A,80%,90%,66%,95%,N/A,64%,59%,58%,49%,N/A,N/A,71%,N/A,69%,91%,94%,96%,90%,N/A,N/A,92%,N/A,89%,80%,76%,92%,63%,N/A,N/A,85%,N/A,77%,88%,79%,50%,91%,87%,N/A,N/A,76%,N/A,91%,85%,72%,50%,82%,87%,N/A,N/A,67%,N/A,78%,90%,85%,88%,80%,86%,N/A,N/A,85%,N/A,86%
03M307,"Urban Assembly School for Media Studies, The",Fair,Good,Excellent,UAMHighSchool.org,Paulo Fonseca,"09,10,11,12,SE",332,"ASD/ACES Program, Ed. Opt.",Local Support and Improvement,122 Amsterdam Avenue,"Manhattan, NY 10023",212-501-1110,2%,24%,66%,<1%,<1%,6%,18%,36%,88%,43%,57%,0%,86%,"Boys: Badminton,Baseball,Basketball,Bowling,Cross Country,Handball,Indoor Track,Outdoor Track,Soccer,Volleyball,Wrestling; Girls: Badminton,Basketball,Bowling,Cross Country,Flag Football,Indoor Track,Outdoor Track,Soccer,Softball,Volleyball,Wrestling; Co-Ed: N/A",Gender Sexuality Alliance (GSA),"Mixed Media, Visual Art, Art History, Fashion and Textile Design",Career Readiness and Modern Youth Apprenticeship; NYC Solves; Project Pivot; PROSE,N/A (fewer than 5 teachers),N/A (fewer than 5 teachers),17%,0%,0%,51%,1.8,74%,100%,78%,80%,N/A,N/A,91%,95%,83%,81%,59%,40,29%,67%,315 (95%),24 (7%),3% (8),24% (75),66% (209),<1% (2),<1% (2),5% (16),Needs Improvement,100%,0%,0%,94%,0%,6%,89%,N/A,100%,86%,N/A,N/A,N/A,89%,89%,N/A,79%,81%,94%,100%,91%,95%,N/A,N/A,83%,95%,95%,80%,90%,100%,97%,87%,N/A,N/A,100%,95%,89%,88%,76%,89%,88%,87%,86%,93%,87%,N/A,N/A,67%,87%,88%,84%,51%,96%,78%,62%,57%,69%,61%,N/A,N/A,58%,66%,63%,94%,86%,94%,95%,N/A,N/A,92%,89%,96%,74%,57%,80%,74%,N/A,N/A,50%,85%,76%,93%,93%,100%,94%,94%,N/A,N/A,78%,95%,95%,92%,92%,100%,97%,91%,N/A,N/A,89%,88%,92%,97%,95%,100%,98%,95%,N/A,N/A,89%,97%,98%
03M402,The Urban Assembly School for Green Careers,Fair,Needs Improvement,Good,www.uagreencareers.org,Kerry Rutishauser,"09,10,11,12,SE",323,Ed. Opt.,Local Support and Improvement,145 West 84 Street,"Manhattan, NY 10024",212-787-1189,2%,16%,76%,<1%,0%,4%,23%,27%,93%,46%,54%,0%,80%,"Boys: Baseball,Basketball,Bowling,Soccer,Volleyball; Girls: Basketball,Bowling,Soccer,Softball,Tennis,Volleyball; Co-Ed: N/A","International Environmental Studies and Human Rights Trips, Keepers of the Culture (Student Leadership Program),Gender Sexuality Alliance (GSA), Green Team, Student-Run Green Market, Student Council, Weightlifting Club, Yearbook Club, Anime Club, Dance Club, Game Club, Student Mentoring, AM Basketball Club, Drama Program, Paid Internships",Visual Art,Career & Technical Education; Dual Language or TBE; Future Ready NYC; NYC Solves; Project Pivot,0%,N/A (fewer than 5 teachers),32%,0%,0%,52%,6.1,40%,N/A,57%,75%,N/A,N/A,N/A,76%,70%,66%,52%,30,24%,52%,47 (15%),66 (20%),1% (1),15% (15),79% (79),2% (2),0% (0),2% (2),Needs Improvement,89%,11%,0%,81%,N/A,N/A,87%,N/A,N/A,87%,N/A,N/A,N/A,87%,86%,N/A,83%,66%,92%,N/A,93%,92%,N/A,N/A,100%,86%,90%,77%,88%,N/A,87%,90%,N/A,N/A,40%,89%,93%,48%,31%,34%,85%,81%,N/A,66%,84%,N/A,N/A,80%,82%,74%,79%,31%,96%,69%,49%,N/A,42%,49%,N/A,N/A,N/A,50%,48%,92%,N/A,91%,92%,N/A,N/A,100%,90%,89%,74%,N/A,64%,76%,N/A,N/A,N/A,75%,76%,90%,100%,N/A,100%,100%,N/A,N/A,N/A,100%,100%,88%,92%,N/A,88%,93%,N/A,N/A,N/A,N/A,89%,95%,100%,N/A,100%,100%,N/A,N/A,N/A,100%,100%
03M403,The Global Learning Collaborative,Fair,Fair,Excellent,www.theglcnyc.org,Karla Chiluiza,"09,10,11,12,SE",393,Ed. Opt.,Local Support and Improvement,145 West 84 Street,"Manhattan, NY 10024",212-877-1103,1%,20%,72%,<1%,<1%,4%,14%,25%,92%,52%,48%,<1%,86%,"Boys: Baseball,Basketball,Bowling,Soccer,Volleyball; Girls: Basketball,Bowling,Soccer,Softball,Tennis,Volleyball; Co-Ed: N/A","Model UN, Mock Trial, National Honor Society, Community Service Club, Student Council,Gender Sexuality Alliance (GSA), Environmental Club, ELA/ENL Academy Club, GLC Dance Company Club, STEP Team, Yearbook Club, Weight Training Club, Girls Empowerment Club, Chinese Language and Culture Club, French Language and Culture Club, Table Top Gaming Club, Crochet Club, Drama Club, Senior Board","Folk / Traditional Cutural Dance, Ceramics, Acting, Studio Art, Theater Dance, Theater / Play Production, Visual Art",NYC Solves; Project Pivot,N/A (fewer than 5 teachers),N/A (fewer than 5 teachers),15%,0%,0%,61%,13,91%,N/A,75%,69%,N/A,N/A,N/A,70%,67%,94%,68%,51,74%,71%,167 (42%),169 (43%),1% (3),24% (56),69% (165),<1% (1),0% (0),4% (10),Fair,90%,10%,0%,94%,N/A,N/A,96%,N/A,85%,100%,N/A,N/A,N/A,98%,94%,100%,89%,80%,92%,N/A,78%,95%,N/A,N/A,N/A,90%,93%,79%,87%,N/A,85%,87%,N/A,N/A,N/A,75%,93%,90%,91%,97%,87%,80%,N/A,77%,80%,N/A,N/A,N/A,92%,69%,79%,31%,97%,74%,39%,N/A,38%,39%,N/A,N/A,N/A,38%,38%,91%,N/A,88%,94%,N/A,N/A,N/A,100%,97%,75%,N/A,73%,77%,N/A,N/A,N/A,77%,81%,97%,99%,N/A,100%,99%,N/A,N/A,100%,100%,100%,78%,64%,N/A,64%,64%,N/A,N/A,60%,60%,66%,100%,99%,N/A,100%,99%,N/A,N/A,100%,100%,100%
03M415,Wadleigh Secondary School for the Performing & Visual Arts,Excellent,Fair,Good,wadleigharts.org,Lisa Denerstein,"06,07,08,09,10,11,12,SE",274,Audition,Local Support and Improvement,215 West 114 Street,"Manhattan, NY 10026",212-749-5800,<1%,36%,57%,2%,<1%,2%,1%,24%,90%,77%,22%,<1%,76%,"Boys: Basketball; Girls: Basketball,Volleyball; Co-Ed: N/A","Art Club, Cheerleading, Glee Club, Volleyball Club, Gaming Club, Film Club, Yoga Club, Cosmetology Club, Theater Club, Fitness Club, Film Club, My brother's Keeper, My sister's Keeper.,Gender Sexuality Alliance (GSA)","Illustration, Music Theory / Musicianship, Acting, Mixed Choir, Painting, Studio Art, Dance History, Theater Survey, Drawing, Ballet, and more",Community School; DYCD: Beacon; NYC Solves,N/A (fewer than 5 teachers),32%,21%,N/A (fewer than 5 teachers),0%,34%,2.4,84%,N/A,51%,53%,0%,N/A,57%,100%,75%,88%,75%,62,97%,68%,134 (49%),74 (27%),<1% (1),31% (42),60% (80),3% (4),<1% (1),3% (4),Good,99%,N/A,N/A,96%,N/A,N/A,99%,N/A,96%,100%,N/A,N/A,N/A,98%,N/A,N/A,100%,80%,91%,N/A,90%,93%,100%,N/A,86%,100%,89%,73%,88%,N/A,91%,88%,60%,N/A,71%,100%,91%,80%,79%,75%,80%,73%,N/A,72%,75%,N/A,N/A,67%,N/A,74%,86%,50%,96%,69%,46%,N/A,44%,47%,40%,N/A,57%,60%,53%,88%,N/A,92%,85%,100%,N/A,86%,100%,88%,66%,N/A,68%,64%,80%,N/A,86%,60%,68%,92%,84%,N/A,85%,86%,N/A,N/A,N/A,N/A,100%,91%,87%,N/A,85%,89%,N/A,N/A,N/A,N/A,94%,93%,93%,N/A,100%,91%,N/A,N/A,N/A,N/A,100%
03M417,Frank McCourt High School,Good,Good,Needs Improvement,www.fmhsnyc.org,Danielle Salzberg,"09,10,11,12,SE",410,Screened With Assessment,Local Support and Improvement,145 West 84 Street,"Manhattan, NY 10024",212-362-2015,4%,17%,51%,0%,<1%,23%,2%,22%,67%,55%,45%,0%,75%,"Boys: Baseball,Basketball,Bowling,Soccer,Volleyball; Girls: Basketball,Bowling,Soccer,Softball,Tennis,Volleyball; Co-Ed: N/A","Student led clubs include: Art Club, Asian Heritage Club, BSU, Game Club, Girls Inc, JSU, Key Club, Music Club, Newspaper, Poetry Club, Weight Lifting Club, Yearbook,Gender Sexuality Alliance (GSA)","Studio Art, Theater / Play Production, Graphic Design",NYC Solves; PROSE,N/A (fewer than 5 teachers),16%,19%,N/A (fewer than 5 teachers),N/A (fewer than 5 teachers),55%,15.2,74%,54%,65%,71%,N/A,N/A,72%,83%,69%,72%,53%,57,75%,91%,5 (1%),245 (60%),5% (12),14% (35),51% (125),0% (0),<1% (1),25% (62),Fair,94%,N/A,N/A,92%,0%,8%,95%,N/A,100%,94%,N/A,N/A,91%,95%,95%,N/A,93%,80%,90%,92%,84%,90%,N/A,N/A,94%,100%,92%,81%,90%,86%,88%,90%,N/A,N/A,94%,100%,92%,87%,91%,84%,83%,72%,79%,68%,75%,N/A,N/A,66%,71%,89%,89%,56%,97%,73%,49%,57%,47%,46%,N/A,N/A,53%,57%,66%,90%,86%,84%,91%,N/A,N/A,93%,100%,94%,76%,64%,76%,76%,N/A,N/A,78%,100%,86%,86%,66%,60%,64%,68%,N/A,N/A,69%,N/A,78%,79%,74%,60%,86%,71%,N/A,N/A,74%,N/A,91%,84%,80%,N/A,77%,79%,N/A,N/A,89%,N/A,86%
03M479,Beacon High School,Excellent,,Fair,beaconschool.org,Jeannie Ferrari,"09,10,11,12,SE",1378,Screened With Assessment,Local Support and Improvement,522 West 44 Street,"Manhattan, NY 10036",212-465-4230,13%,12%,32%,<1%,<1%,35%,<1%,20%,56%,64%,36%,0%,83%,"Boys: Baseball,Basketball,Cross Country,Fencing,Indoor Track,Outdoor Track,Soccer,Tennis; Girls: Basketball,Bowling,Cross Country,Fencing,Indoor Track,Outdoor Track,Soccer,Softball,Tennis,Volleyball; Co-Ed: N/A","Africana, Art Club, Asian Student Union, B'DAT Choir, B'DAT Freshman Project, B'DAT Mainstage Theatre, B'DAT Tech Teams,Gender Sexuality Alliance (GSA), Beacon Beat (School Newspaper), Beacon Ink (School Magazine), Marine Biology Club, Mock Trial, Pan-Asian 'Anime' Club, Current Events, Debate Team, Dungeons and Dragons, Entrepreneurship Club, Environment Club, Film Club, French Club, Game Makers Club, Girl Up, Girls in Government, Girls Who Code, Integrate Beacon (desegregation & inclusion work), Jewish Student Alliance, Key Club, Korean and Chinese Language Culture Club, Latinx Student Union, Live Poets Society, Math Club, Medical Club, Model Congress, Photography, Podcast Club, Policy and Philosophical Journal, Project ABLE (raises funds to promote literacy and education in East Africa), SAT Math Prep, Spanish Club, Stock Market Club, Student Government, Students Demand Action for Gun Safety, Stylemakers Fashion Club, Sunshine Society (Wellness Club), The Moth (Storytelling Club), Upcycling Club (Recycling Art Club), Young Democrats","Filmmaking / Video, Studio Art, Photography, Theater Survey, Core Music, Dance / Introduction to Dance, Percussion, Digital Photography, Choreography / Dance Composition, Portfolio Development, and more",Consortium; PROSE,11%,12%,13%,N/A (fewer than 5 teachers),N/A (fewer than 5 teachers),63%,0.6,93%,70%,75%,86%,N/A,N/A,72%,N/A,76%,91%,89%,76,66%,83%,285 (21%),810 (59%),14% (145),11% (109),30% (308),<1% (7),<1% (9),37% (377),Needs Improvement,97%,N/A,N/A,90%,0%,10%,97%,93%,96%,96%,N/A,N/A,100%,97%,99%,N/A,94%,N/A,92%,100%,100%,94%,N/A,N/A,89%,N/A,80%,N/A,96%,100%,100%,94%,N/A,N/A,94%,N/A,88%,N/A,96%,96%,N/A,71%,73%,50%,76%,N/A,N/A,67%,N/A,79%,94%,84%,97%,N/A,57%,59%,50%,51%,N/A,N/A,62%,N/A,68%,96%,100%,100%,95%,N/A,N/A,98%,N/A,92%,85%,86%,88%,76%,N/A,N/A,89%,N/A,76%,78%,62%,81%,N/A,58%,N/A,N/A,58%,N/A,57%,76%,54%,62%,N/A,58%,N/A,N/A,51%,N/A,61%,89%,78%,100%,N/A,77%,N/A,N/A,74%,N/A,74%
03M485,Fiorello H. LaGuardia High School of Music & Art and Performing Arts,Excellent,Good,Good,laguardiahs.org,Deepak Marwah,"09,10,11,12,SE",2248,Audition,Local Support and Improvement,100 Amsterdam Avenue,"Manhattan, NY 10023",212-496-0700,19%,11%,17%,<1%,<1%,39%,<1%,9%,34%,71%,29%,<1%,92%,"Boys: Baseball,Basketball,Cross Country,Fencing,Gymnastics,Indoor Track,Outdoor Track,Soccer,Volleyball; Girls: Basketball,Bowling,Cross Country,Fencing,Handball,Indoor Track,Outdoor Track,Soccer,Softball,Swimming,Volleyball; Co-Ed: N/A","Clubs are student-generated at the beginning of each school year. The 2023-20234 club offerings include: A-List Step Team, Aro-spec, Art for the Heart, Black Student Union, Ceramics, Character Creation, Chinese Student Association, Choral Intertwine, Christian Students Association, Cosplay, Debate, DECA, Disney VoluntEARS Mentoring Program, Fashion, Green Team, ,Gender Sexuality Alliance (GSA), Italian Culture , Japanese , Jazz Vocal , Jewish Student Union, Key Club, Latinos Unidos, Math Empowerment , Mock Trial, Model United Nations , Neuroscience , Red Cross, Slavic , South Asian Association, Stock Market Analysis , Students for Planned Parenthood, UNICEF, and Unity Dance Crew.","Music Theory / Musicianship, Modern Dance, Studio Art, Core Music, Mixed Choir, Acting, Printmaking, Ceramics, Music History, Concert Band, and more",Career & Technical Education; NYC Solves,12%,12%,10%,0%,0%,59%,2,92%,63%,56%,68%,N/A,N/A,68%,57%,54%,80%,80%,84,96%,81%,1271 (57%),1226 (55%),20% (371),10% (181),18% (325),<1% (7),<1% (2),41% (764),Needs Improvement,91%,N/A,N/A,86%,0%,14%,97%,98%,95%,95%,N/A,N/A,98%,98%,95%,91%,84%,78%,95%,95%,89%,96%,N/A,N/A,95%,100%,91%,85%,91%,89%,91%,92%,N/A,N/A,92%,100%,87%,72%,77%,70%,80%,69%,71%,71%,72%,N/A,N/A,63%,100%,71%,95%,88%,96%,71%,50%,47%,47%,48%,N/A,N/A,52%,57%,57%,94%,97%,94%,92%,N/A,N/A,93%,100%,91%,90%,87%,82%,91%,N/A,N/A,93%,83%,85%,87%,79%,86%,80%,82%,N/A,N/A,77%,N/A,76%,88%,76%,60%,75%,82%,N/A,N/A,81%,N/A,93%,94%,89%,92%,74%,86%,N/A,N/A,90%,N/A,87%
03M492,"High School for Law, Advocacy and Community Justice",Fair,Needs Improvement,Fair,www.lacjhs.org,Asia Burnett,"09,10,11,12,SE",531,Ed. Opt.,Local Support and Improvement,122 Amsterdam Avenue,"Manhattan, NY 10023",212-501-1201,3%,26%,66%,<1%,<1%,5%,18%,21%,90%,58%,42%,<1%,58%,"Boys: Badminton,Baseball,Basketball,Bowling,Cross Country,Handball,Indoor Track,Outdoor Track,Soccer,Volleyball,Wrestling; Girls: Badminton,Basketball,Bowling,Cross Country,Flag Football,Indoor Track,Outdoor Track,Soccer,Softball,Volleyball,Wrestling; Co-Ed: N/A",N/A,"Visual Art, Acting, Computer Art / Digital Art",NYC Solves; Project Pivot,13%,29%,N/A (fewer than 5 teachers),0%,0%,42%,4,82%,56%,33%,46%,N/A,N/A,47%,53%,52%,67%,56%,42,44%,69%,128 (24%),253 (48%),3% (10),25% (79),65% (201),<1% (2),<1% (1),5% (16),Fair,93%,7%,0%,82%,0%,18%,77%,N/A,61%,82%,N/A,N/A,N/A,86%,67%,53%,56%,72%,87%,82%,89%,87%,N/A,N/A,77%,85%,90%,63%,70%,73%,67%,73%,N/A,N/A,50%,71%,77%,69%,61%,76%,77%,67%,55%,57%,71%,N/A,N/A,80%,75%,71%,73%,35%,95%,58%,35%,55%,35%,34%,N/A,N/A,27%,57%,58%,80%,100%,76%,81%,N/A,N/A,71%,90%,79%,46%,36%,44%,47%,N/A,N/A,57%,40%,57%,84%,79%,N/A,67%,86%,N/A,N/A,60%,100%,92%,82%,77%,N/A,71%,82%,N/A,N/A,40%,85%,92%,88%,84%,N/A,100%,82%,N/A,N/A,N/A,91%,100%
03M494,High School of Arts and Technology,Fair,Fair,Excellent,www.hsartstech.org,Bridget Garzaniti,"09,10,11,12,SE",393,Ed. Opt.,Local Support and Improvement,122 Amsterdam Avenue,"Manhattan, NY 10023",212-501-1198,3%,30%,64%,<1%,<1%,1%,9%,31%,92%,51%,49%,0%,83%,"Boys: Badminton,Baseball,Basketball,Bowling,Cross Country,Handball,Indoor Track,Outdoor Track,Soccer,Volleyball,Wrestling; Girls: Badminton,Basketball,Bowling,Cross Country,Flag Football,Indoor Track,Outdoor Track,Soccer,Softball,Volleyball,Wrestling; Co-Ed: N/A","Anime Club,Gender Sexuality Alliance (GSA), Debate Team, Tabletop and Role Game Club, Advanced Math Club, French Club, Creative Writing Club, Cooking Club, National Honor Society, Chess Club, College Career Club, Science Club, Website Design Club, Fashion Club, Community Service Club","Drawing, Photography, Visual Art, Graphic Design, Filmmaking / Video, Studio Art, Art History, Mixed Media, Cartooning",21st Century Community Learning Center; Community School; Future Ready NYC; NYC Solves; Pathways Advising,18%,N/A (fewer than 5 teachers),18%,N/A (fewer than 5 teachers),N/A (fewer than 5 teachers),60%,2.2,65%,100%,62%,52%,N/A,N/A,N/A,67%,48%,81%,54%,43,44%,60%,139 (35%),206 (52%),3% (9),26% (70),68% (187),<1% (2),<1% (1),0% (0),Excellent,86%,N/A,N/A,87%,0%,13%,87%,N/A,82%,89%,N/A,N/A,N/A,93%,80%,77%,88%,77%,92%,100%,90%,93%,N/A,N/A,N/A,81%,91%,76%,86%,100%,86%,86%,N/A,N/A,N/A,82%,87%,76%,65%,69%,86%,81%,100%,85%,79%,N/A,N/A,N/A,88%,85%,78%,34%,96%,71%,51%,86%,62%,46%,N/A,N/A,N/A,62%,48%,92%,100%,91%,91%,N/A,N/A,N/A,94%,90%,65%,86%,68%,63%,N/A,N/A,N/A,69%,71%,92%,98%,100%,99%,97%,N/A,N/A,N/A,100%,97%,97%,98%,100%,99%,98%,N/A,N/A,N/A,100%,99%,99%,99%,100%,100%,99%,N/A,N/A,N/A,100%,99%
03M541,Manhattan / Hunter Science High School,Excellent,Excellent,Good,mhshs.org,Kevin Froner,"09,10,11,SE",449,Screened With Assessment,Local Support and Improvement,122 Amsterdam Avenue,"Manhattan, NY 10023",212-501-1235,26%,13%,41%,<1%,<1%,18%,1%,18%,70%,58%,42%,0%,80%,"Boys: Badminton,Baseball,Basketball,Bowling,Cross Country,Handball,Indoor Track,Outdoor Track,Soccer,Volleyball,Wrestling; Girls: Badminton,Basketball,Bowling,Cross Country,Flag Football,Indoor Track,Outdoor Track,Soccer,Softball,Volleyball,Wrestling; Co-Ed: N/A","Senior year at Hunter College, Research Courses, Internship Opportunities, Additional Academic Supports,Gender Sexuality Alliance (GSA), AfterSchool Homework Center. Students graduate with a high school and college transcript. One year of high school Spanish for all students with additional Hunter College Spanish courses as electives. Additional year of courses in the arts and AP","Studio Art, String Orchestra, Visual Art, Filmmaking / Video",NYC Solves; Project Pivot; Respect for All,18%,N/A (fewer than 5 teachers),N/A (fewer than 5 teachers),0%,0%,57%,12,82%,84%,85%,83%,N/A,N/A,83%,N/A,91%,84%,79%,88,98%,92%,274 (61%),275 (61%),26% (108),12% (50),41% (170),<1% (1),<1% (1),18% (72),Needs Improvement,98%,N/A,N/A,82%,0%,18%,100%,100%,N/A,100%,N/A,N/A,100%,100%,100%,N/A,100%,81%,96%,96%,95%,97%,N/A,N/A,95%,N/A,97%,87%,93%,94%,95%,92%,N/A,N/A,90%,N/A,89%,86%,95%,95%,86%,82%,82%,86%,86%,N/A,N/A,71%,N/A,87%,95%,88%,96%,79%,66%,66%,79%,60%,N/A,N/A,68%,N/A,72%,95%,97%,98%,96%,N/A,N/A,92%,N/A,94%,82%,82%,81%,84%,N/A,N/A,78%,N/A,85%,91%,87%,87%,95%,88%,N/A,N/A,82%,N/A,84%,79%,70%,57%,86%,75%,N/A,N/A,65%,N/A,77%,96%,91%,90%,94%,93%,N/A,N/A,88%,N/A,87%
03M610,Young Women's Leadership School,Excellent,Good,Fair,www.tywls.org,Colleen Mcgeehan,"06,07,08,09,10,11,12,SE",268,Screened,Local Support and Improvement,140 West 102 Street,"Manhattan, NY 10025",212-678-7390,5%,31%,56%,1%,<1%,4%,4%,23%,86%,100%,0%,0%,77%,"Boys: Baseball,Basketball,Bowling,Football,Outdoor Track,Soccer,Volleyball,Wrestling; Girls: Basketball,Flag Football,Golf,Outdoor Track,Soccer,Softball,Volleyball; Co-Ed: N/A","Art Club, AMNH Lang program, BSU (Black Student Union), Crochet Club, Dance Team, East Harlem PRIDE sports,Gender Sexuality Alliance (GSA), Green Team, Japan Society, LSA (Latinx Student Association), MSA (Muslim Student Association), Riley's Way, Robotics Club, Running Club, Social Justice Club, Social Media Team, STEAM Team Field Research, Step Team, Street Squash, TDF Wendy Wasserstein Theater Project, Welcome Committee","Visual Art, Studio Art, Illustration, Core Music, Dance, Computer Art / Digital Art, Digital Photography",DYCD: COMPASS/SONYC; NYC Solves; PROSE,N/A (fewer than 5 teachers),17%,29%,0%,0%,46%,7.1,83%,64%,59%,70%,N/A,N/A,83%,75%,53%,97%,94%,71,75%,92%,110 (41%),137 (51%),6% (10),30% (54),56% (100),2% (3),0% (0),4% (7),Needs Improvement,96%,N/A,N/A,88%,0%,12%,98%,N/A,94%,100%,N/A,N/A,N/A,98%,N/A,N/A,94%,84%,90%,100%,84%,92%,N/A,N/A,100%,100%,83%,78%,91%,80%,93%,90%,N/A,N/A,100%,100%,93%,91%,97%,97%,89%,82%,71%,81%,83%,N/A,N/A,62%,67%,89%,89%,56%,95%,77%,54%,50%,57%,48%,N/A,N/A,83%,38%,52%,88%,100%,86%,86%,N/A,N/A,100%,100%,78%,77%,70%,80%,76%,N/A,N/A,75%,86%,69%,92%,84%,N/A,84%,83%,N/A,N/A,86%,60%,77%,79%,70%,N/A,73%,62%,N/A,N/A,88%,60%,83%,91%,87%,N/A,82%,86%,N/A,N/A,100%,N/A,79%
03M859,Special Music School,Excellent,Excellent,Excellent,www.kaufmanmusiccenter.org/sms/,Katherine Banucci-Smith,"0K,01,02,03,04,05,06,07,08,09,10,11,SE",176,Audition,Local Support and Improvement,129 West 67 Street,"Manhattan, NY 10023",212-501-3318,16%,8%,20%,<1%,0%,41%,2%,18%,34%,55%,45%,0%,84%,"Boys: Badminton,Baseball,Basketball,Bowling,Cross Country,Handball,Indoor Track,Outdoor Track,Soccer,Volleyball,Wrestling; Girls: Badminton,Basketball,Bowling,Cross Country,Flag Football,Indoor Track,Outdoor Track,Soccer,Softball,Volleyball,Wrestling; Co-Ed: N/A",Gender Sexuality Alliance (GSA),"Classroom Music, Mixed Choir, Music History, Music Theory / Musicianship, Music Technology, Chamber Music, Piano Keyboard, Symphonic Orchestra, Guitar, Music Enterprise, Management, and Careers, and more",NYC Reads,N/A (fewer than 5 teachers),N/A (fewer than 5 teachers),N/A (fewer than 5 teachers),0%,0%,72%,15.4,76%,80%,55%,71%,N/A,N/A,88%,N/A,74%,94%,61%,83,94%,89%,89 (51%),82 (47%),17% (24),7% (10),18% (26),<1% (1),0% (0),42% (59),Good,94%,N/A,N/A,93%,N/A,N/A,100%,N/A,N/A,N/A,N/A,N/A,100%,100%,100%,N/A,N/A,89%,97%,97%,83%,100%,N/A,N/A,97%,N/A,100%,91%,94%,90%,100%,94%,N/A,N/A,93%,N/A,96%,91%,100%,94%,90%,82%,88%,90%,97%,N/A,N/A,72%,N/A,68%,93%,77%,99%,81%,57%,52%,33%,51%,N/A,N/A,60%,N/A,62%,93%,90%,92%,97%,N/A,N/A,92%,N/A,93%,85%,74%,50%,86%,N/A,N/A,91%,N/A,75%,96%,90%,95%,90%,92%,N/A,N/A,89%,N/A,84%,93%,89%,88%,100%,88%,N/A,N/A,90%,N/A,97%,96%,94%,97%,100%,96%,N/A,N/A,91%,N/A,100%
03M860,Frederick Douglass Academy II Secondary School,Fair,Good,Fair,fda2.net,Osei Owusu Afriyie,"06,07,08,09,10,11,12,SE",263,Ed. Opt.,Local Support and Improvement,215 West 114 Street,"Manhattan, NY 10026",212-865-9260,2%,58%,33%,3%,0%,4%,13%,31%,>95%,38%,62%,0%,83%,"Boys: Baseball,Basketball,Bowling,Football,Outdoor Track,Soccer,Volleyball,Wrestling; Girls: Basketball,Flag Football,Golf,Outdoor Track,Soccer,Softball,Volleyball; Co-Ed: N/A","Chess, Coding,Gender Sexuality Alliance (GSA), National Honor Society , Video Gaming Club , Culinary Arts , Debate , Robotics , Visual Media , Wellness , Peer Group Connection (PGC), Broadway Junior","Mixed Media, Core Music, Graphic Design",Community School; NYC Solves,N/A (fewer than 5 teachers),46%,17%,0%,0%,29%,15.1,77%,N/A,53%,60%,N/A,N/A,N/A,65%,50%,94%,94%,40,54%,59%,150 (57%),132 (50%),1% (2),58% (102),32% (56),5% (8),0% (0),4% (7),Fair,94%,N/A,N/A,80%,0%,20%,88%,N/A,86%,87%,N/A,N/A,N/A,96%,81%,N/A,85%,76%,92%,N/A,92%,95%,N/A,N/A,N/A,94%,88%,66%,83%,N/A,90%,77%,N/A,N/A,N/A,79%,85%,85%,81%,100%,83%,76%,N/A,77%,79%,N/A,N/A,N/A,73%,71%,88%,65%,94%,69%,51%,N/A,50%,54%,N/A,N/A,60%,50%,48%,87%,N/A,86%,89%,N/A,N/A,80%,95%,83%,63%,N/A,63%,70%,N/A,N/A,20%,60%,67%,91%,80%,N/A,79%,70%,N/A,N/A,N/A,100%,77%,80%,69%,N/A,60%,67%,N/A,N/A,N/A,60%,67%,91%,83%,N/A,84%,73%,N/A,N/A,N/A,100%,85%
04M372,Esperanza Preparatory Academy,Fair,Fair,Good,epaschool.org/,Luisa Morales,"06,07,08,09,10,11,12,SE",347,"ASD/ACES Program, D75 Special Education Inclusive Services, Language Criteria",Local Support and Improvement,240 East 109 Street,"Manhattan, NY 10029",212-722-6507,<1%,13%,82%,<1%,0%,2%,41%,23%,>95%,41%,59%,0%,85%,"Boys: Baseball,Basketball,Soccer; Girls: Basketball,Volleyball; Co-Ed: N/A",Gender Sexuality Alliance (GSA),"Drawing, Art History, Core Music, Modern Dance, Classroom Music, Music Technology, Acting, Choreography / Dance Composition, Contemporary Dance, Performing Ensemble",21st Century Community Learning Center; Community School; Dual Language or TBE; DYCD: COMPASS/SONYC; NYC Solves,N/A (fewer than 5 teachers),N/A (fewer than 5 teachers),65%,0%,0%,25%,9.2,69%,N/A,42%,60%,N/A,N/A,50%,74%,39%,80%,77%,35,37%,37%,64 (18%),77 (22%),0% (0),15% (19),76% (94),0% (0),0% (0),3% (4),Needs Improvement,85%,15%,0%,97%,N/A,N/A,84%,N/A,N/A,84%,N/A,N/A,N/A,90%,79%,86%,77%,76%,89%,N/A,80%,90%,N/A,N/A,N/A,89%,89%,66%,81%,N/A,73%,81%,N/A,N/A,80%,83%,79%,86%,93%,90%,85%,81%,N/A,88%,79%,N/A,N/A,N/A,84%,81%,84%,46%,96%,71%,45%,N/A,43%,44%,N/A,N/A,67%,53%,37%,88%,N/A,83%,89%,N/A,N/A,67%,93%,81%,76%,N/A,70%,78%,N/A,N/A,67%,85%,71%,90%,86%,N/A,73%,88%,N/A,N/A,N/A,93%,81%,84%,83%,N/A,81%,84%,N/A,N/A,N/A,82%,86%,93%,91%,N/A,91%,92%,N/A,N/A,N/A,96%,87%
04M435,Manhattan Center for Science and Mathematics,Excellent,Excellent,Good,mcsm.net,James Nicotri,"09,10,11,12,SE",1655,"D75 Special Education Inclusive Services, Language Criteria, Screened",Local Support and Improvement,260 Pleasant Avenue,"Manhattan, NY 10029",212-876-4639,25%,17%,44%,<1%,<1%,10%,5%,18%,75%,49%,51%,<1%,97%,"Boys: Baseball,Basketball,Bowling,Cross Country,Indoor Track,Outdoor Track,Soccer,Tennis,Volleyball; Girls: Basketball,Bowling,Cross Country,Indoor Track,Outdoor Track,Soccer,Softball,Table Tennis,Volleyball; Co-Ed: N/A",N/A,"Core Music, Studio Art, Mixed Media, Visual Art, Digital Photography, Graphic Design, Art History, Filmmaking / Video",Dual Language or TBE; Future Ready NYC; NYC Solves; Project Pivot; PROSE; Respect for All,12%,12%,34%,0%,0%,40%,3,80%,89%,89%,92%,90%,100%,92%,98%,89%,96%,97%,84,95%,85%,1155 (70%),1065 (64%),27% (379),16% (226),42% (581),1% (14),<1% (6),10% (144),Good,98%,2%,0%,98%,N/A,N/A,98%,99%,96%,97%,N/A,N/A,100%,100%,95%,90%,91%,91%,98%,97%,98%,98%,100%,100%,97%,93%,99%,90%,97%,95%,99%,97%,100%,100%,99%,95%,97%,95%,96%,94%,92%,88%,87%,91%,89%,91%,80%,86%,89%,90%,94%,85%,97%,87%,65%,67%,68%,61%,64%,20%,74%,70%,59%,97%,98%,98%,96%,100%,100%,99%,97%,93%,88%,88%,86%,89%,91%,100%,90%,92%,83%,95%,89%,89%,89%,88%,92%,75%,92%,95%,92%,79%,71%,66%,76%,73%,75%,50%,71%,79%,84%,97%,94%,94%,93%,94%,91%,100%,97%,100%,94%
04M495,Park East High School,Excellent,Excellent,Excellent,www.parkeasths.org,Suzy Ort,"09,10,11,12,SE",399,Screened,Local Support and Improvement,230 East 105 Street,"Manhattan, NY 10029",212-831-1517,8%,26%,59%,1%,1%,4%,2%,22%,79%,55%,45%,0%,91%,"Boys: Baseball,Basketball,Bowling,Football,Outdoor Track,Soccer,Volleyball,Wrestling; Girls: Basketball,Flag Football,Golf,Outdoor Track,Soccer,Softball,Volleyball; Co-Ed: N/A","Anime club, Book club, Crochet Club, Muslim Student Advocacy Club, Anti Social Social Club, Art Club, Language Matters Club, Student Government, Dungeons and Dragons, National Honor Society,Gender Sexuality Alliance (GSA), Travel Club, Badminton Club, Red Cross Club, Music Club, Behind the Pride Club, PE Planners, Game Room Club, Philosophy Club, Volleyball Club, Basketball Club, Principal's Advisory Council, Money Talk Club, Photography Club, Sculpture Club and Green Team Club.","Computer Art / Digital Art, Visual Art, Graphic Design, Studio Art, Classroom Music, Core Music, Guitar, Piano Keyboard",NYC Solves; Project Pivot; PROSE,N/A (fewer than 5 teachers),N/A (fewer than 5 teachers),19%,0%,0%,67%,4.2,89%,80%,83%,90%,N/A,N/A,80%,100%,86%,89%,83%,82,93%,80%,141 (35%),186 (47%),7% (18),27% (67),58% (144),<1% (2),1% (3),5% (13),Excellent,85%,15%,0%,94%,0%,6%,99%,N/A,100%,98%,N/A,N/A,N/A,100%,98%,N/A,95%,85%,96%,100%,94%,96%,N/A,N/A,100%,86%,90%,89%,98%,97%,99%,98%,N/A,N/A,100%,100%,95%,88%,80%,89%,92%,87%,82%,89%,87%,N/A,N/A,81%,88%,86%,92%,72%,96%,83%,68%,66%,69%,67%,N/A,N/A,73%,71%,71%,97%,100%,95%,98%,N/A,N/A,100%,100%,93%,87%,82%,82%,90%,N/A,N/A,93%,100%,87%,95%,91%,86%,92%,94%,N/A,N/A,62%,100%,98%,86%,81%,71%,80%,80%,N/A,N/A,92%,100%,89%,98%,96%,100%,94%,96%,N/A,N/A,100%,100%,98%
04M555,Central Park East High School,Excellent,Excellent,Good,www.centralparkeasths.org,Mayra Messi,"09,10,11,12,SE",480,Screened,Local Support and Improvement,1573 Madison Avenue,"Manhattan, NY 10029",212-860-5929,11%,22%,57%,<1%,<1%,8%,<1%,21%,79%,55%,44%,<1%,92%,"Boys: Baseball,Basketball,Bowling,Football,Outdoor Track,Soccer,Volleyball,Wrestling; Girls: Basketball,Flag Football,Golf,Outdoor Track,Soccer,Softball,Volleyball; Co-Ed: N/A","Anime Club, Art Club, Badminton Club, Black Student Union, The Brotherhood/SisterSol, Chess Club, Class of Consciousness Club, Computer Coding, Dance, Debate Club, Digital Media & Film, Environmental Green Team, Fashion Club, French Club, Futures and Options Internship Program, Girls Who Crush Rock Climbing, Girls Who Code Club, Glamour Gals Community Service, Girls, Inc., High School Law Institute, I-Choose, International Travel Club, Korean Culture Club,Gender Sexuality Alliance (GSA), Minds Matter, Model UN, Mt. Sinai Hospital MedDocs Program, Muslim Student Association, National Honor Society, Opportunity Network, PeerTutoring Program, Photography, School Newspaper (Madison Times), SEO Scholars, Student Government Association, Red Cross Club, Science Lab Technician Club, Soccer Club, Volleyball Club, Yearbook Club","Studio Art, Visual Art",CS for All; NYC Solves; PROSE; Respect for All,0%,N/A (fewer than 5 teachers),N/A (fewer than 5 teachers),0%,0%,75%,2.1,83%,85%,87%,92%,N/A,N/A,97%,N/A,88%,94%,89%,81,92%,83%,272 (57%),208 (43%),13% (49),20% (76),57% (219),<1% (2),<1% (2),8% (30),Good,100%,0%,0%,99%,N/A,N/A,100%,100%,100%,100%,N/A,N/A,N/A,100%,100%,N/A,100%,87%,97%,98%,97%,96%,N/A,N/A,100%,N/A,95%,89%,96%,96%,92%,97%,N/A,N/A,97%,N/A,95%,93%,94%,97%,93%,90%,88%,83%,93%,N/A,N/A,88%,N/A,90%,95%,85%,97%,85%,64%,71%,62%,64%,N/A,N/A,60%,N/A,69%,98%,100%,96%,98%,N/A,N/A,100%,N/A,100%,87%,86%,82%,88%,N/A,N/A,97%,N/A,84%,92%,89%,94%,85%,88%,N/A,N/A,88%,N/A,91%,82%,74%,59%,71%,77%,N/A,N/A,69%,N/A,81%,96%,91%,93%,90%,90%,N/A,N/A,100%,N/A,90%
04M680,"Heritage School, The",Fair,Good,Fair,www.theheritageschoolnyc.com/,Dyanand Sugrim,"09,10,11,12,SE",230,Ed. Opt.,Local Support and Improvement,1680 Lexington Avenue,"Manhattan, NY 10029",212-828-2858,<1%,32%,63%,<1%,<1%,<1%,4%,30%,93%,47%,53%,0%,80%,"Boys: Baseball,Basketball,Bowling,Football,Outdoor Track,Soccer,Volleyball,Wrestling; Girls: Basketball,Flag Football,Golf,Outdoor Track,Soccer,Softball,Volleyball; Co-Ed: N/A","Financial Literacy, Monroe College partner school, Electrical/Plumbing/OSHA/C+/Carpentry/Nursing certifications","Studio Art, Core Music, Concert Band",Community School; NYC Solves,N/A (fewer than 5 teachers),0%,N/A (fewer than 5 teachers),0%,0%,64%,13.8,59%,N/A,66%,76%,N/A,N/A,N/A,N/A,66%,95%,85%,37,13%,51%,54 (23%),64 (28%),1% (1),32% (28),65% (57),0% (0),1% (1),1% (1),Good,100%,0%,0%,93%,N/A,N/A,91%,N/A,94%,92%,N/A,N/A,N/A,100%,82%,N/A,79%,83%,92%,N/A,97%,89%,N/A,N/A,N/A,60%,87%,74%,84%,N/A,86%,83%,N/A,N/A,N/A,N/A,76%,90%,90%,90%,89%,86%,N/A,84%,87%,N/A,N/A,N/A,N/A,80%,84%,51%,95%,74%,47%,N/A,53%,45%,N/A,N/A,N/A,N/A,56%,88%,N/A,84%,90%,N/A,N/A,N/A,N/A,93%,74%,N/A,76%,72%,N/A,N/A,N/A,N/A,72%,92%,85%,N/A,82%,86%,N/A,N/A,N/A,88%,80%,79%,85%,N/A,87%,84%,N/A,N/A,N/A,100%,82%,87%,80%,N/A,77%,82%,N/A,N/A,N/A,80%,78%
05M148,Eagle Academy for Young Men of Harlem,Good,Good,Good,www.schools.nyc.gov/schools/M148,Ahmed Edwards,"06,07,08,09,10,11,12,SE",177,"Ed. Opt., Open",Additional Targeted Support and Improvement,6 Edgecombe Avenue,"Manhattan, NY 10030",212-694-6051,0%,61%,31%,<1%,<1%,2%,10%,42%,92%,0%,100%,0%,91%,"Boys: Baseball,Basketball,Outdoor Track,Volleyball; Girls: Basketball,Outdoor Track,Volleyball; Co-Ed: N/A",Podcasts; robotics; instrumental music; music production; Gender Sexuality Alliance (GSA),"Filmmaking / Video, Visual Art, Mixed Media",Career Readiness and Modern Youth Apprenticeship; DYCD: COMPASS/SONYC; Future Ready NYC; NYC Solves; Pathways Advising; Project Pivot,N/A (fewer than 5 teachers),56%,22%,0%,0%,N/A (fewer than 5 teachers),3.1,78%,N/A,82%,82%,N/A,N/A,N/A,85%,77%,96%,92%,38,44%,46%,,52 (29%),0% (0),53% (31),36% (21),2% (1),0% (0),2% (1),Fair,88%,12%,0%,88%,0%,12%,90%,N/A,93%,N/A,N/A,N/A,N/A,N/A,90%,N/A,82%,82%,92%,N/A,92%,95%,N/A,N/A,N/A,100%,89%,76%,88%,N/A,92%,83%,N/A,N/A,N/A,75%,82%,84%,88%,80%,92%,92%,N/A,93%,94%,N/A,N/A,N/A,92%,92%,82%,56%,98%,80%,69%,N/A,71%,67%,N/A,N/A,N/A,85%,55%,90%,N/A,88%,98%,N/A,N/A,N/A,100%,93%,81%,N/A,86%,72%,N/A,N/A,N/A,85%,74%,93%,95%,N/A,100%,77%,N/A,N/A,N/A,N/A,89%,70%,98%,N/A,98%,100%,N/A,N/A,N/A,N/A,96%,99%,98%,N/A,100%,92%,N/A,N/A,N/A,N/A,96%
05M157,The Urban Assembly School for Global Commerce,Needs Improvement,Fair,Excellent,uaglobalcommerce.org/,Roony Vizcaino,"09,10,11,SE",159,Ed. Opt.,Local Support and Improvement,2005 Madison Avenue,"Manhattan, NY 10035",212-831-5201,1%,45%,45%,1%,0%,1%,18%,30%,95%,47%,53%,0%,74%,Boys: Basketball; Girls: N/A; Co-Ed: N/A,"Young Entrepreneur Expo, T-shirt Expo, Chocolate Expo, Arizona State University trip, Camp Ramapo, Internships, Gaming competition, Cisco Network Academy","Art Management / Business, Advertising Art",Career & Technical Education; NYC Solves; Project Pivot,N/A (fewer than 5 teachers),N/A (fewer than 5 teachers),26%,0%,0%,47%,8.1,68%,N/A,77%,65%,N/A,N/A,N/A,80%,59%,55%,25%,30,20%,40%,30 (19%),67 (42%),0% (0),57% (42),36% (27),3% (2),0% (0),1% (1),Good,77%,23%,0%,93%,N/A,N/A,74%,N/A,79%,67%,N/A,N/A,N/A,95%,50%,N/A,36%,79%,91%,N/A,85%,95%,N/A,N/A,N/A,94%,90%,72%,85%,N/A,82%,89%,N/A,N/A,N/A,89%,70%,68%,85%,65%,82%,81%,N/A,81%,75%,N/A,N/A,N/A,94%,76%,78%,34%,96%,69%,50%,N/A,52%,48%,N/A,N/A,N/A,59%,39%,79%,N/A,76%,79%,N/A,N/A,N/A,95%,73%,63%,N/A,68%,59%,N/A,N/A,N/A,63%,53%,94%,97%,N/A,98%,94%,N/A,N/A,N/A,100%,95%,95%,94%,N/A,93%,94%,N/A,N/A,N/A,83%,97%,96%,95%,N/A,98%,92%,N/A,N/A,N/A,100%,92%
05M304,Mott Hall High School,Good,Good,Good,www.schools.nyc.gov/schools/M304,Douglas Geogerian,"09,10,11,12,SE",278,Open,Local Support and Improvement,6 Edgecombe Avenue,"Manhattan, NY 10030",212-694-6020,1%,33%,61%,1%,0%,3%,34%,24%,94%,46%,54%,0%,80%,"Boys: Baseball,Basketball,Outdoor Track,Volleyball; Girls: Basketball,Outdoor Track,Volleyball; Co-Ed: N/A","We have a new dance studio where students are instructed by Harlem School of the Arts staff. A stateoftheart computer science lab is being built for this school year! Our clubs include: Anime Club,Gender Sexuality Alliance (GSA), Film Club, Art and Tech Club, Poetry Club, Latin Rhythms Club, Debate Club, Basketball Club","Studio Art, Mixed Media",Dual Language or TBE; Future Ready NYC; NYC Solves; Pathways Advising; Project Pivot,0%,33%,30%,0%,0%,30%,4.2,74%,N/A,62%,73%,N/A,N/A,86%,86%,60%,92%,96%,38,26%,65%,115 (41%),60 (22%),<1% (1),30% (41),64% (87),<1% (1),0% (0),4% (5),Good,90%,N/A,N/A,82%,0%,18%,86%,N/A,90%,85%,N/A,N/A,N/A,96%,77%,64%,80%,79%,90%,N/A,89%,90%,N/A,N/A,75%,88%,86%,73%,85%,N/A,86%,84%,N/A,N/A,100%,88%,86%,89%,84%,92%,87%,87%,N/A,84%,88%,N/A,N/A,88%,80%,92%,79%,46%,96%,75%,49%,N/A,46%,51%,N/A,N/A,50%,55%,46%,90%,N/A,86%,91%,N/A,N/A,100%,95%,90%,76%,N/A,71%,79%,N/A,N/A,88%,85%,77%,94%,91%,N/A,90%,92%,N/A,N/A,N/A,91%,97%,83%,80%,N/A,79%,81%,N/A,N/A,N/A,76%,83%,97%,98%,N/A,98%,97%,N/A,N/A,N/A,100%,100%
05M362,Columbia Secondary School,Excellent,Good,Fair,www.columbiasecondary.org,Vikram Arora,"06,07,08,09,10,11,12,SE",423,Screened,Local Support and Improvement,425 West 123 Street,"Manhattan, NY 10027",212-666-1278,10%,21%,37%,<1%,<1%,24%,1%,22%,54%,44%,56%,0%,82%,"Boys: Basketball,Cross Country,Rugby,Soccer,Volleyball; Girls: Basketball,Cross Country,Rugby,Soccer,Volleyball; Co-Ed: Golf",Gender Sexuality Alliance (GSA),"Drawing, Acting, Music History, Art History, Core Music",DYCD: COMPASS/SONYC; NYC Solves,N/A (fewer than 5 teachers),N/A (fewer than 5 teachers),10%,0%,0%,70%,2.5,66%,41%,40%,51%,N/A,N/A,60%,80%,46%,27%,19%,87,95%,79%,216 (51%),204 (48%),10% (32),19% (62),36% (115),<1% (2),<1% (1),27% (87),Fair,97%,N/A,N/A,94%,0%,6%,97%,N/A,90%,97%,N/A,N/A,100%,98%,97%,N/A,85%,80%,92%,96%,91%,88%,N/A,N/A,95%,100%,90%,71%,84%,83%,82%,83%,N/A,N/A,89%,83%,84%,58%,69%,38%,85%,86%,91%,87%,86%,N/A,N/A,86%,100%,83%,94%,84%,98%,69%,55%,59%,48%,60%,N/A,N/A,51%,67%,54%,95%,98%,93%,92%,N/A,N/A,97%,100%,98%,84%,90%,76%,81%,N/A,N/A,88%,80%,84%,86%,77%,76%,79%,75%,N/A,N/A,78%,80%,72%,82%,70%,64%,76%,73%,N/A,N/A,66%,60%,82%,87%,89%,92%,94%,86%,N/A,N/A,90%,N/A,92%
05M369,Urban Assembly School for the Performing Arts,Fair,Fair,Fair,www.uaperformingarts.org,Willayie Saygbe,"09,10,11,12,SE",175,Ed. Opt.,Local Support and Improvement,509 West 129 Street,"Manhattan, NY 10027",212-543-4460,0%,54%,45%,0%,0%,<1%,9%,26%,91%,76%,23%,<1%,77%,"Boys: Basketball; Girls: Basketball,Softball; Co-Ed: N/A","Dance, Vocal Music, Theatre, Art Club, National Honor Society, Yearbook, EPIC Theatre Ensemble, Student Government,Gender Sexuality Alliance (GSA), Peer Group Connection, Student Ambassadors, Gamers Club, Tutoring, PM School","Dance, Acting, Classroom Music, Graphic Design, Drawing, Stage Design, Musical Theater",NYC Solves; Project Pivot,0%,56%,N/A (fewer than 5 teachers),0%,0%,N/A (fewer than 5 teachers),1.2,72%,N/A,42%,55%,N/A,N/A,N/A,N/A,50%,80%,40%,44,90%,62%,58 (33%),63 (36%),0% (0),52% (51),46% (45),0% (0),0% (0),1% (1),Excellent,95%,N/A,N/A,88%,N/A,N/A,87%,N/A,84%,N/A,N/A,N/A,N/A,89%,N/A,N/A,N/A,76%,98%,N/A,100%,96%,N/A,N/A,N/A,N/A,100%,72%,89%,N/A,82%,95%,N/A,N/A,N/A,N/A,88%,78%,73%,73%,83%,79%,N/A,88%,70%,N/A,N/A,N/A,N/A,89%,78%,35%,96%,73%,48%,N/A,46%,48%,N/A,N/A,N/A,N/A,56%,94%,N/A,88%,100%,N/A,N/A,N/A,N/A,89%,59%,N/A,52%,65%,N/A,N/A,N/A,N/A,67%,87%,71%,N/A,75%,62%,N/A,N/A,N/A,N/A,100%,81%,67%,N/A,67%,62%,N/A,N/A,N/A,N/A,80%,85%,80%,N/A,91%,62%,N/A,N/A,N/A,N/A,100%
05M499,Frederick Douglass Academy,Fair,Good,,www.fda1harlem.org/,Ayisha Fullerton,"06,07,08,09,10,11,12,SE",503,"D75 Special Education Inclusive Services, Ed. Opt., Open, Screened",Comprehensive Support and Improvement,2581 7 Avenue,"Manhattan, NY 10039",212-491-4107,<1%,57%,36%,2%,<1%,3%,8%,25%,90%,40%,60%,0%,82%,"Boys: Baseball,Basketball,Fencing,Football,Indoor Track,Lacrosse,Outdoor Track,Soccer,Tennis,Volleyball,Wrestling; Girls: Basketball,Fencing,Indoor Track,Lacrosse,Outdoor Track,Soccer,Softball,Tennis,Volleyball; Co-Ed: Double Dutch","Anime, Boys and Girls Club of Harlem, Broadcasting, Cheerleading, Chess, College and Career, Concert Band, Dance, Entrepreneurship, Harlem Lacrosse , Harlem Samba, National Honor Society (High School), Student Council, Taekwondo, Tutorial, Wellness Center, Yearbook, Yoga","Drawing, Filmmaking / Video, Core Music, Concert Band, Piano Keyboard, Painting",21st Century Community Learning Center; Community School; DYCD: COMPASS/SONYC; NYC Solves,11%,49%,22%,N/A (fewer than 5 teachers),N/A (fewer than 5 teachers),16%,8.1,93%,N/A,43%,52%,N/A,N/A,60%,42%,49%,90%,79%,43,41%,68%,63 (13%),77 (15%),2% (4),61% (150),30% (75),2% (5),<1% (2),3% (8),Needs Improvement,99%,N/A,N/A,96%,0%,4%,88%,N/A,92%,79%,N/A,N/A,N/A,93%,85%,86%,70%,71%,88%,N/A,88%,87%,100%,N/A,100%,88%,83%,63%,82%,N/A,83%,81%,N/A,N/A,90%,75%,78%,75%,80%,70%,85%,81%,N/A,79%,85%,N/A,N/A,90%,85%,83%,90%,68%,94%,71%,47%,N/A,47%,43%,60%,N/A,80%,59%,60%,89%,N/A,90%,87%,100%,N/A,100%,79%,90%,62%,N/A,67%,54%,80%,N/A,73%,59%,66%,N/A,70%,N/A,74%,57%,N/A,N/A,N/A,80%,72%,N/A,68%,N/A,71%,64%,N/A,N/A,N/A,100%,76%,N/A,79%,N/A,77%,78%,N/A,N/A,N/A,N/A,94%
05M670,Thurgood Marshall Academy for Learning and Social Change,Fair,Good,Good,www.tmanyc.org,Kathleen Francis,"06,07,08,09,10,11,12,SE",291,Screened,Local Support and Improvement,200-214 West 135 Street,"Manhattan, NY 10030",212-283-8055,<1%,68%,26%,1%,<1%,1%,4%,25%,92%,45%,55%,0%,74%,"Boys: Basketball; Girls: Badminton,Basketball; Co-Ed: N/A","Brothers On a New Direction (BOND), Peer Forward Mentoring, Young Eisner Scholars Program (YES), My Brother's/Sister's Keeper, College Now, Student Government, Brotherhood/Sister Sol, YMCA, GLOW, HEAF,Gender Sexuality Alliance (GSA)","Studio Art, Music History, Graphic Design, Classroom Music",DYCD: COMPASS/SONYC; NYC Solves; Project Pivot,N/A (fewer than 5 teachers),54%,12%,0%,0%,28%,1,93%,N/A,56%,52%,N/A,N/A,43%,64%,58%,93%,93%,42,42%,19%,31 (11%),135 (46%),0% (0),70% (121),24% (41),2% (3),<1% (1),1% (2),Excellent,81%,N/A,N/A,82%,0%,18%,86%,N/A,88%,N/A,N/A,N/A,N/A,93%,81%,N/A,70%,83%,90%,N/A,91%,89%,N/A,N/A,67%,77%,88%,67%,85%,N/A,84%,86%,N/A,N/A,67%,75%,87%,91%,100%,95%,83%,82%,N/A,85%,75%,N/A,N/A,N/A,70%,80%,84%,51%,95%,73%,53%,N/A,51%,58%,N/A,N/A,50%,79%,59%,86%,N/A,86%,85%,N/A,N/A,71%,100%,88%,71%,N/A,72%,66%,N/A,N/A,86%,60%,78%,94%,93%,N/A,94%,91%,N/A,N/A,N/A,100%,95%,89%,87%,N/A,87%,85%,N/A,N/A,N/A,88%,90%,96%,95%,N/A,95%,94%,N/A,N/A,N/A,100%,93%
05M692,"High School for Mathematics, Science and Engineering at City College",Excellent,Excellent,Good,hsmse.org,Sean Dolcy,"09,10,11,12",576,Test,Local Support and Improvement,240 Convent Ave,"Manhattan, NY 10031",212-281-6490,29%,9%,16%,<1%,<1%,35%,<1%,8%,39%,36%,64%,<1%,89%,"Boys: Baseball,Basketball,Cross Country,Indoor Track,Outdoor Track,Soccer,Volleyball; Girls: Basketball,Cross Country,Indoor Track,Outdoor Track,Soccer,Softball; Co-Ed: N/A",Gender Sexuality Alliance (GSA),"Drawing, Core Music, Visual Art, Art History, Guitar, Studio Art, Jazz Ensemble, Painting",Career & Technical Education,17%,N/A (fewer than 5 teachers),N/A (fewer than 5 teachers),0%,0%,63%,3.2,93%,89%,90%,95%,N/A,N/A,91%,N/A,89%,57%,47%,96,100%,87%,573 (99%),317 (55%),29% (164),9% (51),16% (91),<1% (3),<1% (2),35% (203),Fair,100%,0%,0%,93%,N/A,N/A,100%,100%,N/A,100%,N/A,N/A,100%,100%,100%,N/A,N/A,87%,95%,96%,91%,94%,N/A,N/A,97%,N/A,84%,91%,96%,93%,92%,94%,N/A,N/A,99%,N/A,95%,83%,83%,87%,90%,83%,84%,88%,81%,N/A,N/A,82%,N/A,84%,96%,91%,95%,80%,61%,58%,39%,59%,N/A,N/A,73%,N/A,66%,93%,90%,95%,93%,N/A,N/A,94%,N/A,84%,87%,88%,88%,81%,N/A,N/A,90%,N/A,79%,91%,79%,79%,86%,83%,N/A,N/A,78%,N/A,82%,76%,53%,49%,71%,55%,N/A,N/A,57%,N/A,41%,94%,89%,94%,86%,89%,N/A,N/A,87%,N/A,94%
06M211,Inwood Early College for Health and Information Technologies,Fair,Good,Good,www.inwoodEC.org,Samona Tait,"09,10,11,12,SE",377,Ed. Opt.,Local Support and Improvement,650 Academy Street,"Manhattan, NY 10034",212-567-1394,<1%,5%,94%,0%,<1%,<1%,14%,28%,90%,43%,57%,0%,83%,"Boys: Baseball,Basketball; Girls: Badminton,Softball,Volleyball; Co-Ed: N/A",1.Esports 2. Debate 3. Girls Inc 4. SHE- Shaping her earth 5. Boys club 6. Girls who code 7. Bird club 8. Gender Sexuality Alliance (GSA) 9. Government & Economic symposium,"Voice and Diction, Scenic Design and Implementation, Theater, Guitar, Art History, Visual Art, Music Theory / Musicianship",Career & Technical Education; Career Readiness and Modern Youth Apprenticeship; Future Ready NYC; NYC Solves; Project Pivot,N/A (fewer than 5 teachers),24%,24%,N/A (fewer than 5 teachers),N/A (fewer than 5 teachers),46%,N/A,85%,N/A,50%,70%,N/A,N/A,N/A,78%,62%,74%,68%,43,76%,71%,90 (24%),39 (10%),<1% (1),4% (5),94% (130),0% (0),0% (0),<1% (1),Fair,89%,N/A,N/A,90%,0%,10%,83%,N/A,N/A,83%,N/A,N/A,N/A,94%,74%,63%,77%,77%,91%,N/A,83%,91%,N/A,N/A,N/A,90%,90%,79%,88%,N/A,80%,89%,N/A,N/A,N/A,87%,81%,82%,89%,95%,88%,81%,N/A,100%,80%,N/A,N/A,N/A,87%,80%,88%,68%,95%,72%,42%,N/A,57%,41%,N/A,N/A,N/A,59%,37%,92%,N/A,100%,93%,N/A,N/A,N/A,87%,89%,73%,N/A,71%,73%,N/A,N/A,N/A,82%,67%,90%,91%,N/A,N/A,90%,N/A,N/A,N/A,N/A,89%,88%,81%,N/A,N/A,81%,N/A,N/A,N/A,N/A,78%,94%,95%,N/A,N/A,95%,N/A,N/A,N/A,N/A,89%
06M293,City College Magnet School of the Arts,Excellent,,Good,www.ccaa293.org/,Burnedette Drysdale,"06,07,08,09,10,11,12,SE",340,Screened,Local Support and Improvement,4600 Broadway,"Manhattan, NY 10040",212-567-3164,0%,2%,95%,<1%,0%,2%,6%,17%,88%,56%,44%,0%,78%,"Boys: Basketball,Soccer,Volleyball; Girls: Softball,Volleyball; Co-Ed: N/A",Gender Sexuality Alliance (GSA),"Illustration, Piano Keyboard, Three-Dimensional Art, Drawing, Painting, Stage Design, Photography, Acting, Core Music, Music Theory / Musicianship",DYCD: COMPASS/SONYC; NYC Solves,N/A (fewer than 5 teachers),15%,33%,N/A (fewer than 5 teachers),0%,38%,20.2,85%,N/A,45%,61%,N/A,N/A,57%,65%,64%,100%,86%,61,86%,95%,100 (29%),142 (42%),0% (0),2% (6),94% (250),<1% (2),0% (0),2% (5),Excellent,99%,N/A,N/A,96%,N/A,N/A,95%,N/A,N/A,95%,N/A,N/A,N/A,98%,92%,70%,100%,N/A,92%,N/A,67%,93%,N/A,N/A,100%,84%,92%,N/A,83%,N/A,67%,84%,N/A,N/A,75%,71%,80%,N/A,100%,85%,N/A,71%,N/A,67%,71%,N/A,N/A,60%,86%,68%,89%,64%,96%,N/A,47%,N/A,27%,47%,N/A,N/A,62%,56%,45%,91%,N/A,73%,91%,N/A,N/A,100%,83%,92%,76%,N/A,45%,77%,N/A,N/A,50%,80%,74%,93%,83%,N/A,N/A,83%,N/A,N/A,N/A,100%,80%,83%,81%,N/A,N/A,81%,N/A,N/A,N/A,93%,91%,94%,90%,N/A,N/A,90%,N/A,N/A,N/A,100%,85%
06M346,Community Health Academy of the Heights,Good,Excellent,Excellent,www.chah.nyc,David Falciani,"06,07,08,09,10,11,12,SE",348,Ed. Opt.,Local Support and Improvement,504 West 158 Street,"Manhattan, NY 10032",212-342-6600,1%,11%,84%,<1%,0%,3%,17%,19%,93%,48%,52%,0%,90%,"Boys: Baseball,Basketball,Cross Country,Soccer; Girls: Basketball,Cross Country,Softball,Volleyball; Co-Ed: Golf","Middle School Volleyball, Middle School Baseball (MSAL), Middle School Soccer,","Visual Art, Modern Dance, Concert Band, Core Music, Dance, Classroom Music, Studio Art",DYCD: COMPASS/SONYC; NYC Solves; PROSE,N/A (fewer than 5 teachers),10%,33%,0%,0%,43%,5.4,82%,88%,82%,82%,71%,N/A,67%,79%,75%,98%,98%,49,63%,42%,130 (37%),155 (45%),1% (3),12% (25),83% (177),<1% (1),0% (0),2% (5),Needs Improvement,97%,N/A,N/A,95%,0%,5%,82%,N/A,N/A,82%,N/A,N/A,N/A,86%,80%,63%,71%,88%,93%,88%,91%,95%,67%,N/A,82%,89%,96%,78%,86%,75%,81%,87%,67%,N/A,92%,80%,81%,96%,98%,100%,94%,90%,N/A,89%,91%,N/A,N/A,N/A,86%,92%,86%,60%,98%,83%,68%,38%,73%,69%,43%,N/A,75%,73%,77%,94%,88%,79%,96%,71%,N/A,100%,92%,94%,84%,62%,68%,87%,86%,N/A,83%,86%,78%,99%,98%,100%,100%,99%,N/A,N/A,71%,100%,100%,97%,95%,100%,100%,95%,N/A,N/A,100%,97%,96%,99%,99%,100%,100%,99%,N/A,N/A,100%,99%,99%
06M348,Washington Heights Expeditionary Learning School,Good,Good,Excellent,www.wheelsnyc.org,Marelyn Pichardo,"PK,0K,01,02,03,04,05,06,07,08,09,10,11,12,SE",405,Ed. Opt.,Local Support and Improvement,511 West 182 Street,"Manhattan, NY 10033",212-781-0524,<1%,2%,95%,0%,<1%,<1%,14%,22%,90%,44%,56%,0%,93%,"Boys: Baseball,Basketball,Soccer; Girls: Basketball,Flag Football,Soccer; Co-Ed: N/A","Theater, Student Government,Gender Sexuality Alliance (GSA), Stoked Skateboarding Club, CryptoClub, CareerReady SYEP and Work-Based Learning","Drawing, Illustration, Mixed Media, Three-Dimensional Art, Visual Art, Classroom Music, Core Music, Jazz Ensemble",Community School; CS for All; Dual Language or TBE; DYCD: COMPASS/SONYC; Future Ready NYC; NYC Reads; NYC Solves,N/A (fewer than 5 teachers),10%,50%,0%,0%,34%,2.4,79%,N/A,62%,76%,N/A,N/A,100%,75%,71%,53%,34%,46,57%,75%,231 (57%),261 (64%),<1% (2),3% (7),94% (251),0% (0),<1% (1),<1% (2),Excellent,87%,13%,0%,94%,0%,6%,86%,N/A,N/A,85%,N/A,N/A,N/A,91%,83%,78%,74%,80%,96%,N/A,100%,96%,N/A,N/A,100%,93%,93%,80%,90%,N/A,75%,90%,N/A,N/A,100%,91%,87%,78%,86%,78%,88%,91%,N/A,N/A,91%,N/A,N/A,N/A,100%,93%,85%,52%,96%,80%,63%,N/A,89%,62%,N/A,N/A,80%,66%,66%,95%,N/A,100%,94%,N/A,N/A,100%,91%,95%,84%,N/A,67%,84%,N/A,N/A,100%,86%,83%,94%,92%,N/A,N/A,93%,N/A,N/A,88%,96%,79%,94%,95%,N/A,N/A,95%,N/A,N/A,100%,97%,79%,96%,93%,N/A,N/A,93%,N/A,N/A,88%,100%,71%
06M462,The College Academy,Excellent,Good,Good,www.thecollegeacademy.com/,Timothy Sigerson,"09,10,11,12,SE",350,"ASD/ACES Program, Ed. Opt., Language Criteria",Local Support and Improvement,549 Audubon Avenue,"Manhattan, NY 10040",212-927-1841,1%,10%,87%,<1%,0%,<1%,43%,25%,>95%,44%,56%,0%,86%,"Boys: Baseball,Basketball,Football,Indoor Track,Outdoor Track,Soccer,Swimming,Volleyball; Girls: Basketball,Flag Football,Indoor Track,Outdoor Track,Soccer,Softball,Swimming,Volleyball; Co-Ed: N/A","Art, Band, Music, Choir, Drama, Film, Dance, National Art Honor Society, Chess, Video Game Club, Anime, Newspaper Club, Reading/Book Club, Creative Writing, Yearbook Committee, Photography, Student Council, Technology & Digital Design, Peer Mediation,Gender Sexuality Alliance (GSA), Big Brother Big Sister, National Honor Society, Robotics, STEM club, Computer Science, coding, PSAL Sports including Varsity & JV Baseball, Softball, Football, Flag Football, Swimming, Cycling, Volleyball, Indoor Track, Outdoor Track, Wrestling, Soccer, and a brand new weight room, and more!","Drawing, Career Development / Industry Prep, Core Music, Painting, Graphic Design, Studio Art, Mixed Media, Concert Band",Community School; CS for All; Dual Language or TBE; Future Ready NYC; NYC Solves; New Arrivals; PROSE,N/A (fewer than 5 teachers),N/A (fewer than 5 teachers),64%,0%,0%,25%,9.1,75%,N/A,67%,83%,N/A,N/A,N/A,89%,76%,100%,87%,51,77%,68%,91 (26%),112 (32%),2% (3),9% (15),87% (148),<1% (1),0% (0),<1% (1),Excellent,99%,N/A,N/A,100%,0%,0%,95%,N/A,N/A,94%,N/A,N/A,N/A,92%,100%,96%,79%,89%,94%,N/A,100%,94%,N/A,N/A,N/A,92%,90%,76%,90%,N/A,93%,90%,N/A,N/A,N/A,91%,88%,93%,96%,96%,90%,86%,N/A,87%,86%,N/A,N/A,N/A,88%,85%,86%,54%,96%,80%,58%,N/A,53%,59%,N/A,N/A,N/A,59%,66%,93%,N/A,100%,93%,N/A,N/A,N/A,90%,87%,78%,N/A,53%,81%,N/A,N/A,N/A,84%,72%,95%,93%,N/A,89%,93%,N/A,N/A,N/A,93%,92%,86%,90%,N/A,78%,90%,N/A,N/A,N/A,91%,89%,96%,95%,N/A,88%,95%,N/A,N/A,N/A,95%,97%
06M463,High School for Media and Communications,Good,Good,Excellent,www.schools.nyc.gov/schools/M463,Sofia Russo,"09,10,11,12,SE",363,Ed. Opt.,Local Support and Improvement,549 Audubon Avenue,"Manhattan, NY 10040",212-927-1841,<1%,8%,89%,<1%,<1%,1%,53%,19%,>95%,46%,54%,<1%,83%,"Boys: Baseball,Basketball,Football,Indoor Track,Outdoor Track,Soccer,Swimming,Volleyball; Girls: Basketball,Flag Football,Indoor Track,Outdoor Track,Soccer,Softball,Swimming,Volleyball; Co-Ed: N/A",Gender Sexuality Alliance (GSA),"Performing Ensemble, Core Music, Visual Art",21st Century Community Learning Center; Community School; Dual Language or TBE; DYCD: COMPASS/SONYC; NYC Solves; PROSE,N/A (fewer than 5 teachers),N/A (fewer than 5 teachers),53%,0%,0%,19%,3.7,75%,N/A,71%,81%,N/A,N/A,N/A,89%,77%,93%,69%,43,64%,48%,188 (52%),71 (20%),<1% (1),8% (20),89% (213),<1% (1),<1% (1),<1% (1),Good,83%,N/A,N/A,92%,N/A,N/A,90%,N/A,N/A,89%,N/A,N/A,N/A,94%,87%,95%,87%,83%,86%,N/A,82%,88%,N/A,N/A,N/A,87%,86%,76%,87%,N/A,81%,88%,N/A,N/A,N/A,87%,91%,89%,80%,100%,87%,80%,N/A,89%,80%,N/A,N/A,N/A,76%,89%,80%,44%,95%,75%,53%,N/A,61%,51%,N/A,N/A,N/A,47%,65%,89%,N/A,94%,89%,N/A,N/A,N/A,89%,89%,76%,N/A,56%,78%,N/A,N/A,N/A,83%,68%,96%,97%,N/A,71%,98%,N/A,N/A,N/A,97%,94%,89%,90%,N/A,100%,90%,N/A,N/A,N/A,84%,96%,99%,99%,N/A,86%,99%,N/A,N/A,N/A,99%,100%
06M467,High School for Law and Public Service,Fair,Good,Excellent,www.myhslps.org,Paula Lev,"09,10,11,12,SE",502,"ASD/ACES Program, Ed. Opt., Language Criteria",Local Support and Improvement,549 Audubon Avenue,"Manhattan, NY 10040",212-342-6130,<1%,5%,91%,<1%,<1%,1%,63%,13%,>95%,47%,53%,<1%,95%,"Boys: Baseball,Basketball,Football,Indoor Track,Outdoor Track,Soccer,Swimming,Volleyball; Girls: Basketball,Flag Football,Indoor Track,Outdoor Track,Soccer,Softball,Swimming,Volleyball; Co-Ed: N/A","Mock Trial Team, Student Government, Restorative Justice Committee, Art, Band, Music, Taekwondo, Drama, Film, Dance, National Honor Society, Video Game Club, Newspaper Club, Reading/Book Club, Creative Writing, Yearbook Committee, Photography, Student Council, Technology & Digital Design, Peer Mediation, LGBTQ, Robotics, STEM club, Computer Science, Coding, Cycling, a brand new Weight Room, Wellness Fairs, Peer Forward, What You Do Matters Club, Hiking Club, We Outside Club, Yoga, and More!","Visual Art, Fashion and Textile Design, Art History",Career & Technical Education; CS for All; Dual Language or TBE; Future Ready NYC; NYC Solves; New Arrivals; Project Pivot; PROSE,N/A (fewer than 5 teachers),N/A (fewer than 5 teachers),49%,0%,0%,38%,5.6,51%,N/A,50%,87%,N/A,N/A,N/A,89%,82%,84%,84%,43,51%,73%,121 (24%),51 (10%),1% (2),9% (12),85% (115),0% (0),<1% (1),3% (4),Good,95%,N/A,N/A,95%,N/A,N/A,94%,N/A,N/A,93%,N/A,N/A,N/A,98%,87%,98%,71%,83%,93%,N/A,83%,94%,N/A,N/A,N/A,92%,89%,78%,91%,N/A,86%,91%,N/A,N/A,N/A,87%,91%,87%,80%,96%,90%,87%,N/A,86%,87%,N/A,N/A,N/A,86%,88%,83%,48%,96%,81%,61%,N/A,67%,60%,N/A,N/A,N/A,65%,58%,94%,N/A,86%,94%,N/A,N/A,N/A,93%,92%,81%,N/A,57%,83%,N/A,N/A,N/A,83%,73%,96%,100%,N/A,100%,100%,N/A,N/A,100%,100%,100%,100%,100%,N/A,100%,100%,N/A,N/A,100%,100%,100%,100%,100%,N/A,100%,100%,N/A,N/A,100%,100%,100%
06M468,High School for Health Careers and Sciences,Fair,Fair,Excellent,www.hshcs.nyc/,Javier Trejo,"09,10,11,12,SE",425,"Ed. Opt., Language Criteria",Local Support and Improvement,549 Audubon Avenue,"Manhattan, NY 10040",212-927-1841,1%,7%,90%,<1%,0%,1%,48%,18%,95%,53%,47%,0%,90%,"Boys: Baseball,Basketball,Football,Indoor Track,Outdoor Track,Soccer,Swimming,Volleyball; Girls: Basketball,Flag Football,Indoor Track,Outdoor Track,Soccer,Softball,Swimming,Volleyball; Co-Ed: N/A",N/A,"Studio Art, Graphic Design, Core Music, Music History, Visual Art",Career & Technical Education; Community School; Dual Language or TBE; Future Ready NYC; NYC Solves,0%,25%,53%,0%,0%,22%,12.6,78%,80%,68%,78%,N/A,N/A,N/A,85%,73%,93%,80%,41,42%,71%,66 (16%),148 (35%),3% (5),9% (18),85% (163),1% (2),0% (0),2% (3),Excellent,88%,N/A,N/A,93%,0%,7%,94%,N/A,N/A,94%,N/A,N/A,N/A,94%,94%,94%,91%,83%,91%,100%,82%,93%,N/A,N/A,N/A,91%,92%,81%,87%,100%,82%,87%,N/A,N/A,N/A,86%,89%,77%,77%,80%,87%,85%,100%,82%,85%,N/A,N/A,N/A,84%,86%,85%,47%,95%,77%,57%,80%,50%,57%,N/A,N/A,N/A,58%,54%,94%,100%,91%,94%,N/A,N/A,N/A,95%,91%,75%,100%,62%,76%,N/A,N/A,N/A,76%,75%,99%,100%,80%,100%,100%,N/A,N/A,100%,100%,100%,99%,99%,80%,100%,99%,N/A,N/A,100%,100%,100%,100%,100%,80%,100%,100%,N/A,N/A,100%,100%,100%
06M540,A. Philip Randolph Campus High School,Fair,,Needs Improvement,www.aprandolph.com,David Fanning,"09,10,11,12,SE",1408,"Ed. Opt., Language Criteria, Screened",Local Support and Improvement,443 West 135 Street,"Manhattan, NY 10031",212-690-6800,2%,32%,62%,<1%,<1%,2%,17%,21%,91%,48%,51%,<1%,92%,"Boys: Baseball,Basketball,Bowling,Football,Lacrosse,Outdoor Track,Soccer,Swimming,Volleyball,Wrestling; Girls: Basketball,Lacrosse,Outdoor Track,Soccer,Softball,Swimming,Tennis,Volleyball,Wrestling; Co-Ed: Stunt",N/A,"Mixed Choir, Filmmaking / Video, Piano Keyboard, Visual Art, Drawing",CS for All; Dual Language or TBE; NYC Solves; Project Pivot,7%,16%,40%,0%,0%,31%,13.8,93%,N/A,78%,77%,N/A,N/A,N/A,56%,80%,93%,73%,43,45%,51%,185 (13%),487 (35%),3% (18),36% (209),58% (341),<1% (4),<1% (1),2% (13),Fair,80%,11%,8%,81%,0%,19%,77%,N/A,88%,71%,N/A,N/A,N/A,84%,71%,53%,61%,N/A,91%,N/A,94%,90%,N/A,N/A,N/A,82%,81%,N/A,86%,N/A,85%,86%,N/A,N/A,N/A,78%,72%,N/A,85%,86%,N/A,86%,N/A,87%,88%,N/A,N/A,N/A,82%,81%,82%,60%,95%,N/A,64%,N/A,60%,68%,N/A,N/A,N/A,55%,48%,92%,N/A,94%,90%,N/A,N/A,N/A,91%,90%,82%,N/A,81%,83%,N/A,N/A,N/A,82%,67%,84%,64%,N/A,76%,59%,N/A,N/A,N/A,86%,54%,72%,60%,N/A,61%,57%,N/A,N/A,N/A,71%,69%,85%,75%,N/A,85%,70%,N/A,N/A,N/A,100%,73%
06M552,Gregorio Luperon High School for Science and Mathematics,Excellent,Excellent,Excellent,glhs.nyc,Yecenia Cardoza,"09,10,11,12",662,Language Criteria,Local Support and Improvement,501 West 165 Street,"Manhattan, NY 10032",212-928-1202,0%,0%,95%,0%,0%,<1%,71%,8%,>95%,46%,53%,<1%,92%,"Boys: Baseball,Basketball,Cross Country,Volleyball; Girls: Cross Country,Softball,Volleyball; Co-Ed: N/A",Gender Sexuality Alliance (GSA),"Art History, Piano Keyboard, Concert Band, Filmmaking / Video",Dual Language or TBE; DYCD: COMPASS/SONYC; NYC Solves; New Arrivals; Project Pivot,N/A (fewer than 5 teachers),N/A (fewer than 5 teachers),76%,0%,0%,N/A (fewer than 5 teachers),8.9,76%,N/A,N/A,91%,N/A,N/A,N/A,92%,70%,100%,100%,49,60%,47%,190 (29%),304 (46%),0% (0),0% (0),94% (378),0% (0),0% (0),<1% (1),Excellent,98%,N/A,N/A,95%,N/A,N/A,90%,N/A,N/A,91%,N/A,N/A,N/A,86%,94%,90%,91%,87%,91%,N/A,N/A,91%,N/A,N/A,N/A,88%,76%,81%,89%,N/A,N/A,89%,N/A,N/A,N/A,89%,71%,93%,91%,94%,91%,86%,N/A,N/A,86%,N/A,N/A,N/A,89%,76%,89%,66%,97%,83%,66%,N/A,N/A,66%,N/A,N/A,N/A,70%,62%,94%,N/A,N/A,94%,N/A,N/A,N/A,93%,76%,83%,N/A,N/A,83%,N/A,N/A,N/A,84%,76%,97%,92%,N/A,N/A,92%,N/A,N/A,N/A,92%,95%,91%,89%,N/A,N/A,89%,N/A,N/A,N/A,89%,100%,97%,97%,N/A,N/A,97%,N/A,N/A,N/A,96%,100%
07X221,South Bronx Preparatory: A College Board School,Good,Excellent,Good,www.southbronxprep.net,Ellen Flanagan,"06,07,08,09,10,11,12,SE",369,Ed. Opt.,Local Support and Improvement,360 East 145 Street,"Bronx, NY 10454",718-292-2211,<1%,28%,69%,<1%,<1%,2%,4%,25%,>95%,46%,54%,0%,81%,"Boys: Baseball,Basketball,Cross Country,Lacrosse,Outdoor Track,Soccer,Volleyball; Girls: Basketball,Cross Country,Handball,Lacrosse,Outdoor Track,Softball,Table Tennis,Volleyball; Co-Ed: N/A",Gender Sexuality Alliance (GSA),"Studio Art, Illustration",CS for All; DYCD: COMPASS/SONYC; NYC Solves; Project Pivot; PROSE,N/A (fewer than 5 teachers),20%,17%,0%,0%,50%,18.2,76%,N/A,60%,68%,N/A,N/A,56%,75%,62%,88%,80%,50,70%,65%,52 (14%),93 (25%),0% (0),26% (31),71% (83),0% (0),0% (0),2% (2),Fair,90%,10%,0%,99%,N/A,N/A,97%,N/A,94%,99%,N/A,N/A,N/A,98%,96%,N/A,100%,83%,92%,N/A,93%,91%,N/A,N/A,78%,90%,94%,70%,85%,N/A,84%,85%,N/A,N/A,89%,83%,83%,88%,90%,96%,88%,84%,N/A,89%,83%,N/A,N/A,80%,82%,92%,91%,72%,95%,76%,51%,N/A,48%,52%,N/A,N/A,44%,62%,54%,90%,N/A,84%,93%,N/A,N/A,78%,92%,92%,75%,N/A,71%,78%,N/A,N/A,56%,81%,76%,93%,88%,N/A,86%,89%,N/A,N/A,80%,88%,88%,81%,82%,N/A,82%,83%,N/A,N/A,80%,78%,88%,94%,91%,N/A,91%,92%,N/A,N/A,80%,100%,87%
07X223,The Laboratory School of Finance and Technology: X223,Excellent,Excellent,Good,www.mshs223.org,Eric Lincoln,"06,07,08,09,10,11,12,SE",387,"Ed. Opt., Language Criteria",Local Support and Improvement,360 East 145 Street,"Bronx, NY 10454",718-585-8202,<1%,19%,79%,<1%,<1%,<1%,3%,18%,93%,49%,50%,<1%,90%,"Boys: Baseball,Basketball,Cross Country,Lacrosse,Outdoor Track,Soccer,Volleyball; Girls: Basketball,Cross Country,Handball,Lacrosse,Outdoor Track,Softball,Table Tennis,Volleyball; Co-Ed: N/A",Gender Sexuality Alliance (GSA),"Studio Art, Modern band, Visual Art, Graphic Design",Career Readiness and Modern Youth Apprenticeship; Community School; Consortium; Dual Language or TBE; Future Ready NYC; NYC Reads; NYC Solves; PROSE; Respect for All,N/A (fewer than 5 teachers),23%,41%,0%,0%,25%,2.2,73%,N/A,62%,69%,N/A,N/A,67%,69%,59%,65%,61%,67,96%,76%,145 (37%),187 (48%),<1% (2),19% (60),79% (244),<1% (1),<1% (1),<1% (2),Good,97%,N/A,N/A,98%,N/A,N/A,98%,N/A,90%,100%,N/A,N/A,N/A,98%,97%,N/A,92%,83%,94%,N/A,92%,95%,N/A,N/A,83%,89%,92%,75%,92%,N/A,90%,92%,N/A,N/A,100%,86%,84%,90%,100%,94%,92%,91%,N/A,87%,93%,N/A,N/A,N/A,92%,95%,90%,70%,95%,80%,60%,N/A,62%,60%,N/A,N/A,43%,52%,60%,92%,N/A,85%,93%,N/A,N/A,100%,87%,88%,86%,N/A,82%,87%,N/A,N/A,86%,90%,86%,93%,94%,N/A,94%,94%,N/A,N/A,N/A,100%,95%,89%,88%,N/A,87%,88%,N/A,N/A,100%,100%,93%,97%,97%,N/A,98%,96%,N/A,N/A,N/A,100%,96%
07X259,"H.E.R.O. High (Health, Education, and Research Occupations High School)",Fair,Good,Good,herohigh.net,Kristin Cahill Garcia,"09,10,11,12,SE",727,Ed. Opt.,Local Support and Improvement,455 Southern Blvd,"Bronx, NY 10455",718-585-8013,1%,35%,61%,<1%,<1%,<1%,10%,24%,95%,66%,34%,0%,92%,"Boys: Baseball,Basketball,Indoor Track,Outdoor Track,Soccer,Swimming; Girls: Basketball,Bowling,Indoor Track,Outdoor Track,Soccer,Softball,Swimming,Table Tennis,Volleyball,Wrestling; Co-Ed: N/A",Gender Sexuality Alliance (GSA),"Studio Art, Visual Art, Theater Survey, Modern Dance, Improvisation, Art History",Career & Technical Education; Career Readiness and Modern Youth Apprenticeship; Future Ready NYC; NYC Solves,N/A (fewer than 5 teachers),17%,27%,N/A (fewer than 5 teachers),0%,42%,12.2,56%,83%,61%,68%,N/A,N/A,N/A,73%,70%,91%,79%,46,55%,65%,,363 (50%),2% (7),34% (143),62% (260),<1% (2),<1% (1),1% (5),Needs Improvement,96%,4%,0%,82%,0%,18%,86%,N/A,80%,89%,N/A,N/A,N/A,91%,73%,83%,63%,81%,91%,100%,93%,89%,N/A,N/A,N/A,90%,88%,66%,85%,75%,83%,86%,N/A,N/A,N/A,83%,87%,88%,88%,88%,91%,87%,88%,88%,87%,N/A,N/A,N/A,78%,89%,80%,46%,95%,77%,58%,62%,56%,58%,N/A,N/A,N/A,59%,61%,90%,88%,87%,92%,N/A,N/A,N/A,94%,82%,74%,62%,69%,76%,N/A,N/A,N/A,91%,74%,94%,91%,N/A,95%,87%,N/A,N/A,N/A,89%,96%,86%,86%,N/A,84%,86%,N/A,N/A,N/A,100%,81%,92%,91%,N/A,91%,89%,N/A,N/A,N/A,88%,96%
07X334,International Community High School,Good,Good,Good,www.internationalcommunityhs.org/,Berena Cabarcas,"09,10,11,12",357,Language Criteria,Local Support and Improvement,345 Brook Avenue,"Bronx, NY 10454",718-665-4128,<1%,14%,82%,<1%,<1%,1%,85%,10%,>95%,44%,56%,0%,93%,"Boys: Baseball,Basketball,Soccer; Girls: Basketball,Soccer,Volleyball; Co-Ed: Table Tennis","Advisory/CREW, ASPIRA Leadership Program, Yucca Arts, Animation, Chess Club, Gaming Club, Karoke Club, Afro-Caribbean Dance, Hip-Hop Dance, After-School Tutoring, Capoeira, Center for the Urban Pedagogy, Narrative 4, Computer Science/Website Design, Per Scholas, STEM Club, Drama, Internship Program, Math Wizard Competition, Peer Mediation, Open Mike Club, SAT Prep Classes, Saturday Family Programs, Sauti Yetu, Girls Leadership Institute, Student Government, Studio Art, Sunday Baseball and Basketball Clinics,Gender Sexuality Alliance (GSA)","Visual Art, Theater",Consortium; Future Ready NYC; New Arrivals; Pathways Advising; Project Pivot; PROSE,19%,N/A (fewer than 5 teachers),29%,0%,0%,42%,18.7,84%,N/A,89%,89%,N/A,N/A,N/A,88%,95%,90%,76%,46,78%,43%,5 (1%),156 (44%),<1% (2),15% (31),78% (158),<1% (1),<1% (1),2% (4),Needs Improvement,N/A,84%,N/A,79%,N/A,N/A,75%,N/A,N/A,71%,N/A,N/A,N/A,78%,72%,75%,65%,85%,88%,N/A,82%,88%,N/A,N/A,N/A,85%,84%,77%,87%,N/A,88%,88%,N/A,N/A,N/A,85%,89%,90%,81%,86%,93%,90%,N/A,100%,89%,N/A,N/A,N/A,89%,95%,83%,56%,96%,82%,63%,N/A,71%,61%,N/A,N/A,N/A,60%,67%,91%,N/A,95%,90%,N/A,N/A,N/A,89%,100%,84%,N/A,84%,85%,N/A,N/A,N/A,83%,90%,96%,91%,N/A,N/A,90%,N/A,N/A,N/A,91%,N/A,80%,83%,N/A,N/A,87%,N/A,N/A,N/A,81%,N/A,98%,100%,N/A,N/A,100%,N/A,N/A,N/A,100%,N/A
07X427,Community School for Social Justice,Fair,Good,Excellent,www.cssjbronx.org,Jaime Guzman,"09,10,11,12,SE",187,Ed. Opt.,Local Support and Improvement,350 Gerard Avenue,"Bronx, NY 10451",718-402-8481,0%,29%,67%,<1%,0%,<1%,29%,25%,94%,46%,54%,0%,89%,"Boys: Baseball,Basketball,Cross Country,Fencing,Outdoor Track; Girls: Cross Country,Fencing,Indoor Track,Outdoor Track,Softball,Volleyball; Co-Ed: N/A",N/A,"Photography, Guitar",Community School; Consortium; Pathways Advising; PROSE,N/A (fewer than 5 teachers),N/A (fewer than 5 teachers),33%,0%,0%,50%,8.6,94%,N/A,74%,81%,N/A,N/A,N/A,97%,83%,85%,70%,31,35%,70%,,52 (28%),0% (0),35% (22),63% (39),0% (0),0% (0),0% (0),Excellent,92%,N/A,N/A,100%,0%,0%,77%,N/A,83%,75%,N/A,N/A,N/A,79%,76%,77%,63%,91%,94%,N/A,95%,93%,N/A,N/A,N/A,93%,95%,81%,92%,N/A,95%,90%,N/A,N/A,N/A,97%,91%,97%,95%,100%,94%,91%,N/A,93%,91%,N/A,N/A,N/A,94%,81%,80%,40%,95%,87%,71%,N/A,67%,74%,N/A,N/A,N/A,77%,74%,94%,N/A,93%,94%,N/A,N/A,N/A,97%,89%,85%,N/A,82%,87%,N/A,N/A,N/A,87%,84%,97%,95%,N/A,80%,100%,N/A,N/A,N/A,100%,95%,86%,86%,N/A,69%,90%,N/A,N/A,N/A,90%,85%,96%,95%,N/A,87%,98%,N/A,N/A,N/A,100%,95%
07X473,Mott Haven Village Preparatory High School,Fair,Good,Excellent,mhvpschool.com,Jaime Dubei,"09,10,11,12,SE",193,Ed. Opt.,Local Support and Improvement,701 St. Anns Avenue,"Bronx, NY 10455",718-402-0571,0%,19%,80%,0%,<1%,<1%,11%,35%,>95%,47%,53%,0%,79%,"Boys: Baseball,Basketball,Bowling,Cross Country,Indoor Track,Outdoor Track,Rugby,Soccer,Tennis,Volleyball; Girls: Badminton,Basketball,Flag Football,Indoor Track,Outdoor Track,Soccer,Softball,Volleyball; Co-Ed: N/A","Arts Club, Beauty Club, Chess Club, Dance/Step Club, Movie Club, Nature Club, Broadway Bridges/Early stages to see Broadway shows. We encourage new clubs to form based on student interest. Partnership with the 40th Precinct for Youth Leadership in the community.,Gender Sexuality Alliance (GSA)","Cartooning, Drawing, Computer Art / Digital Art, Digital Photography",NYC Solves; Project Pivot,0%,N/A (fewer than 5 teachers),N/A (fewer than 5 teachers),0%,0%,62%,2.2,81%,N/A,64%,58%,N/A,N/A,N/A,87%,63%,79%,74%,33,39%,45%,,55 (28%),0% (0),19% (30),81% (128),0% (0),0% (0),<1% (1),Excellent,63%,37%,0%,96%,N/A,N/A,69%,N/A,N/A,67%,N/A,N/A,N/A,88%,52%,N/A,69%,80%,88%,N/A,92%,87%,N/A,N/A,N/A,94%,88%,68%,83%,N/A,83%,82%,N/A,N/A,N/A,100%,86%,88%,79%,95%,87%,84%,N/A,89%,83%,N/A,N/A,N/A,94%,91%,83%,53%,96%,72%,49%,N/A,41%,50%,N/A,N/A,N/A,65%,57%,89%,N/A,96%,88%,N/A,N/A,N/A,100%,93%,70%,N/A,70%,70%,N/A,N/A,N/A,81%,78%,95%,97%,N/A,93%,98%,N/A,N/A,N/A,100%,100%,89%,88%,N/A,77%,91%,N/A,N/A,N/A,83%,95%,97%,93%,N/A,92%,93%,N/A,N/A,N/A,80%,95%
07X495,University Heights Secondary School,Excellent,Excellent,Excellent,UniversityHeightsHighSchool.org,Hazel Joseph Roseboro,"09,10,11,12,SE",595,Screened With Assessment,Local Support and Improvement,701 St. Anns Avenue,"Bronx, NY 10455",718-292-0578,3%,32%,59%,1%,<1%,3%,2%,20%,85%,55%,45%,<1%,93%,"Boys: Baseball,Basketball,Bowling,Cross Country,Indoor Track,Outdoor Track,Rugby,Soccer,Tennis,Volleyball; Girls: Badminton,Basketball,Flag Football,Indoor Track,Outdoor Track,Soccer,Softball,Volleyball; Co-Ed: N/A","3D Printing, Alpha's Greatest Legacy (formerly Young Achievers), Anime Club, Archery, Arduino Club, Art to Art Broadway Show Program, Arts Connection, Baking Club, Band,Girls Club Etta Gamma Rho, Book Club, Bronx FAB Lab, Business and Economics, Center for Educational Innovation Broadway Theater Program, Careerwise Executive Apprenticeship Program, Chess Club, Columbia University NY Bioforce Internship Program, Columbia University Freedom and Citizenship Program, Columbia University HK Maker Lab Summer Program, Columbia University Irving Medical Center eCLOSE Institute, Computer Applications in Technology, Computer Science For All, Cornell University Cooperative Extension Nutrition Club, Cycling, Debate Team, Drawing, Dreamyard Dance and Theatre, Einstein Enrichment Program, Engineering, Fellowship Initiative, First Robotics Class, First Year Seminar, Fordham University STEP Program, E-Sports Gaming, Gardening,Gender Sexuality Alliance (GSA), Geospatial Program at Bronx Community College, Girls Write Now, Global STEM Alliance 1000 Girls 1000 Futures Mentoring Program, Good Shepherd Life Link Program, Graphic Design, HNN Heights News Network (News Program), Karate, Memorial Sloan Kettering Cancer Center Summer Exposure Program, Microsoft IT Academy, Model UN, Music Club, Narrative 4 Ambassadors, National Society of Black Engineers, New York City Urban Debate Team, Read Alliance,Hospital for SPecial Surgery, Knitting Club,Top Teens of America, SAGA, NFTE (Network For Teaching Entrepreneurship), Questbridge, Pencil Partnership, Political Science, Painting, Psychology, Rockefeller University LAB Jumpstart, Rockefeller University Summer Science Research Program, Rocking the Boat, SAT Prep, SEO Sponsors for Educational Opportunity, Sociology, STEM Institute at City College, Student Ambassadors, Student Government, Summer Bridge, Summer Search, Talent Search (Academic Enrichment Program),Upward Bound (College Enrichment Program), Upward Bound Math and Science, Web Design, Workplace Challenge, Writing Center, Yearbook, Young Men United Club, and more.","Theater Survey, Core Music, Photography, Classroom Music, Dance Improvisation, Painting, Graphic Design, Drawing, Visual Art",Career Readiness and Modern Youth Apprenticeship; Consortium; Future Ready NYC; Respect for All,N/A (fewer than 5 teachers),19%,44%,N/A (fewer than 5 teachers),N/A (fewer than 5 teachers),34%,16,72%,71%,73%,82%,60%,N/A,75%,67%,77%,90%,76%,75,96%,89%,252 (42%),159 (27%),3% (19),32% (175),59% (322),1% (6),<1% (1),3% (18),Excellent,100%,0%,0%,95%,N/A,N/A,100%,N/A,100%,100%,N/A,N/A,N/A,100%,100%,N/A,100%,90%,94%,93%,94%,94%,100%,N/A,93%,67%,93%,83%,92%,86%,90%,93%,N/A,N/A,92%,60%,85%,96%,100%,100%,93%,89%,100%,90%,89%,N/A,N/A,79%,83%,85%,92%,73%,96%,83%,57%,87%,45%,61%,60%,N/A,64%,83%,64%,96%,100%,95%,96%,100%,N/A,100%,67%,92%,86%,87%,82%,89%,100%,N/A,86%,50%,85%,99%,99%,100%,98%,98%,100%,N/A,100%,100%,97%,96%,98%,100%,97%,99%,100%,N/A,100%,100%,98%,100%,100%,100%,100%,99%,100%,N/A,100%,100%,99%
07X500,Hostos-Lincoln Academy of Science,Good,Good,Good,www.hostoslincoln.org,Nicholas Paarlberg,"06,07,08,09,10,11,12,SE",305,"D75 Special Education Inclusive Services, Screened",Local Support and Improvement,600 Saint Ann's Avenue,"Bronx, NY 10455",718-402-5640,<1%,24%,73%,<1%,0%,<1%,4%,24%,92%,48%,52%,0%,79%,"Boys: Basketball,Cross Country,Outdoor Track; Girls: Cross Country,Outdoor Track,Volleyball; Co-Ed: N/A","literary magazine, music, theater, studio arts, math team, science team, film club","Studio Art, Visual Art, Playwriting, Acting, Computer Art / Digital Art, Classroom Music",NYC Solves; Project Pivot,13%,33%,18%,0%,0%,36%,21.1,95%,N/A,49%,51%,N/A,N/A,N/A,63%,59%,73%,68%,67,71%,71%,30 (10%),68 (22%),<1% (1),26% (41),72% (115),1% (2),0% (0),<1% (1),Excellent,100%,0%,0%,92%,0%,8%,91%,N/A,81%,93%,N/A,N/A,N/A,89%,93%,N/A,86%,81%,93%,N/A,95%,92%,N/A,N/A,N/A,84%,89%,73%,86%,N/A,85%,87%,N/A,N/A,N/A,75%,83%,90%,92%,89%,91%,90%,N/A,92%,89%,N/A,N/A,N/A,100%,94%,84%,45%,95%,74%,44%,N/A,46%,43%,N/A,N/A,N/A,50%,60%,92%,N/A,96%,91%,N/A,N/A,N/A,86%,89%,78%,N/A,73%,79%,N/A,N/A,N/A,78%,82%,93%,84%,N/A,73%,86%,N/A,N/A,N/A,N/A,96%,81%,82%,N/A,82%,79%,N/A,N/A,N/A,N/A,95%,97%,93%,N/A,82%,98%,N/A,N/A,N/A,N/A,95%
07X522,Bronx Design and Construction Academy,Fair,Good,Good,www.bxdesign.org,Joyce Pulphus,"09,10,11,SE",222,Ed. Opt.,Local Support and Improvement,333 East 151 Street,"Bronx, NY 10451",718-402-7690,<1%,32%,64%,<1%,<1%,<1%,13%,36%,93%,20%,80%,0%,82%,"Boys: Baseball,Basketball,Bowling,Football,Outdoor Track,Soccer,Tennis,Volleyball; Girls: Flag Football,Volleyball; Co-Ed: N/A","Video Game Club, Music Club, Movie Club, Art Club, Tech Squad, Student Government, Book Club Architecture Club, BuildON Community Service","Drawing, Architecture, Studio Art",Career & Technical Education; Community School; Future Ready NYC; NYC Solves,N/A (fewer than 5 teachers),46%,21%,N/A (fewer than 5 teachers),N/A (fewer than 5 teachers),29%,8.8,68%,N/A,67%,66%,N/A,N/A,N/A,68%,63%,100%,100%,46,88%,42%,147 (66%),59 (27%),1% (2),29% (44),67% (103),<1% (1),<1% (1),<1% (1),Excellent,100%,0%,0%,100%,0%,0%,97%,N/A,N/A,96%,N/A,N/A,N/A,N/A,100%,N/A,92%,73%,87%,N/A,87%,87%,N/A,N/A,N/A,60%,89%,66%,77%,N/A,71%,80%,N/A,N/A,N/A,67%,73%,88%,94%,100%,88%,87%,N/A,82%,89%,N/A,N/A,N/A,82%,82%,88%,61%,96%,74%,48%,N/A,47%,48%,N/A,N/A,N/A,25%,52%,88%,N/A,86%,90%,N/A,N/A,N/A,87%,94%,74%,N/A,75%,76%,N/A,N/A,N/A,55%,79%,92%,84%,N/A,78%,89%,N/A,N/A,N/A,100%,92%,85%,86%,N/A,43%,96%,N/A,N/A,N/A,86%,91%,91%,95%,N/A,75%,100%,N/A,N/A,N/A,100%,100%
07X527,Bronx Leadership Academy II High School,Fair,Good,Good,www.schools.nyc.gov/schools/X527,Rose Lobianco,"09,10,11,12,SE",375,"D75 Special Education Inclusive Services, Ed. Opt.",Local Support and Improvement,730 Concourse Village West,"Bronx, NY 10451",718-292-7171,1%,31%,65%,1%,0%,2%,15%,31%,>95%,49%,51%,0%,89%,"Boys: Baseball,Basketball,Cross Country,Football,Indoor Track,Outdoor Track,Soccer,Volleyball,Wrestling; Girls: Basketball,Cross Country,Indoor Track,Outdoor Track,Rugby,Soccer,Softball,Volleyball; Co-Ed: Golf","After School Tutoring and Saturday School Tutoring (All Subjects) Clubs (Cheerleading, Dance,Gender Sexuality Alliance (GSA), Step, Theatre/Drama, Yearbook, Video Gaming, Student Council, (additional clubs as per student interest), Internship Programs: Big Brother/Big Sister; Here-to-Here, Genesys Works, Career-Wise, SYEP. Partnerships: Montefiore Clinic, iMentor College Program, Campus Student Success Center, Advanced Placement for All, National Honor Society, Peer Group Connection, BuildOn Community Service, Opening Act Theatre and Drama, Guns Down Life Up, The Leadership Program","Studio Art, Social Dance, Theater, Repertory / Dance Company",Career Readiness and Modern Youth Apprenticeship; Future Ready NYC; NYC Solves; Project Pivot,N/A (fewer than 5 teachers),46%,14%,N/A (fewer than 5 teachers),N/A (fewer than 5 teachers),38%,10.1,81%,N/A,80%,76%,N/A,N/A,100%,84%,76%,100%,89%,40,49%,79%,122 (33%),192 (51%),1% (3),31% (76),65% (157),<1% (2),0% (0),2% (4),Fair,92%,N/A,N/A,94%,0%,6%,85%,N/A,90%,80%,N/A,N/A,N/A,94%,76%,72%,79%,79%,94%,N/A,87%,98%,N/A,N/A,100%,88%,95%,76%,92%,N/A,88%,95%,N/A,N/A,100%,93%,90%,85%,78%,89%,92%,92%,N/A,94%,91%,N/A,N/A,100%,89%,89%,83%,48%,95%,78%,55%,N/A,49%,58%,N/A,N/A,20%,60%,53%,94%,N/A,90%,96%,N/A,N/A,100%,98%,94%,80%,N/A,79%,80%,N/A,N/A,100%,85%,75%,92%,90%,N/A,91%,89%,N/A,N/A,N/A,88%,87%,91%,91%,N/A,91%,93%,N/A,N/A,N/A,100%,93%,94%,94%,N/A,97%,94%,N/A,N/A,N/A,88%,95%
07X548,Careers in Sports High School,Fair,Excellent,Good,www.cishs.org,Johanny Garcia,"09,10,11,12,SE",453,Ed. Opt.,Local Support and Improvement,730 Concourse Village West,"Bronx, NY 10451",718-292-7110,0%,26%,72%,<1%,0%,2%,16%,28%,>95%,22%,78%,0%,87%,"Boys: Baseball,Basketball,Cross Country,Football,Indoor Track,Outdoor Track,Soccer,Volleyball,Wrestling; Girls: Basketball,Cross Country,Indoor Track,Outdoor Track,Rugby,Soccer,Softball,Volleyball; Co-Ed: Golf",Gender Sexuality Alliance (GSA),"Studio Art, Mixed Media",Community School; DYCD: COMPASS/SONYC; NYC Solves,0%,32%,42%,N/A (fewer than 5 teachers),0%,21%,14.6,87%,N/A,72%,83%,N/A,N/A,N/A,90%,77%,100%,90%,24,20%,39%,143 (32%),175 (39%),0% (0),23% (46),75% (150),0% (0),0% (0),2% (3),Excellent,98%,N/A,N/A,93%,N/A,N/A,69%,N/A,71%,69%,N/A,N/A,N/A,75%,67%,68%,49%,85%,94%,N/A,86%,96%,N/A,N/A,N/A,94%,100%,72%,87%,N/A,87%,87%,N/A,N/A,N/A,86%,83%,95%,95%,100%,90%,85%,N/A,86%,84%,N/A,N/A,N/A,87%,88%,82%,52%,92%,78%,52%,N/A,49%,51%,N/A,N/A,N/A,52%,58%,88%,N/A,94%,86%,N/A,N/A,N/A,88%,86%,72%,N/A,72%,72%,N/A,N/A,N/A,80%,79%,95%,88%,N/A,88%,88%,N/A,N/A,N/A,89%,89%,80%,81%,N/A,85%,82%,N/A,N/A,N/A,81%,85%,95%,94%,N/A,93%,94%,N/A,N/A,N/A,94%,96%
07X551,The Urban Assembly Bronx Academy of Letters,Fair,Fair,Good,www.bronxletters.org/,Amy Schless,"06,07,08,09,10,11,12,SE",296,"ASD/ACES Program, Open",Comprehensive Support and Improvement,339 Morris Avenue,"Bronx, NY 10451",718-401-4891,0%,30%,65%,<1%,<1%,3%,14%,36%,>95%,39%,61%,0%,82%,"Boys: Baseball,Basketball,Cross Country,Fencing,Outdoor Track; Girls: Cross Country,Fencing,Indoor Track,Outdoor Track,Softball,Volleyball; Co-Ed: N/A",Gender Sexuality Alliance (GSA),"Mixed Media, Concert Band, Acting, Theater / Play Production, Modern Dance",DYCD: COMPASS/SONYC; NYC Solves; Project Pivot,N/A (fewer than 5 teachers),11%,26%,0%,0%,55%,5.2,73%,N/A,53%,60%,N/A,N/A,71%,68%,55%,91%,87%,40,39%,48%,60 (20%),137 (46%),0% (0),29% (46),68% (108),<1% (1),<1% (1),2% (3),Excellent,100%,0%,0%,97%,N/A,N/A,85%,N/A,88%,83%,N/A,N/A,N/A,91%,80%,N/A,83%,81%,93%,N/A,96%,91%,N/A,N/A,100%,93%,93%,63%,83%,N/A,82%,83%,N/A,N/A,75%,85%,77%,91%,87%,93%,85%,81%,N/A,83%,80%,N/A,N/A,100%,67%,90%,80%,35%,96%,73%,55%,N/A,50%,55%,N/A,N/A,78%,62%,52%,91%,N/A,90%,90%,N/A,N/A,100%,89%,91%,65%,N/A,62%,67%,N/A,N/A,78%,78%,62%,94%,91%,N/A,100%,88%,N/A,N/A,N/A,100%,92%,89%,97%,N/A,100%,96%,N/A,N/A,N/A,100%,93%,94%,97%,N/A,100%,95%,N/A,N/A,N/A,100%,100%
07X600,Alfred E. Smith Career and Technical Education High School,Good,Fair,Excellent,www.aesmithhs.org,Evan Schwartz,"09,10,11,12,SE",413,"Ed. Opt., Language Criteria, Screened",Local Support and Improvement,333 East 151 Street,"Bronx, NY 10451",718-993-5000,2%,27%,69%,<1%,0%,<1%,16%,29%,94%,16%,84%,0%,89%,"Boys: Baseball,Basketball,Bowling,Football,Outdoor Track,Soccer,Tennis,Volleyball; Girls: Flag Football,Volleyball; Co-Ed: N/A","Academic Tutorial Programs, Automotive Youth Educational System (AYES) Internships, Dance club, Music Production Club, Drone Club, Skills USA, Electric Car Competition, Competitive Citywide Robotic Team, Co-op Education, Modern Dance, PSAT and SAT Prep Skills, USA Wrestling",Graphic Design,Career & Technical Education; Dual Language or TBE; NYC Solves; Project Pivot,17%,19%,39%,0%,0%,25%,13.2,81%,N/A,63%,65%,N/A,N/A,N/A,63%,57%,79%,62%,44,79%,42%,67 (16%),81 (20%),2% (3),25% (32),70% (89),2% (3),0% (0),0% (0),Excellent,97%,N/A,N/A,97%,N/A,N/A,85%,N/A,81%,87%,N/A,N/A,N/A,N/A,83%,82%,94%,80%,95%,N/A,96%,94%,N/A,N/A,N/A,94%,92%,67%,79%,N/A,78%,79%,N/A,N/A,N/A,71%,71%,84%,92%,83%,88%,87%,N/A,82%,89%,N/A,N/A,N/A,84%,85%,82%,44%,96%,74%,47%,N/A,51%,45%,N/A,N/A,N/A,26%,55%,94%,N/A,97%,93%,N/A,N/A,N/A,84%,95%,76%,N/A,69%,78%,N/A,N/A,N/A,68%,71%,96%,97%,N/A,99%,97%,N/A,N/A,N/A,97%,97%,93%,96%,N/A,100%,97%,N/A,N/A,N/A,97%,97%,99%,98%,N/A,99%,98%,N/A,N/A,N/A,97%,97%
07X625,Bronx Legacy High School,Fair,Fair,Good,www.thisisthex.com/,Henry Encarnacion,"09,10,11,12,SE",258,Open,Local Support and Improvement,730 Concourse Village West,"Bronx, NY 10451",N/A,<1%,28%,70%,<1%,0%,1%,15%,24%,94%,56%,44%,0%,87%,"Boys: Baseball,Basketball,Cross Country,Football,Indoor Track,Outdoor Track,Soccer,Volleyball,Wrestling; Girls: Basketball,Cross Country,Indoor Track,Outdoor Track,Rugby,Soccer,Softball,Volleyball; Co-Ed: Golf",Gender Sexuality Alliance (GSA),"Studio Art, Photography, Portfolio Development, Graphic Design",Future Ready NYC; NYC Solves; Project Pivot; PROSE,N/A (fewer than 5 teachers),41%,26%,0%,0%,19%,0.9,56%,N/A,78%,85%,N/A,N/A,N/A,86%,78%,83%,52%,47,67%,76%,33 (13%),82 (32%),0% (0),26% (32),71% (87),2% (2),0% (0),<1% (1),Excellent,96%,N/A,N/A,94%,N/A,N/A,74%,N/A,81%,69%,N/A,N/A,N/A,70%,80%,43%,N/A,79%,95%,N/A,98%,94%,N/A,N/A,N/A,89%,97%,76%,88%,N/A,88%,88%,N/A,N/A,N/A,86%,88%,75%,70%,70%,85%,83%,N/A,91%,79%,N/A,N/A,N/A,82%,85%,81%,36%,96%,73%,60%,N/A,73%,55%,N/A,N/A,N/A,62%,61%,93%,N/A,91%,94%,N/A,N/A,N/A,93%,90%,76%,N/A,75%,76%,N/A,N/A,N/A,72%,78%,93%,94%,N/A,87%,96%,N/A,N/A,N/A,92%,94%,82%,95%,N/A,92%,96%,N/A,N/A,N/A,96%,100%,98%,97%,N/A,92%,98%,N/A,N/A,N/A,96%,97%
07X670,Health Opportunities High School,Fair,Fair,Good,www.hopschool.com,Rani Pendharkar,"09,10,11,12,SE",223,Ed. Opt.,Local Support and Improvement,350 Gerard Avenue,"Bronx, NY 10451",718-401-1826,0%,32%,66%,1%,0%,<1%,22%,31%,>95%,62%,38%,0%,78%,"Boys: Baseball,Basketball,Cross Country,Fencing,Outdoor Track; Girls: Cross Country,Fencing,Indoor Track,Outdoor Track,Softball,Volleyball; Co-Ed: N/A","Photography Club, Dance Club, Cat Rock, Chills, Recycling,Gender Sexuality Alliance (GSA), Music/Choir, Science Club, Debate Club, Love Thyself , Boy 2 Men Video Gaming, NYPD Explorers, Year Book Club, Peer Tutoring Program, GCD Jewish Home, College Now, Internship Programs","Modern Dance, Drawing, Visual Art",Community School; Future Ready NYC; NYC Solves,N/A (fewer than 5 teachers),N/A (fewer than 5 teachers),N/A (fewer than 5 teachers),0%,0%,48%,1.1,81%,N/A,71%,57%,N/A,N/A,N/A,71%,56%,80%,65%,40,29%,52%,,59 (26%),0% (0),36% (29),59% (48),4% (3),0% (0),0% (0),Excellent,98%,N/A,N/A,79%,0%,21%,74%,N/A,85%,68%,N/A,N/A,N/A,83%,61%,62%,73%,76%,94%,N/A,97%,92%,N/A,N/A,N/A,83%,88%,71%,77%,N/A,89%,68%,N/A,N/A,N/A,79%,72%,76%,79%,85%,83%,87%,N/A,95%,81%,N/A,N/A,N/A,64%,79%,81%,55%,94%,69%,59%,N/A,61%,58%,N/A,N/A,N/A,50%,67%,87%,N/A,88%,86%,N/A,N/A,N/A,77%,80%,75%,N/A,85%,69%,N/A,N/A,N/A,67%,58%,91%,97%,N/A,95%,98%,N/A,N/A,N/A,100%,95%,92%,89%,N/A,94%,86%,N/A,N/A,N/A,81%,92%,96%,97%,N/A,95%,98%,N/A,N/A,N/A,100%,95%
08X269,Bronx Studio School for Writers and Artists,Fair,Fair,Good,www.bsswa.org/,Dawn Verhille,"06,07,08,09,10,11,12,SE",314,Ed. Opt.,Local Support and Improvement,928 Simpson Street,"Bronx, NY 10459",718-893-5158,2%,18%,77%,0%,<1%,3%,10%,24%,94%,53%,47%,0%,75%,"Boys: Basketball,Rugby,Soccer,Wrestling; Girls: Basketball,Rugby,Volleyball,Wrestling; Co-Ed: N/A","Gender Sexuality Alliance (GSA), Men of BSSWA, We Rise (Girls Group), Girl Hack, Global Kids High School Leadership, Beat! Global (music program), Global Kids College and Career Club, Student Government, Senior Council, Academic Clinic, Spring Musical, Elevate NY, Casita Maria, SAT Prep, Regents Prep, C.A.T.C.H","Piano Keyboard, Visual Art, Drawing, Filmmaking / Video, Styles of Acting, Theater / Play Production, Choreography / Dance Composition, Dance, Painting, Theater, and more",Community School; DYCD: COMPASS/SONYC; NYC Solves,N/A (fewer than 5 teachers),13%,28%,0%,0%,52%,8,70%,N/A,51%,61%,N/A,N/A,70%,65%,58%,96%,84%,40,34%,65%,24 (8%),81 (26%),1% (1),18% (17),78% (73),0% (0),0% (0),2% (2),Excellent,99%,N/A,N/A,97%,N/A,N/A,92%,N/A,94%,93%,N/A,N/A,N/A,93%,89%,83%,86%,72%,87%,N/A,83%,88%,N/A,N/A,100%,80%,86%,63%,81%,N/A,77%,81%,N/A,N/A,90%,69%,71%,85%,75%,96%,83%,78%,N/A,68%,81%,N/A,N/A,67%,89%,77%,85%,44%,95%,66%,38%,N/A,33%,39%,N/A,N/A,60%,47%,45%,87%,N/A,79%,88%,N/A,N/A,90%,88%,85%,69%,N/A,57%,72%,N/A,N/A,70%,75%,68%,92%,87%,N/A,78%,89%,N/A,N/A,N/A,88%,90%,84%,83%,N/A,88%,82%,N/A,N/A,N/A,86%,86%,93%,89%,N/A,88%,89%,N/A,N/A,N/A,89%,87%
08X282,Women's Academy of Excellence,Fair,Good,Excellent,www.thewae.org,Florlilinda Sol Cruz,"09,10,11,12,SE",168,Ed. Opt.,Local Support and Improvement,456 White Plains Road,"Bronx, NY 10473",718-542-0740,14%,29%,43%,4%,<1%,10%,27%,21%,92%,100%,0%,0%,66%,"Boys: Basketball,Indoor Track,Volleyball,Wrestling; Girls: Basketball,Cross Country,Indoor Track,Softball,Volleyball; Co-Ed: N/A","School Public Relations Team (WAE News), Ambassadors Club, Gem 2 Diamonds Club, Student Council, Girls Who Code, My Sister's Keeper Club, ACE IT Peer Tutoring, Montefiore Internship Program, Instructional Student Leadership Team (ISLT), We Can Play Too","Three-Dimensional Art, Art History",Career Readiness and Modern Youth Apprenticeship; Future Ready NYC; NYC Solves,N/A (fewer than 5 teachers),28%,N/A (fewer than 5 teachers),0%,0%,39%,0.8,83%,81%,65%,54%,N/A,N/A,50%,77%,46%,100%,85%,49,50%,57%,77 (46%),91 (54%),12% (16),29% (38),44% (58),5% (6),<1% (1),8% (11),Good,85%,N/A,N/A,89%,N/A,N/A,88%,N/A,100%,72%,N/A,N/A,N/A,88%,N/A,92%,N/A,78%,82%,78%,92%,81%,N/A,N/A,62%,69%,81%,79%,89%,84%,100%,83%,N/A,N/A,75%,76%,93%,85%,92%,85%,87%,83%,84%,90%,83%,N/A,N/A,69%,78%,82%,86%,57%,95%,70%,36%,26%,38%,43%,N/A,N/A,31%,32%,50%,89%,95%,88%,94%,N/A,N/A,54%,89%,89%,64%,79%,76%,55%,N/A,N/A,38%,65%,57%,95%,92%,91%,95%,94%,N/A,N/A,77%,93%,93%,93%,93%,86%,93%,98%,N/A,N/A,85%,97%,96%,96%,96%,100%,95%,94%,N/A,N/A,100%,98%,96%
08X293,Renaissance High School for Musical Theater and the Arts,Good,Excellent,Excellent,www.renaissancemtt.org,Paul Gumina,"09,10,11,12,SE",383,"D75 Special Education Inclusive Services, Ed. Opt.",Local Support and Improvement,3000 East Tremont Avenue,"Bronx, NY 10461",718-430-6390,2%,27%,66%,<1%,<1%,3%,2%,25%,84%,68%,32%,0%,95%,"Boys: Baseball,Basketball,Football,Indoor Track,Lacrosse,Outdoor Track,Rugby,Soccer,Wrestling; Girls: Basketball,Bowling,Cross Country,Flag Football,Indoor Track,Lacrosse,Outdoor Track,Soccer,Softball,Volleyball; Co-Ed: Cricket,Stunt","Acting, Beginning and Advanced Band, Concert Choir, Drawing & Painting, Family Activities,Gender Sexuality Alliance (GSA), Graduation Committees, International Travel Opportunities, Mentoring, Musical Productions, Musical Theater, National Honor Society, Peer Leader Opportunities, Robotics, Service Learning Opportunities, Set Design, Stage Crew, Student Government, Studio Art, Tutoring, Varsity Voices, Yearbook Journalism","Concert Band, Acting, Studio Art, Mixed Choir, Piano Keyboard, Musical Theater, Costume Design and Implementation, Filmmaking / Video, Stage Management, Stage Design, and more",NYC Solves; Pathways Advising; Project Pivot; PROSE,N/A (fewer than 5 teachers),21%,24%,N/A (fewer than 5 teachers),N/A (fewer than 5 teachers),46%,4,88%,83%,66%,75%,N/A,N/A,60%,83%,72%,77%,60%,48,71%,46%,,48 (13%),3% (5),24% (48),68% (133),1% (2),<1% (1),4% (7),Fair,63%,N/A,N/A,97%,N/A,N/A,90%,N/A,96%,88%,N/A,N/A,N/A,87%,96%,N/A,70%,86%,98%,100%,99%,97%,N/A,N/A,100%,100%,96%,78%,87%,86%,88%,86%,N/A,N/A,100%,86%,83%,95%,91%,97%,89%,83%,71%,89%,80%,N/A,N/A,91%,100%,91%,86%,54%,96%,80%,54%,71%,61%,49%,N/A,N/A,82%,71%,66%,95%,100%,94%,95%,N/A,N/A,100%,71%,91%,85%,71%,87%,85%,N/A,N/A,91%,86%,81%,98%,95%,100%,95%,97%,N/A,N/A,83%,100%,100%,85%,93%,100%,90%,95%,N/A,N/A,100%,100%,100%,99%,97%,100%,99%,96%,N/A,N/A,100%,100%,100%
08X312,Millennium Art Academy,Good,Excellent,Excellent,www.millenniumartacademy.org/,Herman Guy,"09,10,11,12,SE",345,"ASD/ACES Program, Ed. Opt.",Local Support and Improvement,1980 Lafayette Avenue,"Bronx, NY 10473",718-824-0978,3%,28%,65%,<1%,<1%,2%,7%,30%,91%,59%,40%,<1%,92%,"Boys: Baseball,Basketball,Football,Outdoor Track,Soccer,Swimming,Table Tennis; Girls: Badminton,Basketball,Indoor Track,Outdoor Track,Soccer,Softball,Tennis,Volleyball; Co-Ed: N/A","Visual Arts Courses, Art Endorsed Diplomas, AP Art 2D, Digital Art, Theater Arts, Theater Productions (Plays), Honors Theater, Lincoln Center Partnership, NYU Partnership, Filmmaking, Screenwriting, Broadcasting, Drivers Education, Crochet,NEST/ASD/NYU Program, Good Shepherd (Mentorship Program), Ernst & Young (Mentorship), Career Visions (Clubs/Pm School), 21st Century Learning (School Events), Lincoln Center (Teaching Artist Coop Collaboration, Field Trips, etc.), NYU Nest (Staff Training & Support), RAIN (Fashion, Senior Care, Entrepreneurship, Alzheimer s awareness), Theater Connections (Theater Shows, Artist Presentations, etc., College And Career Day, Parks Department (Community Service), NYC High School Principals Association, Bronx Education Leadership Consortium (Borough President s Office Ex. Yoga Studio), CSA Bronx Executive Committee (Local Politicians Ex. Inner courtyard), Project Pivot: Hook Arts Media (Film Class, Broadcasting Class), POTTS (Soup Kitchen), Concourse House (Shelter),Gender Sexuality Alliance (GSA)","Studio Art, Stage Design, Computer Art / Digital Art, Photography, Mixed Media, Visual Art, Illustration, Dance / Introduction to Dance, Musical Theater, Theater Survey, and more",NYC Solves; Project Pivot; PROSE,N/A (fewer than 5 teachers),18%,32%,0%,0%,38%,13.2,76%,78%,75%,72%,N/A,N/A,83%,92%,61%,92%,84%,52,68%,57%,68 (20%),51 (15%),3% (3),23% (28),70% (84),<1% (1),2% (2),0% (0),Excellent,100%,0%,0%,97%,N/A,N/A,96%,N/A,92%,98%,N/A,N/A,N/A,96%,96%,N/A,94%,86%,97%,100%,97%,98%,N/A,N/A,80%,100%,95%,81%,89%,89%,90%,90%,N/A,N/A,67%,92%,88%,95%,92%,100%,90%,87%,78%,86%,87%,N/A,N/A,83%,83%,87%,86%,57%,96%,82%,63%,78%,64%,61%,N/A,N/A,83%,42%,60%,94%,89%,91%,95%,N/A,N/A,100%,83%,93%,82%,78%,79%,84%,N/A,N/A,67%,75%,81%,99%,96%,100%,96%,96%,N/A,N/A,100%,100%,96%,94%,95%,100%,93%,95%,N/A,N/A,100%,100%,100%,99%,99%,100%,100%,98%,N/A,N/A,100%,100%,99%
08X320,Pelham Lab High School,Fair,Fair,Excellent,pelhamlabhs.org,Jason Wagner,"09,10,11,12,SE",286,Ed. Opt.,Local Support and Improvement,3000 East Tremont Avenue,"Bronx, NY 10461",718-904-5090,8%,30%,50%,1%,<1%,8%,13%,26%,91%,46%,54%,0%,79%,"Boys: Baseball,Basketball,Football,Indoor Track,Lacrosse,Outdoor Track,Rugby,Soccer,Wrestling; Girls: Basketball,Bowling,Cross Country,Flag Football,Indoor Track,Lacrosse,Outdoor Track,Soccer,Softball,Volleyball; Co-Ed: Cricket,Stunt","Gender Sexuality Alliance (GSA), Community Change Afterschool programs, The Shop Young Men's Mentoring Group, Student Government, National Honor Society, Newspaper.","Studio Art, Visual Art, Dance, Dance Technical Production",CS for All; NYC Solves; Project Pivot; PROSE,17%,30%,17%,0%,0%,37%,12.2,77%,75%,64%,40%,N/A,N/A,62%,81%,40%,48%,50%,44,49%,45%,84 (29%),108 (38%),9% (13),34% (48),44% (63),2% (3),<1% (1),8% (12),Fair,100%,0%,0%,87%,0%,13%,81%,N/A,78%,77%,N/A,N/A,N/A,90%,75%,64%,75%,82%,93%,91%,94%,96%,N/A,N/A,86%,85%,94%,64%,74%,50%,84%,71%,N/A,N/A,65%,81%,71%,89%,86%,93%,86%,83%,69%,91%,80%,N/A,N/A,76%,90%,84%,81%,37%,97%,73%,49%,50%,59%,43%,N/A,N/A,41%,70%,44%,88%,86%,93%,87%,N/A,N/A,82%,83%,84%,69%,79%,76%,65%,N/A,N/A,59%,87%,69%,96%,94%,100%,95%,92%,N/A,N/A,100%,100%,93%,90%,86%,67%,92%,86%,N/A,N/A,83%,93%,86%,96%,96%,100%,97%,95%,N/A,N/A,100%,100%,97%
08X348,Schuylerville Preparatory High School,Fair,Fair,Good,www.schools.nyc.gov/schools/X348,Jordana Bell,"09,10,11,12,SE",328,Ed. Opt.,Local Support and Improvement,3000 East Tremont Avenue,"Bronx, NY 10461",718-904-5080,11%,27%,49%,2%,0%,8%,20%,23%,89%,41%,59%,0%,74%,"Boys: Baseball,Basketball,Football,Indoor Track,Lacrosse,Outdoor Track,Rugby,Soccer,Wrestling; Girls: Basketball,Bowling,Cross Country,Flag Football,Indoor Track,Lacrosse,Outdoor Track,Soccer,Softball,Volleyball; Co-Ed: Cricket,Stunt","After school clubs: Herstory, Gaming, Art, Fashion, Dance,Gender Sexuality Alliance (GSA)","Visual Art, Painting, Illustration, Fashion and Textile Design, Drawing",Future Ready NYC; NYC Solves; Project Pivot,20%,N/A (fewer than 5 teachers),36%,N/A (fewer than 5 teachers),N/A (fewer than 5 teachers),40%,2,72%,73%,68%,67%,N/A,N/A,50%,67%,66%,80%,55%,38,39%,41%,56 (17%),111 (34%),14% (20),24% (33),42% (59),4% (5),0% (0),11% (16),Fair,99%,N/A,N/A,84%,0%,16%,85%,N/A,92%,77%,N/A,N/A,N/A,81%,86%,82%,64%,75%,90%,81%,97%,91%,N/A,N/A,77%,81%,88%,73%,82%,74%,79%,84%,N/A,N/A,87%,82%,74%,80%,85%,65%,83%,75%,75%,71%,75%,100%,N/A,76%,70%,74%,81%,42%,96%,72%,43%,39%,43%,44%,0%,N/A,48%,56%,40%,91%,89%,91%,92%,80%,N/A,80%,85%,91%,72%,79%,65%,75%,60%,N/A,68%,66%,70%,91%,82%,78%,90%,80%,N/A,N/A,62%,86%,89%,81%,85%,38%,90%,93%,N/A,N/A,67%,85%,100%,92%,92%,100%,89%,97%,N/A,N/A,71%,95%,100%
08X349,Bronx River High School,Good,Good,Excellent,bronxriverhs.org,Gregory Fucheck,"09,10,11,12,SE",416,Ed. Opt.,Local Support and Improvement,3000 East Tremont Avenue,"Bronx, NY 10461",718-904-4210,9%,20%,64%,2%,<1%,4%,9%,24%,87%,41%,59%,0%,89%,"Boys: Baseball,Basketball,Football,Indoor Track,Lacrosse,Outdoor Track,Rugby,Soccer,Wrestling; Girls: Basketball,Bowling,Cross Country,Flag Football,Indoor Track,Lacrosse,Outdoor Track,Soccer,Softball,Volleyball; Co-Ed: Cricket,Stunt","Internships, National Honor Society, NYPD Law Enforcement Explorers, One-on-One Tutoring,Gender Sexuality Alliance (GSA), Engineering Club, Science Club, Environmental Justice Club, Chess Club, Student Council, Yearbook Club, Acting Out performance program, Video Game Club, Art Club, Career Explorers program, and Community Service Club","Mixed Media, Computer Art / Digital Art, Graphic Design, Illustration",NYC Solves; Project Pivot,N/A (fewer than 5 teachers),N/A (fewer than 5 teachers),36%,0%,0%,42%,12.2,85%,82%,70%,75%,N/A,N/A,56%,83%,68%,44%,37%,52,77%,69%,,58 (14%),14% (22),20% (33),59% (95),1% (2),0% (0),4% (7),Excellent,97%,N/A,N/A,100%,0%,0%,95%,N/A,94%,95%,N/A,N/A,N/A,100%,92%,100%,95%,81%,93%,91%,89%,95%,100%,N/A,93%,89%,89%,72%,88%,72%,88%,89%,100%,N/A,93%,89%,85%,89%,89%,92%,89%,85%,80%,84%,85%,83%,N/A,87%,85%,85%,88%,61%,96%,77%,61%,63%,68%,58%,83%,N/A,47%,63%,61%,92%,86%,90%,93%,100%,N/A,94%,92%,87%,77%,68%,75%,78%,83%,N/A,81%,77%,70%,96%,91%,92%,84%,92%,100%,N/A,100%,95%,92%,91%,89%,75%,86%,91%,100%,N/A,86%,95%,96%,98%,97%,92%,98%,97%,100%,N/A,100%,100%,96%
08X367,"Archimedes Academy for Math, Science and Technology Applications",Fair,Fair,Excellent,www.archimedesacademy.org,Audrey Connolly,"06,07,08,09,10,11,12,SE",268,Ed. Opt.,Local Support and Improvement,456 White Plains Road,"Bronx, NY 10473",718-617-5046,8%,19%,67%,2%,0%,3%,15%,33%,92%,39%,61%,0%,70%,"Boys: Basketball,Indoor Track,Volleyball,Wrestling; Girls: Basketball,Cross Country,Indoor Track,Softball,Volleyball; Co-Ed: N/A",Gender Sexuality Alliance (GSA),"Core Music, Studio Art, Dance, Mixed Choir, Visual Art, Computer Art / Digital Art",21st Century Community Learning Center; Community School; DYCD: COMPASS/SONYC; Future Ready NYC; NYC Solves,10%,14%,25%,0%,0%,47%,4,88%,53%,33%,44%,60%,N/A,56%,55%,43%,75%,65%,39,50%,40%,52 (19%),118 (44%),8% (11),23% (32),64% (90),1% (2),0% (0),3% (4),Needs Improvement,98%,N/A,N/A,96%,0%,4%,86%,N/A,88%,84%,N/A,N/A,N/A,97%,79%,64%,63%,76%,85%,84%,76%,88%,100%,N/A,75%,86%,79%,64%,75%,68%,73%,77%,N/A,N/A,78%,73%,78%,84%,100%,84%,79%,71%,67%,81%,70%,N/A,N/A,67%,73%,79%,81%,45%,95%,64%,42%,61%,36%,42%,40%,N/A,20%,36%,42%,87%,95%,91%,87%,80%,N/A,60%,86%,89%,59%,64%,57%,61%,40%,N/A,40%,59%,59%,93%,92%,91%,96%,93%,91%,N/A,82%,90%,91%,91%,89%,88%,86%,91%,91%,N/A,76%,86%,88%,97%,96%,97%,95%,97%,100%,N/A,82%,96%,97%
08X376,Antonia Pantoja Preparatory Academy: A College Board School,Fair,Good,Excellent,Appabx.org,Michael Mercanti Anthon,"06,07,08,09,10,11,12,SE",258,"D75 Special Education Inclusive Services, Open",Local Support and Improvement,1980 Lafayette Avenue,"Bronx, NY 10473",718-824-3152,8%,23%,65%,1%,<1%,2%,15%,31%,95%,52%,48%,0%,71%,"Boys: Baseball,Basketball,Football,Outdoor Track,Soccer,Swimming,Table Tennis; Girls: Badminton,Basketball,Indoor Track,Outdoor Track,Soccer,Softball,Tennis,Volleyball; Co-Ed: N/A",YMCA After School Program for Middle School YMCA Internships for High School Gardening Club Gender Sexuality Alliance (GSA) Lego Club Art Club Student Government High School Dances Middle School Dances,"Painting, Studio Art, Filmmaking / Video, Digital Photography, Computer Art / Digital Art",Community School; DYCD: COMPASS/SONYC; Future Ready NYC; NYC Solves,N/A (fewer than 5 teachers),18%,29%,N/A (fewer than 5 teachers),N/A (fewer than 5 teachers),32%,3.5,82%,48%,57%,49%,60%,N/A,33%,71%,58%,80%,67%,37,50%,71%,38 (15%),40 (16%),6% (4),20% (13),72% (46),2% (1),0% (0),0% (0),Fair,92%,8%,0%,97%,N/A,N/A,90%,N/A,N/A,91%,N/A,N/A,N/A,84%,97%,86%,94%,81%,86%,84%,88%,84%,N/A,N/A,100%,84%,86%,63%,77%,74%,80%,78%,N/A,N/A,60%,84%,75%,95%,100%,100%,85%,83%,78%,85%,82%,N/A,N/A,N/A,86%,81%,82%,37%,95%,69%,46%,48%,46%,45%,N/A,N/A,33%,58%,48%,88%,96%,90%,86%,100%,N/A,67%,92%,87%,66%,64%,67%,67%,N/A,N/A,50%,71%,57%,96%,93%,75%,93%,94%,N/A,N/A,100%,98%,94%,94%,96%,90%,97%,95%,N/A,N/A,100%,98%,95%,97%,95%,84%,97%,96%,N/A,N/A,N/A,98%,95%
08X405,Herbert H. Lehman High School,Fair,Good,Good,www.lehmanhs.com/,Denise Williams,"09,10,11,12,SE",1065,"D75 Special Education Inclusive Services, Ed. Opt., Screened, Zoned Priority",Local Support and Improvement,3000 East Tremont Avenue,"Bronx, NY 10461",718-904-4200,7%,25%,57%,1%,<1%,8%,9%,21%,82%,40%,60%,<1%,89%,"Boys: Baseball,Basketball,Football,Indoor Track,Lacrosse,Outdoor Track,Rugby,Soccer,Wrestling; Girls: Basketball,Bowling,Cross Country,Flag Football,Indoor Track,Lacrosse,Outdoor Track,Soccer,Softball,Volleyball; Co-Ed: Cricket,Stunt","Spectrum, STEM Club, Gaming Club, Tabletop Games Club, Girls Group, Arts and Crafts Club, Opening Act (Drama), Weight Training Club, Dance Club, MSA, Poets Club, Guitar Club, Robotics Club,Gender Sexuality Alliance (GSA)","Computer Art / Digital Art, Theater Survey, Acting, Digital Photography, Filmmaking / Video, Studio Art, Cartooning, Classroom Music, Guitar, Visual Art",Community School; NYC Solves; PROSE,7%,8%,24%,0%,0%,60%,2.1,81%,49%,40%,46%,46%,N/A,51%,62%,47%,49%,46%,40,38%,63%,104 (10%),264 (25%),7% (26),27% (103),52% (195),2% (7),<1% (1),10% (39),Excellent,98%,N/A,N/A,95%,N/A,N/A,80%,81%,76%,83%,N/A,N/A,65%,84%,76%,66%,65%,79%,90%,86%,88%,92%,83%,N/A,85%,84%,88%,63%,75%,67%,80%,74%,90%,N/A,75%,75%,74%,90%,89%,96%,84%,76%,74%,79%,75%,100%,N/A,70%,73%,75%,88%,64%,95%,72%,47%,47%,52%,43%,67%,N/A,49%,43%,44%,90%,85%,90%,90%,93%,N/A,90%,90%,86%,70%,71%,71%,70%,80%,N/A,70%,73%,65%,91%,86%,94%,86%,86%,67%,N/A,88%,95%,89%,84%,78%,81%,83%,75%,67%,N/A,87%,63%,83%,95%,94%,94%,93%,95%,60%,N/A,100%,100%,95%
08X432,Bronx Bridges High School,Good,Fair,Excellent,bronxbridges.org/,Nelsie Castillo,"09,10,11,12,SE",366,Language Criteria,Local Support and Improvement,1980 Lafayette Avenue,"Bronx, NY 10473",718-829-2984,8%,8%,80%,<1%,<1%,2%,72%,13%,>95%,45%,55%,0%,85%,"Boys: Baseball,Basketball,Football,Outdoor Track,Soccer,Swimming,Table Tennis; Girls: Badminton,Basketball,Indoor Track,Outdoor Track,Soccer,Softball,Tennis,Volleyball; Co-Ed: Table Tennis",N/A,"Studio Art, Computer Art / Digital Art",Dual Language or TBE; DYCD: COMPASS/SONYC; NYC Solves; New Arrivals; Project Pivot,N/A (fewer than 5 teachers),17%,43%,0%,0%,26%,11,54%,82%,78%,67%,N/A,N/A,67%,75%,45%,91%,91%,48,49%,60%,75 (20%),160 (44%),10% (18),8% (15),78% (138),<1% (1),1% (2),2% (3),Fair,87%,N/A,N/A,97%,N/A,N/A,90%,N/A,N/A,90%,N/A,N/A,N/A,88%,93%,90%,100%,85%,86%,65%,91%,88%,N/A,N/A,N/A,88%,73%,70%,83%,82%,91%,82%,N/A,N/A,67%,85%,84%,87%,91%,74%,88%,83%,91%,88%,81%,N/A,N/A,100%,84%,80%,87%,54%,97%,75%,56%,65%,75%,53%,N/A,N/A,50%,60%,50%,89%,78%,84%,90%,N/A,N/A,100%,89%,80%,72%,43%,67%,74%,N/A,N/A,50%,76%,62%,97%,99%,100%,100%,99%,N/A,N/A,100%,99%,100%,95%,93%,92%,100%,92%,N/A,N/A,N/A,93%,100%,99%,99%,100%,100%,99%,N/A,N/A,80%,99%,100%
08X452,Gotham Collaborative High School,Fair,Excellent,Excellent,www.gchs.nyc,David Liu,"09,10,11,12,SE",295,"D75 Special Education Inclusive Services, Ed. Opt., Open",Local Support and Improvement,1980 Lafayette Avenue,"Bronx, NY 10473",718-597-1587,5%,31%,60%,1%,0%,3%,32%,22%,>95%,41%,59%,0%,86%,"Boys: Baseball,Basketball,Football,Outdoor Track,Soccer,Swimming,Table Tennis; Girls: Badminton,Basketball,Indoor Track,Outdoor Track,Soccer,Softball,Tennis,Volleyball; Co-Ed: N/A","Student Clubs: Algebra Ace, Board Game, Cheer Dance, Cooking, Learner's Permit,Gender Sexuality Alliance (GSA), NextGen Podcast, Visual Arts, Other. Student Government National Honor Society Community Service Activities Extended Days / Weekend Programs Field Days Shorten Fridays Schedule PSAL SPORTS - GIRLS Badminton, Basketball, Indoor Track, Outdoor Track, Soccer, Softball, Tennis, Volleyball PSAL SPORTS - BOYS Baseball, Basketball, Football, Outdoor Track, Soccer","Studio Art, Acting, Three-Dimensional Art, Visual Art",21st Century Community Learning Center; Career Readiness and Modern Youth Apprenticeship; Community School; Future Ready NYC; NYC Solves; PROSE,N/A (fewer than 5 teachers),21%,28%,0%,N/A (fewer than 5 teachers),28%,8.2,76%,70%,78%,71%,N/A,N/A,88%,90%,54%,75%,61%,42,66%,71%,,119 (40%),5% (8),24% (37),65% (100),2% (3),0% (0),3% (5),Good,91%,N/A,N/A,94%,N/A,N/A,90%,N/A,88%,93%,N/A,N/A,N/A,93%,88%,80%,94%,82%,89%,83%,83%,93%,N/A,N/A,83%,88%,93%,78%,90%,91%,90%,89%,N/A,N/A,100%,93%,85%,95%,89%,100%,90%,88%,100%,84%,89%,N/A,N/A,100%,89%,84%,85%,60%,94%,79%,57%,42%,55%,60%,N/A,N/A,62%,65%,48%,90%,100%,90%,90%,N/A,N/A,88%,95%,88%,77%,83%,76%,76%,N/A,N/A,75%,76%,67%,99%,99%,100%,98%,99%,N/A,N/A,100%,99%,98%,84%,86%,60%,86%,92%,N/A,N/A,12%,79%,96%,100%,100%,100%,100%,100%,N/A,N/A,100%,100%,100%
08X530,Longwood Preparatory Academy,Fair,Good,Excellent,www.longwoodprep.org,Michelle Venditti,"09,10,11,12,SE",361,Ed. Opt.,Local Support and Improvement,965 Longwood Avenue,"Bronx, NY 10459",718-860-1242,<1%,30%,66%,<1%,<1%,1%,12%,29%,93%,52%,48%,0%,84%,"Boys: Baseball,Basketball,Wrestling; Girls: Basketball,Soccer,Softball,Volleyball; Co-Ed: N/A","Anime club, cheerleading, podcast club, music production club, HerStory, SWAG Kings,Gender Sexuality Alliance (GSA), Cooking Club, Bronx Youth Connect, Black Scholars United, Latino American Student Organization, Art Club","Mixed Media, Studio Art",21st Century Community Learning Center; Career & Technical Education; Community School; Future Ready NYC; NYC Solves,N/A (fewer than 5 teachers),39%,33%,0%,0%,19%,1,89%,N/A,67%,69%,N/A,N/A,N/A,80%,71%,97%,100%,44,74%,51%,126 (35%),172 (48%),<1% (2),29% (70),68% (163),<1% (1),0% (0),1% (3),Fair,87%,N/A,N/A,88%,0%,13%,82%,N/A,79%,82%,N/A,N/A,N/A,86%,74%,78%,79%,80%,95%,N/A,96%,94%,N/A,N/A,N/A,88%,94%,75%,89%,N/A,87%,89%,N/A,N/A,N/A,86%,88%,93%,94%,100%,89%,86%,N/A,88%,85%,N/A,N/A,N/A,76%,88%,84%,48%,96%,75%,46%,N/A,52%,45%,N/A,N/A,N/A,47%,56%,92%,N/A,89%,93%,N/A,N/A,N/A,89%,92%,74%,N/A,72%,75%,N/A,N/A,N/A,76%,77%,96%,95%,N/A,93%,95%,N/A,N/A,N/A,93%,96%,86%,83%,N/A,80%,85%,N/A,N/A,N/A,96%,85%,97%,96%,N/A,94%,97%,N/A,N/A,N/A,96%,100%
08X558,Westchester Square Academy,Fair,Fair,Good,westchestersquare.org,Marques Rich,"09,10,11,12,SE",406,"Ed. Opt., Screened",Local Support and Improvement,3000 East Tremont Avenue,"Bronx, NY 10461",718-904-5050,12%,26%,53%,<1%,<1%,7%,14%,24%,89%,46%,54%,<1%,77%,"Boys: Baseball,Basketball,Football,Indoor Track,Lacrosse,Outdoor Track,Rugby,Soccer,Wrestling; Girls: Basketball,Bowling,Cross Country,Flag Football,Indoor Track,Lacrosse,Outdoor Track,Soccer,Softball,Volleyball; Co-Ed: Cricket,Stunt","Anime/Video Game Club, Leaders of Tomorrow Club, AntiBullying Committee, Yearbook Club, African Student Association Club, Book Club, Chess Club, Dance Ensemble,Gender Sexuality Alliance (GSA), National Honors Society, National Honors Society of Dance Arts, Student Government, Wellness Committee, Peer Group Connections, Advisory, Internship","Studio Art, Theater, Choreography / Dance Composition",Future Ready NYC; NYC Solves; Project Pivot,N/A (fewer than 5 teachers),24%,35%,N/A (fewer than 5 teachers),N/A (fewer than 5 teachers),32%,2.9,82%,67%,54%,57%,N/A,N/A,67%,75%,54%,66%,48%,46,78%,47%,56 (14%),50 (12%),15% (13),27% (24),50% (44),1% (1),0% (0),5% (4),Excellent,87%,N/A,N/A,90%,0%,10%,92%,N/A,88%,94%,N/A,N/A,N/A,95%,88%,81%,85%,79%,90%,89%,92%,89%,N/A,N/A,95%,88%,94%,64%,79%,78%,79%,82%,N/A,N/A,72%,78%,88%,80%,89%,86%,83%,81%,85%,80%,80%,N/A,N/A,74%,91%,83%,83%,45%,96%,69%,42%,38%,40%,42%,N/A,N/A,50%,47%,42%,92%,98%,92%,90%,N/A,N/A,95%,98%,92%,65%,72%,60%,64%,N/A,N/A,70%,68%,62%,90%,89%,85%,88%,91%,N/A,N/A,92%,95%,87%,79%,71%,54%,79%,72%,N/A,N/A,55%,76%,75%,93%,92%,100%,95%,87%,N/A,N/A,91%,90%,85%
08X561,Bronx Compass High School,Fair,Good,Excellent,www.bronxcompass.org/,Steven Neal,"09,10,11,12,SE",410,Ed. Opt.,Local Support and Improvement,1980 Lafayette Avenue,"Bronx, NY 10473",718-828-1206,7%,28%,59%,3%,<1%,2%,11%,26%,92%,42%,58%,0%,82%,"Boys: Baseball,Basketball,Football,Outdoor Track,Soccer,Swimming,Table Tennis; Girls: Badminton,Basketball,Indoor Track,Outdoor Track,Soccer,Softball,Tennis,Volleyball; Co-Ed: N/A","National Honor Society, Student Council (Dragons of the Round Table!), Video Game Club, NYPD Explorers,Gender Sexuality Alliance (GSA), Weightlifting Club, Mental Health Awareness Club, Journalism Club, Hispanic Culture Club, Environmental Club, Mentors Club, Culinary Arts Club, Dance club, Cheerleading, Arts and Crafts Club, Music Club, Soccer Club, Drama Club, Yearbook","Filmmaking / Video, Music Technology, Visual Art, Acting, Art History",NYC Solves; Pathways Advising; Project Pivot,N/A (fewer than 5 teachers),24%,44%,N/A (fewer than 5 teachers),N/A (fewer than 5 teachers),29%,4.6,85%,57%,54%,61%,100%,N/A,80%,81%,63%,84%,66%,39,34%,56%,120 (29%),266 (65%),6% (19),27% (83),60% (187),4% (12),<1% (1),2% (6),Excellent,95%,N/A,N/A,93%,0%,7%,91%,N/A,96%,87%,N/A,N/A,N/A,94%,88%,81%,85%,79%,94%,92%,95%,95%,100%,N/A,88%,100%,92%,71%,87%,92%,84%,87%,82%,N/A,90%,84%,93%,88%,91%,90%,85%,77%,84%,81%,76%,73%,N/A,50%,85%,79%,84%,58%,96%,73%,48%,64%,46%,48%,55%,N/A,33%,59%,54%,94%,88%,92%,96%,90%,N/A,80%,94%,94%,72%,76%,63%,75%,91%,N/A,50%,82%,72%,94%,96%,100%,96%,96%,100%,N/A,80%,98%,97%,87%,88%,81%,93%,88%,75%,N/A,90%,97%,92%,98%,97%,100%,97%,97%,100%,N/A,100%,97%,97%
08X636,Virtual Innovators Academy,,Excellent,Good,www.schools.nyc.gov/schools/X636,Terri Grey,"09,10,11,12,SE",248,Open,Local Support and Improvement,916 Eagle Avenue,"Bronx, NY 10456",N/A,6%,25%,48%,<1%,<1%,14%,7%,31%,80%,56%,44%,0%,92%,"Boys: Baseball,Basketball,Cross Country,Football,Indoor Track,Outdoor Track,Soccer,Volleyball,Wrestling; Girls: Basketball,Cross Country,Indoor Track,Outdoor Track,Rugby,Soccer,Softball,Volleyball; Co-Ed: Golf","Student Government, Restorative Justice/ Peer Jury, Virtual Theater Arts and Film Making, Virtual Coding and Web Design, Virtual Anime, Digital Animation and Art Society, Podcasting, Broadcast Journalism, Drone Aviation,Gender Sexuality Alliance (GSA)","Core Music, Computer Art / Digital Art, Cartooning, Graphic Design",Future Ready NYC; NYC Solves; PROSE,25%,35%,25%,N/A (fewer than 5 teachers),N/A (fewer than 5 teachers),N/A (fewer than 5 teachers),2.2,95%,N/A,100%,96%,N/A,N/A,100%,N/A,92%,100%,100%,N/A,N/A,N/A,47 (19%),71 (29%),4% (3),35% (29),37% (31),0% (0),1% (1),18% (15),Needs Improvement,78%,N/A,N/A,79%,0%,21%,N/A,N/A,N/A,N/A,N/A,N/A,N/A,N/A,N/A,N/A,N/A,83%,98%,100%,100%,98%,N/A,N/A,89%,80%,93%,94%,96%,N/A,100%,100%,N/A,N/A,80%,N/A,N/A,95%,100%,100%,89%,89%,78%,86%,89%,N/A,N/A,100%,100%,97%,88%,66%,97%,88%,64%,33%,62%,68%,N/A,N/A,70%,60%,79%,100%,100%,100%,100%,N/A,N/A,100%,100%,100%,79%,67%,74%,83%,N/A,N/A,80%,100%,75%,94%,85%,N/A,89%,75%,N/A,N/A,100%,N/A,72%,95%,93%,N/A,90%,90%,N/A,N/A,100%,N/A,89%,92%,92%,N/A,94%,89%,N/A,N/A,100%,N/A,82%
09X227,Bronx Collegiate Academy,Good,Excellent,Good,www.bronxcollegiate.org,D White,"09,10,11,12,SE",432,Ed. Opt.,Local Support and Improvement,240 East 172 Street,"Bronx, NY 10457",718-410-4077,1%,29%,65%,1%,<1%,2%,14%,21%,93%,53%,47%,0%,94%,"Boys: Baseball,Basketball,Bowling,Cross Country,Indoor Track,Outdoor Track,Soccer,Volleyball,Wrestling; Girls: Basketball,Cross Country,Flag Football,Indoor Track,Outdoor Track,Softball,Volleyball,Wrestling; Co-Ed: N/A","Anime, BCA Band, Community Service, Cosmetology, Dance, Journalism, Mentoring Young Men, Photography,Gender Sexuality Alliance (GSA), Swimming, Video Game Club, Video Game Production, Mouse Squad, Model UN, Music Production, Student Council, Fashion, Intramural Sports, Bike Club","Mixed Media, Filmmaking / Video, Art History",Community School; Future Ready NYC; NYC Solves,N/A (fewer than 5 teachers),21%,25%,0%,0%,43%,14.5,89%,N/A,72%,75%,N/A,N/A,100%,71%,71%,87%,78%,58,61%,71%,123 (28%),164 (38%),1% (3),29% (65),64% (145),1% (3),<1% (2),3% (6),Excellent,94%,N/A,N/A,90%,0%,10%,93%,N/A,93%,93%,N/A,N/A,N/A,98%,88%,91%,N/A,88%,94%,N/A,89%,95%,N/A,N/A,100%,87%,86%,83%,94%,N/A,91%,94%,N/A,N/A,100%,76%,94%,97%,100%,100%,90%,82%,N/A,83%,81%,N/A,N/A,86%,76%,88%,86%,63%,96%,83%,57%,N/A,55%,57%,N/A,N/A,71%,56%,57%,97%,N/A,97%,97%,N/A,N/A,100%,93%,98%,86%,N/A,85%,87%,N/A,N/A,100%,76%,90%,95%,86%,N/A,84%,86%,100%,N/A,100%,89%,91%,74%,71%,N/A,72%,71%,80%,N/A,N/A,86%,83%,98%,93%,N/A,92%,94%,100%,N/A,100%,100%,95%
09X231,Eagle Academy for Young Men,Fair,Good,Good,www.eaglebronx.org/,Hector Velazquez,"06,07,08,09,10,11,12,SE",319,Ed. Opt.,Local Support and Improvement,4143 Third Avenue,"Bronx, NY 10457",718-466-8000,<1%,50%,46%,1%,<1%,<1%,5%,28%,90%,0%,100%,0%,83%,"Boys: Baseball,Basketball,Indoor Track,Wrestling; Girls: N/A; Co-Ed: N/A","Art Therapy, Barbering, BoyzIIMen Podcast Program, Culinary Arts, Financial Literacy Instruction, Free Art,Gender Sexuality Alliance (GSA), Karaoke, Student Newspaper, Student Government","Computer Art / Digital Art, Drawing, Digital Photography, Visual Art",21st Century Community Learning Center; Community School; DYCD: COMPASS/SONYC; Future Ready NYC; NYC Solves,0%,53%,26%,0%,0%,18%,9.9,76%,N/A,43%,47%,N/A,N/A,N/A,N/A,42%,90%,72%,38,16%,50%,47 (15%),62 (19%),1% (1),58% (54),38% (35),2% (2),0% (0),0% (0),Good,83%,N/A,N/A,85%,0%,15%,92%,N/A,94%,92%,N/A,N/A,N/A,N/A,92%,N/A,89%,78%,87%,N/A,82%,90%,N/A,N/A,N/A,N/A,86%,58%,77%,N/A,68%,81%,N/A,N/A,N/A,N/A,78%,81%,90%,79%,80%,75%,N/A,67%,78%,N/A,N/A,N/A,N/A,79%,94%,85%,97%,72%,54%,N/A,60%,50%,N/A,N/A,N/A,60%,61%,88%,N/A,90%,88%,N/A,N/A,N/A,80%,81%,68%,N/A,69%,64%,N/A,N/A,N/A,80%,66%,91%,83%,N/A,70%,100%,N/A,N/A,N/A,N/A,75%,87%,88%,N/A,90%,83%,N/A,N/A,N/A,N/A,75%,94%,90%,N/A,75%,100%,N/A,N/A,N/A,N/A,83%
09X241,"Urban Assembly School for Applied Math and Science, The",Good,Good,Good,AMSbronx.org,Ingrid Chung,"06,07,08,09,10,11,12,SE",303,Ed. Opt.,Local Support and Improvement,1595 Bathgate Avenue,"Bronx, NY 10457",718-466-7800,0%,27%,72%,<1%,0%,0%,11%,27%,>95%,51%,49%,0%,82%,"Boys: Baseball,Basketball,Cross Country,Soccer,Wrestling; Girls: Basketball,Cross Country,Flag Football,Softball,Wrestling; Co-Ed: Double Dutch","ACTIVITIES AMS Newspaper, AMS Art Club, DIY, Pi5NY, Student Leadership Committees, Young Men & Women Leadership Programs, SCHOOL SPORTS Cheer, Dance, Flag Football, Rowing, Soccer Club, Tennis PSAL SPORTS - COED Double Dutch, Wrestling, Volleyball PSAL SPORTS - GIRLS Basketball, Cross Country, Flag Football, Softball, Volleyball, Wrestling PSAL SPORTS - BOYS Baseball, Basketball, Cross Country, Volleyball, Wrestling","Portfolio Development, Ceramics, Fashion and Textile Design, Studio Art, Painting, Photography, Computer Art / Digital Art, Filmmaking / Video, Core Music, Mixed Media, and more",CS for All; NYC Solves; Project Pivot; PROSE,N/A (fewer than 5 teachers),21%,40%,0%,0%,29%,7,73%,N/A,41%,54%,N/A,N/A,N/A,62%,53%,86%,73%,43,61%,63%,83 (27%),61 (20%),0% (0),29% (43),70% (104),0% (0),0% (0),0% (0),Good,97%,N/A,N/A,92%,N/A,N/A,89%,N/A,95%,87%,N/A,N/A,N/A,92%,86%,64%,84%,82%,89%,N/A,82%,91%,N/A,N/A,N/A,86%,81%,66%,77%,N/A,76%,77%,N/A,N/A,N/A,75%,69%,91%,96%,93%,87%,75%,N/A,66%,78%,N/A,N/A,N/A,86%,71%,80%,39%,95%,73%,48%,N/A,54%,46%,N/A,N/A,N/A,45%,48%,89%,N/A,83%,91%,N/A,N/A,N/A,87%,92%,73%,N/A,73%,73%,N/A,N/A,N/A,70%,67%,94%,91%,N/A,93%,90%,N/A,N/A,N/A,93%,89%,92%,96%,N/A,93%,97%,N/A,N/A,N/A,93%,97%,95%,95%,N/A,96%,94%,N/A,N/A,N/A,93%,93%
09X250,Eximius College Preparatory Academy: A College Board School,Good,Good,Fair,www.eximiusprep.org/,Jonathan Daly,"09,10,11,12,SE",376,Ed. Opt.,Local Support and Improvement,1363 Fulton Avenue,"Bronx, NY 10456",718-992-7154,<1%,29%,68%,<1%,0%,2%,14%,25%,95%,48%,52%,0%,87%,"Boys: Badminton,Baseball,Basketball,Soccer; Girls: Badminton,Basketball,Soccer,Softball,Volleyball; Co-Ed: Stunt","CFES (College for Every Student),Gender Sexuality Alliance (GSA), Knitting Club, Multicultural Club, Sister's United, Boys 2 Men, School Newspaper","Three-Dimensional Art, Studio Art, Art History",NYC Solves; Project Pivot,N/A (fewer than 5 teachers),21%,29%,0%,0%,39%,14,61%,N/A,71%,81%,N/A,N/A,N/A,92%,74%,96%,93%,50,77%,80%,98 (26%),124 (33%),0% (0),27% (46),72% (123),0% (0),0% (0),1% (2),Excellent,99%,N/A,N/A,86%,0%,14%,91%,N/A,89%,91%,N/A,N/A,N/A,92%,90%,85%,93%,84%,91%,N/A,90%,90%,N/A,N/A,N/A,82%,86%,75%,87%,N/A,81%,89%,N/A,N/A,N/A,94%,87%,88%,100%,82%,88%,85%,N/A,80%,87%,N/A,N/A,N/A,83%,93%,86%,57%,95%,76%,53%,N/A,52%,53%,N/A,N/A,N/A,50%,45%,91%,N/A,89%,92%,N/A,N/A,N/A,94%,98%,72%,N/A,71%,74%,N/A,N/A,N/A,72%,84%,87%,75%,N/A,68%,79%,N/A,N/A,N/A,93%,60%,72%,70%,N/A,56%,78%,N/A,N/A,N/A,86%,71%,90%,83%,N/A,76%,89%,N/A,N/A,N/A,93%,78%
09X252,Mott Hall Bronx High School,Good,Fair,Good,sites.google.com/a/mhbx.org/mott-hall-bronx-high-school/home,Kathryn Malloy,"09,10,11,12,SE",314,Ed. Opt.,Local Support and Improvement,1595 Bathgate Avenue,"Bronx, NY 10457",718-466-6800,<1%,29%,68%,<1%,0%,<1%,6%,25%,>95%,45%,55%,0%,83%,"Boys: Baseball,Basketball,Cross Country,Soccer,Wrestling; Girls: Basketball,Cross Country,Flag Football,Softball,Wrestling; Co-Ed: Double Dutch","After School Clubs: Coding, Anime, Black Student Union, Building Ladies Up, Student Government,Gender Sexuality Alliance (GSA), STEP Team, Cheerleading Team, Double Dutch Club, Travel Club, Delta Gems, Club Track and Field, Rugby, Boys Intramural Basketball",Visual Art,NYC Solves; Project Pivot,N/A (fewer than 5 teachers),21%,31%,0%,0%,38%,13.8,79%,N/A,72%,78%,N/A,N/A,N/A,75%,71%,93%,73%,42,42%,69%,,107 (34%),<1% (1),29% (63),69% (152),<1% (2),0% (0),<1% (2),Good,99%,N/A,N/A,93%,N/A,N/A,87%,N/A,88%,86%,N/A,N/A,N/A,88%,87%,87%,59%,79%,95%,N/A,92%,96%,N/A,N/A,N/A,100%,98%,73%,89%,N/A,86%,90%,N/A,N/A,N/A,100%,88%,86%,79%,83%,87%,80%,N/A,73%,82%,N/A,N/A,N/A,92%,81%,84%,51%,96%,76%,54%,N/A,53%,55%,N/A,N/A,N/A,50%,57%,95%,N/A,87%,98%,N/A,N/A,N/A,100%,98%,76%,N/A,68%,79%,N/A,N/A,N/A,75%,73%,91%,92%,N/A,86%,94%,N/A,N/A,N/A,100%,96%,87%,90%,N/A,76%,95%,N/A,N/A,N/A,100%,88%,97%,96%,N/A,94%,96%,N/A,N/A,N/A,100%,96%
09X260,Bronx Center for Science and Mathematics,Excellent,Good,Good,www.schools.nyc.gov/schools/X260,Young Kim,"09,10,11,12,SE",383,Ed. Opt.,Local Support and Improvement,1363 Fulton Avenue,"Bronx, NY 10456",718-992-7089,6%,30%,62%,<1%,0%,1%,5%,26%,90%,38%,62%,0%,89%,"Boys: Badminton,Baseball,Basketball,Soccer; Girls: Badminton,Basketball,Soccer,Softball,Volleyball; Co-Ed: Stunt","ACTIVITIES Art, Coding, Culinary Arts, Fitness, Student Voice Club, Tutoring, Leadership, Peer Mediation, Peer Tutoring, Science Club, Student Voice Committee, Theater, Video Game Club, Yearbook, Dance, Chess, Badminton,Gender Sexuality Alliance (GSA), Music, Photography, Robotics, Anime, Ping Pong, National Honors Society, Science National Honors Society, Spanish National Honors Society PSAL SPORTS - COED Stunt PSAL SPORTS - GIRLS Badminton, Basketball, Soccer, Softball, Volleyball PSAL SPORTS - BOYS Baseball, Basketball, Soccer","Visual Art, Acting, Theater",Career Readiness and Modern Youth Apprenticeship; Future Ready NYC; NYC Solves; PROSE; Respect for All,N/A (fewer than 5 teachers),19%,23%,0%,0%,48%,4.4,84%,89%,68%,83%,N/A,N/A,N/A,100%,75%,100%,97%,58,70%,76%,103 (27%),173 (45%),6% (13),32% (66),58% (119),<1% (1),0% (0),2% (4),Good,98%,N/A,N/A,95%,N/A,N/A,96%,N/A,96%,95%,N/A,N/A,N/A,98%,93%,83%,90%,82%,94%,100%,90%,95%,N/A,N/A,N/A,87%,93%,79%,90%,85%,91%,91%,N/A,N/A,N/A,88%,91%,82%,89%,68%,89%,87%,91%,85%,88%,N/A,N/A,N/A,82%,88%,90%,64%,96%,79%,57%,68%,58%,56%,N/A,N/A,N/A,59%,60%,92%,95%,90%,93%,N/A,N/A,N/A,88%,92%,83%,82%,82%,83%,N/A,N/A,N/A,76%,87%,92%,89%,89%,94%,86%,N/A,N/A,N/A,83%,90%,83%,81%,89%,88%,76%,N/A,N/A,N/A,83%,86%,94%,93%,100%,99%,89%,N/A,N/A,N/A,83%,93%
09X263,Validus Preparatory Academy,Needs Improvement,Needs Improvement,Needs Improvement,validusprep.org,Jonathan Clayton,"09,10,11,12,SE",283,Ed. Opt.,Local Support and Improvement,1595 Bathgate Avenue,"Bronx, NY 10457",718-466-4000,0%,38%,61%,<1%,0%,<1%,13%,33%,>95%,48%,52%,0%,69%,"Boys: Baseball,Basketball,Cross Country,Soccer,Wrestling; Girls: Basketball,Cross Country,Flag Football,Softball,Wrestling; Co-Ed: Double Dutch","BuildOn, Movie Club, Fitness Club, Cooking Club, Student Government, Art Club, Yearbook Committee, Band, Talented Tenth, CREW Competitions,Gender Sexuality Alliance (GSA)","Illustration, Computer Art / Digital Art",NYC Solves; Project Pivot,N/A (fewer than 5 teachers),31%,35%,N/A (fewer than 5 teachers),N/A (fewer than 5 teachers),23%,2.2,62%,N/A,74%,74%,N/A,N/A,N/A,78%,83%,89%,58%,37,38%,42%,62 (22%),24 (8%),0% (0),44% (36),56% (46),0% (0),0% (0),0% (0),Excellent,70%,N/A,N/A,86%,0%,14%,84%,N/A,93%,78%,N/A,N/A,N/A,93%,78%,71%,57%,73%,79%,N/A,75%,80%,N/A,N/A,N/A,56%,79%,63%,83%,N/A,75%,86%,N/A,N/A,N/A,83%,83%,67%,58%,68%,85%,83%,N/A,80%,83%,N/A,N/A,N/A,76%,79%,80%,44%,92%,66%,50%,N/A,54%,49%,N/A,N/A,N/A,57%,64%,86%,N/A,85%,87%,N/A,N/A,N/A,76%,88%,70%,N/A,76%,67%,N/A,N/A,N/A,57%,70%,85%,77%,N/A,76%,77%,N/A,N/A,N/A,94%,69%,82%,81%,N/A,75%,83%,N/A,N/A,N/A,87%,84%,80%,85%,N/A,80%,88%,N/A,N/A,N/A,86%,84%
09X297,Morris Academy for Collaborative Studies,Good,Good,Excellent,www.macsx297.org,Rachel Field Dennis,"09,10,11,12,SE",444,"ASD/ACES Program, Ed. Opt.",Local Support and Improvement,1110 Boston Road,"Bronx, NY 10456",718-617-5312,<1%,27%,71%,<1%,0%,1%,14%,33%,>95%,45%,54%,<1%,87%,"Boys: Baseball,Basketball,Soccer; Girls: Badminton,Basketball,Soccer,Softball,Volleyball; Co-Ed: N/A","Extended Day / Lunch Tutoring (All Subjects), Cooking Club, Student Ambassador, Art Club, Japanese Club, Morning Gym, Robotics, Game Club, Music/Recording Studio, JROTC,Gender Sexuality Alliance (GSA), College and Career Club, Lego Club, Dance Club, Sports Club, National Honor Society, Spanish National Honor Society, Peer Group Connection","Mixed Media, Art History, Computer Art / Digital Art, Visual Art",Community School; NYC Solves,N/A (fewer than 5 teachers),26%,16%,0%,0%,47%,2.9,72%,N/A,78%,71%,N/A,N/A,N/A,74%,73%,95%,74%,46,56%,58%,92 (21%),204 (46%),0% (0),27% (60),71% (157),<1% (1),0% (0),<1% (2),Fair,96%,N/A,N/A,89%,0%,11%,85%,N/A,81%,86%,N/A,N/A,N/A,81%,89%,79%,70%,81%,93%,N/A,91%,93%,N/A,N/A,N/A,88%,93%,70%,82%,N/A,82%,82%,N/A,N/A,N/A,69%,80%,90%,95%,98%,85%,82%,N/A,79%,83%,N/A,N/A,N/A,89%,87%,82%,44%,95%,73%,50%,N/A,37%,54%,N/A,N/A,N/A,51%,57%,88%,N/A,88%,88%,N/A,N/A,N/A,85%,89%,70%,N/A,63%,74%,N/A,N/A,N/A,69%,65%,97%,96%,N/A,95%,96%,N/A,N/A,100%,94%,93%,94%,95%,N/A,96%,94%,N/A,N/A,100%,100%,91%,97%,96%,N/A,95%,96%,N/A,N/A,100%,97%,93%
09X324,Bronx Early College Academy for Teaching & Learning,Good,Good,Good,www.beca324.org/,Yvette Rivera,"06,07,08,09,10,11,12,SE",267,Screened With Assessment,Local Support and Improvement,250 East 164 Street,"Bronx, NY 10456",718-681-8287,1%,18%,78%,1%,<1%,<1%,12%,31%,>95%,49%,51%,0%,86%,"Boys: Basketball,Soccer; Girls: Badminton,Volleyball; Co-Ed: N/A",",Gender Sexuality Alliance (GSA)","Mixed Media, Studio Art",Career & Technical Education; Career Readiness and Modern Youth Apprenticeship; Community School; NYC Solves; PROSE,0%,18%,29%,0%,0%,43%,14,57%,N/A,65%,73%,N/A,N/A,N/A,78%,68%,100%,80%,53,75%,63%,,67 (25%),2% (2),13% (12),81% (78),2% (2),1% (1),0% (0),Excellent,98%,N/A,N/A,91%,N/A,N/A,97%,N/A,N/A,96%,N/A,N/A,N/A,100%,94%,N/A,85%,81%,92%,N/A,92%,94%,N/A,N/A,N/A,96%,90%,69%,80%,N/A,81%,79%,N/A,N/A,N/A,90%,82%,86%,87%,80%,83%,82%,N/A,82%,84%,N/A,N/A,N/A,70%,91%,88%,62%,97%,73%,48%,N/A,56%,48%,N/A,N/A,N/A,53%,51%,91%,N/A,89%,92%,N/A,N/A,N/A,85%,87%,68%,N/A,71%,68%,N/A,N/A,N/A,76%,66%,94%,90%,N/A,90%,91%,N/A,N/A,N/A,94%,97%,84%,87%,N/A,75%,91%,N/A,N/A,N/A,88%,94%,96%,97%,N/A,94%,99%,N/A,N/A,N/A,100%,100%
09X327,Comprehensive Model School Project M.S. 327,Good,Excellent,Good,www.schools.nyc.gov/schools/X327,Alixandre Ricci,"06,07,08,09,10,11,12,SE",379,"D75 Special Education Inclusive Services, Open",Local Support and Improvement,1501 Jerome Avenue,"Bronx, NY 10452",718-294-8111,0%,16%,82%,0%,<1%,1%,7%,24%,92%,50%,50%,0%,81%,"Boys: Baseball,Basketball,Outdoor Track; Girls: Basketball,Outdoor Track,Volleyball; Co-Ed: N/A","Greek Club, Book Club, Yearbook Club, Board Game Club, Kindness Club, Road Runners, E-Sports Club, Hydroponics, Green Team,Gender Sexuality Alliance (GSA)","Theater / Play Production, Illustration, Fashion and Textile Design, Art History, Improvisation, Core Music, Visual Art",DYCD: COMPASS/SONYC; NYC Reads; Project Pivot; PROSE,9%,28%,31%,0%,0%,28%,11,90%,N/A,47%,58%,N/A,N/A,33%,65%,51%,89%,61%,49,46%,68%,89 (23%),159 (42%),0% (0),17% (33),81% (159),0% (0),0% (0),2% (4),Needs Improvement,90%,N/A,N/A,95%,0%,5%,94%,N/A,95%,93%,N/A,N/A,N/A,97%,90%,93%,89%,85%,89%,N/A,88%,89%,N/A,N/A,86%,79%,86%,69%,81%,N/A,75%,83%,N/A,N/A,83%,82%,78%,92%,86%,94%,86%,81%,N/A,81%,81%,N/A,N/A,N/A,90%,77%,87%,55%,95%,73%,46%,N/A,40%,47%,N/A,N/A,57%,62%,46%,87%,N/A,86%,87%,N/A,N/A,71%,96%,84%,76%,N/A,77%,77%,N/A,N/A,43%,85%,76%,91%,93%,N/A,100%,92%,N/A,N/A,N/A,N/A,88%,90%,80%,N/A,75%,80%,N/A,N/A,N/A,N/A,50%,97%,98%,N/A,100%,98%,N/A,N/A,N/A,N/A,100%
09X329,DreamYard Preparatory School,Good,Good,Excellent,www.dyprep.org,Anthony Santiago,"09,10,11,12,SE",290,Ed. Opt.,Local Support and Improvement,240 East 172 Street,"Bronx, NY 10457",718-410-4242,0%,28%,68%,<1%,<1%,2%,16%,28%,>95%,54%,46%,0%,88%,"Boys: Baseball,Basketball,Bowling,Cross Country,Indoor Track,Outdoor Track,Soccer,Volleyball,Wrestling; Girls: Basketball,Cross Country,Flag Football,Indoor Track,Outdoor Track,Softball,Volleyball,Wrestling; Co-Ed: N/A","Arts Sharing After School Arts Programming: Dance, Music, Theater Production, ENL/Literacy Support, Arts & Craft, Anime/Manga Club, Music Production,Gender Sexuality Alliance (GSA), Young Men's Empowerment Group, Young Women's Empowerment Group","Visual Art, Theater, Mixed Media, Classroom Music, Dance / Introduction to Dance, Core Music, Theater / Play Production, Repertory / Dance Company",Community School; Future Ready NYC; NYC Solves,0%,22%,48%,0%,0%,22%,3.1,70%,N/A,52%,65%,N/A,N/A,N/A,81%,54%,75%,54%,42,25%,65%,47 (16%),62 (21%),0% (0),29% (26),64% (57),0% (0),1% (1),4% (4),Excellent,94%,N/A,N/A,99%,N/A,N/A,91%,N/A,N/A,86%,N/A,N/A,N/A,88%,93%,90%,84%,78%,90%,N/A,91%,90%,N/A,N/A,N/A,89%,94%,67%,83%,N/A,83%,82%,N/A,N/A,N/A,85%,76%,78%,62%,79%,87%,85%,N/A,86%,83%,N/A,N/A,N/A,93%,82%,87%,65%,94%,75%,60%,N/A,66%,58%,N/A,N/A,N/A,63%,60%,91%,N/A,86%,93%,N/A,N/A,N/A,100%,90%,72%,N/A,73%,71%,N/A,N/A,N/A,87%,67%,93%,98%,N/A,100%,97%,N/A,N/A,86%,98%,99%,97%,97%,N/A,100%,96%,N/A,N/A,100%,93%,95%,100%,99%,N/A,99%,98%,N/A,N/A,100%,100%,100%
09X365,Academy for Language and Technology,Excellent,Excellent,Excellent,www.schools.nyc.gov/schools/X365,Jose Vinales,"09,10,11,12",354,Language Criteria,Local Support and Improvement,1700 Macombs Road,"Bronx, NY 10453",718-731-0219,0%,0%,>99%,0%,0%,0%,71%,8%,>95%,45%,55%,0%,100%,"Boys: Baseball,Basketball,Soccer,Volleyball; Girls: Softball,Volleyball; Co-Ed: N/A","Girls' Group, Anime Club, Mouse Squad, Coding Club, BronxConnect",Computer Art / Digital Art,Career & Technical Education; Dual Language or TBE; NYC Solves; New Arrivals; PROSE; Respect for All,0%,0%,44%,0%,0%,44%,11.8,48%,N/A,N/A,100%,N/A,N/A,N/A,100%,100%,91%,87%,63,97%,63%,159 (45%),96 (27%),0% (0),0% (0),>99% (254),0% (0),0% (0),0% (0),Fair,100%,0%,0%,100%,0%,0%,99%,N/A,N/A,99%,N/A,N/A,N/A,98%,100%,99%,100%,94%,100%,N/A,N/A,100%,N/A,N/A,N/A,100%,100%,99%,100%,N/A,N/A,100%,N/A,N/A,N/A,100%,100%,92%,91%,91%,97%,99%,N/A,N/A,99%,N/A,N/A,N/A,99%,100%,92%,74%,97%,97%,100%,N/A,N/A,100%,N/A,N/A,N/A,100%,100%,100%,N/A,N/A,100%,N/A,N/A,N/A,100%,100%,100%,N/A,N/A,100%,N/A,N/A,N/A,100%,100%,99%,100%,N/A,N/A,100%,N/A,N/A,N/A,100%,100%,97%,93%,N/A,N/A,93%,N/A,N/A,N/A,95%,100%,100%,100%,N/A,N/A,100%,N/A,N/A,N/A,100%,100%
09X403,Bronx International High School,Good,,Excellent,www.bronxinternationalhs.com,Joaquin Vega Vargas,"09,10,11,12",431,Language Criteria,Local Support and Improvement,1110 Boston Road,"Bronx, NY 10456",718-620-1053,1%,26%,69%,2%,<1%,<1%,90%,4%,>95%,45%,55%,<1%,N/A,"Boys: Baseball,Basketball,Soccer; Girls: Badminton,Basketball,Soccer,Softball,Volleyball; Co-Ed: N/A","Culture Clubs, Media Arts Club, Yearbook Club, Unity Club.,Gender Sexuality Alliance (GSA)","Studio Art, Computer Art / Digital Art, Percussion, Guitar, Mixed Media",Career & Technical Education; Community School; Consortium; Future Ready NYC; New Arrivals; PROSE; Respect for All,30%,19%,N/A (fewer than 5 teachers),0%,0%,37%,19.2,81%,N/A,N/A,N/A,N/A,N/A,N/A,N/A,N/A,88%,76%,45,80%,32%,49 (11%),235 (55%),2% (4),28% (68),66% (160),2% (4),<1% (1),1% (3),N/A,0%,38%,63%,N/A,0%,N/A,91%,N/A,100%,86%,N/A,N/A,N/A,95%,87%,91%,N/A,N/A,N/A,N/A,N/A,N/A,N/A,N/A,N/A,N/A,N/A,N/A,N/A,N/A,N/A,N/A,N/A,N/A,N/A,N/A,N/A,N/A,59%,65%,N/A,N/A,N/A,N/A,N/A,N/A,N/A,N/A,N/A,N/A,80%,38%,95%,N/A,N/A,N/A,N/A,N/A,N/A,N/A,N/A,N/A,N/A,N/A,N/A,N/A,N/A,N/A,N/A,N/A,N/A,N/A,N/A,N/A,N/A,N/A,N/A,N/A,N/A,N/A,N/A,96%,94%,N/A,93%,94%,N/A,N/A,N/A,93%,N/A,88%,85%,N/A,74%,86%,N/A,N/A,N/A,84%,N/A,97%,98%,N/A,89%,100%,N/A,N/A,N/A,98%,N/A
09X412,Bronx High School of Business,Fair,Fair,Excellent,www.schools.nyc.gov/schools/X412,Alice Bajana Vega,"09,10,11,12,SE",292,Ed. Opt.,Local Support and Improvement,240 East 172 Street,"Bronx, NY 10457",718-410-4060,<1%,30%,66%,1%,<1%,2%,25%,27%,>95%,47%,53%,0%,85%,"Boys: Baseball,Basketball,Bowling,Cross Country,Indoor Track,Outdoor Track,Soccer,Volleyball,Wrestling; Girls: Basketball,Cross Country,Flag Football,Indoor Track,Outdoor Track,Softball,Volleyball,Wrestling; Co-Ed: N/A","Gaming Club, Yearbook Club, Basketball Morning Club, Art Club, Cosmetology, Culinary, Student Government, Self-Defense, Dance, The Queen's Cafe (young women's empowerment club)","Guitar, Music Theory / Musicianship, Drawing",Community School; CS for All; Future Ready NYC; NYC Solves,0%,29%,32%,0%,0%,36%,8.8,82%,N/A,57%,48%,N/A,N/A,67%,62%,40%,85%,85%,25,30%,49%,38 (13%),83 (28%),<1% (1),31% (36),62% (72),2% (2),<1% (1),3% (3),Fair,90%,10%,0%,87%,0%,13%,83%,N/A,94%,78%,N/A,N/A,N/A,86%,81%,87%,71%,76%,90%,N/A,94%,90%,N/A,N/A,67%,79%,92%,69%,87%,N/A,87%,87%,N/A,N/A,100%,87%,86%,85%,85%,81%,80%,75%,N/A,80%,72%,N/A,N/A,100%,75%,70%,82%,45%,96%,72%,49%,N/A,46%,47%,N/A,N/A,100%,53%,43%,92%,N/A,93%,91%,N/A,N/A,100%,88%,89%,71%,N/A,70%,71%,N/A,N/A,83%,75%,64%,93%,98%,N/A,100%,100%,N/A,N/A,N/A,100%,100%,89%,90%,N/A,82%,92%,N/A,N/A,N/A,100%,100%,99%,97%,N/A,100%,96%,N/A,N/A,N/A,100%,100%
09X413,Bronx High School for Medical Science,Good,Good,Good,www.bxmedsci.com,Sarah Lenihan,"06,07,08,09,10,11,12,SE",259,Screened,Local Support and Improvement,240 East 172 Street,"Bronx, NY 10457",718-410-4040,5%,19%,75%,<1%,0%,<1%,11%,30%,93%,54%,46%,0%,74%,"Boys: Baseball,Basketball,Bowling,Cross Country,Indoor Track,Outdoor Track,Soccer,Volleyball,Wrestling; Girls: Basketball,Cross Country,Flag Football,Indoor Track,Outdoor Track,Softball,Volleyball,Wrestling; Co-Ed: N/A","Clubs such as yearbook, film, art, ping pong, soccer, robotics,Gender Sexuality Alliance (GSA)","Music History, Musical Theater, Mixed Media, Acting",DYCD: COMPASS/SONYC; Future Ready NYC; NYC Solves; Project Pivot,N/A (fewer than 5 teachers),19%,43%,N/A (fewer than 5 teachers),N/A (fewer than 5 teachers),36%,3.8,86%,40%,37%,41%,N/A,N/A,N/A,57%,36%,77%,67%,57,77%,69%,26 (10%),112 (43%),4% (5),21% (26),73% (90),0% (0),0% (0),2% (2),Excellent,95%,N/A,N/A,90%,0%,10%,89%,N/A,N/A,86%,N/A,N/A,N/A,96%,82%,N/A,69%,77%,87%,90%,88%,86%,N/A,N/A,N/A,73%,84%,65%,80%,75%,76%,81%,N/A,N/A,N/A,71%,80%,90%,92%,100%,86%,81%,100%,81%,80%,N/A,N/A,N/A,65%,80%,91%,72%,96%,72%,47%,30%,45%,48%,N/A,N/A,N/A,48%,46%,86%,82%,92%,85%,N/A,N/A,N/A,74%,84%,68%,64%,68%,68%,N/A,N/A,N/A,65%,65%,92%,90%,N/A,100%,88%,N/A,N/A,N/A,86%,94%,90%,87%,N/A,71%,89%,N/A,N/A,N/A,100%,87%,91%,91%,N/A,100%,89%,N/A,N/A,N/A,100%,87%
09X505,"Bronx School for Law, Government and Justice",Fair,Good,Good,www.BronxLGJ.org,Vernon Johnson,"06,07,08,09,10,11,12,SE",429,Ed. Opt.,Local Support and Improvement,244 East 163 Street,"Bronx, NY 10451",718-410-3430,<1%,21%,76%,1%,<1%,<1%,7%,22%,94%,52%,48%,0%,87%,"Boys: Baseball,Basketball,Bowling,Cross Country,Indoor Track,Outdoor Track,Volleyball; Girls: Basketball,Cross Country,Indoor Track,Outdoor Track,Softball,Volleyball; Co-Ed: N/A",N/A,"Studio Art, Classroom Music, Theater Survey, Photography, Computer Art / Digital Art, Music Technology, Visual Art",DYCD: COMPASS/SONYC; NYC Solves; Project Pivot; PROSE,N/A (fewer than 5 teachers),29%,28%,0%,0%,38%,1,76%,N/A,61%,69%,100%,N/A,N/A,74%,69%,91%,80%,50,57%,74%,149 (35%),133 (31%),1% (3),23% (51),74% (164),<1% (2),<1% (1),<1% (1),Good,98%,N/A,N/A,95%,0%,5%,89%,N/A,96%,88%,N/A,N/A,N/A,88%,90%,81%,80%,79%,91%,N/A,83%,93%,100%,N/A,N/A,81%,83%,68%,84%,N/A,81%,84%,80%,N/A,N/A,69%,74%,85%,96%,87%,89%,85%,N/A,83%,85%,100%,N/A,N/A,80%,81%,89%,65%,98%,72%,51%,N/A,49%,51%,50%,N/A,N/A,59%,47%,92%,N/A,86%,94%,83%,N/A,N/A,83%,93%,74%,N/A,70%,75%,67%,N/A,N/A,63%,74%,92%,90%,N/A,86%,92%,N/A,N/A,N/A,88%,90%,89%,87%,N/A,86%,87%,N/A,N/A,N/A,94%,89%,94%,93%,N/A,94%,94%,N/A,N/A,N/A,93%,93%
09X517,Frederick Douglass Academy III Secondary School,Good,Excellent,Excellent,fdaiiibx.org,Jumel Carlos,"09,10,11,12,SE",229,Ed. Opt.,Local Support and Improvement,3630 Third Avenue,"Bronx, NY 10456",718-538-9726,0%,42%,55%,1%,0%,<1%,17%,34%,>95%,48%,52%,0%,92%,"Boys: Baseball,Basketball,Soccer; Girls: Badminton,Basketball,Volleyball; Co-Ed: N/A",National Honors Society Student Council Math Club Girls Club African Drumming Club Cosmetology Anime Club Endurance and Skills Club Sewing Club Guitar Club Endurance and Skills Club Garden Club,"Concert Band, Painting, Art History, Illustration, Ceramics, Portfolio Development",Community School; Future Ready NYC; NYC Solves,0%,48%,26%,0%,0%,22%,9.8,87%,N/A,85%,84%,N/A,N/A,N/A,81%,79%,96%,79%,36,40%,37%,13 (6%),129 (56%),0% (0),44% (64),53% (78),1% (2),0% (0),0% (0),Fair,96%,N/A,N/A,83%,0%,17%,86%,N/A,89%,83%,N/A,N/A,N/A,97%,72%,81%,73%,83%,93%,N/A,96%,93%,N/A,N/A,N/A,75%,98%,82%,95%,N/A,99%,93%,N/A,N/A,N/A,90%,91%,91%,96%,96%,94%,93%,N/A,93%,92%,N/A,N/A,N/A,95%,92%,90%,70%,96%,86%,72%,N/A,69%,76%,N/A,N/A,N/A,76%,65%,96%,N/A,96%,97%,N/A,N/A,N/A,95%,96%,86%,N/A,86%,89%,N/A,N/A,N/A,86%,84%,99%,98%,N/A,98%,98%,N/A,N/A,N/A,100%,98%,90%,88%,N/A,82%,92%,N/A,N/A,N/A,89%,98%,99%,100%,N/A,100%,100%,N/A,N/A,N/A,100%,100%
09X525,Bronx Leadership Academy High School,Fair,Good,Good,www.schools.nyc.gov/schools/X525,Courtnei Davis,"09,10,11,12,SE",370,"Ed. Opt., Open",Local Support and Improvement,1710 Webster Avenue,"Bronx, NY 10457",718-299-4274,<1%,32%,64%,2%,0%,2%,16%,35%,>95%,49%,51%,0%,81%,"Boys: Baseball,Basketball,Volleyball; Girls: Badminton,Basketball,Softball,Volleyball; Co-Ed: N/A","Scholar Government, Game Room, Dance, Film, Music Production, Scholar Internships, SYEP, WorkLearnGrow,Gender Sexuality Alliance (GSA)","Piano Keyboard, Art History, Visual Art",Community School; Future Ready NYC; NYC Solves; Pathways Advising,N/A (fewer than 5 teachers),34%,34%,0%,0%,16%,3.9,78%,N/A,68%,72%,N/A,N/A,N/A,84%,71%,80%,83%,32,49%,44%,244 (66%),133 (36%),<1% (1),31% (102),65% (216),2% (7),0% (0),1% (4),Excellent,99%,N/A,N/A,94%,0%,6%,74%,N/A,73%,72%,N/A,N/A,N/A,74%,74%,56%,78%,81%,89%,N/A,86%,89%,100%,N/A,N/A,100%,89%,68%,84%,N/A,90%,80%,100%,N/A,N/A,85%,81%,90%,93%,93%,84%,80%,N/A,78%,79%,100%,N/A,N/A,80%,87%,86%,61%,97%,74%,47%,N/A,42%,48%,100%,N/A,N/A,39%,52%,87%,N/A,85%,87%,100%,N/A,N/A,89%,89%,68%,N/A,66%,69%,60%,N/A,N/A,75%,68%,93%,90%,N/A,89%,92%,N/A,N/A,N/A,89%,93%,80%,78%,N/A,79%,77%,N/A,N/A,N/A,80%,82%,94%,92%,N/A,93%,91%,N/A,N/A,N/A,100%,94%
09X543,High School for Violin and Dance,Fair,Good,Good,www.hsvd.org,Franklin Sim,"09,10,11,12,SE",111,Ed. Opt.,Local Support and Improvement,1110 Boston Road,"Bronx, NY 10456",718-842-0687,0%,25%,70%,<1%,<1%,2%,23%,32%,>95%,76%,24%,0%,72%,"Boys: Baseball,Basketball,Soccer; Girls: Badminton,Basketball,Soccer,Softball,Volleyball; Co-Ed: N/A",Gender Sexuality Alliance (GSA),"String Orchestra, Drawing, Musical Theater, Dance",Future Ready NYC; NYC Solves; Pathways Advising,N/A (fewer than 5 teachers),N/A (fewer than 5 teachers),33%,0%,0%,33%,14.5,67%,N/A,62%,62%,N/A,N/A,N/A,69%,74%,85%,79%,33,26%,63%,36 (32%),72 (65%),0% (0),23% (18),75% (58),0% (0),0% (0),1% (1),Excellent,90%,N/A,N/A,77%,0%,23%,76%,N/A,N/A,90%,N/A,N/A,N/A,82%,N/A,N/A,N/A,71%,88%,N/A,89%,87%,N/A,N/A,N/A,80%,91%,62%,84%,N/A,84%,85%,N/A,N/A,N/A,94%,85%,87%,86%,93%,82%,71%,N/A,72%,69%,N/A,N/A,N/A,72%,67%,88%,62%,96%,65%,46%,N/A,33%,52%,N/A,N/A,N/A,50%,48%,88%,N/A,90%,86%,N/A,N/A,N/A,89%,88%,52%,N/A,48%,53%,N/A,N/A,N/A,67%,58%,94%,93%,N/A,N/A,91%,N/A,N/A,N/A,80%,N/A,80%,75%,N/A,N/A,75%,N/A,N/A,N/A,100%,N/A,97%,83%,N/A,N/A,78%,N/A,N/A,N/A,N/A,N/A
09X564,Claremont International HS,Excellent,Excellent,Good,claremontihs.org,Andria Cuello,"09,10,11,12,SE",395,Language Criteria,Local Support and Improvement,240 East 172 Street,"Bronx, NY 10457",718-410-4001,<1%,23%,73%,2%,0%,<1%,83%,7%,>95%,45%,55%,0%,93%,"Boys: Baseball,Basketball,Soccer; Girls: Basketball,Soccer,Volleyball; Co-Ed: Table Tennis",Gender Sexuality Alliance (GSA),"Studio Art, Core Music, Theater Survey, Painting, Stage Design, Stage Management, Art History, Modern band, Filmmaking / Video",Career Readiness and Modern Youth Apprenticeship; Community School; Consortium; Future Ready NYC; NYC Solves; New Arrivals; PROSE; Respect for All,0%,16%,36%,0%,0%,48%,1,71%,N/A,92%,88%,N/A,N/A,N/A,90%,80%,84%,56%,49,64%,58%,61 (15%),191 (48%),<1% (1),26% (57),70% (153),2% (4),0% (0),<1% (2),Excellent,77%,N/A,N/A,100%,0%,0%,87%,N/A,96%,85%,N/A,N/A,N/A,93%,84%,87%,N/A,89%,93%,N/A,87%,95%,N/A,N/A,N/A,93%,94%,83%,91%,N/A,89%,92%,N/A,N/A,N/A,91%,87%,95%,100%,100%,92%,89%,N/A,92%,87%,N/A,N/A,N/A,90%,83%,89%,64%,96%,87%,75%,N/A,71%,77%,N/A,N/A,N/A,74%,88%,95%,N/A,96%,95%,N/A,N/A,N/A,96%,94%,87%,N/A,78%,90%,N/A,N/A,N/A,87%,78%,93%,89%,N/A,87%,91%,N/A,N/A,N/A,89%,N/A,84%,78%,N/A,83%,76%,N/A,N/A,N/A,75%,N/A,94%,96%,N/A,93%,97%,N/A,N/A,N/A,97%,N/A
09X568,Young Women's Leadership School of the Bronx,Good,Good,Excellent,www.tywlsbronx.org,Devon Eisenberg,"06,07,08,09,10,11,12,SE",309,Screened With Assessment,Local Support and Improvement,1865 Morris Avenue,"Bronx, NY 10453",718-731-2590,4%,27%,67%,<1%,0%,<1%,6%,22%,91%,100%,0%,0%,79%,"Boys: N/A; Girls: Badminton,Basketball,Flag Football,Volleyball; Co-Ed: N/A","Basketball, Volleyball, Badminton","Core Music, Studio Art, Computer Art / Digital Art",Career Readiness and Modern Youth Apprenticeship; DYCD: COMPASS/SONYC; NYC Solves; Project Pivot; PROSE,N/A (fewer than 5 teachers),N/A (fewer than 5 teachers),25%,0%,0%,48%,6.2,82%,36%,49%,45%,N/A,N/A,N/A,58%,39%,74%,58%,65,65%,84%,98 (32%),119 (39%),3% (4),24% (36),70% (103),0% (0),0% (0),2% (3),Excellent,72%,N/A,N/A,95%,N/A,N/A,96%,N/A,95%,96%,N/A,N/A,N/A,96%,N/A,N/A,93%,83%,93%,93%,91%,93%,N/A,N/A,N/A,82%,94%,67%,80%,80%,74%,81%,N/A,N/A,N/A,79%,71%,94%,100%,92%,88%,80%,78%,83%,79%,N/A,N/A,N/A,88%,81%,88%,60%,96%,71%,49%,47%,51%,48%,N/A,N/A,N/A,55%,60%,91%,80%,83%,94%,N/A,N/A,N/A,90%,92%,68%,93%,71%,66%,N/A,N/A,N/A,61%,62%,96%,95%,100%,94%,96%,N/A,N/A,100%,97%,91%,90%,86%,82%,90%,85%,N/A,N/A,100%,87%,84%,98%,98%,100%,97%,98%,N/A,N/A,100%,100%,94%
10X141,Riverdale / Kingsbridge Academy (Middle School / High School 141),Good,Good,Good,www.rka141.org,Lori O Mara,"06,07,08,09,10,11,12,SE",675,Screened,Local Support and Improvement,660 West 237 Street,"Bronx, NY 10463",718-796-8516,5%,9%,64%,<1%,<1%,19%,7%,20%,58%,47%,53%,0%,81%,"Boys: Baseball,Basketball,Cross Country,Outdoor Track,Soccer,Wrestling; Girls: Basketball,Cross Country,Outdoor Track,Soccer,Softball,Volleyball; Co-Ed: Golf","Model UN Club, Science Olympiad, Debate, Key Club, Girls Inc., Museum Club, Social Justice Club, Black Student Union,Gender Sexuality Alliance (GSA), Outdoors Club, Sewing Club, Literary Magazine, Yearbook, Newspaper, Theatre and Advance Band","Core Music, Ceramics, Mixed Media, Classroom Music",DYCD: COMPASS/SONYC; Project Pivot,N/A (fewer than 5 teachers),14%,20%,0%,0%,57%,18.2,94%,69%,60%,59%,17%,N/A,61%,64%,62%,89%,73%,62,71%,75%,147 (22%),296 (44%),6% (23),9% (33),58% (214),<1% (3),<1% (1),24% (88),Good,90%,N/A,N/A,95%,0%,5%,94%,N/A,N/A,95%,N/A,N/A,97%,96%,93%,90%,79%,80%,91%,91%,91%,90%,83%,N/A,92%,84%,91%,68%,78%,90%,79%,77%,40%,N/A,78%,78%,76%,82%,91%,87%,84%,74%,75%,77%,73%,N/A,N/A,78%,67%,76%,93%,79%,96%,70%,47%,55%,37%,46%,0%,N/A,50%,48%,54%,90%,93%,87%,90%,83%,N/A,88%,87%,85%,75%,83%,66%,75%,33%,N/A,77%,77%,72%,90%,83%,70%,65%,89%,N/A,N/A,82%,100%,80%,86%,79%,69%,65%,83%,N/A,N/A,76%,85%,85%,93%,90%,83%,81%,92%,N/A,N/A,92%,100%,85%
10X213,Bronx Engineering and Technology Academy,Good,Good,Good,betahighschool.org,Mark House,"09,10,11,12,SE",341,"ASD/ACES Program, Ed. Opt.",Local Support and Improvement,99 Terrace View Avenue,"Bronx, NY 10463",718-563-6678,4%,26%,65%,1%,<1%,3%,12%,36%,92%,21%,79%,0%,86%,"Boys: Baseball,Basketball,Cross Country,Football,Indoor Track,Outdoor Track,Soccer,Volleyball; Girls: Basketball,Cross Country,Flag Football,Golf,Handball,Indoor Track,Outdoor Track,Soccer,Softball,Tennis,Volleyball; Co-Ed: Golf,Stunt","Student Government, Gaming Club, Entrepreneurship Club, Robotics (NYC FIRST),Gender Sexuality Alliance (GSA)","Architecture, Mixed Media",Career & Technical Education; NYC Solves; Project Pivot,15%,41%,18%,0%,0%,27%,5.4,85%,73%,69%,64%,N/A,N/A,88%,86%,57%,100%,95%,37,43%,51%,75 (22%),150 (44%),5% (8),29% (47),60% (98),<1% (1),1% (2),4% (7),Good,100%,0%,0%,89%,0%,11%,90%,N/A,91%,88%,N/A,N/A,N/A,95%,88%,86%,89%,87%,92%,92%,92%,92%,N/A,N/A,100%,93%,91%,74%,82%,100%,88%,77%,N/A,N/A,88%,93%,79%,96%,97%,97%,91%,90%,92%,95%,89%,N/A,N/A,75%,93%,84%,81%,44%,95%,79%,56%,67%,64%,51%,N/A,N/A,62%,67%,50%,91%,100%,92%,91%,N/A,N/A,88%,87%,88%,73%,67%,87%,67%,N/A,N/A,75%,73%,72%,97%,95%,93%,94%,96%,N/A,N/A,91%,92%,99%,81%,77%,71%,76%,77%,N/A,N/A,73%,78%,81%,97%,99%,100%,99%,100%,N/A,N/A,91%,100%,100%
10X225,Theatre Arts Production Company School,Fair,Fair,Good,www.tapconyc.org,Ron Link,"06,07,08,09,10,11,12,SE",340,"Audition, Ed. Opt.",Local Support and Improvement,2225 Webster Avenue,"Bronx, NY 10457",718-584-0832,0%,25%,71%,<1%,0%,<1%,6%,28%,>95%,72%,28%,0%,83%,"Boys: Baseball,Cross Country,Volleyball; Girls: Basketball,Cross Country,Softball,Volleyball; Co-Ed: N/A","Afterschool Dance, Anime/manga, Art Club, Art of Comics Club, Beyond Differences, Cooking- Food Explorers, Cheerleading Club, Crochet Club, Cultural Club- LGTQAI+ , Drumming Workshops, Esports- Minecraft, Esports- Super Smash Brothers, Farm to Table Club, Fashion, Film,Gender Sexuality Alliance (GSA), High School Play, Makeup and Beauty, Middle School Play, Middle School Social Club/Homework Help, Morning Fitness Club, Music Bands, Musical Theatre, Photography, Running Club, Self-care/yoga/meditation, Student Government, Technical Theatre Club, Television Studio Club, Theatre Lighting Design Club, Video Tech Squad, Writing Club.","Theater, Filmmaking / Video, Jazz Ensemble, Music History, Modern Dance, Drawing, Dance Technical Production, Computer Art / Digital Art, Mixed Choir, Portfolio Development, and more",Career & Technical Education; Community School; DYCD: COMPASS/SONYC; NYC Solves,10%,20%,18%,0%,0%,45%,13.5,94%,N/A,45%,65%,N/A,N/A,N/A,43%,57%,67%,57%,44,56%,61%,122 (36%),121 (36%),0% (0),27% (52),69% (131),1% (2),0% (0),2% (3),Good,98%,N/A,N/A,94%,0%,6%,85%,N/A,82%,86%,N/A,N/A,N/A,85%,86%,82%,67%,78%,93%,N/A,95%,93%,N/A,N/A,N/A,83%,93%,70%,86%,N/A,85%,86%,N/A,N/A,N/A,81%,87%,79%,78%,86%,85%,80%,N/A,78%,82%,N/A,N/A,N/A,89%,90%,83%,44%,94%,73%,55%,N/A,61%,54%,N/A,N/A,N/A,52%,53%,91%,N/A,92%,92%,N/A,N/A,N/A,85%,96%,74%,N/A,72%,75%,N/A,N/A,N/A,70%,69%,90%,88%,N/A,82%,90%,N/A,N/A,N/A,N/A,89%,87%,85%,N/A,93%,82%,N/A,N/A,N/A,N/A,93%,94%,90%,N/A,88%,91%,N/A,N/A,N/A,N/A,84%
10X228,Jonas Bronck Academy,,Excellent,Excellent,www.jonasbronckacademy.org,Brenda Gonzalez,"06,07,08,09,10,SE",140,Screened,Targeted Support and Improvement,400 East Fordham Road,"Bronx, NY 10458",718-365-2502,4%,14%,79%,<1%,0%,3%,5%,19%,92%,51%,49%,0%,65%,"Boys: Cross Country,Soccer; Girls: Cross Country,Volleyball; Co-Ed: N/A",Gender Sexuality Alliance (GSA),"Classroom Music, Dance, Theater",DYCD: COMPASS/SONYC; Project Pivot; PROSE,N/A (fewer than 5 teachers),20%,31%,0%,0%,31%,13,57%,63%,82%,78%,N/A,N/A,100%,82%,80%,100%,94%,N/A,N/A,N/A,,67 (48%),6% (4),21% (14),72% (48),0% (0),0% (0),1% (1),Excellent,93%,N/A,N/A,96%,N/A,N/A,N/A,N/A,N/A,N/A,N/A,N/A,N/A,N/A,N/A,N/A,N/A,84%,90%,82%,85%,92%,N/A,N/A,100%,100%,88%,67%,83%,75%,80%,83%,N/A,N/A,100%,87%,84%,92%,97%,100%,77%,73%,N/A,73%,75%,N/A,N/A,N/A,N/A,75%,93%,75%,100%,70%,44%,50%,43%,44%,N/A,N/A,33%,47%,52%,90%,84%,84%,92%,N/A,N/A,100%,94%,91%,66%,67%,60%,67%,N/A,N/A,75%,59%,76%,96%,95%,100%,100%,93%,N/A,N/A,100%,80%,95%,92%,85%,89%,94%,84%,N/A,N/A,67%,N/A,100%,96%,94%,100%,100%,94%,N/A,N/A,80%,N/A,95%
10X237,"The Marie Curie High School for Medicine, Nursing, and Health Professions",Fair,Excellent,Good,www.mchsbronx.org,Peta-Gaye Williams,"09,10,11,12,SE",266,Ed. Opt.,Local Support and Improvement,120 West 231 Street,"Bronx, NY 10463",718-432-6491,<1%,26%,69%,<1%,0%,3%,17%,28%,93%,76%,24%,0%,76%,"Boys: Basketball; Girls: Basketball,Flag Football,Softball; Co-Ed: N/A","Female Empowerment Group, Dance, Drama, Green Justice, Mental Health Club, NHS, Student Coucil","Studio Art, Graphic Design, Visual Art, Art History",Career Readiness and Modern Youth Apprenticeship; CS for All; Future Ready NYC; NYC Solves; Pathways Advising; Project Pivot,N/A (fewer than 5 teachers),33%,N/A (fewer than 5 teachers),N/A (fewer than 5 teachers),N/A (fewer than 5 teachers),57%,7,76%,N/A,66%,68%,N/A,N/A,67%,76%,70%,68%,58%,32,32%,68%,125 (47%),174 (65%),<1% (1),26% (50),69% (132),1% (2),0% (0),2% (4),Fair,96%,N/A,N/A,92%,N/A,N/A,75%,N/A,88%,70%,N/A,N/A,N/A,72%,83%,56%,67%,78%,94%,N/A,94%,93%,N/A,N/A,100%,83%,98%,83%,92%,N/A,96%,91%,N/A,N/A,71%,87%,91%,86%,89%,95%,90%,90%,N/A,89%,92%,N/A,N/A,57%,90%,90%,83%,54%,96%,78%,50%,N/A,52%,49%,N/A,N/A,57%,56%,49%,95%,N/A,91%,97%,N/A,N/A,100%,97%,98%,78%,N/A,76%,79%,N/A,N/A,71%,70%,84%,92%,91%,N/A,94%,90%,N/A,N/A,100%,95%,87%,78%,75%,N/A,77%,75%,N/A,N/A,80%,74%,88%,95%,94%,N/A,92%,95%,N/A,N/A,N/A,100%,85%
10X243,West Bronx Academy for the Future,Fair,Good,Excellent,www.westbronxacademy.org,Wilper Morales,"06,07,08,09,10,11,12,SE",348,Ed. Opt.,Additional Targeted Support and Improvement,500 East Fordham Road,"Bronx, NY 10458",718-563-7139,<1%,16%,81%,<1%,0%,<1%,18%,26%,>95%,51%,49%,0%,75%,"Boys: Basketball,Cross Country,Indoor Track,Outdoor Track,Swimming,Volleyball; Girls: Badminton,Basketball,Cross Country,Flag Football,Indoor Track,Outdoor Track,Soccer,Softball,Volleyball; Co-Ed: N/A","Student Council, Girls United, Young Men with No Limits, Yearbook Club, Art Club, Music Club, TDF Wendy Wasserstein Theatre Scholarship, YDDC Dance Club, Young Men in the Workplace, Unity Club, Photography Club, Gemini Student Group, Catrock Outdoor Education program, TREC Campus Band, ACDP After School Enrichment Program, After school and Saturday Regents prep, AP for All, One Goal program, Genesys Works corporate internship, Capital One Bank internship, Lifeguard training, Partnership with Gear Up at Lehman College, College Now program, Annual upstate overnight college trip, Annual senior activities like overnight trip, prom, Senior Day, many trips, etc","Painting, Music Technology, Playwriting, Visual Art",DYCD: COMPASS/SONYC; NYC Solves,N/A (fewer than 5 teachers),26%,38%,0%,0%,31%,21.2,84%,N/A,35%,36%,N/A,N/A,N/A,34%,38%,60%,54%,36,35%,66%,76 (22%),93 (27%),1% (2),17% (23),82% (113),0% (0),0% (0),0% (0),Fair,96%,N/A,N/A,90%,0%,10%,79%,N/A,88%,75%,N/A,N/A,N/A,84%,71%,59%,70%,73%,88%,N/A,88%,88%,N/A,N/A,N/A,74%,85%,59%,75%,N/A,79%,74%,N/A,N/A,N/A,71%,77%,81%,72%,89%,86%,82%,N/A,83%,81%,N/A,N/A,N/A,81%,82%,87%,65%,95%,65%,44%,N/A,46%,45%,N/A,N/A,0%,46%,56%,90%,N/A,83%,91%,N/A,N/A,80%,90%,90%,66%,N/A,71%,66%,N/A,N/A,40%,60%,73%,92%,97%,N/A,93%,97%,N/A,N/A,N/A,98%,97%,96%,95%,N/A,94%,95%,N/A,N/A,N/A,96%,96%,99%,99%,N/A,96%,100%,N/A,N/A,N/A,99%,99%
10X264,Bronx Academy for Software Engineering (BASE),Good,Fair,Good,bronxsoftware.org,Benjamin Grossman,"09,10,11,12,SE",371,Ed. Opt.,Local Support and Improvement,2474 Crotona Avenue,"Bronx, NY 10458",718-733-6024,3%,25%,66%,<1%,<1%,3%,7%,29%,93%,18%,82%,<1%,73%,"Boys: Baseball,Basketball; Girls: Softball,Volleyball; Co-Ed: N/A","Anime, Competitive Gaming,Gender Sexuality Alliance (GSA), Robotics, Chess, Student Leadership, Economic Democracy, Book Club, Fitness Club, MTG","Studio Art, Graphic Design, Portfolio Development",Career & Technical Education; NYC Solves; Project Pivot; PROSE,N/A (fewer than 5 teachers),16%,37%,0%,0%,32%,12.2,74%,67%,52%,47%,N/A,N/A,43%,50%,57%,65%,50%,50,47%,66%,66 (18%),110 (30%),4% (6),21% (30),70% (98),0% (0),<1% (1),2% (3),Excellent,96%,N/A,N/A,93%,0%,7%,82%,N/A,82%,80%,N/A,N/A,N/A,N/A,84%,75%,83%,80%,89%,71%,86%,91%,N/A,N/A,86%,67%,86%,64%,78%,100%,78%,78%,N/A,N/A,83%,62%,75%,88%,87%,91%,85%,79%,86%,74%,80%,N/A,N/A,100%,91%,83%,81%,47%,95%,74%,50%,71%,50%,50%,N/A,N/A,43%,69%,46%,91%,100%,86%,93%,N/A,N/A,100%,77%,91%,68%,100%,65%,69%,N/A,N/A,43%,92%,64%,93%,84%,N/A,84%,86%,N/A,N/A,N/A,67%,67%,79%,75%,N/A,68%,75%,N/A,N/A,N/A,50%,95%,94%,91%,N/A,94%,87%,N/A,N/A,N/A,100%,83%
10X268,Kingsbridge International High School,Fair,Fair,Good,www.kihsbx.org/,Elisia Downing,"09,10,11,12",206,Language Criteria,Comprehensive Support and Improvement,2780 Reservoir Avenue,"Bronx, NY 10468",718-329-8580,2%,3%,91%,<1%,0%,2%,92%,2%,>95%,44%,56%,0%,70%,"Boys: Baseball,Basketball,Bowling,Handball,Outdoor Track,Soccer,Volleyball; Girls: Basketball,Bowling,Outdoor Track,Softball,Swimming,Table Tennis,Volleyball; Co-Ed: N/A","Girls Inc., Gaming Club, Art Club, PSAL Baseball, PSAL Soccer, PSAL Baseball, PSAL Softball, National Honor Society, Student Government, and Campus Council.","Three-Dimensional Art, Drawing, Ceramics",NYC Solves; New Arrivals,N/A (fewer than 5 teachers),N/A (fewer than 5 teachers),65%,0%,0%,N/A (fewer than 5 teachers),3,88%,N/A,N/A,74%,N/A,N/A,N/A,78%,N/A,93%,93%,30,24%,28%,22 (11%),,9% (2),9% (2),77% (17),0% (0),0% (0),5% (1),N/A,100%,0%,0%,N/A,0%,N/A,76%,N/A,N/A,74%,N/A,N/A,N/A,91%,65%,75%,N/A,72%,82%,N/A,N/A,80%,N/A,N/A,N/A,82%,N/A,63%,79%,N/A,100%,77%,N/A,N/A,N/A,78%,N/A,81%,87%,87%,80%,79%,N/A,N/A,79%,N/A,N/A,N/A,77%,N/A,87%,56%,93%,69%,53%,N/A,N/A,51%,N/A,N/A,N/A,53%,N/A,86%,N/A,N/A,85%,N/A,N/A,N/A,86%,N/A,66%,N/A,N/A,65%,N/A,N/A,N/A,67%,N/A,91%,92%,N/A,100%,93%,N/A,N/A,60%,93%,N/A,83%,84%,N/A,N/A,85%,N/A,N/A,40%,86%,N/A,96%,94%,N/A,100%,93%,N/A,N/A,N/A,95%,N/A
10X284,Bronx School of Law and Finance,Good,Good,Excellent,www.bronxlawandfinance.org/,Jessica Goring,"09,10,11,12,SE",332,Ed. Opt.,Local Support and Improvement,99 Terrace View Avenue,"Bronx, NY 10463",718-561-0113,2%,22%,72%,<1%,<1%,2%,17%,17%,>95%,49%,51%,0%,92%,"Boys: Baseball,Basketball,Cross Country,Football,Indoor Track,Outdoor Track,Soccer,Volleyball; Girls: Basketball,Cross Country,Flag Football,Golf,Handball,Indoor Track,Outdoor Track,Soccer,Softball,Tennis,Volleyball; Co-Ed: Golf,Stunt","Moot Court, Mock Trial, Explorers Club, Gaming Club, Edible Art, Chess Club, Bracelet Making Club, Crochet Club, Homework Help, BIWOCA, Movie Club, Dance Club","Studio Art, Visual Art, Digital Photography, Mixed Media, Three-Dimensional Art, Art History",Career & Technical Education; CS for All; Future Ready NYC; NYC Solves,N/A (fewer than 5 teachers),N/A (fewer than 5 teachers),36%,0%,0%,40%,13.2,92%,80%,72%,71%,N/A,N/A,100%,68%,55%,100%,87%,41,46%,64%,53 (16%),126 (38%),3% (5),23% (35),70% (104),0% (0),<1% (1),2% (3),Fair,86%,N/A,N/A,87%,0%,13%,93%,N/A,91%,93%,N/A,N/A,N/A,97%,89%,85%,93%,82%,91%,100%,84%,92%,N/A,N/A,100%,81%,96%,81%,95%,N/A,90%,97%,N/A,N/A,100%,82%,100%,95%,100%,94%,92%,88%,100%,86%,88%,N/A,N/A,100%,70%,90%,84%,49%,95%,79%,50%,60%,60%,47%,N/A,N/A,50%,57%,48%,92%,100%,90%,92%,N/A,N/A,100%,83%,97%,79%,60%,70%,83%,N/A,N/A,100%,62%,83%,98%,98%,N/A,94%,100%,N/A,N/A,80%,100%,100%,91%,84%,N/A,90%,81%,N/A,N/A,N/A,72%,90%,99%,99%,N/A,100%,99%,N/A,N/A,N/A,95%,100%
10X342,International School for Liberal Arts,Good,Good,Good,www.schools.nyc.gov/schools/X342,Gicel Adon,"06,07,08,09,10,11,12,SE",368,Language Criteria,Comprehensive Support and Improvement,2780 Reservoir Avenue,"Bronx, NY 10468",718-329-8570,0%,0%,>99%,0%,0%,<1%,63%,9%,>95%,47%,53%,0%,91%,"Boys: Baseball,Basketball,Bowling,Handball,Outdoor Track,Soccer,Volleyball; Girls: Basketball,Bowling,Outdoor Track,Softball,Swimming,Table Tennis,Volleyball; Co-Ed: N/A",Gender Sexuality Alliance (GSA),"Studio Art, Acting, Theater / Play Production, Visual Art, Art History",Community School; Dual Language or TBE; DYCD: COMPASS/SONYC; NYC Solves; New Arrivals,N/A (fewer than 5 teachers),N/A (fewer than 5 teachers),70%,0%,0%,17%,5.6,72%,N/A,N/A,70%,N/A,N/A,N/A,73%,72%,77%,67%,43,51%,52%,73 (20%),113 (31%),0% (0),0% (0),100% (162),0% (0),0% (0),0% (0),Fair,97%,N/A,N/A,92%,N/A,N/A,90%,N/A,N/A,90%,N/A,N/A,N/A,90%,89%,89%,N/A,82%,88%,N/A,N/A,88%,N/A,N/A,N/A,86%,85%,70%,84%,N/A,N/A,84%,N/A,N/A,N/A,84%,69%,89%,95%,95%,88%,89%,N/A,N/A,89%,N/A,N/A,N/A,87%,80%,88%,59%,95%,76%,56%,N/A,N/A,56%,N/A,N/A,N/A,61%,58%,89%,N/A,N/A,89%,N/A,N/A,N/A,88%,81%,80%,N/A,N/A,80%,N/A,N/A,N/A,78%,66%,94%,92%,N/A,N/A,92%,N/A,N/A,N/A,93%,89%,88%,85%,N/A,N/A,85%,N/A,N/A,N/A,84%,74%,95%,94%,N/A,N/A,94%,N/A,N/A,N/A,93%,89%
10X351,Bronx Collaborative High School,Fair,Needs Improvement,,www.bxchs.org,Brett Schneider,"09,10,11,12,SE",435,Open,Local Support and Improvement,100 West Mosholu Parkway South,"Bronx, NY 10468",718-543-1023,2%,13%,72%,1%,<1%,2%,23%,29%,94%,50%,50%,0%,66%,"Boys: Baseball,Basketball,Cross Country,Football,Indoor Track,Outdoor Track,Soccer,Swimming,Tennis,Volleyball,Wrestling; Girls: Basketball,Bowling,Cross Country,Flag Football,Gymnastics,Handball,Indoor Track,Outdoor Track,Soccer,Softball,Swimming,Volleyball; Co-Ed: N/A",Gender Sexuality Alliance (GSA),"Drawing, Dramatic Literature, Playwriting, Illustration, Modern band, Musical Theater, Filmmaking / Video, Visual Art, Mixed Media, Graphic Design, and more",Consortium; Dual Language or TBE; Future Ready NYC; Project Pivot; PROSE,0%,15%,27%,0%,0%,56%,12.2,91%,N/A,50%,53%,N/A,N/A,N/A,67%,50%,75%,75%,29,24%,50%,261 (60%),155 (36%),2% (6),13% (41),72% (234),1% (4),<1% (2),2% (5),Excellent,82%,11%,6%,85%,0%,15%,86%,N/A,N/A,88%,N/A,N/A,N/A,88%,84%,80%,81%,73%,89%,N/A,79%,89%,N/A,N/A,N/A,89%,88%,62%,72%,N/A,86%,71%,N/A,N/A,N/A,81%,69%,70%,62%,62%,85%,77%,N/A,80%,78%,N/A,N/A,N/A,72%,82%,71%,23%,95%,63%,37%,N/A,40%,38%,N/A,N/A,N/A,41%,41%,92%,N/A,87%,92%,N/A,N/A,N/A,97%,95%,54%,N/A,80%,53%,N/A,N/A,N/A,79%,69%,N/A,69%,N/A,100%,56%,N/A,N/A,N/A,50%,73%,N/A,78%,N/A,100%,81%,N/A,N/A,N/A,57%,91%,N/A,79%,N/A,N/A,65%,N/A,N/A,N/A,80%,80%
10X353,World View High School,Good,Good,Excellent,worldviewhs.org,Martin Hernandez,"09,10,11,12,SE",627,"Ed. Opt., Language Criteria",Local Support and Improvement,100 West Mosholu Parkway South,"Bronx, NY 10468",718-601-0391,3%,16%,76%,<1%,<1%,2%,24%,16%,91%,49%,51%,0%,78%,"Boys: Baseball,Basketball,Cross Country,Football,Indoor Track,Outdoor Track,Soccer,Swimming,Tennis,Volleyball,Wrestling; Girls: Basketball,Bowling,Cross Country,Flag Football,Gymnastics,Handball,Indoor Track,Outdoor Track,Soccer,Softball,Swimming,Volleyball; Co-Ed: N/A","German, Japanese, Spanish, Debate, Business, Intro to Computer Science, Health, Anatomy, Criminal Justice, Forensic Science, Nutrition, Fitness/Weightlifting, Psychology, Journalism, Creative Writing, Current Events, Graphic Design, Film Studies, History through Film, Art History, Personal Finance, etc. Green Team, El Club de Lectura, Wellness Club, Bring Change to Mind, Origami Club, Travel Club, Multicultural Club, Board Games Club, Crochet Club, Student Government, Debate Team, Literary Arts Magazine, Poetry Club, Video Game Club, etc.","Studio Art, Computer Art / Digital Art, Digital Photography",Dual Language or TBE; NYC Solves; Project Pivot; PROSE,N/A (fewer than 5 teachers),9%,35%,0%,0%,43%,11.5,55%,60%,73%,79%,N/A,N/A,N/A,85%,57%,93%,67%,53,66%,58%,222 (35%),298 (48%),5% (18),18% (73),72% (288),1% (4),0% (0),1% (5),Excellent,92%,8%,0%,95%,N/A,N/A,96%,N/A,96%,95%,N/A,N/A,N/A,98%,93%,90%,100%,81%,95%,100%,93%,95%,N/A,N/A,100%,91%,94%,75%,90%,92%,93%,89%,N/A,N/A,80%,84%,89%,84%,88%,93%,87%,87%,100%,86%,86%,N/A,N/A,80%,78%,86%,88%,60%,97%,77%,57%,58%,56%,57%,N/A,N/A,60%,57%,51%,92%,92%,90%,93%,N/A,N/A,60%,83%,93%,73%,77%,67%,74%,N/A,N/A,80%,80%,70%,95%,97%,88%,96%,97%,N/A,N/A,N/A,99%,98%,93%,93%,88%,89%,94%,N/A,N/A,N/A,98%,94%,98%,98%,100%,98%,98%,N/A,N/A,N/A,99%,94%
10X368,In-Tech Academy (M.S. / High School 368),Good,Good,Fair,www.in-techacademy.org,David Weissberg,"06,07,08,09,10,11,12,SE",536,Screened With Assessment,Local Support and Improvement,2975 Tibbett Avenue,"Bronx, NY 10463",718-432-4300,2%,7%,88%,<1%,<1%,3%,11%,21%,87%,46%,54%,0%,85%,"Boys: Baseball,Basketball,Outdoor Track,Soccer; Girls: Basketball,Outdoor Track,Softball,Volleyball; Co-Ed: N/A","After school and Saturday Academy College Advisory SAT Test Prep Clubs: National Honor Society, Debate, Media, Student Government, Chess, Mouse Squad, E-Sports, GEAR-UP, Leadership, Youth Court Middle School CBO: Riverdale Neighborhood House PSAL SPORTS - GIRLS Basketball, Outdoor Track, Softball, Volleyball PSAL SPORTS - BOYS Baseball, Basketball, Soccer,Gender Sexuality Alliance (GSA)","Mixed Media, Concert Band, Guitar, Art History, Painting, Fashion and Textile Design",Career & Technical Education; Dual Language or TBE; DYCD: COMPASS/SONYC; Future Ready NYC,N/A (fewer than 5 teachers),21%,34%,0%,0%,33%,4,84%,64%,51%,52%,N/A,N/A,50%,62%,59%,92%,74%,55,73%,74%,116 (22%),125 (23%),2% (4),8% (17),86% (191),1% (3),<1% (1),2% (5),Excellent,95%,6%,0%,97%,0%,3%,96%,N/A,N/A,96%,N/A,N/A,N/A,98%,95%,93%,96%,77%,89%,85%,89%,90%,N/A,N/A,83%,85%,85%,66%,77%,86%,71%,77%,N/A,N/A,76%,75%,74%,81%,83%,86%,90%,86%,67%,87%,86%,N/A,N/A,83%,50%,79%,91%,73%,95%,71%,44%,50%,36%,45%,N/A,N/A,35%,50%,50%,89%,93%,84%,89%,N/A,N/A,94%,87%,83%,76%,71%,68%,77%,N/A,N/A,65%,70%,77%,88%,82%,N/A,100%,80%,N/A,N/A,100%,85%,78%,84%,79%,N/A,50%,82%,N/A,N/A,80%,85%,88%,92%,88%,N/A,100%,88%,N/A,N/A,80%,100%,89%
10X374,Knowledge and Power Preparatory Academy International High School (Kappa),Good,Good,Good,www.kappainternational.org,Katheryn Fierman,"09,10,11,12,SE",458,Ed. Opt.,Local Support and Improvement,500 East Fordham Road,"Bronx, NY 10458",718-933-1247,2%,22%,69%,1%,<1%,5%,12%,24%,92%,55%,45%,0%,88%,"Boys: Basketball,Cross Country,Indoor Track,Outdoor Track,Swimming,Volleyball; Girls: Badminton,Basketball,Cross Country,Flag Football,Indoor Track,Outdoor Track,Soccer,Softball,Volleyball; Co-Ed: N/A","KAPPA Student Government Organization (SGO), Mentoring in Medicine, KAPPA Dance Team,Gender Sexuality Alliance (GSA), KAPPA Art Club, Drama Club, KAPPA Peer Mentoring, Junior Reserve Officers' Training Corps (JROTC), RockEDU at Rockefeller University, Bronx Institute GEAR UP, After School Program at the American Museum of Natural History, Fordham University Instep Program, Center for Urban Pedagogy Program, Woodland Ecology Research Mentorship, College Now at Bronx Community College, Bronx Community College STEP Program, NYC Ladders for Leaders, Madison Square Boys and Girls Club, GENESYS Works, SALTZ and SRMP Internship at the American Museum of Natural History, NYC Botanical Garden, Architect, Construction, Engineering Internship (ACE), Wildlife Conservation Society at the Bronx Zoo Internship, Simpson Thacher & Bartlett LLP Internship, Lifeguard Training, LAZAR Summer Academy, COOP Tech, Enrichment Opportunities (SAT Regents Prep, College Trips, Library Internship), Capital One Internship, CIEE Global Trips","Theater / Play Production, Studio Art",CS for All; NYC Solves; PROSE,N/A (fewer than 5 teachers),N/A (fewer than 5 teachers),24%,N/A (fewer than 5 teachers),0%,55%,4,67%,88%,54%,60%,40%,N/A,57%,65%,50%,83%,69%,48,65%,68%,,150 (33%),1% (3),26% (78),65% (192),1% (4),<1% (1),5% (14),Excellent,100%,0%,0%,80%,0%,20%,94%,N/A,96%,92%,N/A,N/A,N/A,95%,91%,100%,95%,83%,92%,88%,92%,92%,100%,N/A,85%,88%,89%,74%,82%,86%,86%,82%,60%,N/A,70%,77%,83%,88%,92%,94%,89%,86%,67%,92%,84%,N/A,N/A,86%,80%,86%,84%,49%,94%,78%,63%,56%,67%,62%,N/A,N/A,59%,61%,62%,89%,78%,91%,88%,100%,N/A,91%,88%,88%,78%,89%,77%,78%,100%,N/A,73%,75%,72%,90%,90%,89%,85%,93%,100%,N/A,73%,91%,91%,84%,83%,78%,85%,83%,100%,N/A,82%,87%,83%,93%,93%,71%,98%,92%,80%,N/A,100%,98%,99%
10X433,High School for Teaching and the Professions,Good,Excellent,Excellent,www.teachingandprofessionshs.org/,Alvin Simpson,"09,10,11,12,SE",327,"ASD/ACES Program, Ed. Opt.",Local Support and Improvement,2780 Reservoir Avenue,"Bronx, NY 10468",718-329-7380,2%,15%,81%,<1%,<1%,<1%,24%,30%,>95%,50%,50%,0%,80%,"Boys: Baseball,Basketball,Bowling,Handball,Outdoor Track,Soccer,Volleyball; Girls: Basketball,Bowling,Outdoor Track,Softball,Swimming,Table Tennis,Volleyball; Co-Ed: N/A",Peer Group Connection Student Council Girl Talk My Brother's Keeper Gender Sexuality Alliance (GSA) Swim Club Video Game Club Science Club Yearbook Club Book Club Chess Club Dance Club Anime Club Fitness Club Newsletter Club T&P Fun Fridays,"Mixed Media, Filmmaking / Video",Community School; Dual Language or TBE; Future Ready NYC; NYC Solves; PROSE,N/A (fewer than 5 teachers),N/A (fewer than 5 teachers),47%,0%,0%,36%,1,86%,N/A,83%,67%,N/A,N/A,N/A,81%,70%,95%,80%,34,23%,69%,45 (14%),132 (40%),2% (4),16% (31),79% (148),0% (0),<1% (1),1% (2),Excellent,100%,0%,0%,97%,N/A,N/A,78%,N/A,N/A,79%,N/A,N/A,N/A,82%,72%,76%,64%,81%,94%,N/A,96%,94%,N/A,N/A,N/A,100%,94%,75%,87%,N/A,96%,85%,N/A,N/A,N/A,88%,86%,93%,90%,95%,88%,86%,N/A,96%,84%,N/A,N/A,N/A,91%,83%,89%,67%,95%,76%,47%,N/A,42%,48%,N/A,N/A,N/A,55%,48%,93%,N/A,92%,93%,N/A,N/A,N/A,97%,96%,77%,N/A,88%,75%,N/A,N/A,N/A,91%,80%,97%,95%,N/A,97%,94%,N/A,N/A,N/A,97%,96%,93%,89%,N/A,83%,90%,N/A,N/A,N/A,90%,92%,99%,100%,N/A,100%,99%,N/A,N/A,N/A,100%,100%
10X434,Belmont Preparatory High School,Good,Good,Good,www.belmontprephs.org,Stephen Gumbs,"09,10,11,12,SE",329,Screened,Local Support and Improvement,500 East Fordham Road,"Bronx, NY 10458",718-733-4559,<1%,22%,73%,1%,0%,2%,16%,23%,94%,50%,50%,0%,79%,"Boys: Basketball,Cross Country,Indoor Track,Outdoor Track,Swimming,Volleyball; Girls: Badminton,Basketball,Cross Country,Flag Football,Indoor Track,Outdoor Track,Soccer,Softball,Volleyball; Co-Ed: N/A","Cheerleading, Step Program","Mixed Media, Computer Art / Digital Art",Career Readiness and Modern Youth Apprenticeship; Future Ready NYC; NYC Solves,N/A (fewer than 5 teachers),N/A (fewer than 5 teachers),23%,0%,0%,46%,0,77%,N/A,43%,38%,N/A,N/A,0%,36%,45%,75%,62%,58,59%,88%,45 (14%),126 (38%),<1% (1),20% (33),76% (127),<1% (1),0% (0),2% (4),Excellent,97%,N/A,N/A,89%,N/A,N/A,96%,N/A,N/A,94%,N/A,N/A,N/A,100%,91%,91%,93%,81%,84%,N/A,85%,84%,N/A,N/A,80%,75%,86%,72%,80%,N/A,83%,80%,N/A,N/A,N/A,67%,73%,91%,96%,92%,84%,80%,N/A,81%,80%,N/A,N/A,N/A,76%,91%,85%,52%,96%,71%,38%,N/A,39%,38%,N/A,N/A,20%,37%,49%,85%,N/A,86%,85%,N/A,N/A,80%,71%,90%,59%,N/A,57%,61%,N/A,N/A,40%,55%,70%,91%,84%,N/A,85%,84%,N/A,N/A,N/A,89%,85%,80%,77%,N/A,85%,75%,N/A,N/A,N/A,77%,82%,94%,90%,N/A,90%,91%,N/A,N/A,N/A,93%,97%
10X437,Fordham High School for the Arts,Excellent,Excellent,Excellent,www.fordhamhighschoolforthearts.org,Michael Johnson,"09,10,11,12,SE",351,Audition,Local Support and Improvement,500 East Fordham Road,"Bronx, NY 10458",718-733-4656,3%,27%,66%,1%,<1%,1%,2%,18%,80%,77%,23%,0%,91%,"Boys: Basketball,Cross Country,Indoor Track,Outdoor Track,Swimming,Volleyball; Girls: Badminton,Basketball,Cross Country,Flag Football,Indoor Track,Outdoor Track,Soccer,Softball,Volleyball; Co-Ed: N/A","Building Brothers (MBK), Soaring Sisters (MSK),Gender Sexuality Alliance (GSA), RUOK, Gaming Club, Computer Science Club (Project Invent), KPop Club, Dance Team, Debate Team, SAT and ACT Exam Preparation, Student Council, and the National Honor Society","Theater History, Acting, Visual Art, Studio Art, Voice and Diction, Ballet, Art History, Music Theory / Musicianship, Theater / Play Production, Theater Survey, and more",Career & Technical Education; Career Readiness and Modern Youth Apprenticeship; CS for All; Future Ready NYC; NYC Solves; PROSE,0%,20%,17%,0%,0%,57%,5,53%,20%,40%,53%,N/A,N/A,N/A,N/A,56%,66%,48%,76,99%,83%,221 (63%),157 (45%),3% (9),28% (74),65% (173),1% (3),<1% (1),1% (4),Excellent,100%,0%,0%,100%,0%,0%,98%,N/A,96%,98%,N/A,N/A,N/A,98%,96%,N/A,96%,85%,95%,100%,96%,94%,N/A,N/A,N/A,100%,85%,82%,90%,100%,84%,91%,N/A,N/A,N/A,100%,87%,89%,100%,93%,90%,87%,100%,86%,88%,N/A,N/A,N/A,86%,90%,91%,76%,96%,76%,62%,58%,62%,63%,N/A,N/A,N/A,43%,64%,93%,100%,91%,93%,N/A,N/A,N/A,100%,87%,76%,75%,74%,77%,N/A,N/A,N/A,83%,75%,97%,98%,100%,98%,98%,N/A,N/A,N/A,100%,100%,97%,97%,100%,98%,97%,N/A,N/A,N/A,100%,100%,99%,99%,100%,100%,99%,N/A,N/A,N/A,100%,100%
10X438,Fordham Leadership Academy,Good,,Good,www.fordhamleadership.com,Fiorella Cabrejos,"09,10,11,SE",365,Ed. Opt.,Local Support and Improvement,500 East Fordham Road,"Bronx, NY 10458",718-733-5024,1%,24%,70%,2%,0%,3%,9%,22%,93%,54%,46%,0%,82%,"Boys: Basketball,Cross Country,Indoor Track,Outdoor Track,Swimming,Volleyball; Girls: Badminton,Basketball,Cross Country,Flag Football,Indoor Track,Outdoor Track,Soccer,Softball,Volleyball; Co-Ed: N/A","Peer Group Connection, The Leadership Program, Student Leadership Network, College Bridge Cafe, Student Council, Community Service,Gender Sexuality Alliance (GSA)","Studio Art, Three-Dimensional Art, Painting, Art History",Career Readiness and Modern Youth Apprenticeship; Community School; Future Ready NYC; NYC Solves,0%,N/A (fewer than 5 teachers),45%,0%,0%,41%,10.2,52%,N/A,52%,62%,33%,N/A,71%,82%,46%,88%,50%,44,32%,70%,212 (58%),180 (49%),<1% (3),24% (71),70% (212),2% (6),0% (0),3% (9),Fair,99%,N/A,N/A,96%,N/A,N/A,99%,N/A,100%,98%,N/A,N/A,N/A,100%,97%,N/A,100%,N/A,93%,N/A,93%,93%,83%,N/A,86%,88%,91%,N/A,84%,N/A,75%,87%,100%,N/A,67%,93%,74%,N/A,88%,88%,N/A,87%,N/A,89%,86%,100%,N/A,86%,95%,80%,89%,65%,95%,N/A,58%,N/A,52%,59%,17%,N/A,86%,74%,53%,92%,N/A,83%,95%,100%,N/A,86%,89%,85%,75%,N/A,73%,77%,50%,N/A,71%,89%,70%,87%,93%,N/A,94%,92%,100%,N/A,100%,97%,91%,95%,96%,N/A,95%,96%,100%,N/A,86%,100%,94%,97%,94%,N/A,91%,95%,100%,N/A,88%,97%,94%
10X439,Bronx High School for Law and Community Service,Good,Excellent,Good,www.bronxlawhs.org,Michael Barakat,"09,10,11,12,SE",360,Ed. Opt.,Local Support and Improvement,500 East Fordham Road,"Bronx, NY 10458",718-733-5274,3%,19%,74%,1%,0%,4%,8%,25%,92%,57%,43%,0%,88%,"Boys: Basketball,Cross Country,Indoor Track,Outdoor Track,Swimming,Volleyball; Girls: Badminton,Basketball,Cross Country,Flag Football,Indoor Track,Outdoor Track,Soccer,Softball,Volleyball; Co-Ed: N/A","Art Club, Athena Club/ Women of Strength, Badminton Club, Book Club, Dance Club, Empowerment for Women, Film Club, JROTC, Journalism Club, Men of Strength, Moot Court/ Mock Trial, Track Club/Team, Volleyball Club","Studio Art, Concert Band, Filmmaking / Video, Piano Keyboard",Career & Technical Education; Career Readiness and Modern Youth Apprenticeship; NYC Solves; PROSE,N/A (fewer than 5 teachers),15%,18%,0%,0%,52%,15,100%,78%,57%,64%,N/A,N/A,50%,91%,62%,90%,79%,52,46%,72%,106 (29%),90 (25%),4% (7),16% (26),74% (118),<1% (1),0% (0),4% (7),Excellent,93%,7%,0%,99%,N/A,N/A,94%,N/A,92%,95%,N/A,N/A,N/A,96%,93%,88%,83%,82%,93%,89%,94%,93%,N/A,N/A,89%,88%,91%,77%,89%,89%,87%,91%,N/A,N/A,70%,96%,89%,90%,93%,86%,90%,87%,78%,95%,85%,N/A,N/A,91%,93%,87%,90%,65%,96%,75%,42%,44%,44%,40%,N/A,N/A,60%,65%,45%,94%,100%,91%,95%,N/A,N/A,100%,93%,89%,76%,67%,73%,77%,N/A,N/A,80%,77%,72%,94%,94%,N/A,91%,94%,N/A,N/A,100%,100%,96%,85%,93%,N/A,95%,93%,N/A,N/A,100%,100%,93%,96%,95%,N/A,94%,95%,N/A,N/A,N/A,100%,96%
10X440,DeWitt Clinton High School,Good,Good,Excellent,DeWittClintonHS.com,Pierre Orbe,"09,10,11,12,SE",1219,"D75 Special Education Inclusive Services, Ed. Opt., Language Criteria, Screened",Local Support and Improvement,100 West Mosholu Parkway South,"Bronx, NY 10468",718-543-1000,6%,26%,61%,2%,<1%,3%,9%,21%,89%,47%,53%,0%,95%,"Boys: Baseball,Basketball,Cross Country,Football,Indoor Track,Outdoor Track,Soccer,Swimming,Tennis,Volleyball,Wrestling; Girls: Basketball,Bowling,Cross Country,Flag Football,Gymnastics,Handball,Indoor Track,Outdoor Track,Soccer,Softball,Swimming,Volleyball; Co-Ed: N/A","Paid Internships with Industry Partners after school,Gender Sexuality Alliance (GSA)","Classroom Music, Visual Art, Guitar, Printmaking, Choreography / Dance Composition",Career & Technical Education; Career Readiness and Modern Youth Apprenticeship; Community School; Future Ready NYC; NYC Solves,N/A (fewer than 5 teachers),20%,30%,N/A (fewer than 5 teachers),0%,39%,8.6,63%,85%,79%,71%,77%,88%,67%,83%,65%,89%,69%,58,85%,63%,460 (38%),401 (33%),8% (65),27% (231),58% (495),2% (16),1% (11),3% (24),Fair,96%,N/A,N/A,90%,0%,10%,95%,93%,97%,95%,N/A,N/A,N/A,97%,94%,82%,89%,77%,95%,95%,98%,94%,100%,75%,80%,89%,91%,74%,87%,81%,94%,84%,93%,100%,79%,85%,80%,83%,94%,81%,89%,84%,86%,89%,83%,100%,62%,58%,84%,85%,91%,71%,97%,78%,56%,59%,58%,55%,60%,38%,63%,38%,58%,96%,100%,97%,96%,93%,75%,89%,94%,93%,80%,81%,82%,80%,73%,50%,89%,80%,78%,94%,96%,98%,98%,94%,92%,89%,100%,96%,97%,92%,89%,86%,93%,87%,100%,78%,100%,92%,95%,96%,95%,98%,96%,94%,100%,88%,100%,96%,97%
10X442,"Celia Cruz Bronx High School of Music, The",Excellent,Excellent,Good,www.celiacruzschool.org/,Vern Ram,"09,10,11,12,SE",407,Audition,Local Support and Improvement,2780 Reservoir Avenue,"Bronx, NY 10468",718-329-8550,2%,27%,67%,0%,0%,<1%,3%,19%,83%,60%,40%,0%,90%,"Boys: Baseball,Basketball,Bowling,Handball,Outdoor Track,Soccer,Volleyball; Girls: Basketball,Bowling,Outdoor Track,Softball,Swimming,Table Tennis,Volleyball; Co-Ed: N/A",Restorative Justice League Culinary Arts Cosmetology My Sister's Keeper My Brother's Keeper GSA (Gender Sexuality Alliance) Real Estate & Marketing Gospel Choir Celia Cruz Steppers Game Design Club Robotics National Honors Society (NHS) Student Council Restorative Justice Youth Council Mastering AI Club Chess Club Science Research Club,"Piano Keyboard, Music Theory / Musicianship, Symphonic Orchestra, Opera, Concert Band, Mixed Choir, Jazz Ensemble, String Orchestra, Classroom Music, Woodwind Ensemble, and more",Future Ready NYC; NYC Solves; Respect for All,N/A (fewer than 5 teachers),27%,33%,N/A (fewer than 5 teachers),N/A (fewer than 5 teachers),33%,1.6,97%,86%,58%,62%,N/A,N/A,N/A,78%,64%,85%,56%,69,96%,74%,169 (42%),177 (43%),3% (7),29% (77),66% (173),0% (0),0% (0),<1% (2),Fair,100%,0%,0%,84%,0%,16%,100%,N/A,100%,100%,N/A,N/A,N/A,100%,100%,N/A,100%,87%,96%,100%,95%,97%,N/A,N/A,N/A,100%,96%,81%,90%,100%,92%,88%,N/A,N/A,N/A,100%,88%,92%,91%,94%,90%,87%,90%,83%,88%,N/A,N/A,N/A,91%,91%,95%,87%,97%,80%,60%,70%,59%,61%,N/A,N/A,N/A,73%,56%,95%,100%,95%,94%,N/A,N/A,N/A,91%,99%,81%,90%,75%,82%,N/A,N/A,N/A,80%,76%,92%,89%,100%,94%,87%,N/A,N/A,N/A,N/A,96%,87%,81%,80%,86%,78%,N/A,N/A,N/A,N/A,85%,97%,94%,100%,100%,92%,N/A,N/A,N/A,N/A,100%
10X445,The Bronx High School of Science,Excellent,Excellent,Good,bxscience.edu,Marian Hoyle,"09,10,11,12",2953,Test,Local Support and Improvement,75 West 205 Street,"Bronx, NY 10468",718-817-7700,60%,5%,10%,<1%,<1%,20%,0%,1%,45%,46%,54%,<1%,95%,"Boys: Badminton,Baseball,Basketball,Bowling,Cross Country,Fencing,Handball,Indoor Track,Lacrosse,Outdoor Track,Soccer,Swimming,Table Tennis,Tennis,Volleyball,Wrestling; Girls: Badminton,Basketball,Bowling,Cross Country,Fencing,Flag Football,Golf,Gymnastics,Handball,Indoor Track,Lacrosse,Outdoor Track,Soccer,Softball,Swimming,Table Tennis,Tennis,Volleyball,Wrestling; Co-Ed: Cricket,Golf","Student Diversity Committee,Gender Sexuality Alliance (GSA), Sexual Assault Prevention Board, Drama (Play/Musical), Mock Trial, Model UN, Robotics (Sciborgs/FeMaidens), S!NG, Speech and Debate, Business Society, DECA, Entrepreneurship Club, Get Your Life Together Club (GYLT), Investment Society, Pre-Medical Society, East Asian Entertainment Club, Filipino Culture Club, French Culture Club, Hindi Cinema Club, Japanese Culture Club, Italian Club, Jewish Student Union, Muslim Students' Association, Latin Club, Lunar New Year Productions, Martial Arts Culture Club, NASHA of Culture, Seekers Christian Fellowship, Vivo Latino, World Culture Cooking Club, E-Sports Club, Chess Club, Dungeons and Dragons, A Cappella Club, Bronx Science Fashion Show, Chamber Music, Crafts for Humanity, DIY Club, Edible Arts, Film Production Club, Jazz Club, Starving Artists Society, Painting Club, Dynamo Literary Magazine, Exposition, Journal of Biology (JOB), Astronomy Club, BioEthics, Bronx Science Hackers, Science Olympiad, Machine Learning Club, Amnesty International, Best Buddies Bronx Science, Current Events Forum, Helping out NYC's Youth, Key Club, LEAP (League of Environmental and Animal Protection) Club, Mental Health Association, National Organization for Women, Red Cross Club, Unicef","Music History, Studio Art, Art History, Acting, Photography, Concert Band, Symphonic Orchestra, Music Technology, Graphic Design, Mixed Choir, and more",Respect for All,18%,N/A (fewer than 5 teachers),11%,0%,0%,66%,4.9,89%,70%,75%,79%,62%,80%,74%,N/A,78%,86%,85%,96,100%,95%,1962 (66%),1697 (57%),62% (1674),5% (143),9% (256),<1% (15),<1% (13),19% (530),Excellent,100%,0%,0%,92%,N/A,N/A,100%,99%,100%,100%,N/A,N/A,100%,100%,99%,N/A,92%,86%,96%,95%,95%,96%,93%,90%,96%,N/A,90%,85%,93%,92%,93%,96%,88%,100%,96%,N/A,95%,86%,94%,90%,87%,80%,81%,82%,77%,69%,90%,77%,N/A,69%,96%,90%,96%,77%,57%,58%,52%,54%,40%,40%,62%,N/A,61%,95%,96%,95%,95%,81%,100%,93%,N/A,93%,84%,84%,75%,79%,67%,80%,89%,N/A,77%,88%,86%,88%,87%,83%,N/A,N/A,84%,N/A,77%,78%,59%,58%,64%,58%,N/A,N/A,61%,N/A,63%,95%,93%,95%,92%,90%,N/A,N/A,92%,N/A,89%
10X477,Marble Hill High School for International Studies,Excellent,Good,Good,www.marblehillschool.org,Kirsten Larson,"09,10,11,12,SE",399,"Language Criteria, Screened",Local Support and Improvement,99 Terrace View Avenue,"Bronx, NY 10463",718-561-0973,7%,12%,76%,<1%,<1%,4%,31%,18%,92%,50%,50%,<1%,85%,"Boys: Baseball,Basketball,Cross Country,Football,Indoor Track,Outdoor Track,Soccer,Volleyball; Girls: Basketball,Cross Country,Flag Football,Golf,Handball,Indoor Track,Outdoor Track,Soccer,Softball,Tennis,Volleyball; Co-Ed: Golf,Stunt","Clubs International Poetry Club, Model UN, Coding Club,Gender Sexuality Alliance (GSA), The Black Student Union (BSU), Chess club, Student Union, Art club, Math club, and Foodies Club, iMentor, Saturday Academy, After School Tutoring, Summer Pre-College Programs at Cornell, NYU, Marist, Tufts, Skidmore, Syracuse","Studio Art, Acting, Percussion, Choreography / Dance Composition, Graphic Design, Filmmaking / Video, Mixed Choir, Guitar, Fashion and Textile Design",NYC Solves; New Arrivals; PROSE,15%,N/A (fewer than 5 teachers),32%,0%,0%,47%,18,91%,56%,61%,64%,N/A,N/A,64%,66%,62%,70%,52%,63,71%,76%,136 (34%),144 (36%),9% (17),16% (30),69% (133),<1% (1),<1% (1),5% (10),Excellent,91%,N/A,N/A,96%,N/A,N/A,96%,88%,N/A,97%,N/A,N/A,N/A,100%,93%,94%,94%,80%,88%,96%,90%,87%,N/A,N/A,86%,84%,84%,72%,85%,92%,93%,82%,N/A,N/A,86%,77%,80%,86%,79%,94%,88%,84%,96%,91%,81%,N/A,N/A,100%,80%,76%,92%,71%,95%,72%,42%,35%,41%,42%,N/A,N/A,50%,48%,43%,89%,100%,84%,89%,N/A,N/A,93%,83%,76%,69%,69%,68%,68%,N/A,N/A,79%,61%,63%,92%,91%,87%,88%,92%,N/A,N/A,100%,98%,90%,82%,79%,43%,67%,84%,N/A,N/A,71%,84%,90%,95%,96%,85%,92%,97%,N/A,N/A,100%,100%,100%
10X524,Crotona International High School,Good,Good,Excellent,www.crotonaihs.org/,Shweta Ratra,"09,10,11,12",357,Language Criteria,Local Support and Improvement,2474 Crotona Avenue,"Bronx, NY 10458",718-561-8701,<1%,9%,89%,<1%,0%,1%,96%,3%,>95%,46%,54%,0%,85%,"Boys: Baseball,Basketball; Girls: Softball,Volleyball; Co-Ed: N/A",Gender Sexuality Alliance (GSA),"Art History, Graphic Design, Photography, Computer Art / Digital Art",Career & Technical Education; Consortium; Future Ready NYC; NYC Solves; New Arrivals; PROSE,26%,N/A (fewer than 5 teachers),30%,0%,0%,26%,10,52%,N/A,91%,73%,N/A,N/A,N/A,74%,80%,92%,84%,54,92%,36%,15 (4%),83 (23%),<1% (1),3% (4),95% (124),0% (0),0% (0),<1% (1),N/A,N/A,N/A,0%,N/A,0%,N/A,92%,N/A,N/A,91%,N/A,N/A,N/A,93%,91%,92%,N/A,82%,87%,N/A,71%,88%,N/A,N/A,N/A,86%,100%,69%,83%,N/A,76%,83%,N/A,N/A,N/A,82%,88%,93%,92%,92%,87%,82%,N/A,95%,81%,N/A,N/A,N/A,82%,88%,88%,58%,96%,73%,45%,N/A,61%,43%,N/A,N/A,N/A,45%,75%,85%,N/A,88%,84%,N/A,N/A,N/A,85%,100%,64%,N/A,68%,64%,N/A,N/A,N/A,63%,62%,98%,100%,N/A,100%,100%,N/A,N/A,N/A,100%,100%,87%,91%,N/A,76%,93%,N/A,N/A,N/A,92%,100%,99%,100%,N/A,100%,100%,N/A,N/A,N/A,100%,100%
10X546,Bronx Theatre High School,Fair,Good,Excellent,www.bxtheatre.org/,Amanda Colon,"09,10,11,12,SE",219,Ed. Opt.,Local Support and Improvement,99 Terrace View Avenue,"Bronx, NY 10463",718-329-2902,0%,28%,68%,<1%,0%,2%,12%,33%,94%,58%,42%,<1%,92%,"Boys: Baseball,Basketball,Cross Country,Football,Indoor Track,Outdoor Track,Soccer,Volleyball; Girls: Basketball,Cross Country,Flag Football,Golf,Handball,Indoor Track,Outdoor Track,Soccer,Softball,Tennis,Volleyball; Co-Ed: Golf,Stunt","Our Lunch is Booked Club, Anime & Video Game Club, Step Team, Guitar Club, African Dance Club, Black Pearl, National Honor Society, Kingsbridge Heights Community Center activities, Orgullo Hispanic Club, Social Media Club,Gender Sexuality Alliance (GSA), Senior Events Committee, Youth Leadership Coalition","Acting, Costume Design and Implementation, Musical Theater, Playwriting, Art History",DYCD: COMPASS/SONYC; NYC Solves; Project Pivot,0%,N/A (fewer than 5 teachers),41%,0%,0%,36%,0.9,82%,N/A,72%,71%,N/A,N/A,N/A,83%,76%,87%,59%,35,32%,50%,48 (22%),51 (23%),0% (0),19% (16),76% (65),0% (0),0% (0),4% (3),Good,92%,8%,0%,89%,0%,11%,76%,N/A,65%,79%,N/A,N/A,N/A,74%,79%,71%,67%,84%,93%,N/A,91%,93%,N/A,N/A,100%,89%,94%,74%,89%,N/A,93%,87%,N/A,N/A,80%,94%,94%,91%,95%,86%,94%,90%,N/A,96%,88%,N/A,N/A,60%,90%,91%,77%,31%,95%,83%,63%,N/A,79%,57%,N/A,N/A,60%,55%,64%,92%,N/A,94%,93%,N/A,N/A,80%,100%,96%,79%,N/A,77%,80%,N/A,N/A,40%,100%,87%,96%,95%,N/A,91%,97%,N/A,N/A,80%,100%,97%,85%,92%,N/A,88%,93%,N/A,N/A,N/A,95%,91%,97%,98%,N/A,96%,99%,N/A,N/A,N/A,100%,100%
10X549,Discovery High School,Good,Good,Good,www.schools.nyc.gov/schools/X549,Rolando Rivera,"09,10,11,12,SE",383,Open,Local Support and Improvement,2780 Reservoir Avenue,"Bronx, NY 10468",718-733-3872,2%,15%,79%,<1%,0%,3%,23%,26%,94%,42%,58%,0%,78%,"Boys: Baseball,Basketball,Bowling,Handball,Outdoor Track,Soccer,Volleyball; Girls: Basketball,Bowling,Outdoor Track,Softball,Swimming,Table Tennis,Volleyball; Co-Ed: N/A",Gender Sexuality Alliance (GSA),"Art History, Graphic Design",NYC Solves,N/A (fewer than 5 teachers),N/A (fewer than 5 teachers),N/A (fewer than 5 teachers),0%,0%,57%,18.2,75%,67%,57%,59%,N/A,N/A,43%,59%,61%,79%,74%,49,60%,60%,48 (13%),86 (22%),3% (4),13% (18),80% (107),0% (0),0% (0),4% (5),Excellent,96%,N/A,N/A,91%,0%,9%,96%,N/A,N/A,96%,N/A,N/A,N/A,96%,96%,92%,96%,80%,93%,100%,88%,94%,N/A,N/A,86%,91%,92%,72%,84%,86%,87%,84%,N/A,N/A,71%,87%,84%,84%,96%,75%,82%,81%,86%,70%,84%,N/A,N/A,71%,80%,85%,91%,75%,96%,75%,58%,88%,63%,57%,N/A,N/A,57%,49%,60%,95%,100%,95%,95%,N/A,N/A,100%,92%,91%,76%,62%,72%,78%,N/A,N/A,57%,78%,77%,94%,97%,100%,89%,98%,N/A,N/A,86%,98%,95%,81%,70%,83%,56%,72%,N/A,N/A,57%,65%,68%,98%,98%,100%,93%,99%,N/A,N/A,83%,98%,98%
10X565,High School for Energy and Technology,Good,Good,Excellent,www.hsenergytech.org,Marie Guillaume,"09,10,11,12,SE",325,Ed. Opt.,Local Support and Improvement,2474 Crotona Avenue,"Bronx, NY 10458",718-733-3080,<1%,27%,68%,<1%,<1%,2%,13%,26%,94%,34%,66%,0%,66%,"Boys: Baseball,Basketball; Girls: Softball,Volleyball; Co-Ed: N/A","African Dance, Anime, Art, Bridges(School To Work), Cheerleading, Chess, Community Building, Computer Training, Coop Jobs, Digital Media, Drones, English as a New Language, Financial Management, Fitness center, ESports Gaming, GEMS,Gender Sexuality Alliance (GSA), Girls Inc., Guitar, Health and Wellness, Peer Mediation/Conflict Resolution, Peer Mentoring, Peer Tutoring, Photography, Regents Prep, Saturday Academy, SkillsUSA, Spanish Dance Club, Special Education, STEM Club, Student Council, Student Empowerment Alliance(SEA), Summer Youth Employment Program, Cultural trips to Broadway shows and sporting events.","Computer Art / Digital Art, Graphic Design",Career & Technical Education; Career Readiness and Modern Youth Apprenticeship; NYC Solves,N/A (fewer than 5 teachers),31%,42%,0%,0%,19%,9.8,73%,N/A,55%,51%,N/A,N/A,N/A,76%,47%,88%,85%,45,60%,69%,35 (11%),80 (25%),0% (0),23% (27),73% (84),<1% (1),2% (2),<1% (1),Excellent,93%,N/A,N/A,88%,0%,12%,93%,N/A,91%,93%,N/A,N/A,N/A,N/A,93%,90%,77%,73%,83%,N/A,81%,84%,N/A,N/A,N/A,81%,78%,63%,78%,N/A,78%,78%,N/A,N/A,60%,86%,75%,83%,96%,92%,78%,74%,N/A,78%,70%,N/A,N/A,80%,75%,78%,85%,57%,97%,67%,43%,N/A,45%,40%,N/A,N/A,60%,51%,46%,84%,N/A,83%,84%,N/A,N/A,80%,92%,84%,60%,N/A,55%,63%,N/A,N/A,20%,65%,63%,95%,95%,N/A,98%,94%,N/A,N/A,N/A,91%,96%,92%,91%,N/A,91%,91%,N/A,N/A,N/A,94%,90%,95%,95%,N/A,100%,94%,N/A,N/A,N/A,91%,96%
10X696,High School of American Studies at Lehman College,Excellent,Excellent,Good,hsas-lehman.org,Alessandro Weiss,"09,10,11,12",393,Test,Local Support and Improvement,2925 Goulden Avenue,"Bronx, NY 10468",718-329-2144,22%,8%,22%,<1%,1%,40%,<1%,4%,40%,54%,46%,0%,76%,"Boys: Baseball,Basketball,Bowling,Cross Country,Outdoor Track,Tennis; Girls: Basketball,Cross Country,Outdoor Track,Softball,Tennis; Co-Ed: N/A","Asian American Students' Association, Arista, Art, Band, Black Student Union, Book Club, Chess, Chorus, Committee on Equity and Diversity, Community Service Club, Dance Team, Debate, Drama, Economics Team, Environmental Club, Fragrance Club, Geography Club, Girls Who Code,Gender Sexuality Alliance (GSA), Jewish Student Union, Mock Trial, Model UN, Moot Court, Muslim Students' Association, Latinx Club, Lion Dance Club, Literary Magazine/Newspaper, Poetry, Pre-Medical Club, Senior Government, Spanish Honors Society, Senior Government, Student Government, Table Tennis, Women's Empowerment Club, Yoga","Studio Art, Core Music, Visual Art",Respect for All,N/A (fewer than 5 teachers),N/A (fewer than 5 teachers),N/A (fewer than 5 teachers),0%,0%,56%,19,96%,91%,92%,88%,100%,N/A,95%,N/A,100%,79%,57%,96,100%,100%,306 (78%),199 (51%),22% (69),7% (23),21% (66),<1% (1),<1% (3),42% (129),N/A,0%,N/A,N/A,85%,N/A,N/A,100%,100%,N/A,100%,N/A,N/A,100%,100%,100%,N/A,N/A,89%,95%,89%,96%,96%,100%,N/A,97%,N/A,93%,90%,97%,93%,100%,97%,100%,N/A,99%,N/A,100%,87%,96%,78%,87%,77%,76%,62%,84%,40%,N/A,79%,N/A,77%,96%,92%,97%,77%,54%,57%,36%,60%,40%,N/A,57%,N/A,57%,95%,95%,92%,97%,100%,N/A,96%,N/A,93%,86%,79%,92%,81%,80%,N/A,94%,N/A,93%,93%,88%,93%,100%,86%,N/A,N/A,87%,N/A,75%,84%,68%,68%,82%,68%,N/A,N/A,65%,N/A,83%,96%,94%,100%,100%,94%,N/A,N/A,93%,N/A,83%
11X249,Bronx Health Sciences High School,Excellent,Excellent,Good,twitter.com/bronx_health,Justine Sharoyan,"09,10,11,12,SE",338,Ed. Opt.,Local Support and Improvement,750 Baychester Avenue,"Bronx, NY 10475",718-904-5450,5%,57%,33%,2%,<1%,1%,4%,18%,81%,51%,49%,0%,83%,"Boys: Baseball,Basketball,Cross Country,Football,Indoor Track,Outdoor Track,Soccer,Swimming,Tennis,Volleyball,Wrestling; Girls: Basketball,Cross Country,Flag Football,Indoor Track,Outdoor Track,Soccer,Softball,Swimming,Tennis,Volleyball,Wrestling; Co-Ed: Stunt","Art Club, Arts Beautification Club, Beauty Club, Chess Club, Dance Team, Educators Rising, Science Club, Mouse Squad, Knitting Club, LGBTQ Club, Mindfulness, My Brother's Keeper, National Honor Society, Peer Group Connection, Recycling / Green Team, Senior Committee, Student Council, Theatre Club, Track Club, Video Game Club, Volleyball Club, Yoga/Fitness, softball club, Bring Change to Mind, Anime,Gender Sexuality Alliance (GSA)","Styles of Acting, Acting, Improvisation",CS for All; NYC Solves,N/A (fewer than 5 teachers),25%,N/A (fewer than 5 teachers),0%,0%,50%,4.4,57%,100%,81%,87%,N/A,N/A,N/A,100%,78%,93%,82%,58,54%,74%,105 (31%),129 (38%),6% (8),51% (74),36% (52),3% (5),0% (0),2% (3),Good,98%,N/A,N/A,98%,N/A,N/A,100%,N/A,100%,100%,N/A,N/A,N/A,100%,100%,N/A,N/A,88%,93%,100%,95%,88%,N/A,N/A,N/A,78%,96%,83%,94%,82%,94%,96%,N/A,N/A,N/A,89%,95%,94%,89%,96%,90%,89%,85%,90%,86%,N/A,N/A,N/A,100%,86%,91%,71%,97%,81%,54%,69%,52%,53%,N/A,N/A,N/A,78%,65%,93%,100%,93%,92%,N/A,N/A,N/A,100%,87%,78%,77%,78%,75%,N/A,N/A,N/A,67%,74%,95%,93%,100%,92%,94%,N/A,N/A,N/A,100%,91%,83%,84%,100%,79%,91%,N/A,N/A,N/A,100%,100%,97%,97%,100%,96%,97%,N/A,N/A,N/A,100%,100%
11X265,Bronx Lab School,Good,Excellent,Excellent,www.bronxlabschool.org,Albert Sylvia,"09,10,11,12,SE",262,"D75 Special Education Inclusive Services, Ed. Opt.",Local Support and Improvement,800 East Gun Hill Road,"Bronx, NY 10467",718-696-3700,5%,40%,51%,2%,<1%,2%,21%,26%,91%,46%,54%,0%,97%,"Boys: Baseball,Basketball,Cross Country,Football,Indoor Track,Outdoor Track,Soccer,Swimming; Girls: Basketball,Cross Country,Indoor Track,Outdoor Track,Softball,Swimming,Volleyball; Co-Ed: N/A","Paid Internships, Paid afterschool programs, Drama Epic Theatre Ensemble , Visual Arts , Academic Enrichment , Fitness , Student Voice Council, Yearbook , STOKED skateboarding and design, SYEP Guaranteed Positions, Documentary Film Making, Girls/Boys Support Groups, Mural Creation, Explore Week / Community Service, Advisory Trips,Gender Sexuality Alliance (GSA)","Mixed Media, Art History",Career Readiness and Modern Youth Apprenticeship; Community School; Consortium; DYCD: Beacon; Future Ready NYC; PROSE,N/A (fewer than 5 teachers),22%,N/A (fewer than 5 teachers),0%,0%,57%,2.6,91%,62%,94%,97%,N/A,N/A,N/A,97%,95%,100%,81%,46,81%,40%,,173 (66%),5% (12),39% (94),52% (124),2% (4),<1% (2),1% (3),Excellent,95%,N/A,N/A,100%,0%,0%,76%,N/A,72%,75%,N/A,N/A,N/A,70%,80%,82%,63%,93%,98%,100%,97%,98%,N/A,N/A,N/A,97%,100%,92%,98%,100%,99%,98%,N/A,N/A,N/A,97%,100%,98%,95%,95%,98%,99%,100%,99%,100%,N/A,N/A,N/A,100%,100%,84%,60%,97%,92%,77%,75%,78%,76%,N/A,N/A,N/A,84%,78%,96%,100%,93%,98%,N/A,N/A,N/A,97%,95%,92%,75%,92%,94%,N/A,N/A,N/A,95%,90%,99%,100%,100%,100%,100%,N/A,N/A,N/A,100%,100%,98%,99%,100%,100%,99%,N/A,N/A,N/A,100%,100%,100%,99%,100%,100%,99%,N/A,N/A,N/A,100%,100%
11X270,Academy for Scholarship and Entrepreneurship: A College Board School,Fair,Good,Excellent,www.schools.nyc.gov/schools/X270,Zenobia White,"09,10,11,12,SE",437,Ed. Opt.,Local Support and Improvement,921 East 228 Street,"Bronx, NY 10466",718-696-3840,1%,65%,30%,3%,<1%,<1%,4%,22%,85%,49%,51%,0%,80%,"Boys: Basketball,Bowling,Lacrosse,Outdoor Track,Soccer; Girls: Basketball,Bowling,Outdoor Track,Soccer,Volleyball; Co-Ed: Stunt","Art Club, Cheerleading Team, Chess Club, Dance Club,Gender Sexuality Alliance (GSA), Guitar Club, PGC Program, and Weight Lifting Club",Studio Art,Career & Technical Education; Career Readiness and Modern Youth Apprenticeship; Future Ready NYC; NYC Solves; Project Pivot; PROSE,N/A (fewer than 5 teachers),48%,17%,N/A (fewer than 5 teachers),N/A (fewer than 5 teachers),24%,20.2,90%,N/A,59%,63%,N/A,N/A,N/A,78%,61%,96%,70%,44,82%,44%,140 (32%),123 (28%),<1% (2),73% (165),21% (47),3% (7),1% (3),1% (3),Fair,35%,N/A,N/A,90%,0%,10%,92%,N/A,91%,92%,N/A,N/A,N/A,95%,88%,N/A,86%,83%,92%,N/A,93%,89%,N/A,N/A,N/A,82%,94%,66%,84%,N/A,90%,69%,N/A,N/A,N/A,89%,85%,93%,96%,100%,87%,84%,N/A,89%,69%,N/A,N/A,N/A,82%,73%,87%,58%,96%,75%,53%,N/A,53%,56%,N/A,N/A,N/A,50%,54%,84%,N/A,86%,77%,N/A,N/A,N/A,67%,88%,68%,N/A,69%,65%,N/A,N/A,N/A,64%,61%,97%,95%,N/A,94%,96%,100%,N/A,N/A,92%,95%,84%,82%,N/A,80%,86%,100%,N/A,N/A,75%,87%,97%,97%,N/A,97%,99%,100%,N/A,N/A,92%,100%
11X275,High School of Computers and Technology,Fair,Excellent,Good,www.hsctbronx.org/,David Wills,"09,10,11,12,SE",472,"D75 Special Education Inclusive Services, Ed. Opt.",Local Support and Improvement,800 East Gun Hill Road,"Bronx, NY 10467",718-696-3930,3%,38%,51%,<1%,0%,6%,11%,30%,86%,24%,76%,0%,85%,"Boys: Baseball,Basketball,Cross Country,Football,Indoor Track,Outdoor Track,Soccer,Swimming; Girls: Basketball,Cross Country,Indoor Track,Outdoor Track,Softball,Swimming,Volleyball; Co-Ed: N/A",Gender Sexuality Alliance (GSA),"Visual Art, Art Management / Business",Career & Technical Education; DYCD: COMPASS/SONYC; Future Ready NYC; NYC Solves; Project Pivot,N/A (fewer than 5 teachers),39%,17%,0%,0%,31%,7.5,92%,70%,60%,73%,N/A,N/A,79%,73%,72%,87%,74%,46,61%,53%,124 (26%),146 (31%),4% (8),42% (89),45% (95),2% (4),0% (0),6% (12),Good,98%,N/A,N/A,93%,0%,7%,78%,N/A,83%,73%,N/A,N/A,N/A,96%,74%,46%,55%,82%,90%,90%,89%,90%,N/A,N/A,100%,78%,93%,69%,74%,80%,71%,77%,N/A,N/A,64%,62%,82%,94%,100%,97%,87%,84%,60%,83%,85%,N/A,N/A,80%,84%,87%,86%,64%,94%,74%,45%,30%,47%,46%,N/A,N/A,40%,27%,49%,89%,90%,88%,90%,N/A,N/A,87%,85%,91%,73%,78%,65%,76%,N/A,N/A,80%,76%,72%,97%,96%,100%,96%,96%,N/A,N/A,92%,100%,98%,77%,63%,89%,67%,60%,N/A,N/A,46%,56%,62%,99%,98%,100%,99%,98%,N/A,N/A,100%,100%,98%
11X288,Collegiate Institute for Math and Science,Good,Good,Good,www.cimsnyc.org,Fredrick Nelson,"09,10,11,12,SE",562,Ed. Opt.,Local Support and Improvement,925 Astor Avenue,"Bronx, NY 10469",718-944-3635,15%,26%,37%,1%,<1%,17%,6%,16%,82%,39%,61%,0%,87%,"Boys: Baseball,Basketball,Bowling,Football,Indoor Track,Lacrosse,Outdoor Track,Soccer,Tennis,Volleyball; Girls: Basketball,Bowling,Gymnastics,Indoor Track,Lacrosse,Outdoor Track,Soccer,Softball,Volleyball; Co-Ed: N/A",Gender Sexuality Alliance (GSA),"Illustration, Visual Art, Graphic Design, Art History",NYC Solves; Project Pivot,N/A (fewer than 5 teachers),35%,29%,0%,0%,24%,11.2,82%,58%,69%,67%,75%,N/A,63%,68%,65%,89%,89%,59,70%,68%,187 (33%),300 (53%),16% (65),25% (103),38% (153),2% (8),<1% (1),16% (64),Excellent,100%,0%,0%,94%,0%,6%,94%,95%,95%,92%,N/A,N/A,96%,96%,93%,83%,75%,79%,93%,93%,95%,94%,83%,N/A,89%,95%,88%,76%,87%,90%,89%,86%,88%,N/A,81%,86%,86%,82%,89%,89%,89%,83%,86%,84%,84%,88%,N/A,78%,77%,85%,91%,73%,95%,77%,56%,55%,57%,56%,62%,N/A,51%,54%,65%,94%,95%,96%,93%,100%,N/A,92%,88%,93%,79%,78%,76%,80%,75%,N/A,81%,81%,79%,91%,88%,81%,93%,89%,100%,N/A,81%,95%,91%,81%,80%,73%,78%,84%,100%,N/A,74%,72%,75%,94%,92%,89%,92%,92%,100%,N/A,87%,100%,91%
11X290,Bronx Academy of Health Careers,Fair,Good,Excellent,www.bxahc.org,Dawn Santiago,"09,10,11,12,SE",306,Ed. Opt.,Local Support and Improvement,800 East Gun Hill Road,"Bronx, NY 10467",718-696-3340,4%,42%,47%,2%,<1%,3%,16%,20%,89%,66%,34%,0%,80%,"Boys: Baseball,Basketball,Cross Country,Football,Indoor Track,Outdoor Track,Soccer,Swimming; Girls: Basketball,Cross Country,Indoor Track,Outdoor Track,Softball,Swimming,Volleyball; Co-Ed: N/A","AfterSchool Tutoring, Saturday School, Lunch and Learn Tutoring, PM School Tutoring, National Honor Society, Duro Work Force, College Now, ExpandEd, Peer Mediation, Year Book Squad, Student Government, Beacon Program, Peer Group Connection, Multicultural Club, Talent Show, Multicultural Show, Dance Team, Cheerleading, Step Team, PSAL, School Sports Teams, Moonshot Program, SYEP,Gender Sexuality Alliance (GSA), and College Trips/Internships","Graphic Design, Visual Art, Classroom Music",Future Ready NYC; NYC Solves; Project Pivot,N/A (fewer than 5 teachers),44%,36%,0%,0%,N/A (fewer than 5 teachers),13,88%,71%,66%,66%,N/A,N/A,57%,81%,57%,90%,70%,47,53%,55%,145 (47%),78 (25%),3% (5),46% (75),44% (72),2% (4),0% (0),3% (5),Good,84%,16%,0%,98%,N/A,N/A,81%,N/A,79%,81%,N/A,N/A,N/A,84%,75%,80%,57%,81%,86%,89%,88%,86%,60%,N/A,88%,82%,82%,68%,79%,86%,82%,78%,40%,N/A,75%,76%,78%,88%,89%,95%,86%,80%,78%,79%,82%,60%,N/A,89%,87%,78%,91%,72%,96%,72%,47%,44%,50%,48%,20%,N/A,33%,46%,49%,88%,100%,88%,88%,60%,N/A,100%,85%,82%,71%,88%,70%,74%,40%,N/A,67%,82%,70%,96%,94%,100%,94%,94%,N/A,N/A,89%,95%,98%,83%,88%,100%,86%,89%,N/A,N/A,89%,92%,96%,98%,97%,100%,98%,97%,N/A,N/A,89%,97%,100%
11X299,Astor Collegiate Academy,Fair,Fair,Good,www.astorcollegiate.org,Sandra Burgos,"09,10,11,12,SE",424,"Ed. Opt., Open",Local Support and Improvement,925 Astor Avenue,"Bronx, NY 10469",718-944-3418,11%,28%,46%,2%,<1%,11%,11%,22%,82%,38%,63%,0%,80%,"Boys: Baseball,Basketball,Bowling,Football,Indoor Track,Lacrosse,Outdoor Track,Soccer,Tennis,Volleyball; Girls: Basketball,Bowling,Gymnastics,Indoor Track,Lacrosse,Outdoor Track,Soccer,Softball,Volleyball; Co-Ed: N/A","Anime, Juijitsu, Dance, Drama (Campus wide), Jazz & Concert Bands (Campus wide), Peer Mediation, National Honor Society, Astor Pearls, Cheerleading (Campus wide), Fitness, Piano Lab, Robotics, SViC & Student Government.",Visual Art,CS for All; Future Ready NYC; NYC Solves; Project Pivot,N/A (fewer than 5 teachers),29%,N/A (fewer than 5 teachers),0%,0%,52%,14.8,90%,42%,55%,62%,N/A,N/A,55%,82%,56%,78%,78%,42,53%,76%,181 (43%),244 (58%),13% (40),30% (93),41% (130),2% (6),1% (4),12% (37),Excellent,90%,N/A,N/A,95%,N/A,N/A,87%,89%,97%,78%,N/A,N/A,N/A,88%,87%,87%,83%,80%,88%,81%,92%,87%,100%,N/A,87%,78%,88%,70%,78%,71%,78%,79%,N/A,N/A,83%,82%,69%,86%,88%,85%,85%,81%,78%,86%,79%,100%,N/A,77%,75%,82%,86%,60%,96%,69%,42%,33%,48%,40%,N/A,N/A,39%,58%,48%,85%,74%,85%,87%,N/A,N/A,81%,87%,84%,68%,64%,73%,64%,N/A,N/A,71%,74%,65%,89%,86%,100%,94%,81%,N/A,N/A,N/A,N/A,89%,83%,83%,N/A,89%,83%,N/A,N/A,N/A,N/A,89%,95%,93%,100%,100%,89%,N/A,N/A,N/A,N/A,100%
11X418,Bronx High School for the Visual Arts,Fair,Good,Good,bhsva418.com,Iris Witherspoon,"09,10,11,12,SE",406,"D75 Special Education Inclusive Services, Ed. Opt.",Local Support and Improvement,2040 Antin Pl,"Bronx, NY 10462",718-319-5160,4%,22%,58%,<1%,<1%,15%,9%,27%,89%,62%,38%,<1%,68%,"Boys: Basketball,Volleyball; Girls: Basketball,Volleyball,Wrestling; Co-Ed: N/A","Student Council, Learning Leaders, Council for Unity, Safe Club, Cooking/Cubcake, Robotics, Newsletter, Publications, Film club, Music club, Film club, COOP program, Work-base Learning,Gender Sexuality Alliance (GSA), paid internships and much, much more.","Studio Art, Graphic Design, Visual Art, Digital Photography, Filmmaking / Video, Art History, Illustration",Career & Technical Education; CS for All; Future Ready NYC; NYC Solves,14%,24%,24%,0%,0%,30%,10.2,65%,82%,76%,69%,N/A,N/A,84%,87%,73%,97%,90%,47,51%,49%,69 (17%),93 (23%),5% (7),22% (33),60% (91),<1% (1),0% (0),12% (18),Excellent,71%,N/A,N/A,98%,N/A,N/A,95%,N/A,90%,96%,N/A,N/A,N/A,96%,94%,N/A,88%,79%,94%,92%,96%,94%,N/A,N/A,88%,93%,93%,79%,86%,83%,84%,86%,N/A,N/A,93%,93%,86%,78%,93%,81%,84%,79%,79%,77%,79%,N/A,N/A,79%,76%,80%,88%,62%,94%,72%,50%,50%,42%,50%,N/A,N/A,63%,59%,54%,94%,93%,89%,95%,N/A,N/A,98%,94%,95%,69%,86%,63%,67%,N/A,N/A,82%,82%,70%,92%,90%,100%,93%,89%,N/A,N/A,90%,88%,95%,85%,86%,100%,90%,84%,N/A,N/A,81%,100%,95%,96%,95%,100%,100%,95%,N/A,N/A,94%,100%,97%
11X455,Harry S Truman High School,Fair,Good,Good,bxtrumanhighschool.com,Keri Alfano,"09,10,11,12,SE",1649,"ASD/ACES Program, Ed. Opt., Open, Zoned Guarantee",Local Support and Improvement,750 Baychester Avenue,"Bronx, NY 10475",718-904-5400,3%,48%,44%,1%,<1%,3%,9%,27%,84%,44%,56%,0%,92%,"Boys: Baseball,Basketball,Cross Country,Football,Indoor Track,Outdoor Track,Soccer,Swimming,Tennis,Volleyball,Wrestling; Girls: Basketball,Cross Country,Flag Football,Indoor Track,Outdoor Track,Soccer,Softball,Swimming,Tennis,Volleyball,Wrestling; Co-Ed: Stunt",African Club Art/Mural Club Baking Club Book Club Build On Caribbean Club Cheerleading Club Chess Club Choir Club College Advisory Community Service Cosmetology Club Court Crafty Hands Club Creative Writing Club Culinary Club Culture Club Drill Team Gender Sexuality Alliance (GSA) Girls Empowerment Group Law Mock Trial & Mock Library Club Mathletes Club Media Club Men of Strength Muslim Student Association Open Space Club Peer Leadership Club Performance Arts Club Physics Club Project Peace Robotics Club Softball Club Step Team Student Government Video Game Club Writers Group Yearbook Club Zumba Club,"Studio Art, Graphic Design, Core Music, Photography, Theater / Play Production, Visual Art, Classroom Music, Mixed Media, Playwriting, Concert Band, and more",CS for All; DYCD: Beacon; Future Ready NYC; NYC Solves; Project Pivot,N/A (fewer than 5 teachers),24%,17%,0%,0%,51%,12,93%,47%,63%,70%,80%,N/A,81%,80%,69%,87%,79%,44,47%,44%,170 (10%),578 (35%),5% (38),48% (384),41% (328),1% (10),<1% (5),3% (22),Excellent,96%,N/A,N/A,92%,0%,8%,85%,100%,90%,78%,N/A,N/A,N/A,85%,86%,78%,75%,80%,91%,95%,91%,92%,89%,100%,88%,87%,90%,72%,83%,82%,83%,82%,89%,60%,84%,83%,81%,82%,83%,88%,88%,84%,82%,82%,85%,89%,83%,80%,82%,87%,93%,79%,97%,75%,52%,55%,50%,54%,55%,50%,52%,63%,54%,91%,98%,91%,92%,100%,83%,91%,91%,90%,76%,81%,77%,76%,85%,67%,76%,73%,75%,93%,88%,82%,90%,88%,86%,N/A,71%,94%,87%,82%,79%,73%,79%,79%,83%,N/A,86%,75%,85%,97%,95%,89%,95%,94%,100%,N/A,100%,100%,98%
11X508,Bronxdale High School,Fair,Excellent,Good,www.bronxdalehs.org,Grace White,"09,10,11,12,SE",388,"ASD/ACES Program, D75 Special Education Inclusive Services, Open",Local Support and Improvement,925 Astor Avenue,"Bronx, NY 10469",718-944-3655,4%,28%,60%,<1%,<1%,7%,8%,25%,85%,48%,52%,0%,83%,"Boys: Baseball,Basketball,Bowling,Football,Indoor Track,Lacrosse,Outdoor Track,Soccer,Tennis,Volleyball; Girls: Basketball,Bowling,Gymnastics,Indoor Track,Lacrosse,Outdoor Track,Soccer,Softball,Volleyball; Co-Ed: N/A","Umoja Black Student Union, Girls Empowerment Club; Brother 2 Brother; Bring Change to Mind; Chess Club; Anime Club; Culinary Academy; Gaming Club; Brazilian Jiu Jitsu; Global Kids; Yearbook; Sports Club; Dance Team; Art Club; Green Team; Gender Sexuality Alliance (GSA); Rappers & Writers; Student Council; Peer Mediators, Peer Group Connection; Youth Court","Studio Art, Dance / Introduction to Dance, Dance",Career & Technical Education; Community School; NYC Solves; PROSE,N/A (fewer than 5 teachers),21%,21%,0%,0%,49%,7,82%,46%,66%,69%,N/A,N/A,69%,81%,65%,97%,95%,40,38%,54%,69 (18%),198 (51%),5% (11),33% (81),56% (136),<1% (2),0% (0),5% (13),Excellent,98%,N/A,N/A,97%,N/A,N/A,79%,N/A,74%,80%,N/A,N/A,N/A,84%,72%,46%,71%,82%,94%,86%,98%,93%,N/A,N/A,86%,68%,94%,75%,86%,69%,84%,89%,N/A,N/A,83%,83%,85%,93%,89%,97%,88%,84%,93%,84%,82%,N/A,N/A,82%,79%,82%,90%,75%,95%,79%,64%,73%,64%,62%,N/A,N/A,78%,65%,68%,92%,100%,93%,92%,N/A,N/A,83%,95%,91%,74%,79%,78%,71%,N/A,N/A,78%,90%,75%,95%,92%,N/A,93%,91%,N/A,N/A,100%,100%,98%,88%,88%,N/A,87%,87%,N/A,N/A,100%,86%,95%,96%,93%,N/A,95%,93%,N/A,N/A,86%,100%,97%
11X509,High School of Language and Innovation,Good,Good,Excellent,www.languageandinnovation.org,Julie Nariman,"09,10,11,12",373,Language Criteria,Local Support and Improvement,925 Astor Avenue,"Bronx, NY 10469",718-944-3625,4%,11%,72%,<1%,<1%,10%,81%,5%,>95%,46%,53%,<1%,83%,"Boys: Baseball,Basketball,Bowling,Football,Indoor Track,Lacrosse,Outdoor Track,Soccer,Tennis,Volleyball; Girls: Basketball,Bowling,Gymnastics,Indoor Track,Lacrosse,Outdoor Track,Soccer,Softball,Volleyball; Co-Ed: N/A",Gender Sexuality Alliance (GSA),"Studio Art, Graphic Design, Art History",NYC Solves; New Arrivals; Project Pivot,N/A (fewer than 5 teachers),N/A (fewer than 5 teachers),31%,N/A (fewer than 5 teachers),0%,41%,14.2,62%,83%,88%,77%,N/A,N/A,80%,81%,75%,93%,85%,52,65%,42%,65 (17%),140 (38%),4% (6),9% (15),76% (121),0% (0),0% (0),11% (17),N/A,54%,N/A,N/A,76%,N/A,N/A,96%,N/A,N/A,96%,N/A,N/A,N/A,98%,94%,96%,N/A,80%,84%,67%,65%,88%,N/A,N/A,79%,83%,77%,71%,83%,85%,83%,84%,N/A,N/A,75%,82%,93%,89%,89%,93%,83%,73%,79%,74%,74%,N/A,N/A,66%,74%,71%,91%,72%,96%,75%,49%,50%,53%,48%,N/A,N/A,44%,49%,71%,90%,93%,89%,90%,N/A,N/A,81%,90%,93%,76%,71%,57%,80%,N/A,N/A,59%,77%,100%,96%,97%,100%,96%,97%,N/A,N/A,100%,97%,100%,88%,90%,85%,81%,90%,N/A,N/A,93%,89%,100%,99%,99%,91%,100%,99%,N/A,N/A,100%,98%,100%
11X513,New World High School,Excellent,Excellent,Excellent,www.schools.nyc.gov/schools/x513,Mithat Gashi,"09,10,11,12",286,Language Criteria,Local Support and Improvement,921 East 228 Street,"Bronx, NY 10466",718-696-3800,3%,17%,72%,1%,<1%,6%,60%,7%,94%,50%,50%,0%,84%,"Boys: Basketball,Bowling,Lacrosse,Outdoor Track,Soccer; Girls: Basketball,Bowling,Outdoor Track,Soccer,Volleyball; Co-Ed: Stunt","Student Government, Youth Philanthropy Initiative (YPI), Community Service, Yearbook, Enrichment Activities including chess club, aspiring architects & engineers club, international club, dance, music, talent shows,Gender Sexuality Alliance (GSA), and multicultural shows","Studio Art, Theater / Play Production, Filmmaking / Video",CS for All; NYC Solves; New Arrivals; Respect for All,N/A (fewer than 5 teachers),0%,24%,0%,0%,57%,7.9,67%,75%,76%,86%,N/A,N/A,71%,85%,70%,86%,71%,43,77%,72%,74 (26%),181 (63%),2% (3),17% (31),73% (132),1% (2),<1% (1),7% (12),Fair,86%,N/A,N/A,83%,N/A,N/A,91%,N/A,N/A,92%,N/A,N/A,N/A,100%,84%,91%,N/A,83%,89%,89%,75%,93%,N/A,N/A,80%,87%,78%,77%,90%,67%,89%,92%,N/A,N/A,86%,91%,90%,87%,95%,95%,89%,84%,89%,79%,85%,N/A,N/A,79%,85%,55%,92%,74%,98%,79%,59%,67%,58%,58%,N/A,N/A,67%,56%,45%,92%,100%,92%,92%,N/A,N/A,87%,90%,82%,70%,100%,64%,72%,N/A,N/A,60%,67%,27%,94%,94%,89%,98%,94%,N/A,N/A,92%,93%,100%,89%,84%,78%,85%,85%,N/A,N/A,69%,85%,83%,97%,97%,89%,97%,98%,N/A,N/A,91%,97%,100%
11X514,The Bronxwood Preparatory Academy,Good,Good,Excellent,www.bronxwoodprep.com,Felicia Bray,"09,10,11,12,SE",410,Ed. Opt.,Local Support and Improvement,921 East 228 Street,"Bronx, NY 10466",718-696-3820,1%,57%,37%,<1%,<1%,2%,6%,27%,86%,49%,51%,0%,87%,"Boys: Basketball,Bowling,Lacrosse,Outdoor Track,Soccer; Girls: Basketball,Bowling,Outdoor Track,Soccer,Volleyball; Co-Ed: Stunt","Cooking Club, Photography Club, Step Club, Anime Club, Podcast, National Honors Society, College Trips, Art Club, dance Club,Gender Sexuality Alliance (GSA), Student Employment...","Visual Art, Dance Improvisation, Graphic Design, Art History, Studio Art",Future Ready NYC; NYC Solves; Project Pivot,N/A (fewer than 5 teachers),27%,21%,N/A (fewer than 5 teachers),0%,42%,4,58%,80%,76%,72%,N/A,N/A,83%,81%,75%,93%,79%,41,83%,53%,62 (15%),175 (43%),2% (4),59% (142),34% (81),2% (4),<1% (1),2% (5),Excellent,94%,N/A,N/A,91%,N/A,N/A,97%,N/A,97%,97%,N/A,N/A,N/A,98%,96%,N/A,95%,82%,92%,60%,91%,96%,N/A,N/A,67%,95%,92%,70%,84%,N/A,86%,85%,N/A,N/A,50%,100%,86%,90%,86%,96%,86%,84%,100%,83%,86%,N/A,N/A,71%,79%,90%,93%,79%,96%,73%,55%,80%,56%,54%,N/A,N/A,57%,50%,58%,89%,100%,89%,90%,N/A,N/A,86%,88%,90%,74%,80%,76%,78%,N/A,N/A,29%,71%,77%,96%,96%,100%,97%,94%,N/A,N/A,N/A,95%,99%,90%,94%,80%,94%,94%,N/A,N/A,N/A,100%,96%,98%,97%,N/A,96%,98%,N/A,N/A,N/A,100%,97%
11X542,Pelham Preparatory Academy,Good,Good,Excellent,www.pelhamprepacademy.org,Benvenuto Ferron,"09,10,11,12,SE",449,Ed. Opt.,Local Support and Improvement,925 Astor Avenue,"Bronx, NY 10469",718-944-3601,5%,36%,48%,1%,<1%,9%,6%,24%,81%,47%,53%,0%,89%,"Boys: Baseball,Basketball,Bowling,Football,Indoor Track,Lacrosse,Outdoor Track,Soccer,Tennis,Volleyball; Girls: Basketball,Bowling,Gymnastics,Indoor Track,Lacrosse,Outdoor Track,Soccer,Softball,Volleyball; Co-Ed: N/A","Student Government, Art Club, Chess Club, Gaming Club, National Honor Society, Hispanic Honor Society, Concert & Jazz Band, JiuJitsu, Lincoln Center Theatre, Pelham Press Newspaper, Opening Act, Bella Abzug ""Bali Girls"", Culture Club, Black Student Union, Muslim Student Association, Weight Lifting Club, Basketball Club,Gender Sexuality Alliance (GSA)","Visual Art, Concert Band, Computer Art / Digital Art, Studio Art",CS for All; NYC Solves; Project Pivot,N/A (fewer than 5 teachers),N/A (fewer than 5 teachers),42%,0%,0%,46%,9.1,82%,77%,62%,64%,N/A,N/A,57%,75%,59%,68%,68%,51,57%,67%,87 (19%),84 (19%),9% (13),36% (50),46% (64),<1% (1),<1% (1),8% (11),Excellent,100%,0%,0%,95%,N/A,N/A,94%,N/A,97%,90%,N/A,N/A,N/A,94%,93%,82%,87%,82%,94%,91%,93%,94%,N/A,N/A,97%,90%,91%,79%,86%,76%,90%,86%,100%,N/A,76%,86%,86%,86%,85%,85%,88%,84%,68%,86%,83%,80%,N/A,89%,83%,88%,90%,71%,96%,77%,55%,45%,54%,55%,40%,N/A,63%,55%,54%,93%,87%,94%,93%,100%,N/A,89%,88%,92%,82%,90%,79%,83%,80%,N/A,81%,91%,82%,96%,97%,100%,96%,96%,N/A,N/A,100%,100%,99%,94%,93%,92%,92%,93%,N/A,N/A,100%,88%,94%,100%,99%,100%,98%,99%,N/A,N/A,100%,100%,100%
11X544,High School for Contemporary Arts,Fair,Fair,Excellent,www.schools.nyc.gov/schools/X544,Melissa Peters,"09,10,11,12,SE",295,"Ed. Opt., Open",Local Support and Improvement,800 East Gun Hill Road,"Bronx, NY 10467",718-944-5610,1%,43%,48%,2%,<1%,2%,13%,32%,92%,58%,42%,0%,81%,"Boys: Baseball,Basketball,Cross Country,Football,Indoor Track,Outdoor Track,Soccer,Swimming; Girls: Basketball,Cross Country,Indoor Track,Outdoor Track,Softball,Swimming,Volleyball; Co-Ed: N/A","Podcast, Art Club, Peer Group Connection (PGC), COOP Student Aide Internship, Restorative Justice, Peer Mediation.","Acting, Piano Keyboard, Digital Photography, Theater Survey, Core Music, Studio Art, Visual Art, Modern Dance, Music History, Theater, and more",CS for All; NYC Solves; Project Pivot,N/A (fewer than 5 teachers),35%,22%,N/A (fewer than 5 teachers),N/A (fewer than 5 teachers),35%,4,65%,N/A,59%,59%,N/A,N/A,N/A,81%,55%,100%,75%,27,17%,51%,76 (26%),206 (70%),1% (3),45% (112),47% (117),2% (5),<1% (2),2% (5),Excellent,89%,11%,0%,92%,0%,8%,85%,N/A,95%,77%,N/A,N/A,N/A,91%,77%,72%,84%,77%,88%,N/A,88%,87%,N/A,N/A,N/A,91%,95%,62%,73%,N/A,81%,70%,N/A,N/A,60%,86%,72%,84%,83%,83%,80%,74%,N/A,72%,75%,N/A,N/A,80%,83%,82%,82%,47%,95%,69%,46%,N/A,38%,50%,N/A,N/A,N/A,59%,54%,85%,N/A,89%,84%,N/A,N/A,N/A,87%,92%,62%,N/A,61%,62%,N/A,N/A,N/A,82%,71%,94%,98%,N/A,97%,98%,N/A,N/A,100%,100%,96%,98%,97%,N/A,97%,97%,N/A,N/A,100%,100%,96%,99%,98%,N/A,97%,98%,N/A,N/A,100%,96%,94%
11X545,Bronx Aerospace High School,Fair,Good,Good,www.bxaerospacecte.org,Jose Zayas,"09,10,11,12,SE",370,Ed. Opt.,Local Support and Improvement,800 East Gun Hill Road,"Bronx, NY 10467",718-696-6010,2%,38%,52%,2%,<1%,3%,18%,25%,91%,40%,60%,0%,85%,"Boys: Baseball,Basketball,Cross Country,Football,Indoor Track,Outdoor Track,Soccer,Swimming; Girls: Basketball,Cross Country,Indoor Track,Outdoor Track,Softball,Swimming,Volleyball; Co-Ed: N/A",Should say Ed Rising not Ed Rishning,"Three-Dimensional Art, Studio Art",Career & Technical Education; Community School; NYC Solves; Project Pivot,N/A (fewer than 5 teachers),35%,18%,N/A (fewer than 5 teachers),N/A (fewer than 5 teachers),38%,4.1,79%,N/A,69%,73%,67%,N/A,100%,88%,60%,84%,58%,32,33%,59%,99 (27%),123 (33%),2% (3),45% (70),46% (72),2% (3),<1% (1),3% (4),Excellent,94%,N/A,N/A,94%,0%,6%,92%,N/A,91%,94%,N/A,N/A,N/A,92%,92%,96%,82%,78%,89%,N/A,88%,90%,62%,N/A,100%,91%,91%,67%,77%,N/A,73%,79%,75%,N/A,100%,90%,75%,80%,76%,79%,85%,83%,N/A,82%,85%,88%,N/A,80%,81%,82%,88%,67%,96%,73%,53%,N/A,56%,52%,43%,N/A,78%,60%,54%,87%,N/A,86%,87%,62%,N/A,100%,83%,88%,70%,N/A,70%,70%,50%,N/A,100%,82%,67%,94%,93%,83%,95%,94%,43%,N/A,100%,91%,96%,84%,84%,67%,88%,84%,57%,N/A,88%,86%,84%,95%,95%,100%,95%,94%,86%,N/A,100%,96%,96%
12X242,Mott Hall V,Good,Good,Good,www.motthallv.org,Peter Oroszlany,"06,07,08,09,10,11,12,SE",356,Ed. Opt.,Local Support and Improvement,1551 East 172 Street,"Bronx, NY 10472",718-620-8160,1%,10%,87%,1%,0%,<1%,10%,27%,94%,47%,53%,0%,86%,"Boys: Badminton,Baseball,Basketball,Bowling,Soccer,Swimming,Volleyball; Girls: Badminton,Basketball,Outdoor Track,Soccer,Softball,Volleyball; Co-Ed: N/A","Student Council, Culinary Club, Theater Club, Social Justice Club, Video Game Club, Chess Club, 6th-8th After School program","Piano Keyboard, Core Music, Visual Art, Painting, Filmmaking / Video, Theater History, Ceramics",DYCD: COMPASS/SONYC; Future Ready NYC; NYC Reads; NYC Solves; Respect for All,N/A (fewer than 5 teachers),15%,37%,0%,0%,36%,20.2,75%,89%,78%,80%,67%,N/A,N/A,86%,76%,100%,100%,41,35%,59%,68 (19%),138 (39%),1% (2),14% (23),83% (137),2% (3),0% (0),0% (0),Needs Improvement,99%,N/A,N/A,99%,N/A,N/A,90%,N/A,N/A,91%,N/A,N/A,N/A,97%,85%,91%,76%,78%,91%,100%,91%,91%,92%,N/A,N/A,92%,89%,76%,87%,82%,85%,87%,93%,N/A,N/A,93%,84%,75%,80%,78%,90%,87%,N/A,100%,86%,N/A,N/A,N/A,90%,80%,90%,63%,95%,76%,52%,45%,59%,51%,60%,N/A,N/A,51%,57%,93%,100%,91%,93%,100%,N/A,N/A,96%,86%,82%,82%,82%,82%,80%,N/A,N/A,81%,78%,93%,92%,100%,92%,92%,92%,N/A,N/A,98%,87%,86%,80%,40%,73%,82%,75%,N/A,N/A,91%,81%,95%,94%,100%,100%,93%,100%,N/A,N/A,98%,92%
12X248,"Metropolitan High School, The",Fair,Fair,Needs Improvement,www.themetropolitanhs.org/,Mohamed Zaimi,"09,10,11,12,SE",177,"D75 Special Education Inclusive Services, Open",Local Support and Improvement,1180 Rev. J.A. Polite Ave.,"Bronx, NY 10459",718-991-4634,0%,37%,59%,<1%,0%,<1%,15%,36%,>95%,44%,56%,0%,82%,"Boys: Baseball,Basketball; Girls: Badminton,Basketball,Softball,Volleyball; Co-Ed: N/A","After school tutoring, Music, Choir, Dance, Cooking club, STEM club, Garden club, Monthly Townhall Celebrations, Monthly Perfect Attendance Trips, School-Wide Day Trips, Phipps After-school, Social Emotional Events,Gender Sexuality Alliance (GSA), Career and College Fairs, Paid student internship","Piano Keyboard, Visual Art, Core Music, Classroom Music, Mixed Choir",21st Century Community Learning Center; Community School; Future Ready NYC; NYC Solves,N/A (fewer than 5 teachers),36%,23%,N/A (fewer than 5 teachers),N/A (fewer than 5 teachers),27%,2.5,59%,N/A,73%,71%,N/A,N/A,N/A,100%,78%,81%,75%,30,29%,34%,173 (98%),49 (28%),0% (0),37% (64),59% (102),<1% (1),0% (0),<1% (1),Excellent,92%,N/A,N/A,84%,N/A,N/A,92%,N/A,91%,93%,N/A,N/A,N/A,91%,92%,92%,88%,74%,91%,N/A,91%,91%,N/A,N/A,N/A,73%,94%,73%,84%,N/A,88%,82%,N/A,N/A,N/A,100%,82%,88%,100%,100%,82%,83%,N/A,89%,80%,N/A,N/A,N/A,79%,76%,76%,38%,94%,75%,58%,N/A,54%,59%,N/A,N/A,N/A,79%,62%,91%,N/A,97%,86%,N/A,N/A,N/A,93%,95%,70%,N/A,83%,60%,N/A,N/A,N/A,85%,76%,85%,82%,N/A,80%,83%,N/A,N/A,N/A,94%,68%,78%,74%,N/A,72%,77%,N/A,N/A,N/A,88%,59%,72%,81%,N/A,77%,84%,N/A,N/A,N/A,94%,72%
12X251,Explorations Academy H.S.,Fair,Excellent,Excellent,www.explorationsnyc.us/,Steven Remeika,"09,10,11,12,SE",247,Ed. Opt.,Local Support and Improvement,1619 Boston Road,"Bronx, NY 10460",718-893-6173,1%,25%,72%,<1%,0%,1%,19%,32%,>95%,40%,60%,0%,91%,"Boys: Baseball,Basketball,Soccer,Volleyball; Girls: Badminton,Basketball,Softball,Volleyball; Co-Ed: N/A",Gender Sexuality Alliance (GSA),"Studio Art, Acting, Scenic Design and Implementation, Dramatic Literature, Art History, Computer Art / Digital Art, American and Latin Ballroom Dance",NYC Solves; Project Pivot; PROSE,N/A (fewer than 5 teachers),17%,41%,0%,0%,31%,2,86%,N/A,88%,93%,N/A,N/A,N/A,98%,94%,87%,76%,37,43%,32%,63 (26%),71 (29%),0% (0),26% (26),71% (71),1% (1),0% (0),2% (2),Excellent,97%,N/A,N/A,99%,N/A,N/A,82%,N/A,63%,90%,N/A,N/A,N/A,75%,86%,90%,74%,82%,97%,N/A,95%,97%,N/A,N/A,N/A,96%,97%,83%,93%,N/A,95%,93%,N/A,N/A,N/A,86%,93%,86%,90%,86%,90%,90%,N/A,90%,90%,N/A,N/A,N/A,89%,92%,89%,64%,96%,83%,71%,N/A,77%,71%,N/A,N/A,N/A,74%,73%,98%,N/A,98%,97%,N/A,N/A,N/A,98%,97%,84%,N/A,89%,83%,N/A,N/A,N/A,89%,83%,95%,97%,N/A,91%,99%,N/A,N/A,N/A,95%,99%,83%,85%,N/A,81%,88%,N/A,N/A,N/A,77%,91%,100%,99%,N/A,100%,99%,N/A,N/A,N/A,100%,99%
12X267,Bronx Latin,Good,Fair,Fair,www.bronxlatin.com,Annette Fiorentino,"06,07,08,09,10,11,12,SE",296,Ed. Opt.,Local Support and Improvement,800 Home Street,"Bronx, NY 10456",718-991-6349,<1%,17%,80%,1%,0%,<1%,10%,28%,>95%,50%,50%,0%,75%,"Boys: Basketball; Girls: Outdoor Track,Volleyball; Co-Ed: N/A","National Honor Society, YLC - Youth Leadership Council, Opening Act (drama),Gender Sexuality Alliance (GSA), Brotherhood, S.H.I.N.E. (Sisterhood, Hope, Identity, Networking, Excellence), gardening club, yearbook, College Now (Lehman College), music, art club, robotics","Theater / Play Production, Visual Art, Core Music",NYC Solves; Project Pivot,N/A (fewer than 5 teachers),22%,35%,0%,0%,30%,N/A,74%,N/A,57%,61%,N/A,N/A,N/A,68%,66%,84%,78%,58,69%,66%,121 (41%),154 (52%),<1% (1),17% (36),80% (172),1% (3),0% (0),<1% (1),Fair,96%,N/A,N/A,84%,0%,16%,96%,N/A,N/A,97%,N/A,N/A,N/A,95%,97%,91%,95%,75%,92%,N/A,90%,92%,N/A,N/A,N/A,86%,83%,66%,79%,N/A,82%,79%,N/A,N/A,N/A,96%,84%,69%,76%,56%,83%,78%,N/A,74%,80%,N/A,N/A,N/A,85%,76%,86%,51%,96%,66%,45%,N/A,52%,43%,N/A,N/A,N/A,42%,57%,92%,N/A,86%,93%,N/A,N/A,N/A,88%,92%,63%,N/A,64%,63%,N/A,N/A,N/A,65%,73%,87%,89%,N/A,90%,89%,N/A,N/A,N/A,96%,90%,83%,80%,N/A,80%,80%,N/A,N/A,N/A,78%,77%,91%,92%,N/A,95%,91%,N/A,N/A,N/A,93%,86%
12X271,East Bronx Academy for the Future,Good,Good,Good,www.eastbronxacademy.org,Sarah Scrogin,"06,07,08,09,10,11,12,SE",412,Ed. Opt.,Local Support and Improvement,1716 Southern Boulevard,"Bronx, NY 10460",718-861-8641,1%,22%,70%,2%,2%,2%,22%,38%,>95%,50%,50%,0%,81%,"Boys: Baseball,Basketball,Soccer,Volleyball; Girls: Badminton,Basketball,Softball,Volleyball; Co-Ed: N/A",PSAL Sports - Boys & Girls,"Music History, Digital Photography, Mixed Media, Classroom Music, Visual Art",Community School; CS for All; DYCD: COMPASS/SONYC; Future Ready NYC; NYC Solves; PROSE,0%,21%,38%,0%,0%,38%,21.2,93%,43%,45%,43%,N/A,57%,50%,64%,44%,62%,55%,38,64%,48%,85 (21%),126 (31%),2% (3),23% (35),65% (97),4% (6),4% (6),1% (2),Needs Improvement,96%,4%,0%,89%,0%,11%,87%,N/A,79%,89%,N/A,N/A,N/A,88%,86%,86%,79%,81%,86%,100%,81%,87%,N/A,100%,71%,77%,82%,63%,80%,100%,76%,80%,N/A,100%,86%,84%,82%,96%,90%,97%,89%,86%,N/A,90%,86%,N/A,86%,N/A,79%,81%,84%,56%,95%,73%,44%,56%,48%,42%,N/A,57%,71%,44%,58%,90%,89%,89%,90%,N/A,100%,100%,90%,91%,72%,89%,70%,73%,N/A,71%,57%,73%,77%,96%,94%,N/A,90%,95%,N/A,N/A,N/A,94%,96%,87%,90%,N/A,90%,90%,N/A,N/A,N/A,92%,91%,96%,96%,N/A,93%,96%,N/A,N/A,N/A,98%,98%
12X388,Pan American International High School at Monroe,Good,Excellent,Good,www.paihsmonroe.org/,Mary Pollack,"09,10,11,12",344,Language Criteria,Local Support and Improvement,1300 Boynton Avenue,"Bronx, NY 10472",718-991-7238,0%,0%,100%,0%,0%,0%,92%,1%,>95%,47%,53%,0%,87%,"Boys: Badminton,Baseball,Basketball,Bowling,Soccer,Swimming,Volleyball; Girls: Badminton,Basketball,Outdoor Track,Soccer,Softball,Volleyball; Co-Ed: N/A","Anime Club, Game Club,Gender Sexuality Alliance (GSA), Puzzle Club, Spanish Literature Club, Poetry Club, Art Club",Visual Art,Community School; Consortium; NYC Solves; New Arrivals; PROSE,N/A (fewer than 5 teachers),N/A (fewer than 5 teachers),52%,0%,0%,33%,6,74%,N/A,N/A,87%,N/A,N/A,N/A,87%,N/A,71%,61%,43,74%,36%,71 (21%),130 (38%),0% (0),0% (0),100% (130),0% (0),0% (0),0% (0),N/A,100%,0%,0%,N/A,0%,N/A,86%,N/A,N/A,88%,N/A,N/A,N/A,88%,83%,86%,N/A,87%,94%,N/A,N/A,94%,N/A,N/A,N/A,93%,N/A,82%,93%,N/A,N/A,93%,N/A,N/A,N/A,92%,N/A,93%,96%,100%,93%,92%,N/A,N/A,92%,N/A,N/A,N/A,91%,N/A,88%,60%,97%,85%,69%,N/A,N/A,69%,N/A,N/A,N/A,68%,N/A,95%,N/A,N/A,95%,N/A,N/A,N/A,94%,N/A,88%,N/A,N/A,88%,N/A,N/A,N/A,86%,N/A,97%,92%,N/A,N/A,92%,N/A,N/A,N/A,93%,N/A,81%,83%,N/A,N/A,83%,N/A,N/A,N/A,84%,N/A,97%,97%,N/A,N/A,97%,N/A,N/A,N/A,97%,N/A
12X478,The Cinema School,Fair,Fair,Excellent,www.thecinemaschool.com,Keisha Warner,"09,10,11,12,SE",303,Screened,Local Support and Improvement,1551 East 172 Street,"Bronx, NY 10472",718-620-2560,<1%,19%,76%,2%,<1%,1%,12%,26%,92%,52%,48%,0%,87%,"Boys: Badminton,Baseball,Basketball,Bowling,Soccer,Swimming,Volleyball; Girls: Badminton,Basketball,Outdoor Track,Soccer,Softball,Volleyball; Co-Ed: N/A",Gender Sexuality Alliance (GSA),Filmmaking / Video,NYC Solves; Project Pivot,N/A (fewer than 5 teachers),25%,25%,0%,0%,32%,12,61%,N/A,66%,79%,N/A,N/A,N/A,81%,81%,92%,88%,43,31%,74%,37 (12%),187 (62%),<1% (1),21% (43),75% (153),1% (3),<1% (2),<1% (2),Good,100%,0%,0%,98%,N/A,N/A,84%,N/A,88%,83%,N/A,N/A,N/A,82%,87%,N/A,88%,75%,92%,N/A,93%,92%,N/A,N/A,N/A,83%,93%,72%,84%,N/A,81%,85%,N/A,N/A,N/A,72%,84%,78%,76%,65%,81%,78%,N/A,84%,76%,N/A,N/A,N/A,78%,84%,84%,49%,96%,70%,46%,N/A,47%,47%,N/A,N/A,N/A,41%,47%,94%,N/A,91%,95%,N/A,N/A,N/A,85%,95%,66%,N/A,67%,65%,N/A,N/A,N/A,41%,71%,95%,100%,N/A,N/A,100%,N/A,N/A,N/A,N/A,N/A,92%,92%,N/A,N/A,100%,N/A,N/A,N/A,N/A,N/A,100%,100%,N/A,N/A,100%,N/A,N/A,N/A,N/A,N/A
12X479,Bronx Career and College Preparatory High School,Needs Improvement,,Good,www.schools.nyc.gov/schools/X479,Nicole Winn,"09,10,11,12,SE",124,Ed. Opt.,Comprehensive Support and Improvement,800 Home Street,"Bronx, NY 10456",718-542-4011,4%,38%,56%,0%,0%,0%,19%,35%,95%,44%,56%,0%,83%,"Boys: Basketball; Girls: Outdoor Track,Volleyball; Co-Ed: N/A",N/A,"Visual Art, Studio Art, Drawing, Advertising Art, Portfolio Development",Community School; Future Ready NYC; NYC Solves,0%,40%,N/A (fewer than 5 teachers),0%,0%,N/A (fewer than 5 teachers),3,80%,N/A,38%,67%,N/A,N/A,N/A,80%,64%,100%,100%,39,50%,39%,30 (24%),32 (26%),4% (3),35% (24),58% (40),0% (0),0% (0),0% (0),Excellent,85%,15%,0%,83%,0%,17%,55%,N/A,50%,54%,N/A,N/A,N/A,59%,52%,N/A,40%,N/A,87%,N/A,75%,90%,N/A,N/A,N/A,N/A,90%,N/A,70%,N/A,62%,75%,N/A,N/A,N/A,80%,64%,N/A,94%,100%,N/A,83%,N/A,71%,86%,N/A,N/A,N/A,100%,80%,74%,30%,98%,N/A,57%,N/A,38%,65%,N/A,N/A,N/A,N/A,45%,84%,N/A,75%,86%,N/A,N/A,N/A,100%,82%,68%,N/A,38%,76%,N/A,N/A,N/A,100%,64%,94%,91%,N/A,80%,96%,N/A,N/A,N/A,88%,87%,77%,74%,N/A,80%,72%,N/A,N/A,N/A,88%,87%,95%,95%,N/A,86%,100%,N/A,N/A,N/A,100%,86%
12X511,Bronx Envision Academy,Fair,Good,Good,bronxenvision.org,Emily Shu,"09,10,11,12,SE",267,Ed. Opt.,Local Support and Improvement,1619 Boston Road,"Bronx, NY 10460",718-589-1590,1%,31%,66%,<1%,0%,<1%,16%,28%,>95%,49%,51%,0%,77%,"Boys: Baseball,Basketball,Soccer,Volleyball; Girls: Badminton,Basketball,Softball,Volleyball; Co-Ed: N/A","Saturday school, Lunch club, independent reading, regents prep, college trips, dance, art, music, leadership program","Studio Art, Choreography / Dance Composition, Dance / Introduction to Dance, Music Technology, Computer Art / Digital Art, Visual Art, Repertory / Dance Company, Art History, Kinesiology / Anatomy for Dance",Community School; Future Ready NYC; NYC Solves; PROSE,N/A (fewer than 5 teachers),20%,37%,N/A (fewer than 5 teachers),N/A (fewer than 5 teachers),37%,14.2,90%,N/A,61%,67%,N/A,N/A,N/A,91%,50%,88%,73%,38,45%,56%,81 (30%),93 (35%),2% (2),35% (45),62% (79),<1% (1),0% (0),0% (0),Excellent,92%,N/A,N/A,95%,N/A,N/A,85%,N/A,84%,85%,N/A,N/A,N/A,78%,91%,79%,80%,82%,93%,N/A,93%,94%,N/A,N/A,N/A,89%,88%,73%,84%,N/A,81%,85%,N/A,N/A,N/A,85%,70%,93%,88%,92%,85%,81%,N/A,78%,82%,N/A,N/A,N/A,78%,81%,83%,47%,97%,71%,39%,N/A,35%,41%,N/A,N/A,N/A,57%,41%,90%,N/A,88%,92%,N/A,N/A,N/A,91%,85%,67%,N/A,67%,66%,N/A,N/A,N/A,74%,48%,94%,90%,N/A,100%,83%,N/A,N/A,N/A,100%,93%,84%,86%,N/A,83%,88%,N/A,N/A,N/A,100%,86%,98%,97%,N/A,100%,95%,N/A,N/A,N/A,100%,100%
12X521,The Metropolitan Soundview High School,Fair,Good,Fair,www.metrosoundviewhighschool.org,Emarilix Lopez,"09,10,11,12,SE",360,Ed. Opt.,Local Support and Improvement,1300 Boynton Avenue,"Bronx, NY 10472",718-860-8240,2%,20%,74%,1%,0%,3%,22%,36%,>95%,40%,60%,0%,80%,"Boys: Badminton,Baseball,Basketball,Bowling,Soccer,Swimming,Volleyball; Girls: Badminton,Basketball,Outdoor Track,Soccer,Softball,Volleyball; Co-Ed: N/A","Video Gaming, Peer Group Connection,Gender Sexuality Alliance (GSA)","Computer Art / Digital Art, Graphic Design, Visual Art",DYCD: Beacon; Future Ready NYC; NYC Solves; Project Pivot,N/A (fewer than 5 teachers),19%,36%,N/A (fewer than 5 teachers),N/A (fewer than 5 teachers),39%,10,78%,67%,59%,53%,N/A,N/A,100%,64%,57%,73%,67%,35,32%,34%,74 (21%),238 (66%),2% (6),24% (59),69% (173),2% (4),0% (0),2% (6),Excellent,86%,N/A,N/A,94%,N/A,N/A,81%,N/A,78%,83%,N/A,N/A,N/A,85%,78%,86%,79%,77%,87%,100%,92%,86%,N/A,N/A,100%,80%,87%,68%,83%,80%,91%,81%,N/A,N/A,83%,82%,73%,85%,88%,88%,83%,78%,60%,82%,77%,N/A,N/A,100%,75%,79%,88%,61%,97%,72%,48%,60%,52%,49%,N/A,N/A,17%,55%,49%,90%,100%,91%,90%,N/A,N/A,83%,90%,87%,71%,100%,69%,70%,N/A,N/A,67%,77%,67%,91%,87%,N/A,93%,87%,N/A,N/A,N/A,86%,84%,82%,80%,N/A,86%,80%,N/A,N/A,N/A,76%,81%,89%,85%,N/A,83%,87%,N/A,N/A,N/A,80%,84%
12X550,High School of World Cultures,Good,Excellent,Good,www.schools.nyc.gov/schools/X550,Leslie Aquino,"09,10,11,12,SE",376,Language Criteria,Local Support and Improvement,1300 Boynton Avenue,"Bronx, NY 10472",718-860-8120,3%,9%,88%,<1%,0%,<1%,80%,4%,>95%,49%,51%,0%,92%,"Boys: Badminton,Baseball,Basketball,Bowling,Soccer,Swimming,Volleyball; Girls: Badminton,Basketball,Outdoor Track,Soccer,Softball,Volleyball; Co-Ed: N/A","BUILD NYC Entrepreneurship Program, Culinary, Computer Science, BuildON Community Service Learning, ArteLatAm Mural Workshops, That Suits You boys empowerment group, BrainPower Mindfulness, Kaplan SAT prep, ASPIRA, Students in Action, Dream Squad, Student Government, OmniLearn STEM labs, Liberty Partnership, Newspaper club, PSAL, after school clubs, Saturday Academy,Gender Sexuality Alliance (GSA)","Studio Art, Theater, Drawing, Dramatic Literature",21st Century Community Learning Center; Career & Technical Education; Community School; CS for All; Dual Language or TBE; NYC Solves; New Arrivals; PROSE; Respect for All,N/A (fewer than 5 teachers),N/A (fewer than 5 teachers),37%,0%,0%,40%,2.4,80%,100%,81%,87%,N/A,N/A,N/A,88%,100%,75%,63%,41,52%,39%,94 (25%),200 (53%),3% (6),10% (22),86% (189),1% (3),0% (0),<1% (1),N/A,92%,N/A,N/A,90%,N/A,N/A,81%,N/A,N/A,81%,N/A,N/A,N/A,84%,80%,81%,N/A,85%,90%,90%,77%,92%,N/A,N/A,N/A,89%,100%,80%,89%,100%,96%,88%,N/A,N/A,N/A,88%,100%,88%,93%,89%,89%,88%,100%,81%,89%,N/A,N/A,N/A,86%,100%,90%,67%,97%,81%,61%,70%,72%,59%,N/A,N/A,N/A,61%,67%,94%,100%,92%,94%,N/A,N/A,N/A,93%,100%,82%,100%,71%,83%,N/A,N/A,N/A,84%,100%,94%,95%,N/A,100%,95%,N/A,N/A,N/A,97%,88%,86%,84%,N/A,90%,84%,N/A,N/A,N/A,86%,86%,97%,97%,N/A,100%,96%,N/A,N/A,N/A,99%,100%
12X641,Bard High School Early College Bronx,Excellent,Excellent,,www.schools.nyc.gov/schools/X641,Siska Brutsaert,"09,10,11,12,SE",247,Screened With Assessment,Local Support and Improvement,1619 Boston Road,"Bronx, NY 10460",N/A,12%,34%,46%,<1%,<1%,2%,1%,12%,72%,54%,46%,0%,69%,"Boys: Baseball,Basketball,Soccer,Volleyball; Girls: Badminton,Basketball,Softball,Volleyball; Co-Ed: N/A","Early Bard Student Newspaper, Black Students Alliance, Debate Team,Gender Sexuality Alliance (GSA), Student Union, Winter and Spring Concerts, Yearbook, Art Club, Cooking Club, Music Club","Studio Art, Core Music, Concert Band, Piano Keyboard, Mixed Choir, Percussion",NYC Solves; PROSE,N/A (fewer than 5 teachers),N/A (fewer than 5 teachers),26%,0%,0%,26%,2.2,37%,55%,65%,77%,N/A,N/A,N/A,N/A,67%,100%,100%,80,100%,N/A,,200 (81%),12% (29),34% (84),46% (112),<1% (2),<1% (1),2% (6),Good,30%,N/A,N/A,100%,0%,0%,100%,N/A,N/A,N/A,N/A,N/A,N/A,100%,N/A,N/A,N/A,86%,92%,85%,88%,96%,N/A,N/A,N/A,N/A,93%,77%,87%,72%,89%,89%,N/A,N/A,N/A,N/A,85%,98%,100%,100%,83%,75%,68%,76%,76%,N/A,N/A,N/A,N/A,94%,93%,81%,97%,77%,52%,50%,47%,55%,N/A,N/A,N/A,N/A,65%,92%,90%,90%,93%,N/A,N/A,N/A,N/A,88%,77%,75%,73%,83%,N/A,N/A,N/A,N/A,82%,N/A,88%,N/A,83%,91%,N/A,N/A,N/A,N/A,N/A,N/A,76%,N/A,75%,73%,N/A,N/A,N/A,N/A,N/A,N/A,100%,N/A,100%,100%,N/A,N/A,N/A,N/A,N/A
12X682,Fannie Lou Hamer Freedom High School,Excellent,Good,Excellent,www.flhfhs.org,Jeffrey Palladino,"09,10,11,12,SE",411,Ed. Opt.,Local Support and Improvement,1021 Jennings Street,"Bronx, NY 10460",718-861-0521,<1%,24%,71%,<1%,<1%,2%,17%,32%,>95%,46%,54%,0%,90%,"Boys: Baseball,Basketball,Volleyball; Girls: Basketball,Softball,Volleyball; Co-Ed: N/A","Anime Club, Art, Building Beats Music Production, Corporate Workplace (Job Training and Paid Internship), Crochet Club, Environmental Science Club, Entrepreneurship classes, Film Club, JPMorgan Live, MSG Classroom, Restorative Justice, Rocking The Boat, Sports, Student Government, Tennis, Skateboarding, Video Game Club, Yearbook, Yoga","Dramatic Literature, Studio Art, Art History, Visual Art",Career Readiness and Modern Youth Apprenticeship; Community School; Consortium; Future Ready NYC; PROSE,0%,17%,41%,0%,0%,43%,11,88%,N/A,90%,87%,N/A,N/A,80%,89%,84%,100%,88%,42,86%,62%,,219 (53%),2% (4),22% (49),73% (159),<1% (1),0% (0),2% (5),Fair,87%,N/A,N/A,93%,0%,7%,91%,N/A,85%,94%,N/A,N/A,N/A,95%,89%,94%,88%,89%,95%,N/A,98%,94%,N/A,N/A,100%,91%,95%,82%,96%,N/A,96%,97%,N/A,N/A,83%,100%,100%,89%,100%,77%,94%,93%,N/A,95%,92%,N/A,N/A,83%,94%,92%,78%,35%,97%,85%,75%,N/A,91%,71%,N/A,N/A,83%,70%,70%,98%,N/A,96%,98%,N/A,N/A,100%,96%,97%,84%,N/A,88%,84%,N/A,N/A,60%,76%,84%,97%,96%,N/A,92%,97%,N/A,N/A,100%,95%,94%,93%,93%,N/A,90%,94%,N/A,N/A,100%,88%,94%,100%,100%,N/A,100%,100%,N/A,N/A,100%,100%,100%
12X684,Wings Academy,Fair,,Good,www.wingsnation1994.org,Monique Jackson Dickens,"09,10,11,12,SE",231,Ed. Opt.,Targeted Support and Improvement,1122 East 180 Street,"Bronx, NY 10460",718-597-1751,<1%,41%,54%,2%,<1%,2%,10%,35%,>95%,34%,66%,0%,N/A,"Boys: Basketball; Girls: Basketball,Volleyball; Co-Ed: N/A","My Brother's Keeper Initiative, Teen Outreach Program (TOP Club), HerHonor Mentoring Program, Open Stage Project, Bronx River Art Center (BRAC), Student Government Association, Phipps Neighborhoods College Access, Beacon Program","Core Music, Graphic Design, Classroom Music",Community School; DYCD: Beacon; Future Ready NYC; NYC Solves; Pathways Advising,N/A (fewer than 5 teachers),54%,21%,N/A (fewer than 5 teachers),N/A (fewer than 5 teachers),21%,3.5,75%,N/A,N/A,N/A,N/A,N/A,N/A,N/A,N/A,87%,80%,33,27%,34%,41 (18%),122 (53%),<1% (1),42% (60),53% (77),1% (2),<1% (1),2% (3),Excellent,97%,N/A,N/A,81%,0%,19%,79%,N/A,75%,81%,N/A,N/A,N/A,89%,73%,N/A,73%,N/A,N/A,N/A,N/A,N/A,N/A,N/A,N/A,N/A,N/A,N/A,N/A,N/A,N/A,N/A,N/A,N/A,N/A,N/A,N/A,N/A,79%,73%,N/A,N/A,N/A,N/A,N/A,N/A,N/A,N/A,N/A,N/A,80%,41%,95%,N/A,N/A,N/A,N/A,N/A,N/A,N/A,N/A,N/A,N/A,N/A,N/A,N/A,N/A,N/A,N/A,N/A,N/A,N/A,N/A,N/A,N/A,N/A,N/A,N/A,N/A,N/A,N/A,94%,87%,N/A,84%,92%,N/A,N/A,N/A,N/A,90%,81%,79%,N/A,79%,76%,N/A,N/A,N/A,N/A,84%,96%,96%,N/A,94%,97%,N/A,N/A,N/A,N/A,95%
13K265,Dr. Susan S. McKinney Secondary School of the Arts,Fair,Fair,Good,www.schools.nyc.gov/schools/K265,Nicole Sledge,"09,10,11,12,SE",128,"Audition, D75 Special Education Inclusive Services",Local Support and Improvement,101 Park Avenue,"Brooklyn, NY 11205",718-834-6760,2%,69%,27%,0%,0%,<1%,5%,38%,92%,55%,45%,0%,59%,"Boys: Basketball,Cross Country; Girls: Cross Country; Co-Ed: Double Dutch",Gender Sexuality Alliance (GSA),"Musical Theater, Studio Art, Dance, Choreography / Dance Composition",DYCD: Beacon; NYC Solves; Project Pivot,25%,25%,N/A (fewer than 5 teachers),0%,0%,30%,2,60%,N/A,64%,62%,N/A,N/A,N/A,N/A,73%,88%,75%,31,26%,42%,65 (51%),24 (19%),1% (1),72% (48),27% (18),0% (0),0% (0),0% (0),Fair,58%,26%,15%,81%,0%,19%,80%,N/A,86%,N/A,N/A,N/A,N/A,90%,72%,N/A,82%,70%,88%,N/A,83%,100%,N/A,N/A,N/A,N/A,85%,68%,84%,N/A,83%,86%,N/A,N/A,N/A,N/A,78%,90%,94%,94%,81%,81%,N/A,79%,83%,N/A,N/A,N/A,N/A,76%,78%,29%,97%,67%,32%,N/A,31%,29%,N/A,N/A,N/A,N/A,34%,83%,N/A,80%,92%,N/A,N/A,N/A,N/A,86%,55%,N/A,49%,70%,N/A,N/A,N/A,N/A,45%,88%,93%,N/A,95%,93%,N/A,N/A,N/A,N/A,91%,83%,82%,N/A,82%,87%,N/A,N/A,N/A,N/A,83%,94%,91%,N/A,88%,100%,N/A,N/A,N/A,N/A,95%
13K350,Urban Assembly School of Music and Art,Good,Good,Excellent,uamusicandart.org,Samir Vural,"09,10,11,12,SE",139,"Ed. Opt., Open",Local Support and Improvement,49 Flatbush Avenue Extension,"Brooklyn, NY 11201",718-858-0249,0%,53%,42%,<1%,<1%,4%,14%,25%,84%,55%,44%,<1%,81%,"Boys: Bowling,Soccer; Girls: Bowling,Soccer,Table Tennis; Co-Ed: Cricket","Student Government, Yearbook, Arts (Art Portfolio, Modern Band, Music Production, Dance, Fashion, Media Arts/Video/Animation, Musical Theater, Photography, Culinary Arts, and more), MBK/MSK, Peer Group Connections (Peer Leadership),Gender Sexuality Alliance (GSA), Fall Arts Festival, Spring Spotlight Showcase, Frequent Trips (Broadway shows, concerts, team building activities)","Classroom Music, Mixed Choir, Symphonic Orchestra, Concert Band, Portfolio Development, Repertory / Dance Company, Jazz Ensemble, Computer Art / Digital Art, Studio Art, Hip Hop, and more",Community School; NYC Solves,N/A (fewer than 5 teachers),N/A (fewer than 5 teachers),N/A (fewer than 5 teachers),0%,0%,33%,0.2,53%,N/A,86%,97%,N/A,N/A,N/A,100%,92%,100%,100%,52,79%,48%,105 (76%),39 (28%),0% (0),53% (70),41% (54),<1% (1),<1% (1),3% (4),Fair,97%,N/A,N/A,81%,0%,19%,100%,N/A,100%,N/A,N/A,N/A,N/A,N/A,N/A,N/A,N/A,82%,97%,N/A,94%,100%,N/A,N/A,N/A,100%,87%,79%,85%,N/A,88%,80%,N/A,N/A,N/A,78%,81%,97%,100%,100%,92%,95%,N/A,92%,97%,N/A,N/A,N/A,100%,93%,79%,43%,97%,83%,50%,N/A,45%,56%,N/A,N/A,N/A,56%,50%,93%,N/A,92%,94%,N/A,N/A,N/A,100%,86%,81%,N/A,78%,82%,N/A,N/A,N/A,78%,81%,99%,100%,N/A,100%,100%,N/A,N/A,N/A,N/A,100%,94%,97%,N/A,95%,100%,N/A,N/A,N/A,N/A,89%,100%,100%,N/A,100%,100%,N/A,N/A,N/A,N/A,100%
13K412,Brooklyn Community Arts & Media High School (BCAM),Good,Good,Excellent,bcamhs.org,James Obrien,"09,10,11,12,SE",356,"ASD/ACES Program, Ed. Opt.",Local Support and Improvement,300 Willoughby Avenue,"Brooklyn, NY 11205",718-230-5748,1%,63%,32%,<1%,<1%,2%,8%,38%,88%,58%,42%,<1%,83%,"Boys: Basketball,Handball,Table Tennis; Girls: Basketball,Flag Football; Co-Ed: Stunt","Student Council, Student Leadership, AdvisoryFamily, Fine Art, Filmmaking, Photography, Modeling, Fashion Design, Podcast, Journalism, Theater, Yearbook, Choir, Debate, Modern Dance, Global Travel, New Orleans Exchange Travel, My Brothers Keeper, My Sisters Keeper, Track & Field, Flag Football,Gender Sexuality Alliance (GSA)","Visual Art, Computer Art / Digital Art, Studio Art, Digital Photography, Drawing",Community School; NYC Solves,16%,46%,N/A (fewer than 5 teachers),N/A (fewer than 5 teachers),N/A (fewer than 5 teachers),30%,19.2,91%,N/A,50%,61%,N/A,N/A,67%,92%,54%,73%,76%,45,61%,62%,67 (19%),129 (36%),1% (2),66% (131),30% (59),1% (2),0% (0),2% (4),Excellent,97%,N/A,N/A,94%,0%,6%,94%,N/A,93%,96%,N/A,N/A,N/A,98%,90%,N/A,84%,80%,89%,N/A,91%,88%,N/A,N/A,67%,80%,95%,67%,77%,N/A,79%,79%,N/A,N/A,33%,80%,76%,92%,88%,94%,88%,86%,N/A,87%,88%,N/A,N/A,50%,81%,90%,84%,58%,97%,72%,49%,N/A,47%,58%,N/A,N/A,50%,62%,55%,87%,N/A,87%,89%,N/A,N/A,67%,75%,91%,60%,N/A,57%,67%,N/A,N/A,50%,56%,64%,95%,90%,N/A,90%,90%,N/A,N/A,N/A,100%,85%,93%,91%,N/A,91%,90%,N/A,N/A,N/A,100%,89%,96%,91%,N/A,89%,96%,N/A,N/A,N/A,100%,88%
13K419,"Science Skills Center High School for Science, Technology and the Creative Arts",Excellent,Fair,Fair,scienceskillscenterhs.org/,Dahlia Mcgregor,"09,10,11,12,SE",447,"Ed. Opt., Screened",Local Support and Improvement,49 Flatbush Avenue Extension,"Brooklyn, NY 11201",718-243-9413,7%,60%,24%,1%,<1%,4%,9%,18%,82%,35%,65%,0%,65%,"Boys: Basketball,Outdoor Track; Girls: Soccer,Softball,Table Tennis; Co-Ed: N/A","Journalism Club (Publication done by Student-Monthly School Newsletter), National Society of Black Engineers, National Student Council Chapter/Student Government Organization, National Honor Society Chapter, Arts Club, Dance Club, Computer Science Club, Gaming Club, Chess Club, Anime Club, Muslim Student Union, Debate Club,Gender Sexuality Alliance (GSA), Multicultural Book Club, My Brothers Keeper, My Sisters keeper","Drawing, Painting, Core Music",Career & Technical Education; Community School; CS for All; NYC Solves,18%,35%,N/A (fewer than 5 teachers),N/A (fewer than 5 teachers),0%,29%,13.4,56%,68%,50%,44%,N/A,N/A,50%,83%,43%,83%,89%,61,82%,83%,252 (56%),232 (52%),8% (27),61% (207),21% (72),1% (4),<1% (2),4% (12),Fair,100%,0%,0%,96%,N/A,N/A,97%,N/A,97%,96%,N/A,N/A,N/A,100%,96%,90%,95%,78%,80%,81%,80%,85%,N/A,N/A,60%,78%,80%,53%,60%,52%,61%,59%,N/A,N/A,50%,75%,52%,77%,91%,83%,77%,69%,63%,72%,62%,N/A,N/A,70%,70%,65%,93%,81%,95%,56%,33%,30%,36%,30%,N/A,N/A,20%,30%,40%,79%,81%,79%,78%,N/A,N/A,80%,85%,72%,48%,37%,53%,33%,N/A,N/A,40%,55%,55%,89%,81%,89%,81%,80%,N/A,N/A,60%,75%,82%,83%,80%,67%,83%,79%,N/A,N/A,80%,50%,93%,90%,89%,88%,90%,93%,N/A,N/A,N/A,100%,96%
13K430,Brooklyn Technical High School,Excellent,Excellent,Fair,bths.edu,David Newman,"09,10,11,12",5848,Test,Local Support and Improvement,29 Ft Greene Place,"Brooklyn, NY 11217",718-804-6400,58%,5%,7%,<1%,<1%,24%,<1%,2%,51%,43%,57%,<1%,96%,"Boys: Badminton,Baseball,Basketball,Bowling,Cross Country,Fencing,Football,Handball,Indoor Track,Lacrosse,Outdoor Track,Soccer,Swimming,Table Tennis,Tennis,Volleyball,Wrestling; Girls: Badminton,Basketball,Bowling,Cross Country,Fencing,Golf,Handball,Indoor Track,Lacrosse,Outdoor Track,Soccer,Softball,Swimming,Table Tennis,Tennis,Volleyball,Wrestling; Co-Ed: Cricket,Golf,Stunt",Gender Sexuality Alliance (GSA),"Computer Art / Digital Art, String Orchestra, Concert Band, Mixed Choir, Photography, Portfolio Development, Treble Choir, Studio Art, Classroom Music, Chamber Music, and more",Career & Technical Education; Respect for All,18%,9%,10%,0%,0%,56%,8.6,90%,76%,75%,82%,85%,84%,79%,N/A,83%,62%,43%,96,100%,89%,4559 (78%),3002 (51%),58% (3330),5% (286),7% (411),<1% (30),<1% (32),24% (1382),Fair,96%,N/A,N/A,85%,0%,15%,98%,98%,97%,97%,N/A,N/A,99%,99%,98%,100%,96%,86%,96%,97%,90%,95%,88%,96%,97%,N/A,100%,88%,95%,95%,95%,97%,100%,92%,96%,N/A,94%,85%,94%,80%,89%,84%,85%,85%,80%,92%,79%,82%,N/A,82%,94%,86%,97%,79%,61%,61%,54%,60%,44%,67%,62%,N/A,71%,95%,96%,96%,95%,93%,92%,94%,N/A,95%,88%,88%,77%,88%,89%,75%,91%,N/A,92%,86%,78%,81%,76%,75%,68%,74%,75%,N/A,82%,70%,56%,55%,64%,61%,72%,52%,58%,N/A,79%,94%,88%,91%,83%,84%,95%,78%,86%,N/A,92%
13K439,Brooklyn International High School,Good,Good,Good,www.mybihs.org/,Kathleen Rucker,"09,10,11,12",308,Language Criteria,Local Support and Improvement,49 Flatbush Avenue Extension,"Brooklyn, NY 11201",718-643-9315,13%,14%,66%,<1%,<1%,6%,85%,8%,>95%,43%,57%,0%,91%,"Boys: Bowling,Soccer; Girls: Bowling,Soccer,Table Tennis; Co-Ed: Cricket",Gender Sexuality Alliance (GSA),"Studio Art, Dance / Introduction to Dance",Community School; Consortium; Future Ready NYC; New Arrivals; PROSE,N/A (fewer than 5 teachers),0%,N/A (fewer than 5 teachers),0%,0%,65%,11,88%,91%,97%,96%,N/A,N/A,80%,95%,N/A,96%,96%,47,83%,50%,,62 (20%),18% (26),19% (27),57% (83),<1% (1),<1% (1),5% (7),N/A,80%,N/A,N/A,70%,0%,30%,79%,N/A,N/A,72%,N/A,N/A,N/A,83%,76%,79%,70%,85%,90%,91%,79%,92%,N/A,N/A,89%,88%,N/A,83%,92%,94%,91%,92%,N/A,N/A,82%,90%,N/A,96%,85%,96%,90%,85%,83%,74%,89%,N/A,N/A,73%,85%,N/A,86%,57%,97%,83%,67%,71%,57%,69%,N/A,N/A,55%,65%,60%,97%,100%,97%,98%,N/A,N/A,82%,96%,N/A,86%,89%,85%,87%,N/A,N/A,64%,85%,N/A,96%,93%,88%,100%,93%,N/A,N/A,100%,95%,N/A,84%,81%,92%,85%,78%,N/A,N/A,73%,78%,N/A,96%,95%,88%,96%,98%,N/A,N/A,92%,94%,N/A
13K483,The Urban Assembly School for Law and Justice,Good,Good,Good,sljhs.org,Kristin Ferrales,"09,10,11,12,SE",410,Ed. Opt.,Local Support and Improvement,283 Adams Street,"Brooklyn, NY 11201",718-858-1160,4%,57%,32%,1%,0%,4%,2%,18%,82%,63%,37%,0%,82%,"Boys: Basketball,Soccer; Girls: Basketball,Soccer,Volleyball; Co-Ed: N/A","Art Club, Black Student Union, Chess Club, Broadway's Babies, Dance, Speech & Debate, Drama & Creative Arts,Gender Sexuality Alliance (GSA), Yearbook, Young Men's Initiative, Young Women's Association, StuCo, Latino Culture Club, Local Programs, Opportunity Programs, Study Abroad, Internships","Theater Survey, Mixed Media, Portfolio Development, Graphic Design, Core Music",Future Ready NYC; NYC Solves; Project Pivot; PROSE,0%,17%,17%,0%,0%,57%,5.1,71%,71%,69%,58%,N/A,N/A,91%,N/A,65%,100%,72%,54,50%,66%,99 (24%),184 (45%),4% (9),58% (117),31% (62),<1% (1),0% (0),5% (10),Good,100%,0%,0%,94%,N/A,N/A,96%,N/A,96%,94%,N/A,N/A,N/A,95%,98%,N/A,77%,82%,91%,93%,92%,90%,N/A,N/A,86%,100%,92%,69%,81%,71%,83%,77%,N/A,N/A,100%,N/A,81%,92%,97%,100%,89%,84%,87%,85%,79%,N/A,N/A,100%,100%,85%,82%,42%,96%,77%,57%,47%,57%,60%,N/A,N/A,64%,60%,60%,91%,73%,91%,91%,N/A,N/A,93%,100%,96%,71%,53%,72%,70%,N/A,N/A,93%,100%,69%,94%,88%,100%,94%,80%,N/A,N/A,80%,N/A,88%,85%,84%,80%,87%,80%,N/A,N/A,80%,N/A,94%,95%,94%,N/A,96%,92%,N/A,N/A,80%,N/A,92%
13K527,Urban Assembly Institute of Math and Science for Young Women,Good,Good,Good,www.uainstitute.org,Kiri Soares,"06,07,08,09,10,11,12,SE",250,Ed. Opt.,Local Support and Improvement,283 Adams Street,"Brooklyn, NY 11201",718-260-2300,17%,50%,15%,2%,1%,12%,13%,16%,86%,100%,0%,0%,86%,"Boys: Basketball,Soccer; Girls: Basketball,Soccer,Volleyball; Co-Ed: N/A","UAI offers an array of in-day and after school programming: Photography Club, Hydroponic Gardening, Green Team, Youth Leadership Council (YLC), Student Government,Gender Sexuality Alliance (GSA), Cheer Team, Step Team, Anime Club, Zine Club, Dance Club, Gaming Club, Arts and Crafts and Community Service opportunities","Theater Survey, Drawing, Filmmaking / Video, Three-Dimensional Art, Visual Art",DYCD: COMPASS/SONYC; Future Ready NYC; NYC Solves,N/A (fewer than 5 teachers),32%,N/A (fewer than 5 teachers),0%,0%,47%,15,65%,65%,53%,71%,83%,N/A,46%,96%,61%,89%,83%,55,88%,78%,103 (41%),86 (34%),16% (25),49% (76),14% (22),<1% (1),2% (3),15% (24),Excellent,97%,N/A,N/A,96%,N/A,N/A,100%,N/A,100%,N/A,N/A,N/A,N/A,100%,N/A,N/A,100%,86%,95%,87%,98%,100%,83%,N/A,86%,95%,100%,73%,87%,77%,91%,94%,100%,N/A,79%,91%,94%,90%,100%,77%,86%,81%,74%,83%,78%,N/A,N/A,81%,94%,85%,86%,53%,95%,79%,61%,61%,60%,56%,100%,N/A,66%,83%,59%,95%,94%,95%,97%,100%,N/A,90%,96%,97%,76%,74%,75%,84%,100%,N/A,71%,100%,82%,95%,92%,83%,91%,94%,N/A,N/A,100%,90%,90%,90%,94%,92%,93%,100%,N/A,N/A,100%,100%,95%,96%,96%,91%,98%,94%,N/A,N/A,86%,89%,95%
13K594,Gotham Professional Arts Academy,Good,,Fair,www.gothamacademy.org,Robert Michelin,"09,10,11,12,SE",223,Ed. Opt.,Local Support and Improvement,561 Grand Avenue,"Brooklyn, NY 11238",718-230-7270,2%,70%,22%,1%,0%,4%,4%,35%,86%,68%,32%,0%,62%,"Boys: Indoor Track,Outdoor Track; Girls: Indoor Track,Outdoor Track; Co-Ed: N/A","Podcasting, literary magazine, dance, guitar, drumming,Gender Sexuality Alliance (GSA), knitting, rock climbing, intramural basketball, art club, student government, theatre and improv, student government, running club, Gotham Scholars, SEO, Brooklyn STEAM, ArtsConnection, Whitney Museum, Brooklyn Museum, Mass MoCA, music production and more!","Studio Art, Art History, Drawing, Dramatic Literature",Community School; Consortium; CS for All; PROSE,N/A (fewer than 5 teachers),27%,N/A (fewer than 5 teachers),0%,0%,41%,6.8,77%,N/A,67%,N/A,N/A,N/A,N/A,N/A,N/A,38%,38%,52,92%,57%,162 (73%),73 (33%),2% (3),69% (123),23% (40),1% (2),0% (0),3% (6),Excellent,69%,N/A,N/A,89%,0%,11%,89%,N/A,89%,88%,N/A,N/A,N/A,89%,89%,N/A,76%,N/A,100%,N/A,100%,N/A,N/A,N/A,N/A,N/A,N/A,N/A,78%,N/A,83%,N/A,N/A,N/A,N/A,N/A,N/A,N/A,54%,62%,N/A,89%,N/A,83%,N/A,N/A,N/A,N/A,N/A,N/A,79%,36%,95%,N/A,60%,N/A,67%,N/A,N/A,N/A,N/A,N/A,N/A,90%,N/A,100%,N/A,N/A,N/A,N/A,N/A,N/A,60%,N/A,67%,N/A,N/A,N/A,N/A,N/A,N/A,87%,83%,N/A,76%,N/A,N/A,N/A,N/A,N/A,88%,87%,83%,N/A,82%,N/A,N/A,N/A,N/A,N/A,100%,89%,90%,N/A,93%,N/A,N/A,N/A,N/A,N/A,100%
13K595,Bedford Academy High School,Excellent,Good,Good,bedfordacademyhs.org,Adofo Muhammad,"09,10,11,12",338,Screened,Local Support and Improvement,1119 Bedford Avenue,"Brooklyn, NY 11216",718-398-3061,6%,67%,17%,<1%,0%,5%,0%,17%,70%,52%,48%,0%,63%,"Boys: Badminton,Basketball,Outdoor Track; Girls: Badminton,Basketball,Outdoor Track; Co-Ed: N/A",Principals Advisory Board Speech and Debate Team Volleyball Badminton Chess Club Student Government,"Music Technology, Filmmaking / Video, Core Music, Percussion",NYC Solves; PROSE; Respect for All,24%,57%,N/A (fewer than 5 teachers),0%,0%,N/A (fewer than 5 teachers),15.4,86%,79%,78%,87%,N/A,N/A,100%,N/A,64%,95%,77%,72,88%,83%,126 (37%),106 (31%),8% (16),62% (121),19% (37),<1% (1),0% (0),6% (11),Good,100%,0%,0%,92%,N/A,N/A,99%,N/A,98%,N/A,N/A,N/A,N/A,100%,97%,N/A,N/A,82%,94%,100%,95%,92%,N/A,N/A,92%,N/A,90%,83%,96%,100%,94%,98%,N/A,N/A,100%,N/A,89%,85%,91%,86%,89%,83%,95%,83%,75%,N/A,N/A,92%,N/A,78%,91%,70%,97%,72%,36%,61%,33%,32%,N/A,N/A,57%,N/A,35%,90%,95%,88%,98%,N/A,N/A,86%,N/A,80%,72%,83%,69%,69%,N/A,N/A,100%,N/A,65%,92%,84%,N/A,79%,88%,N/A,N/A,100%,N/A,92%,85%,78%,N/A,77%,65%,N/A,N/A,100%,N/A,83%,97%,95%,N/A,93%,100%,N/A,N/A,100%,N/A,100%
13K605,George Westinghouse Career and Technical Education High School,Fair,Fair,Good,www.westinghousehs.org,Kyleema Norman,"09,10,11,12,SE",558,"D75 Special Education Inclusive Services, Ed. Opt., Screened",Local Support and Improvement,105 Tech Place,"Brooklyn, NY 11201",718-625-6130,4%,57%,33%,1%,<1%,4%,5%,27%,82%,27%,73%,0%,81%,"Boys: Baseball,Basketball,Bowling,Cross Country,Handball,Indoor Track,Outdoor Track,Soccer; Girls: Basketball,Cross Country,Indoor Track,Outdoor Track,Softball,Volleyball; Co-Ed: N/A","Anime Club, Art Club, Book Club, Chess Club, Cheer Club, Cookie Club, Drama Club, Fitness Club, Video Gaming Club,Gender Sexuality Alliance (GSA), Guitar Club, Key Club, My Brother s Keeper, My. Sisters Keeper, Podcast Club, FIRST Robotics Team, National Honor Society, PACE Upward Bound @ Pace University, Brooklyn TRIO @ Brooklyn College, Bridging the Gap @ New York City College of Technology, RAPP Program","Core Music, Visual Art",Career & Technical Education; CS for All; NYC Solves; Project Pivot,N/A (fewer than 5 teachers),32%,10%,N/A (fewer than 5 teachers),N/A (fewer than 5 teachers),40%,1,84%,44%,52%,58%,33%,N/A,60%,80%,60%,78%,61%,45,78%,48%,98 (18%),193 (35%),3% (8),58% (137),32% (75),2% (4),0% (0),4% (9),Needs Improvement,99%,N/A,N/A,88%,0%,12%,96%,N/A,97%,94%,N/A,N/A,N/A,97%,96%,N/A,93%,71%,85%,71%,84%,85%,80%,N/A,100%,85%,90%,66%,80%,71%,78%,84%,100%,N/A,82%,82%,90%,74%,83%,73%,82%,77%,58%,77%,80%,83%,N/A,75%,76%,87%,88%,63%,97%,66%,38%,44%,39%,34%,67%,N/A,42%,35%,38%,84%,79%,83%,86%,100%,N/A,75%,76%,88%,65%,68%,67%,61%,50%,N/A,67%,59%,71%,89%,87%,100%,89%,81%,N/A,N/A,88%,100%,82%,85%,83%,67%,86%,78%,N/A,N/A,100%,89%,87%,92%,90%,100%,91%,86%,N/A,N/A,100%,88%,86%
13K670,Benjamin Banneker Academy,Good,Fair,Fair,www.benjaminbanneker.nyc,Kinsley Kwateng,"09,10,11,12,SE",852,Screened,Local Support and Improvement,71-77 Clinton Avenue,"Brooklyn, NY 11205",718-797-3702,1%,77%,15%,1%,<1%,2%,<1%,14%,77%,52%,48%,0%,88%,"Boys: Baseball,Basketball,Bowling,Cross Country,Fencing,Indoor Track,Outdoor Track,Soccer; Girls: Basketball,Cross Country,Fencing,Indoor Track,Outdoor Track,Soccer,Softball,Tennis,Volleyball; Co-Ed: N/A",N/A,"Studio Art, Dance / Introduction to Dance, Core Music, Jazz Dance, Visual Art, Choreography / Dance Composition",NYC Solves,N/A (fewer than 5 teachers),57%,10%,N/A (fewer than 5 teachers),N/A (fewer than 5 teachers),29%,9.2,73%,40%,48%,43%,83%,N/A,75%,N/A,54%,97%,61%,68,90%,69%,322 (38%),487 (57%),1% (9),75% (466),16% (101),1% (8),<1% (1),1% (9),Fair,100%,0%,0%,82%,0%,18%,100%,N/A,100%,100%,N/A,N/A,N/A,100%,100%,N/A,100%,78%,92%,100%,93%,93%,83%,N/A,71%,N/A,90%,65%,79%,N/A,79%,74%,100%,N/A,100%,N/A,86%,86%,96%,93%,85%,79%,60%,80%,76%,83%,N/A,62%,N/A,89%,86%,50%,96%,68%,38%,N/A,38%,35%,50%,N/A,38%,N/A,53%,87%,100%,86%,89%,100%,N/A,86%,N/A,93%,70%,40%,72%,63%,83%,N/A,88%,N/A,81%,88%,79%,N/A,79%,71%,N/A,N/A,N/A,N/A,94%,81%,77%,N/A,77%,70%,N/A,N/A,N/A,N/A,87%,92%,89%,N/A,90%,85%,N/A,N/A,N/A,N/A,87%
13K674,"City Polytechnic High School of Engineering, Architecture, and Technology",Fair,Fair,Good,www.citypolyhs.org,Rachel Hill,"09,10,11,12,SE",442,Ed. Opt.,Local Support and Improvement,105 Tech Place,"Brooklyn, NY 11201",718-875-1473,8%,60%,25%,2%,<1%,2%,5%,20%,75%,21%,79%,0%,84%,"Boys: Baseball,Basketball,Bowling,Cross Country,Handball,Indoor Track,Outdoor Track,Soccer; Girls: Basketball,Cross Country,Indoor Track,Outdoor Track,Softball,Volleyball; Co-Ed: N/A",Gender Sexuality Alliance (GSA),Studio Art,Career & Technical Education; NYC Solves,N/A (fewer than 5 teachers),28%,N/A (fewer than 5 teachers),0%,0%,47%,2.1,66%,67%,63%,55%,N/A,N/A,N/A,56%,56%,55%,45%,50,66%,63%,,215 (49%),8% (24),62% (178),24% (70),2% (5),<1% (1),1% (3),Excellent,99%,N/A,N/A,86%,0%,14%,94%,N/A,93%,100%,N/A,N/A,N/A,N/A,93%,N/A,82%,74%,90%,82%,90%,94%,N/A,N/A,N/A,75%,91%,68%,82%,76%,81%,83%,N/A,N/A,N/A,67%,76%,63%,53%,50%,87%,82%,74%,84%,80%,N/A,N/A,N/A,60%,88%,87%,60%,96%,69%,49%,28%,52%,45%,N/A,N/A,N/A,33%,52%,88%,83%,88%,85%,N/A,N/A,N/A,89%,82%,76%,78%,71%,83%,N/A,N/A,N/A,67%,69%,94%,87%,67%,92%,83%,N/A,N/A,N/A,N/A,89%,85%,83%,83%,79%,92%,N/A,N/A,N/A,N/A,89%,95%,98%,100%,100%,91%,N/A,N/A,N/A,N/A,100%
13K963,Design Works High School,,Good,Excellent,www.designworkshs.org/,Corinth Hunter,"09,10,SE",162,Open,Local Support and Improvement,29 6 Avenue,"Brooklyn, NY 11217",929-489-3880,5%,45%,27%,1%,0%,16%,2%,28%,61%,54%,44%,1%,56%,"Boys: Baseball,Basketball,Bowling,Cross Country,Handball,Indoor Track,Outdoor Track,Soccer; Girls: Basketball,Cross Country,Indoor Track,Outdoor Track,Softball,Volleyball; Co-Ed: N/A","Robotics, Coding, Media, Student Gov, Podcasting, Activism, Art, Sequential Art,Gender Sexuality Alliance (GSA), & Book Club. Other options available upon student request.","Mixed Media, Studio Art",CS for All; Future Ready NYC; NYC Solves,N/A (fewer than 5 teachers),43%,N/A (fewer than 5 teachers),N/A (fewer than 5 teachers),N/A (fewer than 5 teachers),50%,2.2,57%,100%,77%,74%,N/A,N/A,75%,N/A,90%,100%,100%,N/A,N/A,N/A,13 (8%),81 (50%),6% (5),38% (32),26% (22),0% (0),0% (0),24% (20),Fair,83%,18%,0%,82%,0%,18%,N/A,N/A,N/A,N/A,N/A,N/A,N/A,N/A,N/A,N/A,N/A,76%,92%,100%,93%,90%,N/A,N/A,93%,N/A,92%,67%,87%,71%,92%,93%,N/A,N/A,81%,N/A,90%,78%,93%,71%,72%,71%,57%,80%,71%,N/A,N/A,62%,N/A,79%,92%,77%,95%,66%,46%,14%,60%,45%,N/A,N/A,41%,N/A,50%,91%,86%,95%,94%,N/A,N/A,88%,N/A,92%,57%,43%,69%,68%,N/A,N/A,41%,N/A,69%,95%,97%,100%,96%,97%,N/A,N/A,100%,N/A,94%,91%,96%,100%,98%,97%,N/A,N/A,100%,N/A,94%,97%,97%,100%,94%,100%,N/A,N/A,100%,N/A,97%
14K071,Juan Morel Campos Secondary School,Fair,Good,Excellent,www.juanmorelcampos.com/,Nichole Cicileo,"06,07,08,09,10,11,12,SE",344,"ASD/ACES Program, Open",Local Support and Improvement,215 Heyward Street,"Brooklyn, NY 11206",718-302-7900,0%,23%,72%,<1%,<1%,4%,33%,31%,>95%,46%,54%,0%,89%,"Boys: Baseball,Basketball,Handball,Soccer; Girls: Basketball,Softball,Volleyball; Co-Ed: N/A",N/A,"Studio Art, Modern Dance, Concert Band, Acting, Theater / Play Production, Computer Art / Digital Art, Fashion and Textile Design",Community School; Dual Language or TBE; DYCD: COMPASS/SONYC; NYC Solves,N/A (fewer than 5 teachers),30%,18%,0%,0%,42%,1.5,78%,N/A,71%,77%,N/A,N/A,100%,88%,70%,82%,64%,38,43%,53%,65 (19%),95 (28%),0% (0),28% (35),71% (90),<1% (1),<1% (1),0% (0),Fair,97%,N/A,N/A,98%,N/A,N/A,81%,N/A,84%,82%,N/A,N/A,N/A,83%,80%,67%,69%,83%,96%,N/A,90%,97%,N/A,N/A,100%,95%,95%,78%,82%,N/A,76%,84%,N/A,N/A,100%,86%,79%,90%,96%,96%,90%,80%,N/A,84%,78%,N/A,N/A,N/A,76%,83%,83%,47%,96%,81%,62%,N/A,57%,63%,N/A,N/A,83%,62%,65%,93%,N/A,91%,94%,N/A,N/A,100%,90%,93%,79%,N/A,74%,81%,N/A,N/A,100%,79%,78%,96%,92%,N/A,88%,93%,N/A,N/A,100%,93%,96%,91%,89%,N/A,90%,88%,N/A,N/A,N/A,95%,94%,97%,96%,N/A,92%,97%,N/A,N/A,N/A,95%,98%
14K449,"Brooklyn Latin School, The",Excellent,Excellent,Good,brooklynlatin.org,Katrina Billy Wilkinson,"09,10,11,12",773,Test,Local Support and Improvement,223 Graham Avenue,"Brooklyn, NY 11206",718-366-0154,47%,10%,11%,<1%,<1%,21%,0%,3%,52%,44%,56%,<1%,69%,"Boys: Baseball,Basketball,Cross Country,Outdoor Track,Soccer,Table Tennis,Volleyball; Girls: Badminton,Basketball,Cross Country,Outdoor Track,Volleyball; Co-Ed: N/A",N/A,"Studio Art, Art History, Theater Survey",PROSE,23%,N/A (fewer than 5 teachers),16%,0%,0%,57%,6.2,75%,72%,76%,75%,67%,N/A,79%,N/A,67%,63%,56%,92,99%,89%,,397 (51%),47% (365),10% (77),11% (82),<1% (7),<1% (6),21% (161),N/A,100%,0%,0%,96%,N/A,N/A,100%,100%,100%,100%,N/A,N/A,97%,100%,99%,N/A,N/A,87%,95%,96%,86%,95%,100%,N/A,96%,N/A,95%,86%,92%,92%,91%,92%,100%,N/A,93%,N/A,75%,94%,100%,93%,85%,76%,77%,77%,74%,83%,N/A,74%,N/A,80%,93%,76%,96%,78%,57%,61%,47%,41%,67%,N/A,61%,N/A,57%,94%,95%,90%,94%,100%,N/A,96%,N/A,76%,79%,79%,79%,70%,83%,N/A,81%,N/A,65%,90%,86%,88%,68%,82%,N/A,N/A,86%,N/A,89%,76%,62%,59%,68%,82%,N/A,N/A,62%,N/A,67%,95%,92%,94%,89%,88%,N/A,N/A,92%,N/A,89%
14K454,The Williamsburg High School of Art and Technology,Good,Good,Good,whsat.org,Cordel Blair,"09,10,11,12,SE",425,"Ed. Opt., Language Criteria, Screened",Local Support and Improvement,223 Graham Avenue,"Brooklyn, NY 11206",718-599-1207,3%,25%,64%,1%,<1%,4%,13%,24%,84%,41%,59%,0%,91%,"Boys: Baseball,Basketball,Cross Country,Outdoor Track,Soccer,Table Tennis,Volleyball; Girls: Badminton,Basketball,Cross Country,Outdoor Track,Volleyball; Co-Ed: N/A","My Brother's Keeper, My Sister's Keeper, Creative Writing Club, Animation Club, Ping Pong Club, Podcast club, Theater Club, Design Club, Art Club, Construction club,Gender Sexuality Alliance (GSA)",Studio Art,Career & Technical Education; Career Readiness and Modern Youth Apprenticeship; Community School; Dual Language or TBE; Future Ready NYC; NYC Solves; PROSE; Respect for All,N/A (fewer than 5 teachers),45%,N/A (fewer than 5 teachers),0%,0%,39%,3,87%,N/A,68%,85%,N/A,N/A,71%,90%,80%,90%,65%,59,95%,67%,155 (36%),188 (44%),2% (6),23% (61),66% (175),1% (3),<1% (1),6% (15),Fair,98%,N/A,N/A,93%,N/A,N/A,93%,N/A,100%,89%,N/A,N/A,N/A,98%,90%,93%,79%,80%,97%,N/A,100%,95%,N/A,N/A,100%,70%,97%,85%,93%,N/A,90%,93%,N/A,N/A,100%,100%,95%,61%,53%,40%,89%,92%,N/A,91%,93%,N/A,N/A,86%,85%,93%,84%,58%,95%,81%,57%,N/A,43%,63%,N/A,N/A,29%,54%,57%,96%,N/A,93%,97%,N/A,N/A,100%,100%,93%,86%,N/A,89%,86%,N/A,N/A,71%,79%,88%,94%,89%,N/A,100%,81%,N/A,N/A,N/A,N/A,89%,83%,86%,N/A,79%,87%,N/A,N/A,N/A,N/A,83%,93%,92%,N/A,87%,93%,N/A,N/A,N/A,N/A,88%
14K474,PROGRESS High School for Professional Careers,Fair,Good,Excellent,www.progresshighschool.com,Jasmine Pena,"09,10,11,12,SE",422,Ed. Opt.,Local Support and Improvement,850 Grand Street,"Brooklyn, NY 11211",718-387-0228,<1%,16%,81%,<1%,<1%,1%,38%,24%,93%,45%,55%,<1%,92%,"Boys: Baseball,Basketball,Football,Handball,Soccer,Volleyball,Wrestling; Girls: Basketball,Handball,Outdoor Track,Soccer,Softball,Volleyball; Co-Ed: Golf",N/A,"Studio Art, Visual Art, Concert Band, Jazz Ensemble, Stage Management, Theater / Play Production, Guitar, Technical Theater",Dual Language or TBE; DYCD: Beacon; DYCD: COMPASS/SONYC; NYC Solves; Project Pivot,N/A (fewer than 5 teachers),21%,35%,0%,0%,35%,6.6,85%,N/A,65%,77%,N/A,N/A,N/A,81%,63%,100%,85%,37,43%,34%,118 (28%),177 (42%),<1% (2),20% (51),76% (197),<1% (2),<1% (1),2% (4),Excellent,95%,N/A,N/A,85%,0%,15%,84%,N/A,95%,79%,N/A,N/A,N/A,86%,80%,67%,85%,81%,91%,N/A,97%,88%,N/A,N/A,N/A,79%,92%,78%,88%,N/A,86%,90%,N/A,N/A,N/A,91%,85%,85%,85%,81%,88%,88%,N/A,88%,89%,N/A,N/A,N/A,89%,90%,88%,71%,96%,79%,58%,N/A,38%,64%,N/A,N/A,N/A,75%,48%,95%,N/A,91%,96%,N/A,N/A,N/A,92%,98%,88%,N/A,74%,92%,N/A,N/A,N/A,92%,90%,96%,97%,N/A,100%,97%,N/A,N/A,N/A,97%,100%,96%,93%,N/A,86%,94%,N/A,N/A,N/A,94%,94%,99%,100%,N/A,100%,100%,N/A,N/A,N/A,100%,100%
14K477,East Williamsburg Scholars Academy,Fair,Good,Good,www.ew-sa.org,Rosemary Vega,"09,10,11,12,SE",489,"Ed. Opt., Open",Local Support and Improvement,850 Grand Street,"Brooklyn, NY 11211",718-387-2800,<1%,13%,78%,<1%,<1%,2%,43%,18%,95%,47%,53%,0%,87%,"Boys: Baseball,Basketball,Football,Handball,Soccer,Volleyball,Wrestling; Girls: Basketball,Handball,Outdoor Track,Soccer,Softball,Volleyball; Co-Ed: Golf","Conflict Resolution, Artsmart, LGBTQIA club, Leadership Program, College Now, Wellness Program, Civics for All, Cooking Class, Community Service Learning, Mentoring, My Sister's Keeper and My Brother's Keeper PSAL SPORTS - COED Golf PSAL SPORTS - GIRLS Basketball, Handball, Outdoor Track, Soccer, Softball, Volleyball PSAL SPORTS - BOYS Baseball, Basketball, Football, Handball, Soccer, Volleyball, Wrestling","Concert Band, Jazz Ensemble, Guitar, Studio Art, Technical Theater",Career & Technical Education; CS for All; Dual Language or TBE; NYC Solves; Project Pivot,16%,21%,30%,0%,0%,30%,11.5,67%,N/A,68%,77%,N/A,N/A,86%,79%,60%,88%,86%,35,33%,46%,96 (20%),147 (30%),1% (3),13% (28),75% (159),<1% (1),<1% (2),3% (6),Good,94%,N/A,N/A,83%,0%,18%,85%,N/A,N/A,83%,N/A,N/A,N/A,94%,76%,80%,77%,77%,91%,N/A,100%,89%,N/A,N/A,100%,85%,91%,78%,86%,N/A,88%,85%,N/A,N/A,100%,79%,90%,77%,79%,67%,84%,77%,N/A,79%,75%,N/A,N/A,88%,75%,72%,86%,56%,97%,77%,52%,N/A,43%,52%,N/A,N/A,62%,47%,54%,91%,N/A,86%,91%,N/A,N/A,100%,89%,91%,81%,N/A,76%,80%,N/A,N/A,100%,82%,77%,92%,96%,N/A,N/A,95%,N/A,N/A,N/A,100%,100%,82%,78%,N/A,N/A,82%,N/A,N/A,N/A,100%,71%,96%,96%,N/A,N/A,94%,N/A,N/A,N/A,100%,100%
14K478,"The High School for Enterprise, Business and Technology",Fair,Good,Good,www.ebtbrooklyn.com,Nirmala Nanes,"09,10,11,12,SE",527,"Ed. Opt., Screened",Local Support and Improvement,850 Grand Street,"Brooklyn, NY 11211",718-387-2800,3%,19%,75%,<1%,0%,2%,27%,20%,92%,35%,65%,0%,83%,"Boys: Baseball,Basketball,Football,Handball,Soccer,Volleyball,Wrestling; Girls: Basketball,Handball,Outdoor Track,Soccer,Softball,Volleyball; Co-Ed: Golf","Yearbook, Model UN/UNICEF, Girls Who Code, My Brother's Keeper (MBK), My Sister's Keeper (MSK), Student Government, Tabletop Gaming, Robotics, Anime, All City Marching Band, Jazz Band, Invest in Girls, National Honor Society, National Technical Honor Society, Business & Marketing Honor Society, Math & Science Honor Society,Gender Sexuality Alliance (GSA)","Studio Art, Concert Band, Jazz Ensemble, Painting",Career & Technical Education; Dual Language or TBE; Future Ready NYC; NYC Solves; Project Pivot,22%,18%,24%,0%,N/A (fewer than 5 teachers),24%,0.4,69%,64%,47%,71%,N/A,N/A,60%,86%,63%,78%,69%,42,66%,51%,154 (29%),152 (29%),4% (12),17% (49),75% (223),<1% (2),0% (0),3% (10),Excellent,100%,0%,0%,91%,N/A,N/A,85%,N/A,91%,82%,N/A,N/A,N/A,89%,84%,74%,79%,77%,87%,89%,78%,88%,N/A,N/A,80%,81%,93%,74%,83%,78%,71%,85%,N/A,N/A,N/A,89%,78%,75%,79%,70%,83%,78%,60%,68%,80%,N/A,N/A,80%,84%,90%,86%,64%,95%,72%,46%,70%,33%,48%,N/A,N/A,60%,48%,49%,89%,80%,76%,91%,N/A,N/A,100%,89%,92%,72%,70%,55%,75%,N/A,N/A,N/A,83%,75%,91%,87%,88%,88%,88%,N/A,N/A,88%,92%,96%,77%,82%,71%,77%,83%,N/A,N/A,100%,88%,87%,96%,93%,100%,92%,94%,N/A,N/A,88%,94%,100%
14K488,Brooklyn Preparatory High School,Fair,Good,Good,www.brooklynprephs.org/,Noah Lansner,"09,10,11,12,SE",590,Ed. Opt.,Local Support and Improvement,257 North 6 Street,"Brooklyn, NY 11211",718-486-2550,1%,41%,54%,<1%,<1%,2%,5%,17%,85%,59%,41%,0%,89%,"Boys: Baseball,Basketball,Cross Country,Indoor Track,Outdoor Track,Volleyball; Girls: Basketball,Cross Country,Flag Football,Indoor Track,Outdoor Track,Softball,Volleyball; Co-Ed: N/A","Girls Empowerment Group BP Empresses, BP LIONS Leaders In Our Neighborhood,Gender Sexuality Alliance (GSA), Student Council, Peer Mentoring, Teachers Assistants, Peer Advisory Leaders, After school Dance Program, Deloitte Academy, Young Lawyers Club, College Now, Job Shadows, Science Genius, Business Plan Competition, College Summit Peer Leaders, Student led electives (PreMed, Dance, K Pop), NY Cares Community Service Projects.","Voice and Diction, Piano Keyboard, Guitar, Drawing, Painting, Printmaking, Studio Art, Dance / Introduction to Dance, Visual Art, Music Technology, and more",NYC Solves; Project Pivot; PROSE,N/A (fewer than 5 teachers),20%,18%,N/A (fewer than 5 teachers),0%,50%,15.1,78%,N/A,52%,60%,N/A,N/A,N/A,N/A,50%,47%,37%,55,54%,75%,213 (36%),254 (43%),2% (7),43% (161),51% (192),1% (5),0% (0),2% (6),Good,95%,N/A,N/A,74%,0%,26%,97%,N/A,100%,95%,N/A,N/A,N/A,99%,94%,N/A,83%,82%,92%,N/A,94%,92%,N/A,N/A,N/A,N/A,91%,74%,86%,N/A,82%,90%,N/A,N/A,N/A,N/A,95%,81%,70%,63%,91%,86%,N/A,81%,88%,N/A,N/A,80%,N/A,92%,91%,74%,94%,78%,57%,N/A,55%,59%,N/A,N/A,40%,N/A,54%,94%,N/A,92%,96%,N/A,N/A,100%,N/A,96%,83%,N/A,84%,84%,N/A,N/A,80%,N/A,87%,92%,86%,N/A,91%,87%,N/A,N/A,N/A,92%,90%,86%,80%,N/A,87%,76%,N/A,N/A,N/A,83%,90%,97%,96%,N/A,96%,96%,N/A,N/A,N/A,100%,100%
14K558,Williamsburg High School for Architecture and Design,Excellent,Excellent,Good,www.whsad.org,Gill Cornell,"09,10,11,12,SE",624,Open,Local Support and Improvement,257 North 6 Street,"Brooklyn, NY 11211",718-388-1260,3%,25%,64%,<1%,<1%,5%,5%,24%,83%,40%,60%,0%,93%,"Boys: Baseball,Basketball,Cross Country,Indoor Track,Outdoor Track,Volleyball; Girls: Basketball,Cross Country,Flag Football,Indoor Track,Outdoor Track,Softball,Volleyball; Co-Ed: N/A","Architecture Club, Art Club, Revit Club, Newspaper Team, WHSAD Senate, Carpentry Club, Yearbook Club, Teen Entrepreneurship Club, Community Service Club, Chess Club, Video Game Club, Dungeons and Dragons Club, Anime Club, Debate Club, Dance Club, My Sister's Keeper, and My Brother's Keeper",Architecture,Career & Technical Education; Community School; NYC Solves,0%,20%,23%,0%,0%,57%,16.7,66%,85%,74%,82%,N/A,N/A,68%,83%,79%,88%,72%,54,97%,72%,240 (38%),203 (33%),4% (14),24% (81),62% (204),<1% (3),0% (0),7% (24),Fair,96%,4%,0%,93%,0%,7%,96%,N/A,97%,96%,N/A,N/A,N/A,94%,97%,92%,94%,86%,95%,94%,96%,94%,N/A,N/A,96%,92%,91%,83%,91%,76%,89%,92%,N/A,N/A,93%,100%,91%,92%,94%,97%,93%,90%,89%,89%,90%,N/A,N/A,93%,85%,90%,91%,73%,96%,83%,58%,44%,63%,57%,N/A,N/A,54%,67%,59%,94%,89%,93%,94%,N/A,N/A,96%,96%,91%,87%,78%,89%,86%,N/A,N/A,89%,93%,89%,93%,88%,87%,86%,88%,N/A,N/A,88%,94%,85%,81%,79%,93%,77%,80%,N/A,N/A,73%,88%,80%,96%,93%,100%,94%,92%,N/A,N/A,91%,100%,90%
14K561,Williamsburg Preparatory School,Good,Good,Good,williamsburgprep.com,Kellyann Witkowski,"09,10,11,12,SE",668,Ed. Opt.,Local Support and Improvement,257 North 6 Street,"Brooklyn, NY 11211",718-302-2306,3%,18%,70%,<1%,<1%,5%,6%,26%,85%,50%,50%,0%,82%,"Boys: Baseball,Basketball,Cross Country,Indoor Track,Outdoor Track,Volleyball; Girls: Basketball,Cross Country,Flag Football,Indoor Track,Outdoor Track,Softball,Volleyball; Co-Ed: N/A","American Sign Language Club, Anime Club, AP Club, Art Club, Black Student Union, Book Club, Debate Team, Dungeons & Dragons Clubs, Equity Team, Homework Cafe, KPop Club, My Brother's Keeper, My Sister's Keeper,Gender Sexuality Alliance (GSA), Peer Mediators, Peer Mentors, Soccer Club, Songwriting Club, Student Ambassadors, Teaching/Office Assistants, Theater Club, Video Game Club, Yearbook Club, Yoga Club","Dance / Introduction to Dance, Studio Art, Art History",NYC Solves; Project Pivot,0%,16%,18%,0%,0%,67%,4,90%,43%,52%,58%,N/A,N/A,65%,68%,49%,64%,51%,59,67%,81%,206 (31%),189 (28%),5% (16),15% (49),68% (221),<1% (1),<1% (1),7% (23),Fair,92%,N/A,N/A,91%,0%,9%,96%,N/A,96%,94%,N/A,N/A,N/A,97%,95%,92%,95%,81%,94%,93%,97%,93%,N/A,N/A,93%,92%,94%,79%,89%,87%,92%,89%,N/A,N/A,93%,89%,84%,88%,85%,92%,83%,74%,73%,81%,72%,N/A,N/A,74%,71%,78%,85%,55%,95%,74%,48%,60%,44%,48%,N/A,N/A,57%,52%,49%,93%,100%,91%,93%,N/A,N/A,93%,94%,95%,76%,64%,67%,78%,N/A,N/A,72%,77%,75%,91%,91%,100%,93%,91%,N/A,N/A,85%,N/A,91%,84%,81%,56%,89%,82%,N/A,N/A,77%,N/A,83%,98%,96%,100%,100%,96%,N/A,N/A,91%,N/A,97%
14K586,Lyons Community School,Fair,Good,Excellent,www.lyonscommunityschool.org,Nathan Larsen,"06,07,08,09,10,11,12,SE",266,Ed. Opt.,Comprehensive Support and Improvement,223 Graham Avenue,"Brooklyn, NY 11206",718-782-0918,0%,35%,58%,<1%,0%,2%,17%,32%,93%,45%,55%,0%,86%,"Boys: Baseball,Basketball,Cross Country,Outdoor Track,Soccer,Table Tennis,Volleyball; Girls: Badminton,Basketball,Cross Country,Outdoor Track,Volleyball; Co-Ed: N/A","Art, Theater, Chess, Hip Hop Dance Team, Music, Peer Mediation, Peer Mentorship, Peer Tutoring, Restorative Justice,Gender Sexuality Alliance (GSA), Talent Shows, Student Council, Sustainability Team, Anime, Video Gaming, Outdoor Leadership (hiking/camping), Cosmetology, Film Making, Photography, Social Justice, Cooking and Yearbook","Studio Art, Voice and Diction, Portfolio Development, Ceramics, Styles of Acting, Fashion and Textile Design",21st Century Community Learning Center; Career Readiness and Modern Youth Apprenticeship; Community School; Consortium; DYCD: COMPASS/SONYC; Future Ready NYC; PROSE,0%,22%,20%,0%,0%,45%,0.8,78%,N/A,36%,45%,N/A,N/A,57%,69%,38%,64%,51%,35,70%,29%,,163 (61%),0% (0),34% (71),58% (120),<1% (2),0% (0),2% (4),Excellent,88%,N/A,N/A,82%,0%,18%,72%,N/A,70%,73%,N/A,N/A,N/A,76%,70%,92%,60%,81%,89%,N/A,84%,92%,N/A,N/A,75%,89%,85%,70%,81%,N/A,86%,78%,N/A,N/A,62%,88%,73%,92%,96%,100%,88%,85%,N/A,88%,82%,N/A,N/A,100%,93%,85%,79%,42%,96%,76%,63%,N/A,68%,62%,N/A,N/A,22%,65%,66%,92%,N/A,94%,92%,N/A,N/A,78%,95%,90%,76%,N/A,81%,72%,N/A,N/A,78%,87%,76%,97%,100%,N/A,100%,100%,N/A,N/A,N/A,N/A,100%,90%,93%,N/A,100%,88%,N/A,N/A,N/A,N/A,100%,99%,100%,N/A,100%,100%,N/A,N/A,N/A,N/A,100%
14K610,A-Tech High School,Good,Excellent,Excellent,www.atechhs.org,Neil Harris,"09,10,11,12,SE",440,Ed. Opt.,Local Support and Improvement,50 Bedford Avenue,"Brooklyn, NY 11222",718-218-9301,2%,40%,51%,2%,<1%,3%,5%,29%,86%,11%,89%,0%,90%,"Boys: Baseball,Basketball,Bowling,Football,Handball,Outdoor Track,Soccer,Volleyball; Girls: Outdoor Track,Volleyball; Co-Ed: N/A","PSAL SPORTS - BOYS Baseball, Basketball, Bowling, Football, Handball, Soccer, Volleyball Clubs: Sustainability, Gaming, Tech, Chess,Gender Sexuality Alliance (GSA)","Visual Art, Computer Art / Digital Art, Studio Art, Photography, Advertising Art",Career & Technical Education; Career Readiness and Modern Youth Apprenticeship; Community School; CS for All; Future Ready NYC; NYC Solves,N/A (fewer than 5 teachers),45%,18%,0%,0%,30%,7.1,93%,100%,82%,78%,88%,N/A,82%,81%,85%,95%,95%,57,88%,37%,108 (25%),153 (35%),2% (3),41% (79),52% (100),<1% (1),0% (0),2% (4),Excellent,94%,N/A,N/A,94%,0%,6%,93%,N/A,100%,92%,N/A,N/A,N/A,N/A,94%,100%,83%,81%,90%,67%,92%,89%,88%,N/A,91%,76%,91%,78%,89%,100%,91%,87%,88%,N/A,91%,100%,82%,90%,95%,93%,89%,88%,100%,91%,84%,88%,N/A,91%,89%,90%,93%,81%,97%,79%,57%,83%,60%,52%,75%,N/A,73%,44%,56%,96%,100%,96%,95%,88%,N/A,100%,100%,93%,77%,67%,75%,76%,88%,N/A,91%,72%,72%,96%,96%,N/A,97%,96%,N/A,N/A,N/A,100%,100%,95%,95%,N/A,98%,92%,N/A,N/A,N/A,80%,97%,98%,96%,N/A,96%,96%,N/A,N/A,N/A,100%,94%
14K614,Young Women's Leadership School of Brooklyn,Good,Good,Good,www.tywlsbrooklyn.org/,Catherine Mitchell,"06,07,08,09,10,11,12,SE",165,Screened,Local Support and Improvement,325 Bushwick Avenue,"Brooklyn, NY 11206",718-387-5641,5%,46%,40%,1%,2%,5%,12%,27%,93%,100%,0%,0%,78%,Boys: N/A; Girls: Outdoor Track; Co-Ed: N/A,"Girls Advancing in STEM Club (GAINS), Band, Community Service, Reading Buddy program, Dance Ensemble, Environmental Action Club, Game Club, Guitar, Piano, Drumming, Rock band, Newsletter, Leadership Opportunities, Peer Mentoring, Regents Prep, Saturday Academy, Spirit Week, Student Government, Talent Show, Multicultural Show, Arts Club, Wide Rainbow Arts, Yearbook, Book Club, Youth Restorative Justice, SAT Prep, National Honors Society, Basketball, Volleyball, Cheerleading,Gender Sexuality Alliance (GSA), Muslim Students Association, Trips to Broadway shows, Club Getaway Sleepaway Trip, Six Flags Trip, Summerbridge, STEP team, STEM Club, Internships","Guitar, Dance / Introduction to Dance, Mixed Media",DYCD: COMPASS/SONYC; NYC Solves,N/A (fewer than 5 teachers),N/A (fewer than 5 teachers),25%,0%,0%,63%,9,67%,67%,58%,65%,N/A,N/A,89%,84%,57%,68%,62%,53,41%,92%,51 (31%),63 (38%),8% (6),49% (39),33% (26),1% (1),3% (2),6% (5),Excellent,96%,N/A,N/A,84%,0%,16%,92%,N/A,92%,88%,N/A,N/A,N/A,92%,N/A,N/A,77%,85%,92%,100%,90%,92%,N/A,N/A,100%,95%,86%,76%,87%,86%,84%,89%,N/A,N/A,88%,83%,89%,95%,96%,100%,91%,84%,100%,81%,87%,N/A,N/A,100%,100%,80%,80%,40%,96%,78%,56%,62%,52%,60%,N/A,N/A,56%,74%,73%,93%,100%,86%,98%,N/A,N/A,100%,89%,90%,73%,100%,67%,73%,N/A,N/A,89%,72%,76%,97%,96%,100%,95%,96%,N/A,100%,92%,100%,94%,70%,68%,58%,71%,70%,N/A,60%,31%,61%,67%,96%,95%,100%,93%,96%,N/A,100%,92%,96%,96%
14K685,El Puente Academy for Peace and Justice,Fair,Good,Excellent,elpuente.us,Tina Lee,"09,10,11,12,SE",182,Ed. Opt.,Local Support and Improvement,250 Hooper Street,"Brooklyn, NY 11211",718-387-1125,0%,14%,84%,0%,0%,<1%,26%,34%,95%,51%,49%,0%,83%,"Boys: Baseball,Basketball,Handball,Soccer; Girls: Basketball,Softball,Volleyball; Co-Ed: N/A","PSAL SPORTS - GIRLS Basketball, Softball, Volleyball PSAL SPORTS - BOYS Baseball, Basketball, Handball,Gender Sexuality Alliance (GSA), Strong Sophisticated Sisters (women and femme identifying mentor group), Liberators (male and male identifying mentor group), Muralistas-art and mural club, Green Team, EPIIC (model U.N. which represents our school at Tufts University in the spring).","Studio Art, Painting, Concert Band, Visual Art, Graphic Design, Mixed Choir, Three-Dimensional Art, Choreography / Dance Composition, Illustration",Consortium; PROSE,0%,N/A (fewer than 5 teachers),50%,0%,0%,N/A (fewer than 5 teachers),7.2,100%,N/A,67%,90%,N/A,N/A,N/A,100%,83%,71%,65%,38,76%,50%,,45 (25%),0% (0),19% (16),77% (65),0% (0),0% (0),1% (1),Excellent,100%,0%,0%,90%,N/A,N/A,76%,N/A,N/A,74%,N/A,N/A,N/A,75%,76%,73%,46%,83%,92%,N/A,80%,95%,N/A,N/A,N/A,89%,88%,83%,93%,N/A,91%,93%,N/A,N/A,N/A,95%,93%,87%,76%,94%,90%,86%,N/A,79%,87%,N/A,N/A,N/A,95%,91%,74%,22%,95%,82%,63%,N/A,60%,62%,N/A,N/A,N/A,50%,82%,94%,N/A,80%,96%,N/A,N/A,N/A,100%,91%,85%,N/A,60%,90%,N/A,N/A,N/A,95%,91%,98%,100%,N/A,N/A,100%,N/A,N/A,N/A,100%,100%,91%,93%,N/A,N/A,95%,N/A,N/A,N/A,95%,100%,100%,100%,N/A,N/A,100%,N/A,N/A,N/A,100%,100%
15K429,Digital Arts and Cinema Technology High School,Excellent,Excellent,Good,www.digitaltechhs.org,Dawn Meconi,"09,10,11,SE",295,Screened,Local Support and Improvement,284 Baltic Street,"Brooklyn, NY 11201",718-694-9741,4%,44%,42%,1%,<1%,6%,2%,23%,73%,49%,51%,<1%,87%,"Boys: Baseball,Basketball,Outdoor Track,Soccer,Volleyball; Girls: Badminton,Basketball,Flag Football,Outdoor Track,Volleyball; Co-Ed: N/A","Art and Anime Club, Chess, Early Bird Sports,Gender Sexuality Alliance (GSA), Girls Club/My Sisters Keeper, Photography Club, Senior/Freshman Mentorship, Opening Act Theater, Student Ambassadors, SAT Prep, Student Government, Tabletop RPG Club, Tutoring, Video Game Club, Yearbook","Computer Art / Digital Art, Filmmaking / Video, Visual Art, Photography",NYC Solves,N/A (fewer than 5 teachers),23%,20%,N/A (fewer than 5 teachers),N/A (fewer than 5 teachers),47%,11.9,70%,88%,72%,71%,N/A,N/A,60%,100%,70%,97%,80%,69,77%,81%,128 (43%),101 (34%),5% (9),44% (77),42% (74),<1% (1),0% (0),6% (10),Fair,100%,0%,0%,88%,0%,12%,100%,N/A,100%,100%,N/A,N/A,N/A,100%,100%,N/A,100%,86%,97%,100%,100%,93%,N/A,N/A,92%,100%,95%,84%,91%,100%,94%,85%,N/A,N/A,100%,100%,89%,91%,90%,93%,87%,86%,89%,89%,85%,N/A,N/A,73%,100%,90%,90%,65%,96%,78%,55%,56%,59%,53%,N/A,N/A,47%,33%,54%,95%,100%,94%,94%,N/A,N/A,100%,100%,95%,74%,100%,73%,72%,N/A,N/A,93%,N/A,70%,95%,90%,100%,85%,93%,N/A,N/A,100%,100%,95%,85%,81%,67%,86%,78%,N/A,N/A,64%,100%,91%,97%,96%,100%,95%,95%,N/A,N/A,100%,100%,98%
15K448,Brooklyn Collaborative Studies,Good,,Excellent,www.bcs448.org,Priscilla Chan,"06,07,08,09,10,11,12,SE",374,Ed. Opt.,Local Support and Improvement,610 Henry Street,"Brooklyn, NY 11231",718-923-4700,4%,30%,47%,<1%,<1%,16%,7%,33%,77%,44%,56%,<1%,95%,"Boys: Baseball,Basketball,Soccer; Girls: Basketball,Softball,Volleyball; Co-Ed: N/A","Afterschool Program with Inspiring Minds NYC, Newspaper, Robotics, Camping","Improvisation, Studio Art, Music Theory / Musicianship, Music History, Mixed Media",21st Century Community Learning Center; Community School; Consortium; DYCD: COMPASS/SONYC; Future Ready NYC; NYC Solves; PROSE,N/A (fewer than 5 teachers),24%,10%,0%,0%,57%,11.1,88%,N/A,N/A,88%,N/A,N/A,83%,N/A,N/A,74%,68%,51,94%,70%,67 (18%),142 (38%),4% (11),31% (88),48% (137),1% (3),<1% (1),15% (44),Needs Improvement,97%,N/A,N/A,98%,N/A,N/A,88%,N/A,97%,83%,N/A,N/A,75%,91%,85%,N/A,83%,N/A,96%,N/A,100%,100%,N/A,N/A,100%,N/A,100%,N/A,91%,N/A,80%,88%,N/A,N/A,100%,N/A,83%,N/A,78%,94%,N/A,100%,N/A,100%,100%,N/A,N/A,N/A,N/A,N/A,83%,41%,95%,N/A,62%,N/A,50%,62%,N/A,N/A,83%,N/A,71%,100%,N/A,100%,100%,N/A,N/A,100%,N/A,100%,96%,N/A,83%,100%,N/A,N/A,100%,N/A,86%,95%,87%,100%,86%,83%,N/A,N/A,88%,100%,83%,89%,82%,100%,100%,82%,N/A,N/A,72%,100%,94%,97%,97%,86%,100%,100%,N/A,N/A,96%,100%,100%
15K462,John Jay School for Law,Fair,Fair,Fair,www.johnjaylawhs.org/,Shomari Akil,"09,10,11,12,SE",451,Ed. Opt.,Local Support and Improvement,237 7 Avenue,"Brooklyn, NY 11215",718-832-4250,7%,46%,38%,1%,<1%,6%,9%,22%,87%,54%,46%,0%,76%,"Boys: Baseball,Basketball,Cross Country,Fencing,Football,Indoor Track,Outdoor Track,Soccer,Swimming,Table Tennis,Volleyball; Girls: Basketball,Cross Country,Fencing,Flag Football,Indoor Track,Outdoor Track,Soccer,Softball,Swimming,Table Tennis,Volleyball; Co-Ed: Double Dutch,Stunt",N/A,"Mixed Media, Dance, Core Music, Studio Art, Repertory / Dance Company",NYC Solves,N/A (fewer than 5 teachers),42%,N/A (fewer than 5 teachers),0%,0%,32%,3,61%,56%,39%,34%,N/A,N/A,62%,58%,51%,48%,35%,48,51%,70%,339 (75%),228 (51%),8% (29),45% (157),38% (134),<1% (3),0% (0),6% (22),Fair,99%,N/A,N/A,88%,0%,12%,85%,N/A,80%,88%,N/A,N/A,N/A,89%,79%,64%,86%,74%,87%,79%,87%,86%,N/A,N/A,94%,82%,90%,64%,73%,75%,82%,62%,N/A,N/A,87%,76%,78%,61%,64%,57%,82%,75%,76%,78%,72%,N/A,N/A,78%,79%,83%,87%,64%,95%,69%,45%,44%,50%,37%,N/A,N/A,67%,52%,56%,89%,100%,92%,85%,N/A,N/A,83%,79%,91%,60%,39%,66%,55%,N/A,N/A,83%,52%,75%,90%,88%,N/A,82%,100%,N/A,N/A,N/A,100%,100%,82%,84%,N/A,82%,85%,N/A,N/A,N/A,100%,90%,88%,85%,N/A,84%,77%,N/A,N/A,N/A,100%,100%
15K463,Cyberarts Studio Academy,Good,Excellent,Excellent,cyberartsbk.org/,Valrie Wauchope,"09,10,11,12,SE",267,Ed. Opt.,Targeted Support and Improvement,237 7 Avenue,"Brooklyn, NY 11215",718-832-4201,8%,23%,57%,0%,0%,8%,33%,29%,91%,43%,57%,0%,86%,"Boys: Baseball,Basketball,Cross Country,Fencing,Football,Indoor Track,Outdoor Track,Soccer,Swimming,Table Tennis,Volleyball; Girls: Basketball,Cross Country,Fencing,Flag Football,Indoor Track,Outdoor Track,Soccer,Softball,Swimming,Table Tennis,Volleyball; Co-Ed: Double Dutch,Stunt",N/A,"Photography, Music Technology, Graphic Design, Studio Art, Filmmaking / Video, Visual Art",Career Readiness and Modern Youth Apprenticeship; Future Ready NYC; NYC Solves,N/A (fewer than 5 teachers),40%,28%,N/A (fewer than 5 teachers),N/A (fewer than 5 teachers),28%,2,72%,95%,67%,70%,N/A,N/A,81%,84%,68%,79%,54%,46,79%,48%,105 (39%),91 (34%),10% (16),21% (36),57% (96),0% (0),0% (0),7% (12),Fair,90%,N/A,N/A,94%,N/A,N/A,87%,N/A,N/A,85%,N/A,N/A,N/A,92%,82%,79%,96%,86%,93%,94%,91%,92%,N/A,N/A,100%,91%,93%,87%,87%,95%,81%,85%,N/A,N/A,93%,87%,87%,93%,100%,92%,87%,79%,90%,83%,74%,N/A,N/A,83%,75%,86%,82%,59%,97%,81%,58%,62%,62%,53%,N/A,N/A,67%,56%,59%,94%,95%,94%,94%,N/A,N/A,94%,88%,94%,78%,71%,72%,80%,N/A,N/A,83%,79%,83%,98%,97%,90%,100%,97%,N/A,N/A,94%,96%,95%,85%,93%,86%,100%,93%,N/A,N/A,80%,89%,98%,100%,100%,100%,100%,100%,N/A,N/A,100%,100%,100%
15K464,Park Slope Collegiate,Good,Good,,parkslopecollegiate.org,Jill Sandusky,"06,07,08,09,10,11,12,SE",358,Ed. Opt.,Local Support and Improvement,237 7 Avenue,"Brooklyn, NY 11215",718-832-4300,7%,29%,51%,<1%,<1%,9%,6%,23%,79%,41%,59%,0%,76%,"Boys: Baseball,Basketball,Cross Country,Fencing,Football,Indoor Track,Outdoor Track,Soccer,Swimming,Table Tennis,Volleyball; Girls: Basketball,Cross Country,Fencing,Flag Football,Indoor Track,Outdoor Track,Soccer,Softball,Swimming,Table Tennis,Volleyball; Co-Ed: Double Dutch,Stunt","Art Club, Student Government, Creative Writing, Science,Gender Sexuality Alliance (GSA), Fashion, Theater, Peer Mediation, Chess club","Theater, Guitar, Mixed Choir, Dramatic Literature, Photography",DYCD: COMPASS/SONYC; NYC Solves; Respect for All,N/A (fewer than 5 teachers),19%,23%,N/A (fewer than 5 teachers),0%,46%,6.1,88%,31%,49%,45%,N/A,N/A,46%,50%,41%,50%,35%,46,56%,70%,155 (43%),217 (61%),8% (18),31% (73),49% (117),<1% (1),<1% (1),9% (22),Good,95%,5%,0%,75%,0%,25%,92%,N/A,84%,93%,N/A,N/A,N/A,93%,91%,N/A,75%,79%,90%,93%,87%,92%,N/A,N/A,92%,86%,85%,73%,81%,85%,86%,79%,N/A,N/A,76%,75%,76%,89%,81%,95%,75%,67%,71%,67%,64%,N/A,N/A,80%,80%,69%,89%,73%,96%,72%,51%,35%,59%,48%,N/A,N/A,47%,50%,47%,87%,94%,86%,86%,N/A,N/A,87%,88%,90%,76%,71%,79%,72%,N/A,N/A,87%,75%,73%,N/A,85%,N/A,78%,95%,N/A,N/A,76%,N/A,73%,N/A,89%,N/A,96%,86%,N/A,N/A,82%,N/A,88%,N/A,97%,N/A,100%,95%,N/A,N/A,94%,N/A,100%
15K497,The Boerum Hill School for International Studies,Fair,Fair,Fair,www.bhsbk.nyc,Samantha Schmoeger,"06,07,08,09,10,11,12,SE",345,Ed. Opt.,Local Support and Improvement,284 Baltic Street,"Brooklyn, NY 11201",718-330-9390,7%,29%,30%,<1%,0%,26%,8%,23%,63%,45%,55%,0%,79%,"Boys: Baseball,Basketball,Outdoor Track,Soccer,Volleyball; Girls: Badminton,Basketball,Flag Football,Outdoor Track,Volleyball; Co-Ed: N/A","Equity Team, Art Studio, Dance, Musical Theater, Film Club, Female Empowerment, Yearbook, Student Government, Lit Magazine,Gender Sexuality Alliance (GSA), Running Club, Gamerz Den, Improv Theater, Community Service, Peer Tutoring, Peer Mediation, Student Activities Committee, Fitness","Visual Art, Dance / Introduction to Dance, Theater / Play Production, Core Music",21st Century Community Learning Center; Community School; DYCD: COMPASS/SONYC; NYC Solves; Pathways Advising; PROSE,N/A (fewer than 5 teachers),16%,15%,0%,0%,63%,3.9,72%,76%,54%,47%,N/A,N/A,58%,80%,61%,80%,77%,56,57%,60%,,71 (21%),7% (16),25% (59),28% (65),<1% (2),0% (0),30% (69),Fair,93%,7%,0%,97%,N/A,N/A,89%,N/A,83%,95%,N/A,N/A,100%,86%,94%,N/A,81%,79%,94%,89%,92%,91%,N/A,N/A,96%,85%,95%,73%,80%,82%,89%,79%,N/A,N/A,77%,92%,83%,79%,84%,90%,82%,75%,80%,84%,70%,N/A,N/A,74%,100%,87%,87%,58%,95%,71%,56%,71%,65%,49%,N/A,N/A,54%,50%,57%,88%,94%,91%,86%,N/A,N/A,87%,93%,88%,81%,75%,86%,75%,N/A,N/A,81%,77%,74%,87%,66%,78%,77%,78%,N/A,N/A,61%,88%,76%,81%,71%,60%,81%,72%,N/A,N/A,68%,67%,83%,85%,79%,100%,84%,85%,N/A,N/A,75%,100%,80%
15K519,Cobble Hill School of American Studies,Good,Fair,Excellent,cobblehillhighschool.org,Elizabeth Rodriguez,"09,10,11,12,SE",322,"ASD/ACES Program, D75 Special Education Inclusive Services, Ed. Opt.",Local Support and Improvement,347 Baltic Street,"Brooklyn, NY 11201",718-403-9544,3%,36%,53%,<1%,0%,4%,38%,23%,92%,48%,52%,0%,73%,"Boys: Basketball,Outdoor Track; Girls: Outdoor Track; Co-Ed: N/A","Student Government, Drumline, Step Team, Dance Team, ESports, Peer Leaders, Fyrezone (Music Production & Film editing), Opening Act, Delloitte Academy, Art Club, Sewing Club, Mindfulness, Gardening Club, Step Team. Saturday Academy for MLLs, Culinary Club, Student Government, Soccer Club, Track, MBK and MSK Chapters.",Three-Dimensional Art,Career & Technical Education; Community School; Dual Language or TBE; NYC Solves,N/A (fewer than 5 teachers),24%,24%,0%,0%,39%,3.9,73%,N/A,65%,77%,N/A,N/A,20%,86%,57%,86%,81%,40,72%,56%,51 (16%),98 (30%),2% (3),37% (55),51% (76),0% (0),0% (0),5% (7),Excellent,94%,N/A,N/A,100%,0%,0%,75%,N/A,91%,65%,N/A,N/A,N/A,78%,72%,50%,92%,77%,80%,N/A,83%,79%,N/A,N/A,60%,77%,79%,62%,75%,N/A,82%,76%,N/A,N/A,20%,83%,68%,73%,71%,81%,87%,83%,N/A,92%,79%,N/A,N/A,N/A,79%,77%,82%,55%,95%,66%,52%,N/A,61%,56%,N/A,N/A,20%,57%,47%,85%,N/A,89%,85%,N/A,N/A,40%,83%,77%,67%,N/A,87%,60%,N/A,N/A,20%,63%,67%,91%,98%,100%,100%,98%,N/A,N/A,60%,97%,100%,94%,91%,86%,88%,95%,N/A,N/A,40%,92%,89%,98%,98%,100%,97%,100%,N/A,N/A,80%,98%,98%
15K592,Khalil Gibran International Academy,Fair,Good,Excellent,www.khalilgibranhs.org,Amanda Hunter,"09,10,11,12,SE",109,Ed. Opt.,Local Support and Improvement,485 State Street,"Brooklyn, NY 11217",718-237-2502,19%,28%,19%,2%,0%,28%,49%,19%,94%,30%,70%,0%,68%,Boys: N/A; Girls: Indoor Track; Co-Ed: N/A,"Yearbook, ROSE Women's Leadership Program, Girls, Inc., Arab American Family Support Center, Student Government, Dance Troupe, Community Service, Project Pivot, NYS Seal of Biliteracy.","Dance, Dance / Introduction to Dance",DYCD: COMPASS/SONYC; NYC Solves; Project Pivot,0%,N/A (fewer than 5 teachers),N/A (fewer than 5 teachers),0%,0%,62%,3,100%,79%,71%,92%,N/A,N/A,78%,77%,73%,100%,100%,32,17%,63%,47 (43%),55 (50%),24% (18),28% (21),15% (11),3% (2),0% (0),27% (20),Excellent,100%,0%,0%,94%,N/A,N/A,62%,N/A,N/A,N/A,N/A,N/A,N/A,N/A,63%,63%,N/A,82%,83%,85%,65%,92%,N/A,N/A,95%,77%,93%,66%,83%,86%,81%,91%,N/A,N/A,79%,78%,86%,95%,93%,100%,84%,80%,88%,83%,67%,N/A,N/A,76%,71%,81%,84%,56%,97%,75%,61%,73%,52%,42%,N/A,N/A,67%,65%,53%,87%,75%,83%,100%,N/A,N/A,90%,80%,81%,66%,62%,54%,75%,N/A,N/A,76%,66%,56%,98%,94%,94%,96%,93%,N/A,N/A,92%,93%,100%,80%,76%,76%,83%,73%,N/A,N/A,71%,67%,93%,99%,99%,100%,96%,100%,N/A,N/A,100%,100%,100%
15K656,Brooklyn High School of the Arts,Good,Good,Good,www.brooklynartshs.nyc/,Daniel Vecchiano,"09,10,11,12,SE",889,Audition,Local Support and Improvement,345 Dean Street,"Brooklyn, NY 11217",718-855-2412,4%,46%,30%,<1%,<1%,14%,<1%,17%,64%,79%,21%,<1%,84%,"Boys: Bowling; Girls: Fencing,Volleyball; Co-Ed: N/A","ACTIVITIES Badminton, Moth,Gender Sexuality Alliance (GSA), Caribbean Heritage, Jewelry and Beading, Anime, Natural Hair Club, West Wing/Newspaper, Chess, Podcast , Thespian Society, Gaming, Green Team, Soccer Club, Improv Club, k-Pop, Black Student Union","Ballet, Painting, Acting, Photography, String Orchestra, Music Theory / Musicianship, Drawing, Portfolio Development, Graphic Design, Art History, and more",NYC Solves,N/A (fewer than 5 teachers),21%,13%,0%,0%,57%,9.1,89%,53%,43%,64%,N/A,N/A,52%,N/A,49%,79%,82%,66,73%,77%,250 (28%),283 (32%),5% (22),43% (183),28% (120),<1% (2),<1% (1),16% (70),Needs Improvement,91%,9%,0%,91%,0%,9%,95%,N/A,94%,95%,N/A,N/A,97%,95%,92%,N/A,91%,83%,93%,86%,92%,95%,N/A,N/A,96%,N/A,94%,74%,86%,94%,86%,90%,N/A,N/A,78%,N/A,78%,90%,92%,95%,88%,78%,83%,76%,83%,N/A,N/A,75%,N/A,82%,90%,67%,96%,72%,44%,41%,41%,42%,N/A,N/A,52%,N/A,42%,92%,100%,89%,94%,N/A,N/A,90%,N/A,86%,77%,72%,74%,82%,N/A,N/A,77%,N/A,68%,92%,84%,100%,79%,85%,N/A,N/A,82%,N/A,91%,88%,83%,69%,87%,87%,N/A,N/A,74%,N/A,97%,93%,89%,100%,84%,89%,N/A,N/A,92%,N/A,94%
15K667,Sunset Park High School,Good,Fair,Good,www.sunsetparkhighschool.org,Miguel Negron,"09,10,11,12,SE",1349,"D75 Special Education Inclusive Services, Open",Local Support and Improvement,153 35 Street,"Brooklyn, NY 11232",718-840-1900,14%,5%,75%,<1%,<1%,5%,30%,18%,92%,48%,52%,<1%,89%,"Boys: Badminton,Baseball,Basketball,Handball,Soccer,Volleyball,Wrestling; Girls: Basketball,Soccer,Softball,Table Tennis,Volleyball,Wrestling; Co-Ed: N/A","Afterschool Program at SPHS: weekly menu of over 30 clubs including sports, arts, games,Gender Sexuality Alliance (GSA), homework help and service-learning opportunities that provide leadership training, academic support, and college and career preparation.","Mixed Media, Studio Art, Core Music, Painting, Drawing, Photography, Graphic Design, Ceramics, Classroom Music, Fashion and Textile Design, and more",Dual Language or TBE; Future Ready NYC; NYC Solves; Project Pivot,14%,6%,29%,0%,0%,41%,2,80%,76%,76%,80%,N/A,N/A,80%,82%,73%,94%,86%,50,79%,55%,386 (29%),239 (18%),19% (138),5% (38),69% (502),<1% (3),<1% (1),5% (39),Good,97%,N/A,N/A,91%,0%,9%,87%,94%,91%,84%,N/A,N/A,86%,90%,83%,76%,82%,78%,93%,97%,86%,93%,N/A,N/A,90%,89%,94%,79%,88%,90%,95%,88%,N/A,N/A,83%,88%,85%,81%,76%,83%,86%,86%,82%,82%,87%,N/A,N/A,83%,88%,90%,84%,55%,95%,73%,51%,62%,58%,49%,N/A,N/A,36%,50%,44%,93%,96%,96%,93%,N/A,N/A,92%,92%,94%,78%,78%,57%,80%,N/A,N/A,72%,78%,74%,88%,84%,97%,77%,83%,N/A,N/A,71%,94%,91%,77%,73%,83%,46%,73%,N/A,N/A,50%,74%,75%,94%,94%,100%,100%,92%,N/A,N/A,100%,96%,97%
15K684,Millennium Brooklyn HS,Excellent,Excellent,Excellent,www.millenniumbrooklynhs.org,Kevin Conway,"09,10,11,12,SE",686,"ASD/ACES Program, Screened",Local Support and Improvement,237 7 Avenue,"Brooklyn, NY 11215",718-832-4333,26%,18%,18%,<1%,<1%,33%,<1%,17%,57%,53%,47%,0%,88%,"Boys: Baseball,Basketball,Cross Country,Fencing,Football,Indoor Track,Outdoor Track,Soccer,Swimming,Table Tennis,Volleyball; Girls: Basketball,Cross Country,Fencing,Flag Football,Indoor Track,Outdoor Track,Soccer,Softball,Swimming,Table Tennis,Volleyball; Co-Ed: Double Dutch,Stunt","Broadcast Journalism, Computer Science, Culture and Travel Club, Drama Club, Model UN, Music Club, National Honors Society, Robotics, Asian Student Organization, Birding Club, Black Student Union, Book Club, Chess Club, Comic Creators, Dance Club, Debate Team, Environmental Awareness Club, Fiber Crafts Club, Game Club,Gender Sexuality Alliance (GSA), Math Club, School Newspaper, Participatory Action Research, Photography, Social Justice Club, Step Club, The Writing Center, Yearbook, Yoga Club, Ultimate Frisbee","Visual Art, Acting, Photography, Theater / Play Production, Portfolio Development",NYC Solves,11%,11%,N/A (fewer than 5 teachers),0%,0%,69%,10.2,94%,82%,74%,84%,N/A,N/A,83%,N/A,81%,66%,58%,92,96%,86%,291 (42%),328 (48%),27% (136),18% (92),18% (92),<1% (2),0% (0),31% (158),Needs Improvement,91%,N/A,N/A,96%,0%,4%,100%,100%,100%,100%,N/A,N/A,100%,100%,100%,N/A,100%,90%,96%,97%,93%,96%,N/A,N/A,98%,N/A,94%,92%,93%,90%,95%,96%,N/A,N/A,92%,N/A,92%,93%,98%,88%,88%,81%,82%,82%,87%,N/A,N/A,77%,N/A,85%,92%,74%,96%,84%,69%,62%,64%,69%,N/A,N/A,73%,N/A,72%,98%,97%,99%,98%,N/A,N/A,99%,N/A,98%,86%,88%,75%,85%,N/A,N/A,88%,N/A,86%,97%,93%,93%,96%,94%,N/A,N/A,92%,N/A,93%,86%,79%,79%,72%,88%,N/A,N/A,81%,N/A,91%,99%,97%,96%,100%,100%,N/A,N/A,96%,N/A,95%
16K455,Boys and Girls High School,Needs Improvement,Fair,,boysandgirlshs.org,Grecian Harrison,"09,10,11,12,SE",352,"ASD/ACES Program, Ed. Opt., Screened, Zoned Guarantee",Local Support and Improvement,1700 Fulton Street,"Brooklyn, NY 11213",718-467-1700,1%,74%,20%,<1%,0%,2%,9%,35%,93%,37%,63%,0%,79%,"Boys: Basketball,Cross Country,Football,Handball,Indoor Track,Outdoor Track,Soccer,Tennis,Volleyball; Girls: Basketball,Cross Country,Handball,Indoor Track,Outdoor Track,Volleyball; Co-Ed: N/A","Hydroponics, Forensic Science, Drone Programming, Web Design and Gamming, Solar Paneling, and TEALS Partnership with Microsoft,Gender Sexuality Alliance (GSA)","Architecture, Theater, Concert Band, Percussion",Career & Technical Education; Community School; Future Ready NYC; NYC Solves,N/A (fewer than 5 teachers),67%,N/A (fewer than 5 teachers),0%,0%,17%,9.1,75%,N/A,53%,62%,N/A,N/A,N/A,81%,52%,93%,73%,28,44%,44%,63 (18%),114 (32%),2% (3),78% (108),18% (25),0% (0),0% (0),<1% (1),Fair,98%,N/A,N/A,92%,0%,8%,72%,N/A,73%,68%,N/A,N/A,N/A,82%,67%,N/A,53%,76%,86%,N/A,86%,86%,N/A,N/A,N/A,54%,89%,64%,78%,N/A,77%,81%,N/A,N/A,N/A,81%,81%,70%,80%,73%,84%,78%,N/A,77%,85%,N/A,N/A,N/A,82%,79%,80%,52%,96%,69%,52%,N/A,51%,57%,N/A,N/A,N/A,53%,50%,87%,N/A,87%,91%,N/A,N/A,N/A,94%,91%,71%,N/A,71%,71%,N/A,N/A,N/A,83%,71%,N/A,91%,N/A,95%,73%,N/A,N/A,N/A,N/A,94%,N/A,91%,N/A,95%,82%,N/A,N/A,N/A,N/A,89%,N/A,96%,N/A,97%,90%,N/A,N/A,N/A,N/A,100%
16K498,Brooklyn High School for Law and Technology,Fair,Needs Improvement,Fair,www.bklawtech.com/,Angela Eversley Milton,"09,10,11,12,SE",469,"Ed. Opt., Screened",Local Support and Improvement,1396 Broadway,"Brooklyn, NY 11221",718-919-1256,5%,59%,30%,2%,<1%,2%,8%,21%,89%,46%,54%,0%,68%,"Boys: Basketball,Indoor Track,Outdoor Track,Soccer; Girls: Basketball,Indoor Track,Outdoor Track,Volleyball; Co-Ed: N/A",Gender Sexuality Alliance (GSA),"Painting, Visual Art, Art History",NYC Solves; Project Pivot,N/A (fewer than 5 teachers),29%,20%,0%,0%,37%,1.1,89%,45%,48%,51%,N/A,N/A,20%,63%,43%,52%,43%,43,52%,59%,86 (18%),133 (28%),6% (12),58% (114),29% (58),2% (3),<1% (1),2% (3),Excellent,98%,N/A,N/A,81%,0%,19%,89%,N/A,92%,77%,N/A,N/A,N/A,95%,84%,80%,74%,63%,89%,70%,91%,88%,N/A,N/A,80%,76%,88%,68%,85%,82%,87%,80%,N/A,N/A,N/A,94%,79%,59%,58%,52%,73%,73%,82%,74%,72%,N/A,N/A,60%,83%,81%,83%,54%,95%,64%,37%,18%,37%,41%,N/A,N/A,60%,26%,39%,90%,100%,86%,94%,N/A,N/A,100%,100%,84%,62%,36%,63%,65%,N/A,N/A,60%,72%,60%,81%,79%,57%,80%,83%,N/A,N/A,N/A,89%,96%,76%,73%,33%,73%,79%,N/A,N/A,N/A,67%,82%,91%,89%,N/A,87%,92%,N/A,N/A,N/A,100%,95%
16K688,The Brooklyn Academy of Global Finance,Fair,Fair,Good,www.bkagf.org,Dannielle Darbee,"09,10,11,12,SE",226,"D75 Special Education Inclusive Services, Ed. Opt.",Local Support and Improvement,125 Stuyvesant Avenue,"Brooklyn, NY 11221",718-574-3126,2%,44%,44%,3%,<1%,4%,30%,25%,>95%,44%,56%,0%,81%,"Boys: Basketball,Soccer; Girls: Volleyball; Co-Ed: N/A","Stock Market Club, Wise! Financial Club, Career, Tech Ed Club, Anime Club, Art Club, Botany Club,, Chess Club, Dance Club, Digital Media Club,, Model UN Club, Spoken Word Club, 3D Printer, Design Club, Student Council, Student Advisory, Council, Scholar Ambassadors, Peer Group, Connection (PGC) Peer Mentoring, Mindfulness, Council, Student Led Clubs","Mixed Media, Computer Art / Digital Art, Digital Photography, Painting",Career & Technical Education; Career Readiness and Modern Youth Apprenticeship; Community School; Future Ready NYC; NYC Solves; PROSE,N/A (fewer than 5 teachers),56%,N/A (fewer than 5 teachers),0%,0%,28%,13,61%,N/A,73%,80%,N/A,N/A,100%,86%,61%,95%,95%,37,45%,33%,172 (76%),61 (27%),3% (5),43% (75),44% (77),4% (7),1% (2),4% (7),Good,90%,N/A,N/A,98%,N/A,N/A,90%,N/A,80%,96%,N/A,N/A,N/A,86%,93%,100%,71%,75%,84%,N/A,86%,81%,N/A,N/A,100%,71%,85%,72%,79%,N/A,85%,73%,100%,N/A,86%,71%,81%,85%,78%,89%,86%,77%,N/A,79%,76%,100%,N/A,71%,74%,72%,79%,35%,95%,73%,52%,N/A,55%,44%,67%,N/A,86%,50%,43%,88%,N/A,90%,84%,100%,N/A,86%,80%,84%,69%,N/A,67%,67%,83%,N/A,86%,73%,68%,92%,85%,N/A,83%,84%,N/A,N/A,N/A,75%,92%,84%,82%,N/A,83%,79%,N/A,N/A,N/A,88%,67%,95%,94%,N/A,100%,87%,N/A,N/A,N/A,71%,100%
16K765,Nelson Mandela High School,Fair,Needs Improvement,Excellent,mandelaschoolnyc.org,Matthew Anderson,"09,10,11,12,SE",136,"ASD/ACES Program, Ed. Opt., Open",Local Support and Improvement,1700 Fulton Street,"Brooklyn, NY 11213",718-804-6805,<1%,83%,14%,1%,0%,0%,8%,38%,89%,40%,60%,0%,49%,"Boys: Basketball,Cross Country,Football,Handball,Indoor Track,Outdoor Track,Soccer,Tennis,Volleyball; Girls: Basketball,Cross Country,Handball,Indoor Track,Outdoor Track,Volleyball; Co-Ed: N/A","Flag Football, Black Lives Matter, Student Government (Barraza), Gaming, Step,Gender Sexuality Alliance (GSA)","Brass Ensemble, Visual Art, Classroom Music",NYC Solves; Project Pivot; PROSE,N/A (fewer than 5 teachers),74%,N/A (fewer than 5 teachers),0%,0%,N/A (fewer than 5 teachers),3.2,79%,N/A,47%,50%,N/A,N/A,N/A,50%,41%,58%,50%,27,23%,36%,102 (75%),68 (50%),<1% (1),88% (96),8% (9),2% (2),0% (0),0% (0),Excellent,96%,N/A,N/A,82%,0%,18%,89%,N/A,91%,N/A,N/A,N/A,N/A,N/A,80%,N/A,N/A,64%,85%,N/A,83%,92%,N/A,N/A,N/A,100%,84%,61%,72%,N/A,70%,77%,N/A,N/A,N/A,83%,67%,71%,73%,83%,78%,71%,N/A,73%,64%,N/A,N/A,N/A,57%,79%,85%,52%,96%,58%,37%,N/A,36%,31%,N/A,N/A,N/A,29%,39%,76%,N/A,73%,79%,N/A,N/A,N/A,86%,73%,43%,N/A,42%,50%,N/A,N/A,N/A,43%,58%,94%,94%,N/A,92%,100%,N/A,N/A,N/A,N/A,92%,95%,98%,N/A,97%,100%,N/A,N/A,N/A,N/A,97%,98%,98%,N/A,97%,100%,N/A,N/A,N/A,N/A,97%
17K122,Pathways in Technology Early College High School (P-Tech),Fair,Good,Good,www.ptechnyc.org/,Rashid Davis,"09,10,11,12,SE",530,Ed. Opt.,Local Support and Improvement,150 Albany Avenue,"Brooklyn, NY 11213",718-221-1593,3%,82%,13%,<1%,<1%,<1%,2%,19%,78%,24%,76%,0%,78%,"Boys: Baseball,Basketball,Cross Country,Handball,Indoor Track,Outdoor Track,Soccer,Tennis; Girls: Basketball,Cross Country,Indoor Track,Outdoor Track; Co-Ed: N/A",Gender Sexuality Alliance (GSA),"Mixed Media, Computer Art / Digital Art, Visual Art, Dance / Introduction to Dance",Career & Technical Education; Career Readiness and Modern Youth Apprenticeship; NYC Solves,N/A (fewer than 5 teachers),74%,N/A (fewer than 5 teachers),0%,0%,21%,14.2,95%,N/A,58%,69%,N/A,N/A,N/A,67%,63%,84%,66%,47,52%,60%,,184 (35%),4% (10),83% (222),12% (31),<1% (2),<1% (2),0% (0),Fair,94%,N/A,N/A,85%,0%,15%,84%,N/A,84%,N/A,N/A,N/A,N/A,83%,84%,N/A,67%,80%,90%,N/A,90%,90%,N/A,N/A,N/A,60%,91%,73%,85%,N/A,85%,83%,N/A,N/A,N/A,60%,83%,86%,94%,88%,83%,84%,N/A,83%,88%,N/A,N/A,N/A,50%,85%,88%,67%,96%,70%,47%,N/A,48%,41%,N/A,N/A,N/A,67%,53%,84%,N/A,83%,91%,N/A,N/A,N/A,83%,80%,69%,N/A,69%,62%,N/A,N/A,N/A,33%,70%,93%,91%,N/A,89%,100%,N/A,N/A,N/A,N/A,96%,81%,70%,N/A,70%,87%,N/A,N/A,N/A,N/A,86%,97%,95%,N/A,95%,100%,N/A,N/A,N/A,N/A,100%
17K382,Academy for College Preparation and Career Exploration: A College Board School,Good,Excellent,Excellent,www.academyforcollegeprep.com,Joan Mosely,"06,07,08,09,10,11,12,SE",303,Ed. Opt.,Local Support and Improvement,911 Flatbush Avenue,"Brooklyn, NY 11226",718-564-2566,2%,65%,27%,1%,<1%,4%,19%,17%,87%,38%,62%,0%,89%,"Boys: Baseball,Basketball,Bowling,Cross Country,Football,Indoor Track,Outdoor Track,Soccer,Volleyball,Wrestling; Girls: Basketball,Cross Country,Flag Football,Indoor Track,Outdoor Track,Softball,Swimming,Table Tennis,Tennis,Volleyball; Co-Ed: N/A","HE3AT is an exciting, place-based, post-secondary preparation program designed to provide students with an augmented learning opportunity to explore social, political, technological and economic complexities in the fields of healthcare, energy, education, environment, agriculture and technology. Curriculum is intentionally designed to connect work- and place-based experiences with academic and project management skills to better prepare students for careers, occupations, and credentials of their interest. Students have access to a wide variety of industry specific reading material calibrated to their interest as they build and develop their literacy skills and interest in reading towards increasingly complex texts. Sustained partnerships with industry leaders in private and public sectors provide students with authentic learning that combines academics with in-demand professional skills. Once a month, from 8:30am-2:30 pm, students travel to their assigned place-based learning locations at one of our partner sites where they collaborate with industry experts, NYCPS teachers and students from other schools. Industry professionals facilitate interactive learning experiences where students engage with principles of design thinking, applied entrepreneurship and ethical business management in addressing pressing issues that lack rules-based solutions with a lens of empathy, equity, social justice, and sustainability. Instead of seeking solutions that totally eliminate problems, students learn to recognize that actions occur in an ongoing process, and further actions will always be needed. Students experience culminates in extensive research and a development of a relevant, industry-specific proposal, prototype design, or a business plan along with an oral defense to a panel on their research process, method, and findings. Students earn two credits and acquire financial literacy skills as they get paid for their place-based experience. We also offer excellent Academic Place-based Learning & Civic Readiness course starting spring 2024. The opportunity is dedicated to engaging students profoundly with the history of the Freedom Riders while anchored in the moral compass of kindness, embracing the values of forgiveness, compassion, integrity, and responsibility. This venture, an integral part of New York State's Civic Readiness program, s","Technical Theater, Scenic Design and Implementation, Art History, Music History",21st Century Community Learning Center; Community School; DYCD: COMPASS/SONYC; NYC Solves,N/A (fewer than 5 teachers),71%,N/A (fewer than 5 teachers),0%,0%,N/A (fewer than 5 teachers),8.6,75%,N/A,58%,73%,N/A,N/A,N/A,90%,52%,82%,79%,39,64%,70%,27 (9%),56 (18%),2% (2),73% (69),20% (19),0% (0),1% (1),4% (4),Excellent,96%,N/A,N/A,98%,N/A,N/A,91%,N/A,89%,N/A,N/A,N/A,N/A,92%,90%,N/A,85%,82%,92%,N/A,91%,93%,N/A,N/A,N/A,95%,91%,70%,80%,N/A,77%,88%,N/A,N/A,N/A,95%,68%,92%,93%,89%,90%,91%,N/A,88%,94%,N/A,N/A,N/A,100%,86%,95%,87%,98%,77%,52%,N/A,53%,48%,N/A,N/A,N/A,59%,53%,86%,N/A,83%,90%,N/A,N/A,N/A,95%,84%,78%,N/A,78%,76%,N/A,N/A,N/A,82%,71%,97%,100%,100%,100%,100%,N/A,N/A,100%,100%,100%,100%,100%,100%,100%,100%,N/A,N/A,100%,100%,100%,100%,100%,100%,100%,100%,N/A,N/A,100%,100%,100%
17K408,Academy of Hospitality and Tourism,Good,Good,Good,aohterasmus.org/,Shirley Miller,"09,10,11,12,SE",407,Ed. Opt.,Local Support and Improvement,911 Flatbush Avenue,"Brooklyn, NY 11226",718-564-2580,5%,60%,29%,<1%,0%,3%,23%,24%,89%,46%,53%,<1%,90%,"Boys: Baseball,Basketball,Bowling,Cross Country,Football,Indoor Track,Outdoor Track,Soccer,Volleyball,Wrestling; Girls: Basketball,Cross Country,Flag Football,Indoor Track,Outdoor Track,Softball,Swimming,Table Tennis,Tennis,Volleyball; Co-Ed: N/A","Anime, Gaming, Coding , Swim, Culinary/Food Club, Art , Dance , Archery",Painting,Career & Technical Education; NYC Solves; Project Pivot,N/A (fewer than 5 teachers),62%,N/A (fewer than 5 teachers),0%,0%,23%,9.5,77%,71%,64%,62%,N/A,N/A,75%,84%,59%,71%,33%,44,67%,46%,105 (26%),115 (28%),6% (11),60% (107),26% (47),2% (3),0% (0),4% (8),Excellent,98%,N/A,N/A,90%,0%,10%,78%,N/A,81%,73%,N/A,N/A,N/A,89%,71%,68%,61%,87%,92%,93%,93%,93%,N/A,N/A,92%,84%,95%,81%,90%,79%,90%,91%,N/A,N/A,100%,88%,92%,94%,100%,96%,91%,89%,100%,90%,86%,N/A,N/A,92%,88%,89%,80%,48%,97%,80%,55%,53%,57%,52%,N/A,N/A,54%,57%,67%,93%,80%,92%,96%,N/A,N/A,100%,92%,91%,81%,71%,81%,81%,N/A,N/A,100%,90%,81%,94%,88%,60%,88%,85%,N/A,N/A,100%,77%,81%,82%,77%,80%,79%,70%,N/A,N/A,100%,76%,76%,93%,91%,80%,90%,96%,N/A,N/A,100%,89%,88%
17K524,International High School at Prospect Heights,Good,Good,Excellent,www.schools.nyc.gov/schools/K524,Suzannah Taylor,"09,10,11,12,SE",338,Language Criteria,Local Support and Improvement,883 Classon Avenue,"Brooklyn, NY 11225",718-230-6333,4%,22%,55%,<1%,<1%,4%,85%,5%,>95%,46%,54%,0%,92%,"Boys: Baseball,Basketball,Cross Country,Indoor Track,Outdoor Track,Soccer,Swimming,Volleyball; Girls: Badminton,Basketball,Cross Country,Indoor Track,Outdoor Track,Soccer,Softball,Swimming,Volleyball; Co-Ed: Double Dutch","Dream Team, French Heritage,Chinese Club, Yearbook Club,Moth Storytelling, Ballet, National Honor Society, Senior Committee, Student Government, Acting Club, Glass Wing, City Rocks, Tap Dance, Haitian Dance, Arabic Club, Anime,Gender Sexuality Alliance (GSA), and The Green Team","Choreography / Dance Composition, Theater / Play Production, Mixed Media",Consortium; Future Ready NYC; NYC Solves; New Arrivals; Project Pivot; PROSE,N/A (fewer than 5 teachers),20%,N/A (fewer than 5 teachers),0%,0%,40%,2,92%,88%,89%,74%,N/A,N/A,78%,80%,78%,92%,79%,43,81%,55%,,85 (25%),1% (1),20% (17),41% (35),1% (1),1% (1),1% (1),N/A,N/A,81%,N/A,N/A,0%,N/A,84%,N/A,78%,84%,N/A,N/A,N/A,82%,85%,83%,N/A,85%,85%,75%,82%,86%,N/A,N/A,70%,83%,56%,78%,89%,78%,98%,86%,N/A,N/A,100%,88%,88%,95%,96%,96%,89%,85%,100%,88%,82%,N/A,N/A,82%,84%,80%,85%,52%,96%,83%,61%,56%,69%,57%,N/A,N/A,70%,59%,50%,93%,88%,96%,91%,N/A,N/A,91%,93%,80%,83%,67%,84%,82%,N/A,N/A,80%,83%,80%,96%,94%,N/A,N/A,91%,N/A,N/A,N/A,93%,N/A,91%,82%,N/A,N/A,82%,N/A,N/A,N/A,79%,N/A,99%,97%,N/A,N/A,95%,N/A,N/A,N/A,96%,N/A
17K528,The High School for Global Citizenship,Fair,Good,Good,sites.google.com/view/hs-gc/home,Michelle Penn,"09,10,11,12,SE",214,"Ed. Opt., Screened",Local Support and Improvement,883 Classon Avenue,"Brooklyn, NY 11225",718-230-6300,4%,70%,23%,<1%,<1%,2%,16%,19%,88%,31%,69%,0%,83%,"Boys: Baseball,Basketball,Cross Country,Indoor Track,Outdoor Track,Soccer,Swimming,Volleyball; Girls: Badminton,Basketball,Cross Country,Indoor Track,Outdoor Track,Soccer,Softball,Swimming,Volleyball; Co-Ed: Double Dutch",N/A,Cartooning,DYCD: COMPASS/SONYC; NYC Solves; Project Pivot; PROSE,N/A (fewer than 5 teachers),53%,N/A (fewer than 5 teachers),N/A (fewer than 5 teachers),N/A (fewer than 5 teachers),35%,15.1,76%,43%,74%,76%,N/A,N/A,N/A,71%,74%,100%,100%,39,46%,51%,117 (55%),11 (5%),7% (8),73% (89),16% (20),2% (2),<1% (1),2% (2),Excellent,91%,N/A,N/A,94%,N/A,N/A,83%,N/A,88%,N/A,N/A,N/A,N/A,77%,85%,60%,80%,82%,91%,71%,94%,84%,N/A,N/A,N/A,78%,93%,72%,80%,62%,80%,83%,N/A,N/A,N/A,75%,79%,91%,100%,100%,89%,85%,88%,84%,85%,N/A,N/A,N/A,83%,94%,80%,42%,97%,81%,62%,50%,61%,68%,N/A,N/A,N/A,69%,77%,92%,88%,94%,93%,N/A,N/A,N/A,93%,97%,72%,38%,75%,71%,N/A,N/A,N/A,66%,89%,95%,97%,N/A,97%,93%,N/A,N/A,N/A,100%,94%,95%,95%,N/A,95%,100%,N/A,N/A,N/A,100%,94%,83%,97%,N/A,97%,92%,N/A,N/A,N/A,100%,89%
17K537,High School for Youth and Community Development at Erasmus,Good,Excellent,Good,ycdhs.org,Mary Prendergast,"09,10,11,12,SE",513,Open,Local Support and Improvement,911 Flatbush Avenue,"Brooklyn, NY 11226",718-564-2470,2%,65%,27%,<1%,0%,3%,14%,20%,86%,32%,68%,0%,90%,"Boys: Baseball,Basketball,Bowling,Cross Country,Football,Indoor Track,Outdoor Track,Soccer,Volleyball,Wrestling; Girls: Basketball,Cross Country,Flag Football,Indoor Track,Outdoor Track,Softball,Swimming,Table Tennis,Tennis,Volleyball; Co-Ed: N/A","Arthur Ashe Health Science Institute, CRMYA Apprenticeships, FRNYC Internships,Gender Sexuality Alliance (GSA), Student Government, Project Pivot, LINKS School Culture Club, Music Club, Art Club","Graphic Design, Visual Art, Core Music",Career Readiness and Modern Youth Apprenticeship; Future Ready NYC; NYC Solves; Project Pivot,N/A (fewer than 5 teachers),N/A (fewer than 5 teachers),N/A (fewer than 5 teachers),0%,0%,65%,20.5,91%,55%,56%,62%,20%,N/A,67%,70%,58%,87%,78%,41,30%,61%,84 (16%),93 (18%),4% (8),63% (135),26% (56),<1% (2),0% (0),3% (7),Good,98%,N/A,N/A,94%,N/A,N/A,89%,N/A,87%,89%,N/A,N/A,N/A,88%,89%,85%,83%,83%,94%,91%,96%,90%,100%,N/A,100%,89%,91%,75%,82%,60%,83%,79%,100%,N/A,89%,76%,84%,92%,91%,91%,90%,84%,100%,82%,86%,80%,N/A,100%,88%,85%,93%,79%,97%,79%,51%,36%,53%,52%,20%,N/A,56%,56%,61%,93%,100%,93%,91%,80%,N/A,100%,94%,94%,74%,55%,77%,68%,80%,N/A,78%,72%,77%,90%,89%,N/A,89%,87%,N/A,N/A,N/A,100%,88%,85%,85%,N/A,89%,77%,N/A,N/A,N/A,64%,100%,93%,95%,N/A,93%,95%,N/A,N/A,N/A,100%,100%
17K539,High School for Service & Learning at Erasmus,Good,Fair,Good,www.hsslnyc.org/,Denese Farkas,"09,10,11,12,SE",246,Ed. Opt.,Local Support and Improvement,911 Flatbush Avenue,"Brooklyn, NY 11226",718-564-2551,7%,59%,28%,2%,<1%,2%,26%,20%,90%,41%,59%,0%,81%,"Boys: Baseball,Basketball,Bowling,Cross Country,Football,Indoor Track,Outdoor Track,Soccer,Volleyball,Wrestling; Girls: Basketball,Cross Country,Flag Football,Indoor Track,Outdoor Track,Softball,Swimming,Table Tennis,Tennis,Volleyball; Co-Ed: N/A","TEALS Microsoft Computer Science club, Girls INC., Gentleman's Factory Innovation Lab, Student Government Association, Peer Mediation, Trident Swim Club, Dance Club","Core Music, Dramatic Literature, Painting",Career Readiness and Modern Youth Apprenticeship; CS for All; Future Ready NYC; NYC Solves; Pathways Advising; Project Pivot,0%,39%,N/A (fewer than 5 teachers),0%,0%,44%,6,72%,44%,45%,36%,N/A,N/A,N/A,45%,43%,93%,93%,39,47%,63%,53 (22%),85 (35%),7% (9),61% (75),24% (30),2% (2),<1% (1),3% (4),Excellent,98%,N/A,N/A,97%,N/A,N/A,88%,N/A,96%,74%,N/A,N/A,N/A,91%,85%,74%,90%,71%,87%,88%,90%,83%,N/A,N/A,N/A,77%,84%,60%,75%,78%,80%,57%,N/A,N/A,N/A,57%,75%,87%,100%,93%,87%,86%,86%,87%,87%,N/A,N/A,N/A,95%,90%,84%,53%,96%,70%,47%,55%,44%,53%,N/A,N/A,N/A,61%,48%,90%,90%,90%,88%,N/A,N/A,N/A,96%,87%,61%,33%,67%,56%,N/A,N/A,N/A,50%,62%,92%,88%,N/A,87%,92%,N/A,N/A,N/A,90%,90%,83%,81%,N/A,87%,82%,N/A,N/A,N/A,80%,90%,95%,90%,N/A,91%,78%,N/A,N/A,N/A,100%,78%
17K543,"Science, Technology and Research Early College High School at Erasmus",Excellent,Good,Fair,starearlycollege.org/,Daniel Holmes,"06,07,08,09,10,11,12",423,Screened With Assessment,Local Support and Improvement,911 Flatbush Avenue,"Brooklyn, NY 11226",718-564-2540,3%,77%,14%,2%,<1%,2%,<1%,12%,72%,48%,52%,0%,72%,"Boys: Baseball,Basketball,Bowling,Cross Country,Football,Indoor Track,Outdoor Track,Soccer,Volleyball,Wrestling; Girls: Basketball,Cross Country,Flag Football,Indoor Track,Outdoor Track,Softball,Swimming,Table Tennis,Tennis,Volleyball; Co-Ed: N/A",Gender Sexuality Alliance (GSA),"Core Music, Theater / Play Production",Career & Technical Education; DYCD: COMPASS/SONYC; NYC Solves; Project Pivot,N/A (fewer than 5 teachers),42%,N/A (fewer than 5 teachers),0%,0%,44%,2.2,97%,24%,27%,21%,50%,N/A,31%,100%,20%,77%,54%,68,88%,77%,275 (65%),139 (33%),3% (12),78% (304),13% (52),2% (7),<1% (1),2% (9),Excellent,98%,N/A,N/A,93%,N/A,N/A,99%,N/A,98%,100%,N/A,N/A,N/A,100%,98%,N/A,100%,84%,96%,94%,96%,98%,100%,N/A,100%,100%,94%,71%,80%,80%,82%,72%,82%,N/A,55%,80%,87%,77%,96%,85%,88%,77%,83%,79%,68%,100%,N/A,33%,N/A,87%,96%,91%,97%,72%,44%,53%,43%,48%,36%,N/A,50%,N/A,47%,95%,100%,94%,98%,100%,N/A,92%,100%,94%,75%,76%,75%,72%,91%,N/A,58%,100%,70%,89%,77%,80%,77%,82%,N/A,N/A,57%,N/A,75%,80%,72%,80%,72%,73%,N/A,N/A,86%,N/A,81%,93%,86%,N/A,88%,79%,N/A,N/A,71%,N/A,87%
17K546,High School for Public Service: Heroes of Tomorrow,Fair,Good,Excellent,www.highschoolforpublicservice.com/,Sean Rice,"09,10,11,12,SE",371,"Ed. Opt., Screened",Local Support and Improvement,600 Kingston Avenue,"Brooklyn, NY 11203",718-756-5325,2%,78%,15%,2%,<1%,2%,8%,18%,81%,56%,44%,<1%,81%,"Boys: Baseball,Basketball,Bowling,Outdoor Track,Soccer,Tennis,Volleyball; Girls: Basketball,Cross Country,Outdoor Track,Rugby,Soccer,Volleyball; Co-Ed: N/A","Anime , Volleyball, Dance and Step, Photography, Yearbook, Weightlifting, Yoga, Basketball, Farm and Agriculture, Jazz band, Caribbean,Gender Sexuality Alliance (GSA), Chess, Crochet, HSPS Newsletter, Band, Latin, Book, Art, Theater, Podcast, Student Government","Core Music, Studio Art, Drawing, Performing Ensemble, Modern band, Mixed Media",DYCD: COMPASS/SONYC; NYC Solves; Project Pivot,N/A (fewer than 5 teachers),37%,N/A (fewer than 5 teachers),0%,0%,47%,0,83%,38%,62%,56%,N/A,N/A,N/A,62%,57%,69%,69%,39,28%,69%,88 (24%),114 (31%),4% (6),78% (124),13% (20),3% (5),<1% (1),2% (3),Needs Improvement,90%,N/A,N/A,92%,0%,8%,90%,N/A,90%,N/A,N/A,N/A,N/A,92%,86%,N/A,92%,79%,92%,88%,92%,95%,N/A,N/A,N/A,90%,80%,76%,85%,67%,87%,80%,N/A,N/A,N/A,73%,74%,87%,88%,88%,88%,85%,100%,84%,91%,N/A,N/A,N/A,100%,65%,85%,60%,95%,73%,51%,62%,51%,50%,N/A,N/A,N/A,54%,38%,90%,88%,88%,95%,N/A,N/A,N/A,92%,92%,74%,75%,72%,81%,N/A,N/A,N/A,75%,73%,94%,95%,100%,95%,92%,N/A,N/A,N/A,100%,96%,84%,87%,100%,88%,70%,N/A,N/A,N/A,79%,96%,98%,98%,100%,98%,100%,N/A,N/A,N/A,100%,100%
17K547,Brooklyn Academy of Science and the Environment,Good,Excellent,Excellent,basehighschool.org,Gail Lambert,"09,10,11,12,SE",247,Ed. Opt.,Local Support and Improvement,883 Classon Avenue,"Brooklyn, NY 11225",718-230-6363,4%,73%,15%,<1%,<1%,4%,10%,23%,81%,38%,62%,0%,76%,"Boys: Baseball,Basketball,Cross Country,Indoor Track,Outdoor Track,Soccer,Swimming,Volleyball; Girls: Badminton,Basketball,Cross Country,Indoor Track,Outdoor Track,Soccer,Softball,Swimming,Volleyball; Co-Ed: Double Dutch","Student Government, Green Team, Garden Crew, Cooking Club, Student Civic Leadership, AIR Company Scholars, Junior Achievement, e-Sports, Journalism, Co-op Employment, Art Club,Gender Sexuality Alliance (GSA), Book Club","Studio Art, Computer Art / Digital Art, Art History",NYC Solves; Project Pivot,N/A (fewer than 5 teachers),29%,N/A (fewer than 5 teachers),N/A (fewer than 5 teachers),0%,41%,0,94%,67%,54%,52%,N/A,N/A,N/A,88%,45%,100%,85%,46,23%,52%,72 (29%),106 (43%),6% (8),72% (105),14% (20),<1% (1),<1% (1),4% (6),Good,91%,N/A,N/A,85%,0%,15%,88%,N/A,98%,N/A,N/A,N/A,N/A,89%,88%,N/A,78%,80%,93%,100%,94%,92%,N/A,N/A,N/A,67%,97%,71%,83%,50%,84%,80%,N/A,N/A,N/A,78%,82%,96%,75%,100%,84%,75%,67%,76%,72%,N/A,N/A,N/A,78%,73%,91%,70%,96%,77%,53%,67%,50%,62%,N/A,N/A,N/A,78%,56%,92%,83%,92%,100%,N/A,N/A,N/A,100%,95%,70%,50%,73%,69%,N/A,N/A,N/A,78%,78%,99%,91%,N/A,92%,N/A,N/A,N/A,N/A,N/A,93%,90%,83%,N/A,84%,N/A,N/A,N/A,N/A,N/A,93%,98%,100%,N/A,100%,N/A,N/A,N/A,N/A,N/A,100%
17K548,Brooklyn School for Music & Theatre,Fair,Good,Excellent,bkmusicntheatre.com,Pamela Randazzo,"09,10,11,12,SE",201,Ed. Opt.,Local Support and Improvement,883 Classon Avenue,"Brooklyn, NY 11225",718-230-6250,<1%,73%,20%,3%,0%,3%,4%,27%,83%,77%,23%,0%,77%,"Boys: Baseball,Basketball,Cross Country,Indoor Track,Outdoor Track,Soccer,Swimming,Volleyball; Girls: Badminton,Basketball,Cross Country,Indoor Track,Outdoor Track,Soccer,Softball,Swimming,Volleyball; Co-Ed: Double Dutch","Basketball Shootout, Sat Prep, Student Government, Dance Team, Step Team, Chess Team Theatre Program, Dance Company, Chorus Company, Theatre Tech","Mixed Choir, Dance, Drawing, Acting, Mixed Media, Guitar, Technical Theater",Career & Technical Education; CS for All; NYC Solves; Project Pivot,0%,28%,N/A (fewer than 5 teachers),0%,0%,50%,18.1,83%,N/A,38%,33%,N/A,N/A,80%,50%,47%,79%,71%,39,46%,66%,50 (25%),62 (31%),0% (0),72% (81),21% (24),2% (2),0% (0),4% (5),Excellent,31%,69%,0%,100%,0%,0%,89%,N/A,97%,N/A,N/A,N/A,N/A,91%,N/A,N/A,71%,75%,91%,N/A,93%,93%,N/A,N/A,80%,83%,87%,61%,73%,N/A,75%,70%,N/A,N/A,80%,60%,73%,85%,79%,86%,87%,83%,N/A,85%,77%,N/A,N/A,80%,67%,84%,87%,53%,95%,69%,51%,N/A,52%,45%,N/A,N/A,60%,50%,68%,85%,N/A,85%,90%,N/A,N/A,80%,50%,91%,58%,N/A,60%,55%,N/A,N/A,60%,50%,74%,93%,92%,N/A,92%,95%,80%,N/A,100%,100%,96%,92%,92%,N/A,92%,92%,100%,N/A,83%,83%,96%,97%,97%,N/A,96%,100%,80%,N/A,100%,100%,98%
17K590,Medgar Evers College Preparatory School,Excellent,,Excellent,mecps.org,Michael Wiltshire,"06,07,08,09,10,11,12,SE",893,Screened With Assessment,Local Support and Improvement,1186 Carroll Street,"Brooklyn, NY 11225",718-703-5400,1%,90%,6%,2%,<1%,<1%,<1%,7%,60%,56%,44%,0%,88%,"Boys: Basketball,Bowling,Cross Country,Indoor Track,Outdoor Track,Soccer,Swimming; Girls: Basketball,Cross Country,Indoor Track,Outdoor Track,Soccer,Swimming,Tennis,Volleyball; Co-Ed: Cricket",N/A,"Studio Art, Mixed Choir, Ballet, Visual Art, Fashion and Textile Design, Brass Ensemble, Music History, Modern Dance, Graphic Design, Computer Art / Digital Art, and more",DYCD: COMPASS/SONYC; NYC Solves; Project Pivot,13%,58%,N/A (fewer than 5 teachers),0%,0%,23%,24,76%,N/A,39%,32%,20%,N/A,40%,N/A,42%,72%,67%,74,92%,90%,655 (73%),435 (49%),2% (12),89% (697),6% (47),2% (14),<1% (2),<1% (5),Excellent,95%,N/A,N/A,71%,0%,29%,99%,N/A,99%,N/A,N/A,N/A,N/A,99%,99%,N/A,91%,N/A,94%,N/A,94%,93%,N/A,N/A,N/A,N/A,83%,N/A,77%,80%,78%,80%,N/A,N/A,80%,N/A,84%,N/A,100%,95%,N/A,72%,N/A,73%,60%,N/A,N/A,N/A,N/A,92%,94%,83%,96%,N/A,39%,80%,38%,40%,60%,N/A,60%,N/A,55%,81%,80%,81%,80%,N/A,N/A,80%,N/A,81%,75%,N/A,76%,63%,60%,N/A,60%,N/A,76%,97%,98%,100%,98%,100%,100%,100%,100%,N/A,100%,99%,98%,100%,98%,100%,100%,100%,100%,N/A,100%,99%,99%,100%,98%,100%,100%,100%,100%,N/A,100%
17K600,Clara Barton High School,Fair,Fair,Good,www.clarabartonhs.org/,Richard Forman,"09,10,11,12,SE",1324,"ASD/ACES Program, D75 Special Education Inclusive Services, Ed. Opt., Language Criteria, Screened",Local Support and Improvement,901 Classon Avenue,"Brooklyn, NY 11225",718-636-4900,1%,81%,10%,2%,<1%,2%,16%,16%,84%,74%,26%,0%,85%,"Boys: Basketball,Bowling,Cross Country,Indoor Track,Outdoor Track; Girls: Basketball,Cross Country,Indoor Track,Outdoor Track,Volleyball; Co-Ed: Stunt","Annual International Excursion, A/V Club, Bike Club, Bottom Line College Prep, Braiding Club, CARE (Health Career Club), Chess Club, Cooking Club, Cosmetology Club, Cricket Club, Crochet Club, Dance, Deejay Club,Gender Sexuality Alliance (GSA), Korean Culture Club, Martial Arts, Opening Act Drama Club, Pace U. Sadie Nash Leadership, Poetry Club, Soccer Club, Steelpan Club, Step Club, Yearbook Club, and more. Partnerships: CUNY School of Labor and Urban Studies, Kings County Hospital, Dr. Susan Smith McKinney Nursing and Rehabilitation Center, Menorah Nursing Home, Woodhull Medical and Mental Health Center, B&H EMT, St. Francis College, Flanbwayan Haitian Literacy Project, Good Co Bike Club, Kings Against Violence Initiative (KAVI), Neighbors In Action, Liberty Partnership, Opening Act Drama Club, Rock Your College Essay, Super Vibes DJ Academy, Gateway Institute for Pre College Education, Kingsborough Community College, BMCC, St Joseph College, New York City College of Technology, Brooklyn Museum School Partnership Program, BAM Dance Africa.","Studio Art, Core Music, Ceramics, Mixed Media",Career & Technical Education; Career Readiness and Modern Youth Apprenticeship; Dual Language or TBE; NYC Solves; Project Pivot,7%,38%,8%,0%,0%,43%,18.6,66%,60%,31%,43%,42%,N/A,50%,70%,41%,53%,40%,44,55%,61%,95 (7%),581 (44%),1% (7),82% (539),9% (61),2% (11),<1% (1),2% (15),Fair,93%,N/A,N/A,90%,0%,10%,82%,N/A,83%,80%,N/A,N/A,N/A,85%,75%,67%,47%,77%,91%,90%,91%,93%,100%,N/A,88%,91%,85%,51%,66%,67%,66%,67%,64%,N/A,59%,65%,62%,73%,82%,76%,84%,79%,82%,78%,84%,91%,N/A,94%,84%,80%,90%,74%,95%,64%,36%,18%,36%,39%,23%,N/A,41%,42%,53%,88%,91%,87%,86%,92%,N/A,94%,85%,85%,54%,50%,55%,47%,62%,N/A,71%,58%,57%,89%,85%,N/A,85%,100%,N/A,N/A,N/A,90%,83%,84%,80%,N/A,83%,83%,N/A,N/A,N/A,80%,83%,95%,91%,N/A,91%,92%,N/A,N/A,N/A,95%,100%
17K745,Brooklyn Institute for Liberal Arts,Fair,Fair,Good,www.bilanyc.net,Ann Marie Henry Stephens,"09,10,11,12,SE",482,Open,Local Support and Improvement,600 Kingston Avenue,"Brooklyn, NY 11203",718-221-1097,1%,80%,14%,1%,<1%,2%,9%,27%,82%,47%,53%,0%,77%,"Boys: Baseball,Basketball,Bowling,Outdoor Track,Soccer,Tennis,Volleyball; Girls: Basketball,Cross Country,Outdoor Track,Rugby,Soccer,Volleyball; Co-Ed: N/A","Journalism Club, Student Leadership, Chess Club,Gender Sexuality Alliance (GSA), Drama Club, Book Club, Cooking Club, Arts & Craft Club, Community Service","Visual Art, Concert Band",NYC Solves; Project Pivot,N/A (fewer than 5 teachers),41%,N/A (fewer than 5 teachers),0%,0%,38%,13.2,62%,N/A,57%,49%,N/A,N/A,100%,56%,46%,84%,64%,33,27%,62%,135 (28%),132 (27%),2% (4),79% (170),14% (30),<1% (2),<1% (1),3% (6),Needs Improvement,85%,N/A,N/A,91%,0%,9%,87%,N/A,88%,78%,N/A,N/A,N/A,83%,90%,71%,76%,80%,92%,N/A,93%,86%,N/A,N/A,100%,83%,87%,67%,83%,N/A,84%,79%,N/A,N/A,100%,70%,76%,79%,96%,84%,85%,82%,N/A,81%,80%,N/A,N/A,86%,61%,79%,86%,54%,96%,71%,46%,N/A,43%,51%,N/A,N/A,100%,42%,48%,92%,N/A,93%,86%,N/A,N/A,100%,90%,91%,69%,N/A,69%,67%,N/A,N/A,71%,53%,69%,94%,93%,N/A,94%,80%,N/A,N/A,N/A,80%,89%,87%,87%,N/A,87%,80%,N/A,N/A,N/A,100%,89%,94%,92%,N/A,94%,80%,N/A,N/A,N/A,80%,88%
17K751,Academy for Health Careers,Needs Improvement,Fair,Fair,www.schools.nyc.gov/schools/K751,Lisa Grevenberg,"09,10,11,12,SE",160,Open,Local Support and Improvement,150 Albany Avenue,"Brooklyn, NY 11213",718-773-0128,2%,62%,25%,<1%,1%,4%,9%,25%,85%,65%,35%,0%,49%,"Boys: Baseball,Basketball,Cross Country,Handball,Indoor Track,Outdoor Track,Soccer,Tennis; Girls: Basketball,Cross Country,Indoor Track,Outdoor Track; Co-Ed: N/A",Crocheting & Knitting; Debate; Robotics; Chess; Flower Design; Cooking; Ceramics; Drawing: Mystery Book Club; Yukulele Club; Music Production,"Ballet, Modern Dance, Folk / Traditional Cutural Dance, African Dance, Music Theory / Musicianship, Dance, Hip Hop",Career & Technical Education; NYC Solves,N/A (fewer than 5 teachers),53%,N/A (fewer than 5 teachers),0%,0%,N/A (fewer than 5 teachers),5.6,65%,N/A,38%,37%,N/A,N/A,N/A,57%,33%,92%,62%,37,27%,70%,32 (20%),53 (33%),1% (1),61% (44),25% (18),0% (0),0% (0),6% (4),Fair,98%,N/A,N/A,87%,0%,13%,75%,N/A,84%,N/A,N/A,N/A,N/A,79%,67%,N/A,70%,73%,87%,N/A,84%,96%,N/A,N/A,N/A,83%,76%,60%,68%,N/A,67%,77%,N/A,N/A,N/A,40%,62%,82%,92%,100%,72%,66%,N/A,67%,68%,N/A,N/A,N/A,57%,79%,75%,41%,97%,60%,30%,N/A,31%,36%,N/A,N/A,N/A,29%,50%,81%,N/A,80%,93%,N/A,N/A,N/A,71%,83%,43%,N/A,42%,54%,N/A,N/A,N/A,29%,43%,89%,74%,N/A,83%,57%,N/A,N/A,N/A,N/A,82%,75%,74%,N/A,85%,38%,N/A,N/A,N/A,N/A,83%,85%,77%,N/A,84%,82%,N/A,N/A,N/A,N/A,82%
18K563,It Takes a Village Academy,Fair,Fair,Good,www.schools.nyc.gov/schools/K563,Marissa Olivieri,"09,10,11,12,SE",268,Ed. Opt.,Local Support and Improvement,5800 Tilden Avenue,"Brooklyn, NY 11203",718-629-2307,1%,77%,16%,<1%,0%,2%,34%,21%,86%,38%,62%,0%,70%,"Boys: Baseball,Basketball,Bowling,Football,Indoor Track,Outdoor Track,Soccer,Swimming,Volleyball; Girls: Basketball,Bowling,Cross Country,Flag Football,Indoor Track,Outdoor Track,Soccer,Swimming,Volleyball; Co-Ed: N/A","Saturday Academy for Regents Prep, Extended School day for Credit Recovery, Peer Mediation, Robotics, Conservation Club, Multicultural Club, Student Government, Weightlifting, Art, Cosmetology, Gaming Club","Visual Art, Music History, Drawing, Graphic Design",Community School; NYC Solves,N/A (fewer than 5 teachers),64%,N/A (fewer than 5 teachers),0%,0%,20%,1.6,80%,N/A,65%,78%,N/A,N/A,N/A,79%,59%,85%,74%,37,41%,59%,24 (9%),77 (29%),<1% (1),79% (104),13% (17),<1% (1),0% (0),2% (3),Excellent,98%,N/A,N/A,93%,N/A,N/A,77%,N/A,83%,N/A,N/A,N/A,N/A,85%,73%,65%,N/A,76%,84%,N/A,88%,36%,N/A,N/A,N/A,75%,88%,71%,82%,N/A,82%,84%,N/A,N/A,N/A,75%,85%,86%,95%,90%,84%,80%,N/A,82%,63%,N/A,N/A,N/A,75%,91%,83%,53%,98%,70%,36%,N/A,37%,32%,N/A,N/A,N/A,45%,35%,88%,N/A,88%,84%,N/A,N/A,N/A,90%,84%,57%,N/A,59%,26%,N/A,N/A,N/A,61%,38%,93%,96%,N/A,95%,N/A,N/A,N/A,N/A,100%,N/A,91%,88%,N/A,90%,N/A,N/A,N/A,N/A,100%,N/A,94%,92%,N/A,90%,N/A,N/A,N/A,N/A,100%,N/A
18K566,Brooklyn Community High School for Excellence and Equity,Fair,Good,Excellent,www.schools.nyc.gov/schools/K566,Jennyvi Fajardo,"09,10,11,12,SE",253,Ed. Opt.,Local Support and Improvement,6565 Flatlands Avenue,"Brooklyn, NY 11236",718-968-4200,4%,68%,17%,1%,0%,6%,36%,20%,84%,34%,66%,0%,86%,"Boys: Baseball,Basketball,Bowling,Cross Country,Football,Indoor Track,Outdoor Track,Soccer,Volleyball; Girls: Basketball,Bowling,Cross Country,Handball,Indoor Track,Outdoor Track,Softball,Volleyball; Co-Ed: N/A","Clubs and Enrichment Activities: Hydroponics & Agriculture Club: Hands-on learning in sustainable farming and food systems, building on our Hydroponics Certification and Agriculture programs. Open Art Club & Next Generation Media Arts: Creative spaces for students to explore visual arts, digital storytelling, and multimedia production. Martial Arts & Yoga: Promoting physical wellness, discipline, and mindfulness. Culinary Arts Program"" Teaching essential life and career skills through hands-on cooking experiences. Academic and Career Readiness Programs: CDOS, HE3AT, P-TECH, and College Now: Offering students early college credit, technical training, and industry certifications. Nail Tech, Barbering, and Home Health Aide Programs Career-focused pathways that lead to professional licensure and employment opportunities.Internships & Workforce Programs: Including Summer Youth Employment, Work Learn Grow, and HE3AT internships to provide real-world experience. Student Leadership & Support: Student Government: Empowering student voice and civic engagement. Freedom Writer Initiative & Writing Program: Encouraging self-expression, literacy, and storytelling. Study Skills & Literacy/Math Intervention: Targeted academic support to ensure all students reach their full potential. Community and Experiential Learning: College Tours & Place-Based Learning:"" Connecting classroom learning to real-world contexts and future opportunities. These offerings reflect our commitment to equity, excellence, and preparing students for success in college, careers, and life.","Studio Art, Mixed Media",Community School; CS for All; NYC Solves; PROSE,N/A (fewer than 5 teachers),29%,0%,0%,N/A (fewer than 5 teachers),38%,3,86%,90%,75%,60%,N/A,N/A,83%,98%,64%,68%,68%,34,35%,54%,72 (28%),84 (33%),2% (3),73% (94),13% (17),<1% (1),0% (0),9% (11),Excellent,91%,N/A,N/A,56%,0%,44%,81%,N/A,84%,N/A,N/A,N/A,N/A,78%,83%,89%,67%,81%,88%,89%,88%,88%,N/A,N/A,100%,84%,92%,75%,88%,100%,89%,73%,N/A,N/A,100%,90%,83%,86%,95%,79%,89%,89%,90%,88%,82%,N/A,N/A,100%,94%,92%,89%,68%,96%,80%,54%,40%,56%,35%,N/A,N/A,67%,67%,50%,96%,100%,96%,100%,N/A,N/A,100%,98%,88%,78%,80%,79%,65%,N/A,N/A,92%,86%,62%,98%,100%,N/A,100%,N/A,N/A,N/A,N/A,100%,N/A,95%,100%,N/A,100%,N/A,N/A,N/A,N/A,100%,N/A,100%,100%,N/A,100%,N/A,N/A,N/A,N/A,100%,N/A
18K567,Brooklyn Theatre Arts High School,Fair,Fair,Good,www.schools.nyc.gov/schools/K567,David Ward,"09,10,11,12,SE",238,Ed. Opt.,Local Support and Improvement,6565 Flatlands Avenue,"Brooklyn, NY 11236",718-968-1072,0%,70%,26%,<1%,0%,2%,19%,23%,87%,60%,40%,0%,71%,"Boys: Baseball,Basketball,Bowling,Cross Country,Football,Indoor Track,Outdoor Track,Soccer,Volleyball; Girls: Basketball,Bowling,Cross Country,Handball,Indoor Track,Outdoor Track,Softball,Volleyball; Co-Ed: N/A","Anime Club, College Readiness Club, Culinary Club,Gender Sexuality Alliance (GSA), Newspaper, Art Club, Dance, Student Government","Theater / Play Production, Movement / Dance, Drawing",NYC Solves; Project Pivot,N/A (fewer than 5 teachers),50%,N/A (fewer than 5 teachers),N/A (fewer than 5 teachers),N/A (fewer than 5 teachers),38%,13,75%,N/A,50%,62%,N/A,N/A,N/A,92%,49%,67%,61%,32,19%,58%,51 (21%),94 (39%),0% (0),83% (85),14% (14),0% (0),0% (0),2% (2),Fair,94%,N/A,N/A,87%,0%,13%,89%,N/A,94%,N/A,N/A,N/A,N/A,93%,81%,N/A,92%,79%,94%,N/A,95%,91%,N/A,N/A,N/A,85%,96%,72%,88%,N/A,87%,90%,N/A,N/A,N/A,77%,90%,86%,83%,78%,84%,79%,N/A,79%,74%,N/A,N/A,N/A,85%,83%,82%,43%,96%,74%,45%,N/A,45%,43%,N/A,N/A,N/A,77%,43%,93%,N/A,93%,91%,N/A,N/A,N/A,100%,93%,69%,N/A,71%,54%,N/A,N/A,N/A,77%,63%,92%,83%,N/A,85%,60%,N/A,N/A,N/A,N/A,93%,81%,83%,N/A,83%,80%,N/A,N/A,N/A,N/A,93%,95%,92%,N/A,95%,60%,N/A,N/A,N/A,N/A,93%
18K569,Kurt Hahn Expeditionary Learning School,Good,,,www.kurthahnschool.org,Jessica Jean Marie,"09,10,11,12,SE",181,Ed. Opt.,Local Support and Improvement,5800 Tilden Avenue,"Brooklyn, NY 11203",718-629-1204,2%,72%,15%,<1%,1%,4%,20%,31%,87%,39%,61%,0%,81%,"Boys: Baseball,Basketball,Bowling,Football,Indoor Track,Outdoor Track,Soccer,Swimming,Volleyball; Girls: Basketball,Bowling,Cross Country,Flag Football,Indoor Track,Outdoor Track,Soccer,Swimming,Volleyball; Co-Ed: N/A","KH News Media Class and Club, Student Ambassadors, Crew Council, Cosmetology Club, Theater Club, Internships","Filmmaking / Video, Mixed Media, Classroom Music, Concert Band, Acting, Music History, Art History, Dance / Introduction to Dance",Career Readiness and Modern Youth Apprenticeship; Community School; Consortium; Future Ready NYC; NYC Solves; PROSE,N/A (fewer than 5 teachers),56%,N/A (fewer than 5 teachers),N/A (fewer than 5 teachers),N/A (fewer than 5 teachers),38%,4.2,81%,N/A,84%,N/A,N/A,N/A,N/A,N/A,85%,86%,86%,39,68%,48%,15 (8%),64 (35%),4% (3),65% (55),16% (14),1% (1),1% (1),4% (3),Excellent,64%,N/A,N/A,87%,0%,13%,91%,N/A,92%,N/A,N/A,N/A,N/A,83%,96%,90%,N/A,N/A,89%,N/A,89%,N/A,N/A,N/A,N/A,86%,92%,N/A,78%,N/A,80%,N/A,N/A,N/A,N/A,83%,73%,N/A,86%,83%,N/A,85%,N/A,85%,N/A,N/A,N/A,N/A,71%,77%,80%,39%,94%,N/A,59%,N/A,59%,N/A,N/A,N/A,N/A,57%,77%,93%,N/A,95%,N/A,N/A,N/A,N/A,100%,85%,80%,N/A,79%,N/A,N/A,N/A,N/A,83%,85%,N/A,84%,N/A,84%,78%,N/A,N/A,N/A,N/A,78%,N/A,66%,N/A,63%,56%,N/A,N/A,N/A,N/A,67%,N/A,91%,N/A,100%,60%,N/A,N/A,N/A,N/A,88%
18K576,Victory Collegiate High School,Fair,Fair,Excellent,www.victorycollegiate.org,Sheena Garwood,"09,10,11,12,SE",290,Open,Local Support and Improvement,6565 Flatlands Avenue,"Brooklyn, NY 11236",718-968-1530,3%,74%,14%,1%,1%,4%,21%,14%,88%,39%,61%,0%,84%,"Boys: Baseball,Basketball,Bowling,Cross Country,Football,Indoor Track,Outdoor Track,Soccer,Volleyball; Girls: Basketball,Bowling,Cross Country,Handball,Indoor Track,Outdoor Track,Softball,Volleyball; Co-Ed: N/A","Podcasting, Coding, Robotics, Culinary, Gardening, My sisters Keeper (MSK), My Brothers Keeper (MBK)","Computer Art / Digital Art, Visual Art, Graphic Design",Career Readiness and Modern Youth Apprenticeship; NYC Solves; Project Pivot,N/A (fewer than 5 teachers),44%,N/A (fewer than 5 teachers),0%,0%,38%,4.2,81%,78%,79%,85%,N/A,N/A,78%,95%,84%,79%,79%,40,40%,46%,70 (24%),149 (51%),4% (8),75% (151),12% (24),<1% (2),1% (3),4% (9),Excellent,97%,N/A,N/A,96%,N/A,N/A,91%,N/A,92%,N/A,N/A,N/A,N/A,87%,95%,N/A,75%,79%,95%,90%,93%,100%,N/A,N/A,89%,98%,94%,73%,84%,90%,83%,89%,N/A,N/A,82%,86%,87%,78%,85%,93%,88%,84%,70%,86%,88%,N/A,N/A,60%,93%,89%,85%,55%,95%,77%,64%,40%,65%,70%,N/A,N/A,73%,67%,73%,91%,90%,90%,93%,N/A,N/A,100%,90%,97%,73%,60%,75%,78%,N/A,N/A,73%,80%,81%,97%,98%,100%,98%,100%,N/A,N/A,100%,100%,92%,98%,99%,100%,100%,98%,N/A,N/A,100%,100%,100%,99%,99%,90%,99%,100%,N/A,N/A,100%,100%,95%
18K617,High School for Innovation in Advertising and Media,Good,,,iam-hs.org,Adaleza Michelena,"09,10,11,12,SE",386,Ed. Opt.,Local Support and Improvement,1600 Rockaway Parkway,"Brooklyn, NY 11236",718-290-8760,<1%,77%,13%,1%,<1%,5%,8%,27%,82%,28%,72%,0%,80%,"Boys: Baseball,Basketball,Football,Handball,Indoor Track,Outdoor Track,Soccer; Girls: Basketball,Indoor Track,Outdoor Track,Soccer,Softball,Volleyball; Co-Ed: N/A","Women's Empowerment R.O.S.E Chapter, Opening Act Improv Theatre Group, Gamer's Guild, Anime Club, Filmmaking and Editing Club, IAM Greenhouse Keepers, IAM AudioVisual Club, IAM Social Media Club","Visual Art, Cartooning, Advertising Art, Studio Art, Portfolio Development, Filmmaking / Video",Career & Technical Education; Career Readiness and Modern Youth Apprenticeship; CS for All; Future Ready NYC; NYC Solves; Project Pivot,24%,27%,15%,0%,0%,27%,17.2,64%,N/A,89%,71%,N/A,N/A,N/A,N/A,78%,47%,53%,44,74%,46%,47 (12%),75 (19%),<1% (1),79% (106),10% (13),<1% (1),<1% (1),7% (9),Good,96%,N/A,N/A,81%,0%,19%,87%,N/A,88%,N/A,N/A,N/A,N/A,100%,81%,92%,75%,N/A,80%,N/A,80%,71%,N/A,N/A,N/A,N/A,72%,N/A,96%,N/A,96%,100%,N/A,N/A,N/A,N/A,95%,N/A,53%,53%,N/A,97%,N/A,96%,100%,N/A,N/A,N/A,N/A,89%,85%,52%,96%,N/A,88%,N/A,89%,71%,N/A,N/A,N/A,N/A,84%,96%,N/A,96%,86%,N/A,N/A,N/A,N/A,95%,97%,N/A,96%,100%,N/A,N/A,N/A,N/A,89%,N/A,82%,N/A,81%,N/A,N/A,N/A,N/A,N/A,60%,N/A,82%,N/A,77%,N/A,N/A,N/A,N/A,N/A,80%,N/A,94%,N/A,93%,N/A,N/A,N/A,N/A,N/A,89%
18K629,Cultural Academy for the Arts and Sciences,Good,Excellent,Excellent,www.schools.nyc.gov/schools/K629,Sanatha Alexis,"09,10,11,12,SE",296,"ASD/ACES Program, Open",Local Support and Improvement,5800 Tilden Avenue,"Brooklyn, NY 11203",718-968-6630,<1%,82%,13%,1%,1%,<1%,9%,34%,81%,53%,47%,0%,88%,"Boys: Baseball,Basketball,Bowling,Football,Indoor Track,Outdoor Track,Soccer,Swimming,Volleyball; Girls: Basketball,Bowling,Cross Country,Flag Football,Indoor Track,Outdoor Track,Soccer,Swimming,Volleyball; Co-Ed: N/A","Art Club, Acting Club, Basketball Club , Book Club, Debate Club, Career Wise, Culinary Club, Dance Club , Dungeons Dragons Club , Filming Club, Gaming Club, Gardening Club, HEAT Program, Math Club, My Brothers Keeper , My Sister Keeper , Student Government, SYEP Career Ready, TOP Program , TRIO Program with Brooklyn College , WBL Program, Wellness Club, Yearbook Club","Drawing, Choreography / Dance Composition, Dance / Introduction to Dance, Contemporary Dance, Fashion and Textile Design",Career Readiness and Modern Youth Apprenticeship; Community School; Future Ready NYC; NYC Solves; PROSE,N/A (fewer than 5 teachers),47%,N/A (fewer than 5 teachers),0%,0%,31%,9,44%,N/A,75%,74%,N/A,N/A,N/A,93%,79%,100%,82%,48,76%,33%,29 (10%),15 (5%),0% (0),81% (80),16% (16),2% (2),1% (1),0% (0),Fair,31%,59%,9%,99%,N/A,N/A,95%,N/A,94%,N/A,N/A,N/A,N/A,97%,93%,N/A,90%,85%,93%,N/A,93%,91%,N/A,N/A,N/A,93%,92%,79%,90%,N/A,90%,87%,N/A,N/A,N/A,87%,92%,97%,100%,100%,91%,90%,N/A,88%,96%,N/A,N/A,N/A,93%,91%,86%,62%,99%,82%,61%,N/A,60%,67%,N/A,N/A,N/A,73%,65%,94%,N/A,93%,100%,N/A,N/A,N/A,100%,92%,76%,N/A,76%,74%,N/A,N/A,N/A,100%,77%,98%,97%,N/A,98%,90%,N/A,N/A,N/A,100%,93%,84%,85%,N/A,84%,90%,N/A,N/A,N/A,64%,86%,99%,97%,N/A,99%,78%,N/A,N/A,N/A,100%,96%
18K633,High School for Medical Professions,Fair,Fair,Good,www.hsmp.org,Pauline Obrien,"09,10,11,12,SE",382,Ed. Opt.,Local Support and Improvement,1600 Rockaway Parkway,"Brooklyn, NY 11236",718-290-8700,2%,78%,12%,<1%,<1%,6%,19%,14%,81%,60%,40%,0%,82%,"Boys: Baseball,Basketball,Football,Handball,Indoor Track,Outdoor Track,Soccer; Girls: Basketball,Indoor Track,Outdoor Track,Soccer,Softball,Volleyball; Co-Ed: N/A",N/A,Studio Art,DYCD: COMPASS/SONYC; Future Ready NYC; NYC Solves; Project Pivot,N/A (fewer than 5 teachers),48%,0%,0%,0%,40%,12,92%,40%,54%,67%,N/A,N/A,83%,91%,43%,72%,56%,41,36%,76%,46 (12%),139 (36%),<1% (1),83% (123),8% (12),0% (0),0% (0),7% (11),Excellent,72%,14%,14%,100%,0%,0%,88%,N/A,86%,N/A,N/A,N/A,N/A,89%,85%,63%,N/A,72%,90%,N/A,91%,82%,N/A,N/A,80%,87%,91%,68%,80%,60%,80%,82%,N/A,N/A,80%,89%,72%,81%,83%,83%,81%,78%,80%,81%,83%,N/A,N/A,44%,80%,85%,88%,58%,95%,71%,47%,60%,46%,41%,N/A,N/A,56%,60%,43%,90%,80%,90%,89%,N/A,N/A,83%,96%,85%,66%,40%,68%,62%,N/A,N/A,67%,77%,74%,89%,80%,N/A,90%,N/A,N/A,N/A,N/A,80%,N/A,82%,80%,N/A,80%,N/A,N/A,N/A,N/A,100%,N/A,97%,100%,N/A,100%,N/A,N/A,N/A,N/A,100%,N/A
18K637,Academy for Conservation and the Environment,Good,Excellent,Excellent,acebrooklyn.com,Eugene Mazzola,"09,10,11,12,SE",433,Ed. Opt.,Local Support and Improvement,6565 Flatlands Avenue,"Brooklyn, NY 11236",718-968-4101,8%,67%,15%,1%,<1%,5%,16%,18%,81%,37%,62%,<1%,81%,"Boys: Baseball,Basketball,Bowling,Cross Country,Football,Indoor Track,Outdoor Track,Soccer,Volleyball; Girls: Basketball,Bowling,Cross Country,Handball,Indoor Track,Outdoor Track,Softball,Volleyball; Co-Ed: N/A",Gender Sexuality Alliance (GSA),"Painting, Studio Art, Graphic Design, Drawing, Playwriting, Fashion and Textile Design",CS for All; Future Ready NYC; NYC Solves; Project Pivot,N/A (fewer than 5 teachers),35%,N/A (fewer than 5 teachers),0%,0%,38%,14,74%,64%,68%,61%,N/A,N/A,47%,83%,63%,75%,75%,50,70%,68%,197 (45%),153 (35%),9% (28),70% (216),12% (37),<1% (3),<1% (2),5% (15),Good,95%,N/A,N/A,94%,0%,6%,89%,N/A,89%,N/A,N/A,N/A,N/A,90%,89%,86%,N/A,81%,88%,68%,90%,89%,N/A,N/A,83%,76%,92%,71%,82%,72%,86%,71%,N/A,N/A,89%,83%,77%,92%,82%,94%,83%,77%,54%,82%,70%,N/A,N/A,80%,82%,71%,93%,73%,96%,75%,46%,50%,46%,49%,N/A,N/A,45%,53%,51%,92%,86%,94%,84%,N/A,N/A,95%,98%,93%,68%,50%,72%,61%,N/A,N/A,65%,80%,81%,97%,97%,100%,97%,96%,N/A,N/A,100%,96%,100%,96%,95%,96%,96%,90%,N/A,N/A,88%,94%,96%,99%,98%,100%,99%,94%,N/A,N/A,100%,96%,100%
18K642,Urban Action Academy,Needs Improvement,Fair,Good,urbanactionacademy.com,Fareeda Garcia,"09,10,11,12,SE",185,"D75 Special Education Inclusive Services, Ed. Opt.",Local Support and Improvement,1600 Rockaway Parkway,"Brooklyn, NY 11236",718-290-8720,1%,66%,29%,2%,0%,2%,31%,17%,89%,38%,61%,1%,70%,"Boys: Baseball,Basketball,Football,Handball,Indoor Track,Outdoor Track,Soccer; Girls: Basketball,Indoor Track,Outdoor Track,Soccer,Softball,Volleyball; Co-Ed: N/A",N/A,"Studio Art, Visual Art",NYC Solves; Pathways Advising; Project Pivot,N/A (fewer than 5 teachers),43%,N/A (fewer than 5 teachers),0%,0%,43%,7.1,57%,N/A,55%,62%,N/A,N/A,N/A,71%,50%,77%,69%,30,37%,41%,,,0% (0),90% (19),5% (1),0% (0),0% (0),5% (1),Excellent,97%,N/A,N/A,83%,0%,17%,61%,N/A,68%,N/A,N/A,N/A,N/A,N/A,63%,N/A,N/A,75%,84%,N/A,89%,78%,N/A,N/A,N/A,78%,90%,68%,82%,N/A,81%,84%,N/A,N/A,N/A,62%,75%,94%,100%,100%,82%,77%,N/A,77%,73%,N/A,N/A,N/A,68%,68%,81%,43%,91%,71%,41%,N/A,38%,45%,N/A,N/A,N/A,43%,50%,85%,N/A,84%,88%,N/A,N/A,N/A,86%,71%,63%,N/A,60%,65%,N/A,N/A,N/A,52%,78%,90%,88%,N/A,87%,90%,N/A,N/A,N/A,95%,94%,75%,69%,N/A,72%,60%,N/A,N/A,N/A,62%,87%,94%,92%,N/A,93%,88%,N/A,N/A,N/A,94%,94%
19K404,Academy for Young Writers,Good,Fair,Good,afyw.org,Tanisha Brown,"06,07,08,09,10,11,12,SE",283,Ed. Opt.,Local Support and Improvement,1065 Elton Street,"Brooklyn, NY 11239",718-688-7230,2%,60%,31%,<1%,1%,2%,4%,28%,86%,54%,46%,0%,67%,"Boys: Basketball,Bowling,Indoor Track,Outdoor Track,Volleyball; Girls: Basketball,Bowling,Indoor Track,Outdoor Track,Volleyball; Co-Ed: N/A","Journalism Club, Bring Change to Mind Mental Health Awareness, Mi Gente Club, My Brother's Keeper, My Sister's Keeper, National Honor Society, Book publishing, Muslim Student Association (MSA), Mentor Through Literacy Book Club, Step Team,Gender Sexuality Alliance (GSA), Film Club","Illustration, Studio Art, Visual Art",Career Readiness and Modern Youth Apprenticeship; Community School; DYCD: COMPASS/SONYC; Future Ready NYC; NYC Solves; PROSE,N/A (fewer than 5 teachers),33%,18%,0%,0%,33%,3.3,88%,40%,47%,56%,N/A,N/A,N/A,44%,46%,88%,78%,39,50%,55%,48 (17%),81 (29%),4% (5),63% (71),22% (25),0% (0),2% (2),4% (4),Fair,99%,N/A,N/A,94%,0%,6%,87%,N/A,89%,85%,N/A,N/A,N/A,91%,83%,N/A,64%,76%,91%,83%,90%,92%,N/A,N/A,N/A,100%,82%,66%,83%,60%,86%,78%,N/A,N/A,N/A,67%,79%,79%,76%,83%,83%,80%,60%,83%,77%,N/A,N/A,N/A,56%,86%,82%,37%,96%,70%,44%,50%,45%,43%,N/A,N/A,N/A,44%,45%,90%,83%,90%,90%,N/A,N/A,N/A,75%,83%,66%,50%,69%,62%,N/A,N/A,N/A,33%,64%,91%,88%,N/A,91%,80%,N/A,N/A,N/A,N/A,87%,86%,84%,N/A,86%,76%,N/A,N/A,N/A,N/A,82%,96%,94%,N/A,93%,96%,N/A,N/A,N/A,N/A,95%
19K409,East New York Family Academy,Good,Fair,Good,k409.echalksites.com/,Tie Asia Mobley,"06,07,08,09,10,11,12,SE",364,"D75 Special Education Inclusive Services, Screened",Local Support and Improvement,760 Van Siclen Avenue,"Brooklyn, NY 11207",718-927-0012,<1%,65%,33%,0%,<1%,1%,4%,23%,86%,56%,44%,0%,78%,"Boys: Basketball,Outdoor Track,Swimming,Volleyball; Girls: Basketball,Outdoor Track,Softball,Swimming,Tennis,Volleyball; Co-Ed: N/A",N/A,"Visual Art, Theater, Painting, Jazz Ensemble, Theater / Play Production, Guitar, Drawing, Studio Art, Dance",DYCD: COMPASS/SONYC; NYC Solves; Project Pivot,13%,64%,N/A (fewer than 5 teachers),0%,0%,13%,3.2,81%,N/A,51%,54%,N/A,N/A,71%,73%,58%,84%,65%,39,47%,61%,222 (61%),109 (30%),<1% (2),66% (187),32% (92),0% (0),0% (0),<1% (1),Good,100%,0%,0%,87%,0%,13%,94%,N/A,94%,94%,N/A,N/A,N/A,98%,91%,82%,89%,77%,90%,N/A,90%,91%,N/A,N/A,80%,100%,80%,60%,83%,N/A,82%,85%,N/A,N/A,100%,93%,83%,89%,96%,96%,86%,79%,N/A,80%,77%,N/A,N/A,N/A,82%,82%,85%,50%,96%,68%,33%,N/A,33%,35%,N/A,N/A,20%,23%,38%,86%,N/A,86%,84%,N/A,N/A,100%,100%,85%,63%,N/A,60%,70%,N/A,N/A,80%,86%,69%,94%,84%,N/A,86%,83%,N/A,N/A,N/A,67%,91%,85%,80%,N/A,78%,81%,N/A,N/A,N/A,83%,94%,94%,90%,N/A,90%,87%,N/A,N/A,N/A,100%,97%
19K422,Spring Creek Community School,Fair,Fair,Good,www.schools.nyc.gov/schools/K422,Astrid Rousseau,"06,07,08,09,10,11,12,SE",270,"D75 Special Education Inclusive Services, Ed. Opt.",Local Support and Improvement,1065 Elton Street,"Brooklyn, NY 11239",718-688-7200,<1%,69%,23%,1%,1%,2%,5%,23%,89%,44%,56%,0%,72%,"Boys: Basketball,Bowling,Indoor Track,Outdoor Track,Volleyball; Girls: Basketball,Bowling,Indoor Track,Outdoor Track,Volleyball; Co-Ed: N/A","Journalism, National Honor Society, Student Leadership Groups, Cosmetology Club, Intramural Basketball, Club Soccer,Gender Sexuality Alliance (GSA), Art Club, EGaming, Culinary Arts, My Brother's Keeper, Girls Inc, Community Service Club, Cheerleading, Dance Team, Lego Robotics, Self Care Club, Music Production, Weightlifting, Drama Club, Homework Help, etc.","Studio Art, Piano Keyboard, Computer Art / Digital Art, Visual Art, Filmmaking / Video",Community School; DYCD: COMPASS/SONYC; NYC Solves; PROSE,N/A (fewer than 5 teachers),44%,N/A (fewer than 5 teachers),0%,0%,31%,3,78%,N/A,40%,59%,N/A,N/A,N/A,50%,54%,71%,62%,40,53%,48%,82 (30%),93 (34%),1% (2),73% (99),18% (24),1% (2),1% (2),2% (3),Excellent,92%,N/A,N/A,83%,0%,17%,92%,N/A,91%,N/A,N/A,N/A,N/A,96%,87%,N/A,70%,71%,85%,N/A,86%,83%,N/A,N/A,N/A,100%,89%,60%,80%,N/A,79%,77%,N/A,N/A,N/A,100%,77%,62%,35%,46%,77%,74%,N/A,72%,72%,N/A,N/A,N/A,N/A,85%,85%,59%,94%,64%,40%,N/A,42%,34%,40%,N/A,N/A,33%,43%,84%,N/A,82%,88%,80%,N/A,N/A,83%,91%,63%,N/A,61%,71%,60%,N/A,N/A,67%,72%,92%,91%,N/A,96%,76%,N/A,N/A,N/A,N/A,88%,86%,84%,N/A,87%,82%,N/A,N/A,N/A,N/A,93%,96%,94%,N/A,96%,87%,N/A,N/A,N/A,N/A,87%
19K502,FDNY - Captain Vernon A. Richard High School for Fire and Life Safety,Fair,Good,Excellent,FDNYHS.org,Nalo Lewis,"09,10,11,12,SE",418,Ed. Opt.,Local Support and Improvement,400 Pennsylvania Avenue,"Brooklyn, NY 11207",718-688-7930,1%,54%,37%,<1%,<1%,1%,19%,29%,92%,35%,65%,0%,88%,"Boys: Baseball,Basketball,Cross Country,Football,Indoor Track,Outdoor Track,Soccer,Swimming,Volleyball; Girls: Basketball,Cross Country,Flag Football,Indoor Track,Outdoor Track,Swimming,Volleyball; Co-Ed: Stunt",N/A,"Visual Art, Music History",Career & Technical Education; Community School; NYC Solves,N/A (fewer than 5 teachers),63%,N/A (fewer than 5 teachers),0%,0%,25%,0.3,75%,40%,67%,67%,N/A,N/A,N/A,76%,70%,96%,72%,36,51%,51%,258 (62%),67 (16%),<1% (2),55% (151),36% (97),<1% (1),1% (4),<1% (2),Needs Improvement,98%,N/A,N/A,65%,0%,35%,83%,N/A,88%,73%,N/A,N/A,N/A,77%,86%,64%,78%,82%,90%,100%,90%,87%,N/A,N/A,N/A,85%,92%,67%,83%,100%,82%,78%,N/A,N/A,N/A,77%,75%,87%,92%,96%,88%,84%,100%,88%,80%,N/A,N/A,N/A,67%,88%,80%,49%,96%,75%,52%,33%,58%,48%,N/A,N/A,N/A,44%,56%,88%,100%,86%,90%,N/A,N/A,N/A,82%,90%,71%,80%,71%,65%,N/A,N/A,N/A,68%,72%,98%,98%,N/A,100%,95%,N/A,N/A,N/A,N/A,100%,81%,98%,N/A,98%,100%,N/A,N/A,N/A,N/A,97%,100%,100%,N/A,100%,100%,N/A,N/A,N/A,N/A,100%
19K507,Performing Arts and Technology High School,Good,Excellent,Good,www.pathsnyc.org,Cristina Gambino,"09,10,11,12,SE",411,Ed. Opt.,Local Support and Improvement,400 Pennsylvania Avenue,"Brooklyn, NY 11207",718-688-7900,<1%,55%,39%,<1%,0%,1%,17%,26%,89%,57%,43%,0%,94%,"Boys: Baseball,Basketball,Cross Country,Football,Indoor Track,Outdoor Track,Soccer,Swimming,Volleyball; Girls: Basketball,Cross Country,Flag Football,Indoor Track,Outdoor Track,Swimming,Volleyball; Co-Ed: Stunt","Multicultural, Recording Studio, K-Pop and Dance, Film/Video Production, Podcasting, Barber and Cosmetology, Steel Pan Drums, Peer Mediation Team, Student Government, Arts and Crafts, Math, Gaming, Fashion and Design, Anime, My Brother's Keeper, My Sister's Keeper, Pioneers of Technology, National Honor Society, Senior Activities","Percussion, Art History, Piano Keyboard, Modern Dance, Modern band, Styles of Acting, Fashion and Textile Design, Ballet, Dance, Theater / Play Production, and more",Community School; Dual Language or TBE; NYC Solves,N/A (fewer than 5 teachers),47%,18%,N/A (fewer than 5 teachers),N/A (fewer than 5 teachers),27%,1,74%,N/A,62%,83%,N/A,N/A,N/A,93%,64%,82%,64%,53,80%,59%,96 (23%),116 (28%),0% (0),57% (119),35% (73),<1% (1),0% (0),<1% (2),Fair,95%,N/A,N/A,95%,N/A,N/A,97%,N/A,98%,95%,N/A,N/A,N/A,100%,91%,88%,96%,86%,94%,N/A,94%,95%,N/A,N/A,N/A,91%,95%,74%,90%,N/A,88%,91%,N/A,N/A,N/A,90%,91%,92%,100%,96%,93%,91%,N/A,91%,91%,N/A,N/A,N/A,92%,95%,86%,60%,96%,81%,57%,N/A,55%,56%,N/A,N/A,N/A,63%,63%,97%,N/A,96%,99%,N/A,N/A,N/A,100%,99%,83%,N/A,82%,85%,N/A,N/A,N/A,88%,80%,94%,88%,N/A,88%,88%,N/A,N/A,N/A,83%,82%,79%,76%,N/A,82%,68%,N/A,N/A,N/A,61%,84%,95%,93%,N/A,91%,96%,N/A,N/A,N/A,93%,98%
19K510,World Academy for Total Community Health High School,Needs Improvement,Fair,Good,www.watchnyc.org,Saby Malary,"09,10,11,12,SE",207,"Language Criteria, Open",Local Support and Improvement,400 Pennsylvania Avenue,"Brooklyn, NY 11207",718-688-7980,1%,43%,52%,2%,0%,2%,40%,25%,93%,60%,39%,<1%,80%,"Boys: Baseball,Basketball,Cross Country,Football,Indoor Track,Outdoor Track,Soccer,Swimming,Volleyball; Girls: Basketball,Cross Country,Flag Football,Indoor Track,Outdoor Track,Swimming,Volleyball; Co-Ed: Stunt","Book Club, Community Service, Cosmetology, Dance Club, Drama, Poetry Club, Student Council, Yearbook Club","Studio Art, Makeup Design and Implementation",21st Century Community Learning Center; Career & Technical Education; Community School; CS for All; Future Ready NYC; NYC Solves,N/A (fewer than 5 teachers),46%,N/A (fewer than 5 teachers),N/A (fewer than 5 teachers),0%,N/A (fewer than 5 teachers),4,69%,N/A,48%,74%,N/A,N/A,N/A,80%,39%,89%,56%,31,56%,31%,50 (24%),20 (10%),1% (1),44% (39),49% (43),3% (3),0% (0),2% (2),Fair,93%,N/A,N/A,87%,N/A,N/A,76%,N/A,88%,65%,N/A,N/A,N/A,79%,N/A,61%,82%,71%,83%,N/A,86%,79%,N/A,N/A,N/A,72%,82%,66%,82%,N/A,81%,80%,N/A,N/A,N/A,76%,75%,79%,78%,56%,86%,80%,N/A,77%,84%,N/A,N/A,N/A,84%,82%,76%,36%,97%,70%,42%,N/A,37%,48%,N/A,N/A,N/A,50%,35%,84%,N/A,78%,89%,N/A,N/A,N/A,91%,85%,65%,N/A,57%,73%,N/A,N/A,N/A,69%,56%,91%,84%,N/A,81%,88%,N/A,N/A,N/A,91%,81%,80%,83%,N/A,85%,84%,N/A,N/A,N/A,84%,89%,94%,91%,N/A,88%,92%,N/A,N/A,N/A,97%,91%
19K583,Multicultural High School,Good,Excellent,Good,mhsbk.org,Peter Ng A Fook,"09,10,11,12",282,Language Criteria,Local Support and Improvement,999 Jamaica Avenue,"Brooklyn, NY 11208",718-827-2796,0%,0%,93%,<1%,0%,0%,90%,5%,>95%,42%,58%,0%,89%,"Boys: Baseball,Basketball,Bowling,Football,Indoor Track,Outdoor Track,Soccer,Swimming,Volleyball; Girls: Basketball,Bowling,Indoor Track,Outdoor Track,Softball,Tennis,Volleyball; Co-Ed: Cricket,Golf","My Sisters Keeper (MSK), My Brothers Keeper (MBK), Latinos in Action (LIA), Peer Group Connection (PGC), Music Club","Studio Art, Visual Art, Fashion and Textile Design",Community School; Dual Language or TBE; NYC Solves; New Arrivals; PROSE,N/A (fewer than 5 teachers),N/A (fewer than 5 teachers),71%,0%,0%,N/A (fewer than 5 teachers),3.7,48%,N/A,N/A,75%,N/A,N/A,N/A,76%,67%,83%,71%,47,84%,23%,221 (78%),68 (24%),0% (0),0% (0),92% (206),<1% (2),0% (0),0% (0),N/A,90%,N/A,N/A,N/A,0%,N/A,99%,N/A,N/A,99%,N/A,N/A,N/A,97%,100%,99%,N/A,87%,92%,N/A,N/A,92%,N/A,N/A,N/A,93%,100%,78%,86%,N/A,N/A,86%,N/A,N/A,N/A,86%,83%,85%,96%,88%,90%,90%,N/A,N/A,90%,N/A,N/A,N/A,91%,86%,89%,68%,95%,82%,65%,N/A,N/A,64%,N/A,N/A,N/A,67%,57%,92%,N/A,N/A,92%,N/A,N/A,N/A,93%,86%,86%,N/A,N/A,86%,N/A,N/A,N/A,87%,86%,95%,94%,N/A,N/A,94%,N/A,N/A,N/A,95%,86%,86%,83%,N/A,N/A,82%,N/A,N/A,N/A,85%,83%,96%,95%,N/A,N/A,95%,N/A,N/A,N/A,96%,100%
19K615,Transit Tech Career and Technical Education High School,Good,Fair,Good,transittechhs.org/,Marlon Bynum,"09,10,11,12,SE",787,"Ed. Opt., Screened",Local Support and Improvement,1 Wells Street,"Brooklyn, NY 11208",718-647-5204,10%,48%,30%,2%,<1%,2%,10%,28%,83%,17%,83%,0%,87%,"Boys: Baseball,Basketball,Bowling,Cross Country,Football,Handball,Indoor Track,Outdoor Track,Soccer,Volleyball; Girls: Basketball,Outdoor Track,Softball,Volleyball; Co-Ed: Cricket",N/A,"Mixed Choir, Graphic Design, Music History, Computer Art / Digital Art",Career & Technical Education; Future Ready NYC; NYC Solves; Project Pivot,10%,50%,19%,0%,0%,19%,N/A,82%,52%,36%,53%,67%,40%,60%,61%,47%,74%,67%,47,73%,77%,260 (33%),447 (57%),11% (66),48% (279),27% (161),3% (16),<1% (5),2% (10),Good,98%,N/A,N/A,89%,0%,11%,91%,88%,90%,93%,N/A,N/A,N/A,89%,92%,N/A,83%,77%,86%,86%,87%,84%,86%,100%,86%,75%,86%,60%,69%,60%,72%,69%,71%,60%,50%,46%,76%,88%,83%,91%,84%,77%,84%,79%,74%,80%,60%,71%,68%,77%,78%,45%,96%,71%,48%,35%,47%,55%,60%,40%,43%,45%,56%,84%,78%,85%,84%,87%,100%,71%,88%,83%,68%,64%,69%,70%,73%,60%,71%,70%,71%,90%,87%,88%,89%,82%,78%,N/A,N/A,75%,85%,83%,80%,88%,78%,74%,78%,N/A,N/A,75%,84%,93%,92%,75%,97%,89%,89%,N/A,N/A,83%,97%
19K618,Academy of Innovative Technology,Good,Good,Good,www.aoiths.org,Meghan Drysdale,"09,10,11,12,SE",390,Ed. Opt.,Local Support and Improvement,999 Jamaica Avenue,"Brooklyn, NY 11208",718-827-2469,8%,28%,58%,<1%,<1%,4%,12%,23%,82%,20%,80%,0%,90%,"Boys: Baseball,Basketball,Bowling,Football,Indoor Track,Outdoor Track,Soccer,Swimming,Volleyball; Girls: Basketball,Bowling,Indoor Track,Outdoor Track,Softball,Tennis,Volleyball; Co-Ed: Cricket,Golf","Clubs: MESH (Math, ELA, Science & History) Tutoring, Boxing Club,Gender Sexuality Alliance (GSA), Health is Wealth Fitness Club, Racket Sports Club, RPG (Role Player Games) Club, Art Club, & Design League Club. In addition, we have a Civics For All program & Career Wise.","Studio Art, Music Technology, Graphic Design",Career & Technical Education; Career Readiness and Modern Youth Apprenticeship; Community School; Future Ready NYC; NYC Solves,14%,33%,14%,0%,0%,28%,8,78%,67%,57%,71%,N/A,N/A,77%,93%,68%,71%,61%,61,78%,57%,91 (23%),97 (25%),12% (19),25% (41),60% (97),0% (0),0% (0),2% (4),Excellent,99%,N/A,N/A,99%,N/A,N/A,94%,N/A,90%,97%,N/A,N/A,N/A,94%,94%,N/A,87%,83%,97%,96%,98%,97%,N/A,N/A,83%,89%,97%,77%,88%,92%,89%,86%,N/A,N/A,100%,86%,81%,84%,75%,86%,91%,88%,80%,90%,87%,N/A,N/A,92%,89%,87%,89%,63%,96%,80%,64%,76%,59%,63%,N/A,N/A,77%,46%,67%,96%,96%,95%,97%,N/A,N/A,92%,100%,94%,84%,75%,83%,87%,N/A,N/A,77%,83%,86%,92%,94%,86%,93%,96%,N/A,N/A,N/A,100%,96%,88%,87%,86%,90%,84%,N/A,N/A,N/A,62%,92%,97%,95%,N/A,97%,94%,N/A,N/A,N/A,100%,100%
19K639,Brooklyn Lab School,Good,Fair,Good,brooklynlabschool.org,Gerard Henry,"09,10,11,12,SE",455,Ed. Opt.,Local Support and Improvement,999 Jamaica Avenue,"Brooklyn, NY 11208",718-235-3592,9%,20%,67%,2%,0%,2%,13%,23%,89%,37%,63%,0%,84%,"Boys: Baseball,Basketball,Bowling,Football,Indoor Track,Outdoor Track,Soccer,Swimming,Volleyball; Girls: Basketball,Bowling,Indoor Track,Outdoor Track,Softball,Tennis,Volleyball; Co-Ed: Cricket,Golf","After School Tutoring, Art, College Trips, My Brother's Keeper (MBK), My Sisters Keeper (MSK),Gender Sexuality Alliance (GSA), First Aid/CPR/AED Certification, Future of Tomorrow (FOT), Junior Reserve Officers' Training Corps (JROTC), Lifeguard Certification, Paid Internships and After School Work Opportunities, SYEP, Peer Leaders, Restorative Circles, SAT Prep, Student Government, Weight Training, Swimming Club, Video Game Club, Anime Club, Music Club","Percussion, Music Technology",Community School; NYC Solves; PROSE,N/A (fewer than 5 teachers),43%,23%,N/A (fewer than 5 teachers),N/A (fewer than 5 teachers),27%,9,87%,82%,61%,70%,N/A,N/A,N/A,76%,71%,94%,94%,51,51%,60%,309 (68%),178 (39%),9% (37),21% (87),66% (271),1% (6),0% (0),1% (6),Excellent,93%,N/A,N/A,93%,N/A,N/A,98%,N/A,100%,97%,N/A,N/A,N/A,100%,97%,96%,100%,82%,94%,100%,94%,93%,N/A,N/A,N/A,95%,89%,74%,83%,70%,83%,84%,N/A,N/A,N/A,84%,76%,83%,90%,94%,91%,87%,73%,83%,90%,N/A,N/A,N/A,84%,86%,85%,52%,94%,76%,59%,58%,58%,59%,N/A,N/A,N/A,57%,69%,94%,88%,85%,98%,N/A,N/A,N/A,98%,94%,79%,62%,70%,83%,N/A,N/A,N/A,89%,84%,93%,85%,100%,90%,82%,N/A,N/A,N/A,100%,75%,79%,80%,83%,100%,75%,N/A,N/A,N/A,71%,79%,95%,94%,100%,80%,96%,N/A,N/A,N/A,100%,85%
19K659,Cypress Hills Collegiate Preparatory School,Good,Good,Good,chcpschool.org,Anthony Stipanov,"09,10,11,12,SE",410,Ed. Opt.,Local Support and Improvement,999 Jamaica Avenue,"Brooklyn, NY 11208",718-647-1672,5%,12%,80%,<1%,0%,1%,25%,16%,87%,50%,50%,0%,86%,"Boys: Baseball,Basketball,Bowling,Football,Indoor Track,Outdoor Track,Soccer,Swimming,Volleyball; Girls: Basketball,Bowling,Indoor Track,Outdoor Track,Softball,Tennis,Volleyball; Co-Ed: Cricket,Golf","AfterSchool Tutoring, Art, College Youth Leaders, College Trips, My Brother's Keeper (MBK), My Sisters Keeper (MSK),Gender Sexuality Alliance (GSA), First Aid/CPR/AED Certification, Future of Tomorrow (FOT), Junior Reserve Officers' Training Corps (JROTC), Lifeguard Certification, Paid Internships and AfterSchool Work Opportunities, SYEP, Peer Leaders, Restorative Circles, Peer Mediators, SAT Prep, Student Government, Weight Training, Swimming Club, Video Game Club, DIY Club, Anime Club, Photography Club, Music Club, Drama Club, Cultural Connections Club","Mixed Media, Filmmaking / Video, Photography, Visual Art, Music Theory / Musicianship, Music History",Community School; NYC Solves; PROSE,16%,N/A (fewer than 5 teachers),26%,0%,0%,42%,2.2,58%,76%,62%,59%,N/A,N/A,20%,73%,49%,87%,81%,52,49%,47%,335 (82%),198 (48%),6% (22),12% (48),79% (316),1% (4),0% (0),1% (5),Excellent,96%,N/A,N/A,100%,0%,0%,97%,N/A,100%,99%,N/A,N/A,N/A,98%,96%,94%,100%,81%,92%,81%,85%,94%,N/A,N/A,N/A,90%,94%,76%,82%,86%,82%,82%,N/A,N/A,80%,75%,78%,85%,90%,81%,88%,82%,86%,84%,82%,N/A,N/A,80%,73%,85%,88%,63%,96%,78%,61%,45%,53%,63%,N/A,N/A,40%,62%,61%,90%,91%,83%,91%,N/A,N/A,100%,85%,89%,77%,82%,69%,78%,N/A,N/A,60%,77%,73%,92%,92%,88%,97%,92%,N/A,N/A,N/A,92%,88%,85%,83%,94%,77%,83%,N/A,N/A,N/A,79%,88%,97%,96%,100%,96%,96%,N/A,N/A,N/A,93%,100%
19K660,W. H. Maxwell Career and Technical Education High School,Fair,,Fair,www.whmaxwell.com,John Rullan,"09,10,11,12,SE",555,Ed. Opt.,Local Support and Improvement,145 Pennsylvania Avenue,"Brooklyn, NY 11207",718-345-9100,2%,55%,36%,1%,<1%,3%,12%,28%,94%,73%,27%,0%,83%,"Boys: Basketball; Girls: Indoor Track,Outdoor Track,Softball,Volleyball; Co-Ed: N/A","Student Leadership, SkillsUSA, Photography, Book Club, GLASS Club,Gender Sexuality Alliance (GSA), Fashion Club and Yearbook Committee","Fashion and Textile Design, Graphic Design, Drawing, Visual Art, Art History",Career & Technical Education; Future Ready NYC; NYC Solves; Project Pivot,16%,47%,16%,N/A (fewer than 5 teachers),N/A (fewer than 5 teachers),18%,3.1,71%,N/A,45%,70%,N/A,N/A,N/A,100%,71%,97%,97%,41,69%,48%,55 (10%),151 (27%),1% (2),58% (104),31% (55),2% (3),0% (0),2% (3),Excellent,92%,N/A,N/A,92%,0%,8%,86%,N/A,85%,85%,N/A,N/A,N/A,90%,78%,86%,74%,N/A,91%,N/A,89%,95%,N/A,N/A,N/A,100%,100%,N/A,73%,N/A,68%,86%,N/A,N/A,N/A,83%,100%,N/A,100%,97%,N/A,88%,N/A,86%,95%,N/A,N/A,N/A,83%,100%,76%,31%,94%,N/A,54%,N/A,50%,67%,N/A,N/A,N/A,67%,86%,94%,N/A,95%,100%,N/A,N/A,N/A,100%,100%,73%,N/A,68%,86%,N/A,N/A,N/A,83%,100%,90%,79%,N/A,86%,70%,N/A,N/A,N/A,82%,86%,77%,81%,N/A,91%,73%,N/A,N/A,N/A,83%,91%,91%,91%,N/A,97%,82%,N/A,N/A,N/A,92%,100%
19K683,School for Classics High School,Fair,Good,Good,www.schoolforclassics.com,Nicole Tancredi,"09,10,11,12,SE",356,Ed. Opt.,Local Support and Improvement,370 Fountain Avenue,"Brooklyn, NY 11208",718-277-1069,17%,37%,38%,2%,0%,5%,34%,28%,>95%,47%,53%,0%,89%,Boys: Basketball; Girls: Basketball; Co-Ed: N/A,"Basketball Clinic, Volleyball Clinic, Music Club, Pottery Club, MBSK, Fashion & Travel Club, Green Team, Anime Club, Gaming Club , ESports, Student Government, Dancing Divas, National Honor Society,Gender Sexuality Alliance (GSA)","Studio Art, Theater Survey, Technical Theater, Acting, Illustration",Dual Language or TBE; NYC Solves; Project Pivot,N/A (fewer than 5 teachers),37%,N/A (fewer than 5 teachers),0%,0%,30%,7,78%,78%,70%,83%,N/A,N/A,N/A,90%,62%,86%,86%,38,36%,40%,61 (17%),193 (54%),18% (39),34% (74),38% (83),3% (7),0% (0),6% (12),Excellent,74%,26%,0%,54%,N/A,N/A,94%,N/A,89%,100%,N/A,N/A,N/A,93%,95%,100%,86%,80%,87%,75%,81%,94%,N/A,N/A,N/A,90%,93%,66%,80%,79%,84%,78%,N/A,N/A,N/A,77%,87%,84%,77%,93%,88%,85%,79%,86%,82%,N/A,N/A,100%,85%,94%,83%,54%,93%,76%,64%,58%,73%,62%,N/A,N/A,60%,70%,56%,94%,92%,91%,95%,N/A,N/A,100%,97%,87%,82%,79%,86%,80%,N/A,N/A,100%,83%,94%,91%,94%,N/A,93%,95%,N/A,N/A,N/A,100%,100%,84%,90%,N/A,87%,95%,N/A,N/A,N/A,94%,92%,97%,98%,N/A,97%,100%,N/A,N/A,N/A,100%,100%
19K764,The Urban Assembly School for Collaborative Healthcare,Fair,Good,Good,uasch.org,Judie Cherenfant,"09,10,11,12,SE",375,Ed. Opt.,Local Support and Improvement,999 Jamaica Avenue,"Brooklyn, NY 11208",718-277-1572,8%,23%,62%,2%,0%,2%,21%,14%,86%,68%,32%,0%,88%,"Boys: Baseball,Basketball,Bowling,Football,Indoor Track,Outdoor Track,Soccer,Swimming,Volleyball; Girls: Basketball,Bowling,Indoor Track,Outdoor Track,Softball,Tennis,Volleyball; Co-Ed: Cricket,Golf","Anime Club, Air Force JROTC, College Counseling, Cooking Club, Fiber Arts Club,Gender Sexuality Alliance (GSA), Art Club, Muslim Student Association (MSA), National Honor Society, Peer Leadership, Politics Club, SAT Prep, Student Government, Young Men's Group, Young Women's Group.","Photography, Computer Art / Digital Art",Career & Technical Education; Career Readiness and Modern Youth Apprenticeship; NYC Solves; Project Pivot,N/A (fewer than 5 teachers),28%,N/A (fewer than 5 teachers),0%,0%,44%,2.1,64%,50%,64%,68%,80%,N/A,75%,68%,64%,73%,77%,47,48%,64%,101 (27%),183 (49%),10% (23),25% (57),57% (130),3% (7),0% (0),3% (7),Excellent,N/A,82%,N/A,94%,N/A,N/A,93%,N/A,100%,89%,N/A,N/A,N/A,93%,91%,82%,N/A,78%,92%,94%,96%,89%,100%,N/A,100%,81%,88%,75%,88%,72%,96%,88%,N/A,N/A,86%,91%,78%,89%,100%,95%,88%,82%,79%,89%,82%,N/A,N/A,71%,91%,77%,84%,46%,96%,77%,53%,60%,51%,50%,N/A,N/A,62%,48%,56%,93%,80%,93%,93%,N/A,N/A,100%,92%,93%,79%,79%,81%,76%,N/A,N/A,88%,83%,74%,92%,84%,88%,67%,90%,N/A,N/A,N/A,88%,83%,82%,81%,50%,79%,88%,N/A,N/A,N/A,88%,77%,93%,89%,83%,72%,95%,N/A,N/A,N/A,94%,78%
19K953,The East New York Arts and Civics High School,Fair,Fair,Fair,www.schools.nyc.gov/schools/K953,Monique Allen Davy,"09,10,11,12,SE",136,Open,Local Support and Improvement,800 Van Siclen Ave,"Brooklyn, NY 11207",N/A,2%,54%,34%,2%,<1%,4%,15%,36%,94%,47%,53%,0%,67%,Boys: Basketball; Girls: Outdoor Track; Co-Ed: N/A,"NYS Seal of CIVIC Readiness, Job internships, Success Coaching Workshop Mindfulness and wellness program, Mentorship program, College Tours, My Brother's Keeper, My Sister Keepers, Peer Mediation","Studio Art, Fashion and Textile Design, Core Music, Painting, Art History",NYC Solves; Project Pivot; PROSE,N/A (fewer than 5 teachers),39%,N/A (fewer than 5 teachers),0%,0%,N/A (fewer than 5 teachers),1.1,62%,N/A,49%,58%,N/A,N/A,80%,58%,39%,100%,56%,31,62%,52%,35 (26%),,2% (1),64% (27),29% (12),2% (1),0% (0),0% (0),Excellent,86%,N/A,N/A,91%,N/A,N/A,82%,N/A,78%,N/A,N/A,N/A,N/A,77%,88%,N/A,64%,75%,86%,N/A,88%,88%,N/A,N/A,N/A,79%,82%,68%,80%,N/A,77%,90%,N/A,N/A,60%,72%,70%,89%,89%,89%,85%,82%,N/A,80%,83%,N/A,N/A,N/A,67%,81%,79%,31%,94%,73%,47%,N/A,52%,44%,N/A,N/A,0%,33%,46%,85%,N/A,83%,97%,N/A,N/A,80%,83%,86%,65%,N/A,64%,67%,N/A,N/A,60%,50%,62%,93%,75%,N/A,86%,N/A,N/A,N/A,N/A,N/A,40%,77%,67%,N/A,50%,N/A,N/A,N/A,N/A,N/A,60%,90%,92%,N/A,86%,N/A,N/A,N/A,N/A,N/A,80%
19K965,Bard High School Early College Brooklyn,,,,www.schools.nyc.gov/schools/K965,David Allen,"09,11,SE",146,Screened With Assessment,,301 Vermont Street,"Brooklyn, NY 11207",N/A,11%,47%,22%,3%,1%,9%,1%,10%,58%,64%,36%,0%,73%,Boys: N/A; Girls: Volleyball; Co-Ed: N/A,"Art Club, Dance Club, Debate Club, Hallway Headlines (School Newspaper), Lex Societas, Math Team, Model UN, Muslim Students Affinity Group, My Brothers Keeper, My Sisters Keeper, Science Olympiad, Student Council, Student Ambassadors, Video Game Club","Studio Art, Steelpan",NYC Solves; Project Pivot; PROSE,N/A (fewer than 5 teachers),N/A (fewer than 5 teachers),0%,0%,0%,46%,1.2,64%,57%,65%,68%,100%,N/A,42%,N/A,50%,88%,75%,N/A,N/A,N/A,,118 (81%),11% (16),47% (67),22% (32),3% (5),1% (2),9% (13),N/A,100%,0%,0%,85%,N/A,N/A,N/A,N/A,N/A,N/A,N/A,N/A,N/A,N/A,N/A,N/A,N/A,86%,97%,93%,100%,92%,100%,N/A,100%,N/A,100%,84%,96%,79%,98%,96%,100%,N/A,100%,N/A,92%,93%,100%,100%,85%,76%,86%,65%,82%,100%,N/A,83%,N/A,92%,95%,83%,97%,78%,48%,43%,43%,57%,60%,N/A,58%,N/A,58%,94%,86%,94%,96%,100%,N/A,100%,N/A,83%,82%,57%,88%,89%,100%,N/A,83%,N/A,67%,89%,89%,N/A,83%,100%,N/A,N/A,80%,N/A,N/A,86%,81%,N/A,76%,73%,N/A,N/A,100%,N/A,N/A,96%,95%,N/A,88%,100%,N/A,N/A,N/A,N/A,N/A
20K445,New Utrecht High School,Fair,Good,Good,NewUtrechthighschoolnyc.com,Svetlana Litvin,"09,10,11,12,SE",3212,"D75 Special Education Inclusive Services, Ed. Opt., Screened, Zoned Guarantee",Local Support and Improvement,1601 80 Street,"Brooklyn, NY 11214",718-232-2500,41%,2%,36%,<1%,<1%,19%,22%,16%,81%,47%,53%,0%,89%,"Boys: Badminton,Baseball,Basketball,Bowling,Football,Handball,Soccer,Swimming,Tennis,Volleyball,Wrestling; Girls: Badminton,Basketball,Bowling,Flag Football,Handball,Soccer,Softball,Swimming,Tennis,Volleyball; Co-Ed: N/A","Anime/Manga Club, Arista, Asian Club, Band, Chorus, Dance Club, Disc Jockey (DJ) Club, Fashion Club, Glee Club, International Club,Gender Sexuality Alliance (GSA), Medical Science Club, Model UN, Newspaper Club, One Catalyst Club, Peer Mediation, Poetry Club, Science Olympiad, Sustainability Club, Student Organization (S.O.), WNUHS Radio. International Show, Asian New Year Show, Fashion Show. Movie Nights, Karaoke Nights, S.O./PTA Thanksgiving Dinner, Senior Prom, Senior Trip, Senior Brunch/Carnival. Fundraisers for various charities. International Trips","Studio Art, Guitar, Painting, Fashion and Textile Design, Mixed Choir, Three-Dimensional Art, Art History, Percussion, Piano Keyboard, Portfolio Development, and more",Career & Technical Education; Dual Language or TBE; DYCD: COMPASS/SONYC; NYC Solves,17%,7%,12%,0%,0%,61%,4,87%,57%,62%,64%,75%,38%,67%,73%,58%,89%,79%,61,65%,69%,920 (29%),1393 (43%),50% (931),2% (29),28% (513),<1% (3),<1% (8),18% (337),Fair,99%,1%,0%,96%,0%,4%,85%,89%,N/A,79%,N/A,N/A,86%,91%,80%,66%,80%,77%,92%,93%,90%,91%,67%,100%,91%,92%,90%,76%,80%,79%,87%,82%,71%,50%,81%,81%,78%,85%,92%,89%,85%,79%,81%,88%,77%,88%,62%,76%,86%,83%,88%,69%,95%,73%,48%,51%,55%,39%,50%,38%,51%,57%,49%,93%,95%,91%,93%,88%,100%,89%,95%,91%,77%,76%,72%,78%,88%,88%,76%,72%,79%,91%,88%,90%,100%,82%,N/A,N/A,89%,91%,90%,74%,65%,62%,62%,70%,N/A,N/A,65%,60%,75%,98%,96%,98%,100%,90%,N/A,N/A,98%,96%,95%
20K485,High School of Telecommunication Arts and Technology,Good,Good,Good,www.hstat.org,Xhenete Shepard,"09,10,11,12,SE",1209,"ASD/ACES Program, D75 Special Education Inclusive Services, Ed. Opt.",Local Support and Improvement,350 67 Street,"Brooklyn, NY 11220",718-759-3400,20%,4%,55%,<1%,<1%,18%,12%,22%,80%,42%,58%,0%,85%,"Boys: Baseball,Basketball,Bowling,Cross Country,Handball,Outdoor Track,Soccer,Swimming,Table Tennis,Volleyball; Girls: Basketball,Bowling,Cross Country,Handball,Outdoor Track,Soccer,Softball,Swimming,Tennis,Volleyball; Co-Ed: N/A","Guitar,Gender Sexuality Alliance (GSA), Photography, Gardening, LINK, Muslim Student Association, Coders, Badminton, Video Game, Weight Training, Asian Cultural, Theater, Board Game, Dance, Table Tennis, Art, Video Game, WISH, Blueprint. Chess , Anime, Black Student Union , RolePlaying, Audio Visual, Red Cross, Student Government, Culinary, Creative Writing, Meditation, Student Equity Committee Council","Computer Art / Digital Art, Illustration, Digital Photography, Visual Art, Mixed Media, Drawing, Art History, Music Technology, Guitar, Dance / Introduction to Dance, and more",NYC Solves; Project Pivot,12%,9%,23%,0%,0%,52%,11.6,73%,73%,48%,67%,N/A,N/A,65%,68%,61%,85%,75%,60,75%,81%,410 (34%),569 (47%),23% (187),3% (28),53% (430),<1% (3),<1% (2),19% (152),Needs Improvement,96%,4%,0%,92%,0%,8%,94%,97%,94%,91%,N/A,N/A,95%,95%,93%,94%,81%,78%,92%,94%,83%,94%,N/A,N/A,88%,93%,95%,73%,84%,82%,90%,84%,N/A,N/A,84%,88%,80%,81%,78%,80%,84%,76%,76%,87%,76%,N/A,N/A,73%,73%,80%,92%,73%,96%,71%,50%,49%,47%,48%,N/A,N/A,61%,55%,55%,91%,93%,87%,93%,N/A,N/A,85%,91%,95%,73%,76%,48%,74%,N/A,N/A,71%,74%,73%,93%,91%,91%,69%,94%,N/A,N/A,95%,92%,89%,81%,81%,70%,92%,83%,N/A,N/A,85%,88%,84%,95%,94%,94%,82%,93%,N/A,N/A,98%,86%,92%
20K490,Fort Hamilton High School,Good,Excellent,Good,fthhs.org,Kaye Houlihan,"09,10,11,12,SE",4066,"Audition, Screened, Zoned Guarantee",Local Support and Improvement,8301 Shore Road,"Brooklyn, NY 11209",718-748-1537,31%,2%,31%,<1%,<1%,32%,18%,15%,77%,47%,53%,<1%,93%,"Boys: Baseball,Basketball,Bowling,Football,Handball,Outdoor Track,Soccer,Swimming,Tennis,Volleyball; Girls: Basketball,Bowling,Cross Country,Flag Football,Golf,Handball,Indoor Track,Lacrosse,Outdoor Track,Soccer,Softball,Swimming,Tennis,Volleyball; Co-Ed: Golf","Acappella Club, AAPI Stronger Together, Act Out, Albanian Club, American Red Cross Club, ANCHOR, Animal Rights, Activists Club, Anime Club, Archery, Art Club, Asian Culture Club, Astronomy Club, Badminton Club, Baseball Club, BC2M Mental Health, Be the First, Biomedical Sciences Club, Black Unity Club, Board Games Club, Book Club, Calligraphy, CCAT Career and Creative Arts Training (SPRING ONLY) Cheerleading Club, Chemistry Club, Chess Club, Chinese Student Organization, Community is Key Club, Computer Science Club, Cooking Club, Cosmetology Club, Crafts Club, Creative Writing, Crochet Club, Culture Film Club, Drama Club (Thespian Society), Debate Team, Engineering Club, Equity and Social Justice Team, Fashion Magazine Club, Fencers' Club, FHNN Fort Hamilton News Network, Filmmaking Club, College Club, First Gen Club, Flag Football, Football, Foundational Institution of Business, French Club, Future Finance Club, Fundamental Skills Club,Gender Sexuality Alliance (GSA), Grammar Club, Volleyball Club, Greek Club, Green Team, Helping Hands, Italian Club, JWalkers, Japanese Language Club, Jewelry Club, JROTC, Tiger Battalion, JROTC Robotics, K Cover Choreography Club, Latinos Unidos,Lifeguard Club,Make a Difference Club, Middle Eastern and North African Club, Moot Court/Mock Trial, Muslim Student Association (MSA),Philosophy Club,Photography & Video Club, Physics Club,Ping Pong Club,Podcast Club,Psychology Club,Public Speaking Club,Running Club,Scrubs Club HOSA Pathways to Medical careers,Self Defense Club,Soccer Club,Softball Club,Stigma Stains,Stocks Club,Strings Club,Surgical Club,Swim Club,Tea Ceremony Club,Tennis Club,The Pilot (School Newspaper),Ukrainian Club,Video Gaming/Esports Club,Weight Training & Fitness Club,Yearbook Club","Visual Art, Brass Ensemble, Mixed Choir, Acting, Classroom Music, Advertising Art, Percussion, Ballet, Guitar, Ceramics, and more",Career & Technical Education; Dual Language or TBE; NYC Solves,13%,4%,11%,0%,0%,68%,13,89%,64%,66%,70%,71%,N/A,70%,80%,64%,87%,86%,62,65%,74%,1012 (25%),1458 (36%),38% (773),2% (33),24% (493),<1% (4),<1% (2),34% (689),Fair,98%,2%,0%,98%,0%,2%,87%,91%,88%,78%,N/A,N/A,91%,92%,83%,67%,79%,83%,93%,95%,94%,92%,93%,N/A,93%,89%,91%,78%,85%,81%,86%,87%,92%,N/A,87%,85%,86%,88%,89%,93%,87%,83%,83%,75%,84%,80%,N/A,81%,82%,86%,89%,67%,96%,78%,55%,56%,48%,54%,60%,N/A,57%,64%,58%,94%,96%,89%,94%,80%,N/A,92%,94%,92%,83%,79%,80%,85%,80%,N/A,85%,80%,83%,93%,88%,85%,85%,89%,78%,N/A,90%,89%,88%,74%,64%,55%,83%,70%,89%,N/A,68%,73%,79%,95%,93%,94%,94%,94%,100%,N/A,92%,91%,92%
20K505,Franklin Delano Roosevelt High School,Fair,Good,Good,www.fdrhs.org,Melanie Katz,"09,10,11,12,SE",3412,"ASD/ACES Program, Ed. Opt., Zoned Guarantee",Local Support and Improvement,5800 20 Avenue,"Brooklyn, NY 11204",718-621-8800,37%,6%,40%,<1%,<1%,16%,31%,17%,88%,42%,58%,0%,90%,"Boys: Badminton,Baseball,Basketball,Bowling,Football,Handball,Outdoor Track,Soccer,Table Tennis,Tennis,Volleyball,Wrestling; Girls: Badminton,Basketball,Bowling,Flag Football,Handball,Soccer,Softball,Table Tennis,Tennis,Volleyball; Co-Ed: Cricket,Golf","Clubs: Anime, Art Club, ASPIRA, Band, Cheerleaders, Chess Club, Christian Club, Dance Club, Dreamer's Club, FDR Theater Company, Green Thumb Club, Green Squad, Gamer's Club, Hire Cause, Hispanic Club, Jewish Club, KPop Club, Magazine Club, Math Team, Mock Trial, Model UN, Movie Club, Multicultural Show, Muslim Student Association, My Brother's Keeper, My Sister's Keepr, National Honor Society, New Dealer, Fright Club, Origami Club, Peer Mediation, Rainbow Pride, Regents Preparation, Robotics, Science Olympiad, Step, Student Ambassadors, Student Government, The Lounge, Tutoring","Studio Art, Core Music, Ceramics, Painting, Photography, Acting, Computer Art / Digital Art, Concert Band, Art History, Piano Keyboard, and more",CS for All; Dual Language or TBE; Future Ready NYC; NYC Solves; Pathways Advising,18%,8%,18%,0%,0%,49%,10.2,79%,74%,67%,73%,69%,N/A,79%,82%,72%,80%,78%,51,54%,60%,873 (26%),1132 (33%),48% (782),5% (80),29% (478),<1% (9),<1% (5),16% (259),Needs Improvement,83%,N/A,N/A,97%,0%,3%,75%,88%,76%,59%,N/A,N/A,77%,83%,69%,65%,67%,75%,92%,94%,92%,90%,93%,100%,92%,89%,87%,78%,85%,86%,82%,82%,93%,80%,89%,84%,80%,75%,72%,76%,85%,82%,86%,87%,79%,93%,80%,77%,86%,83%,87%,66%,96%,73%,49%,53%,52%,44%,53%,40%,50%,57%,45%,94%,95%,95%,93%,93%,100%,90%,92%,91%,78%,78%,71%,77%,93%,100%,78%,78%,77%,91%,89%,92%,91%,84%,N/A,N/A,87%,94%,85%,73%,72%,69%,77%,78%,N/A,N/A,69%,75%,83%,95%,93%,96%,90%,88%,N/A,N/A,94%,95%,91%
20K609,Urban Assembly School for Leadership and Empowerment,Good,Fair,Fair,www.uascriminaljustice.org,Lauren Norman,"06,07,08,09,10,11,12,SE",327,Open,Local Support and Improvement,4200 16 Avenue,"Brooklyn, NY 11204",718-438-3893,46%,7%,20%,2%,2%,21%,17%,17%,90%,100%,0%,0%,66%,"Boys: N/A; Girls: Badminton,Indoor Track,Outdoor Track,Volleyball; Co-Ed: N/A","Middle School AfterSchool Program with NIA (Community Based Organization) runs until 6pm, HS after school clubs include Track, Badminton, Volleyball, Kickboxing, Newspaper, ESL Mentors, Cheerleading, Art + Design, Anime Club, Debate Club, Gaming Club, Student Council, Mentors, Trivia, Black Student Union, Muslim Student Association, LatinX Student Association (Aspira),Gender Sexuality Alliance (GSA), Dance Club, Book Clubs, and more, Partnerships with outside organizations SEO, Minds Matter, Girls Inc, Elevate, Generation Citizen, and more","Studio Art, Mixed Media, Improvisation, Graphic Design",DYCD: COMPASS/SONYC; NYC Solves,N/A (fewer than 5 teachers),N/A (fewer than 5 teachers),21%,N/A (fewer than 5 teachers),0%,58%,4,81%,36%,25%,27%,57%,N/A,47%,57%,36%,90%,68%,70,91%,89%,119 (36%),153 (47%),49% (111),7% (15),21% (48),3% (7),2% (4),17% (39),Fair,99%,N/A,N/A,97%,N/A,N/A,93%,98%,N/A,86%,N/A,N/A,N/A,93%,N/A,86%,N/A,79%,81%,79%,86%,79%,100%,N/A,83%,80%,83%,73%,72%,75%,79%,69%,88%,N/A,66%,83%,71%,85%,93%,90%,80%,68%,66%,68%,67%,N/A,N/A,68%,79%,79%,88%,60%,95%,69%,46%,47%,42%,43%,57%,N/A,45%,46%,55%,84%,83%,88%,88%,100%,N/A,82%,90%,88%,65%,68%,46%,59%,71%,N/A,70%,68%,65%,89%,81%,77%,100%,86%,N/A,N/A,86%,92%,95%,75%,68%,61%,78%,79%,N/A,N/A,73%,71%,82%,91%,88%,86%,100%,83%,N/A,N/A,92%,100%,95%
21K337,International High School at Lafayette,Good,Good,Good,www.inths.org,Melissa De Leon,"09,10,11,12",349,Language Criteria,Local Support and Improvement,2630 Benson Avenue,"Brooklyn, NY 11214",718-333-7860,15%,3%,52%,0%,<1%,29%,86%,2%,>95%,41%,59%,0%,85%,"Boys: Baseball,Basketball,Bowling,Cross Country,Football,Handball,Indoor Track,Outdoor Track,Soccer,Table Tennis,Tennis,Volleyball,Wrestling; Girls: Badminton,Basketball,Bowling,Cross Country,Flag Football,Indoor Track,Outdoor Track,Soccer,Softball,Table Tennis,Volleyball; Co-Ed: Stunt","Student government, Computer Clubs, AP Classes, Computer Science,Gender Sexuality Alliance (GSA), Arabic Boys Club, Book Club, Dream Team, Field Trips, Internships, Workbased learning ( Photography, Stem, peer tutors, peace leaders ), Summer Youth Employment Program, Extracurriculars ( SEO, ACE, Minds Matter, girls write now, DICE , Bottom line, Librarians of tomorrow, Pratt scholars and other )","Mixed Media, Visual Art, Computer Art / Digital Art, Digital Photography, Photography",Consortium; Future Ready NYC; NYC Solves; New Arrivals; Project Pivot; PROSE,46%,N/A (fewer than 5 teachers),N/A (fewer than 5 teachers),0%,0%,41%,2.2,64%,80%,100%,80%,N/A,N/A,77%,79%,60%,94%,89%,46,49%,71%,17 (5%),157 (45%),13% (22),4% (7),47% (81),0% (0),<1% (1),34% (59),N/A,N/A,N/A,0%,N/A,N/A,0%,92%,N/A,N/A,87%,N/A,N/A,N/A,91%,93%,92%,N/A,80%,82%,87%,67%,82%,N/A,N/A,81%,83%,100%,79%,86%,81%,100%,87%,N/A,N/A,85%,85%,50%,86%,72%,83%,88%,83%,84%,89%,88%,N/A,N/A,74%,84%,67%,81%,53%,96%,80%,65%,69%,56%,63%,N/A,N/A,69%,64%,50%,89%,94%,89%,89%,N/A,N/A,86%,90%,50%,78%,84%,67%,81%,N/A,N/A,73%,79%,80%,96%,94%,96%,100%,97%,N/A,N/A,90%,96%,100%,78%,81%,76%,56%,90%,N/A,N/A,72%,84%,100%,96%,96%,96%,100%,98%,N/A,N/A,93%,96%,100%
21K344,Rachel Carson High School for Coastal Studies,Good,Good,Good,RachelCarsonhs.org,Stephen Mc Nally,"09,10,11,12,SE",622,"D75 Special Education Inclusive Services, Ed. Opt.",Local Support and Improvement,521 West Avenue,"Brooklyn, NY 11224",718-265-0329,13%,9%,18%,<1%,<1%,56%,20%,19%,86%,43%,57%,0%,80%,"Boys: Baseball,Basketball,Bowling,Cross Country,Football,Indoor Track,Outdoor Track,Rugby,Soccer,Volleyball,Wrestling; Girls: Basketball,Bowling,Indoor Track,Outdoor Track,Softball,Volleyball; Co-Ed: N/A","Photography, Aquarium Club,Gender Sexuality Alliance (GSA), Dungeons and Dragons, Video Game Club, Board Games Club, Filmmaking, My Brother's Keeper, My Sister's Keeper, Robotics, Coding, and more!","Visual Art, Mixed Media, Art History",Future Ready NYC; NYC Solves; PROSE,N/A (fewer than 5 teachers),N/A (fewer than 5 teachers),N/A (fewer than 5 teachers),0%,0%,65%,6.2,72%,64%,45%,51%,N/A,N/A,67%,64%,46%,74%,68%,50,54%,67%,211 (34%),328 (53%),13% (55),6% (26),18% (74),<1% (2),<1% (2),57% (239),Excellent,93%,7%,0%,91%,0%,9%,90%,87%,77%,86%,N/A,N/A,94%,92%,88%,87%,74%,81%,91%,93%,86%,89%,N/A,N/A,92%,83%,90%,75%,85%,90%,91%,86%,N/A,N/A,84%,71%,86%,85%,88%,85%,85%,80%,77%,83%,87%,N/A,N/A,78%,74%,90%,88%,60%,97%,77%,55%,63%,71%,47%,N/A,N/A,56%,44%,62%,90%,93%,92%,92%,N/A,N/A,88%,89%,91%,73%,81%,71%,67%,N/A,N/A,74%,74%,68%,92%,88%,91%,88%,75%,N/A,N/A,91%,89%,100%,76%,66%,55%,100%,62%,N/A,N/A,66%,56%,92%,94%,94%,95%,88%,88%,N/A,N/A,97%,94%,100%
21K348,High School of Sports Management,Fair,Needs Improvement,Good,www.thehssm.org,Derek Cradle,"09,10,11,12,SE",388,Ed. Opt.,Local Support and Improvement,2630 Benson Avenue,"Brooklyn, NY 11214",718-333-7650,12%,15%,39%,<1%,<1%,32%,48%,18%,94%,24%,76%,0%,77%,"Boys: Baseball,Basketball,Bowling,Cross Country,Football,Handball,Indoor Track,Outdoor Track,Soccer,Table Tennis,Tennis,Volleyball,Wrestling; Girls: Badminton,Basketball,Bowling,Cross Country,Flag Football,Indoor Track,Outdoor Track,Soccer,Softball,Table Tennis,Volleyball; Co-Ed: Stunt",Gender Sexuality Alliance (GSA),"Piano Keyboard, Studio Art",NYC Solves; Project Pivot; PROSE,26%,23%,N/A (fewer than 5 teachers),0%,0%,36%,7.6,52%,60%,55%,70%,N/A,N/A,65%,74%,62%,84%,84%,34,40%,45%,54 (14%),91 (23%),22% (30),10% (14),24% (33),0% (0),<1% (1),43% (59),Excellent,78%,N/A,N/A,95%,N/A,N/A,69%,N/A,N/A,58%,N/A,N/A,76%,87%,65%,55%,83%,71%,86%,87%,92%,86%,N/A,N/A,81%,81%,85%,67%,76%,77%,75%,76%,N/A,N/A,73%,76%,78%,67%,79%,68%,79%,72%,88%,74%,70%,N/A,N/A,65%,70%,74%,82%,47%,95%,67%,55%,65%,63%,54%,N/A,N/A,47%,56%,57%,83%,88%,72%,86%,N/A,N/A,80%,83%,74%,68%,62%,68%,68%,N/A,N/A,69%,75%,65%,88%,86%,100%,88%,87%,N/A,N/A,79%,87%,88%,79%,80%,100%,88%,82%,N/A,N/A,68%,83%,56%,94%,89%,100%,75%,91%,N/A,N/A,88%,89%,67%
21K410,Abraham Lincoln High School,Good,Good,Good,www.alhs.nyc,A Hoogenboom,"09,10,11,12,SE",2228,"Audition, D75 Special Education Inclusive Services, Ed. Opt., Screened, Zoned Guarantee",Local Support and Improvement,2800 Ocean Parkway,"Brooklyn, NY 11235",718-333-7400,16%,34%,32%,1%,<1%,14%,16%,16%,86%,45%,55%,0%,91%,"Boys: Baseball,Basketball,Bowling,Cross Country,Football,Handball,Indoor Track,Outdoor Track,Soccer,Swimming,Tennis,Volleyball; Girls: Basketball,Bowling,Cross Country,Handball,Indoor Track,Outdoor Track,Soccer,Softball,Swimming,Tennis,Volleyball; Co-Ed: N/A",Gender Sexuality Alliance (GSA),"Visual Art, Photography, Concert Band, Classroom Music, Acting, Art History, Stage Design, Filmmaking / Video, Theater / Play Production, Illustration, and more",Career & Technical Education; CS for All; NYC Solves; Project Pivot,10%,14%,17%,0%,0%,53%,21,85%,71%,69%,74%,91%,67%,66%,77%,71%,96%,89%,47,49%,66%,991 (44%),501 (22%),17% (214),36% (440),30% (368),2% (20),<1% (8),13% (158),Needs Improvement,70%,N/A,N/A,94%,0%,6%,85%,85%,89%,84%,N/A,N/A,79%,92%,79%,65%,76%,84%,92%,91%,91%,91%,96%,100%,92%,87%,91%,76%,85%,83%,87%,85%,85%,100%,77%,80%,89%,93%,94%,94%,88%,83%,81%,83%,85%,91%,62%,78%,83%,86%,84%,51%,96%,78%,50%,58%,47%,49%,65%,50%,51%,51%,53%,93%,93%,93%,94%,100%,88%,90%,90%,95%,77%,72%,80%,79%,78%,88%,72%,74%,76%,92%,85%,90%,78%,86%,100%,N/A,86%,90%,74%,79%,75%,80%,73%,77%,N/A,N/A,63%,76%,83%,94%,89%,96%,84%,89%,100%,N/A,83%,94%,81%
21K468,Kingsborough Early College School,Excellent,Good,Excellent,KECSS.info,Tracee Murren,"06,07,08,09,10,11,12,SE",426,Screened With Assessment,Local Support and Improvement,2630 Benson Avenue,"Brooklyn, NY 11214",718-333-7850,8%,20%,43%,<1%,<1%,26%,<1%,20%,77%,54%,46%,0%,81%,"Boys: Baseball,Basketball,Bowling,Cross Country,Football,Handball,Indoor Track,Outdoor Track,Soccer,Table Tennis,Tennis,Volleyball,Wrestling; Girls: Badminton,Basketball,Bowling,Cross Country,Flag Football,Indoor Track,Outdoor Track,Soccer,Softball,Table Tennis,Volleyball; Co-Ed: Stunt",N/A,"Theater History, Voice and Diction, Art History, Mixed Media, Classroom Music",DYCD: COMPASS/SONYC; NYC Solves; Project Pivot,N/A (fewer than 5 teachers),N/A (fewer than 5 teachers),N/A (fewer than 5 teachers),0%,0%,75%,10.2,81%,38%,52%,49%,N/A,N/A,45%,37%,49%,95%,98%,84,92%,87%,2 (<1%),148 (35%),9% (33),19% (71),42% (158),<1% (3),<1% (2),27% (100),Good,97%,N/A,N/A,96%,0%,4%,98%,N/A,100%,95%,N/A,N/A,100%,100%,96%,N/A,94%,84%,86%,82%,90%,87%,N/A,N/A,83%,92%,90%,63%,71%,73%,72%,69%,N/A,N/A,72%,68%,74%,94%,95%,98%,85%,76%,85%,84%,70%,N/A,N/A,76%,N/A,78%,86%,54%,97%,74%,49%,62%,45%,48%,N/A,N/A,52%,75%,55%,89%,89%,90%,91%,N/A,N/A,87%,80%,89%,74%,74%,74%,75%,N/A,N/A,70%,85%,75%,96%,95%,100%,100%,85%,N/A,N/A,100%,N/A,92%,88%,88%,88%,80%,85%,N/A,N/A,96%,N/A,92%,98%,96%,100%,100%,92%,N/A,N/A,96%,N/A,91%
21K525,Edward R. Murrow High School,Fair,Good,Good,ermurrowhs.org,Allen Barge,"09,10,11,12,SE",3490,"Audition, D75 Special Education Inclusive Services, Ed. Opt., Language Criteria",Local Support and Improvement,1600 Avenue L,"Brooklyn, NY 11230",718-258-9283,22%,19%,24%,<1%,<1%,30%,9%,18%,67%,58%,42%,<1%,91%,"Boys: Badminton,Basketball,Bowling,Soccer,Table Tennis,Volleyball,Wrestling; Girls: Badminton,Basketball,Cross Country,Soccer,Softball,Table Tennis,Volleyball,Wrestling; Co-Ed: Golf","PSAL SPORTS - COED Bowling, Golf PSAL SPORTS - GIRLS Badminton, Basketball, Cross Country, Soccer, Softball, Table Tennis, Volleyball, Wrestling PSAL SPORTS - BOYS Badminton, Basketball, Bowling, Table Tennis, Volleyball, Wrestling,Gender Sexuality Alliance (GSA)","Computer Art / Digital Art, Piano Keyboard, Studio Art, Painting, Guitar, Concert Band, Costume Design and Implementation, Music Technology, Scenic Design and Implementation, Music Theory / Musicianship, and more",Career & Technical Education; Dual Language or TBE; NYC Solves; Project Pivot,9%,16%,11%,0%,N/A (fewer than 5 teachers),58%,13.4,89%,62%,59%,66%,80%,N/A,64%,74%,62%,98%,92%,59,67%,75%,1052 (30%),1358 (39%),24% (518),17% (375),21% (453),<1% (9),<1% (6),33% (702),Fair,99%,N/A,N/A,96%,N/A,N/A,80%,83%,77%,69%,N/A,N/A,84%,86%,72%,57%,63%,79%,93%,94%,93%,91%,82%,N/A,94%,84%,92%,74%,81%,80%,85%,80%,60%,N/A,81%,78%,77%,83%,87%,90%,86%,81%,81%,86%,83%,91%,N/A,77%,79%,85%,88%,64%,96%,73%,48%,53%,46%,48%,64%,N/A,47%,52%,50%,94%,94%,95%,95%,91%,N/A,92%,96%,94%,83%,81%,81%,83%,91%,N/A,84%,75%,82%,92%,88%,92%,91%,92%,N/A,N/A,81%,99%,88%,82%,74%,67%,80%,79%,N/A,N/A,72%,78%,87%,96%,95%,98%,97%,96%,N/A,N/A,91%,100%,93%
21K540,John Dewey High School,Fair,Good,Good,www.johndeweyhighschool.org/,Heather Adelle,"09,10,11,12,SE",2210,"ASD/ACES Program, D75 Special Education Inclusive Services, Ed. Opt., Language Criteria, Open, Screened",Local Support and Improvement,50 Avenue X,"Brooklyn, NY 11223",718-373-6400,29%,16%,27%,<1%,<1%,24%,20%,15%,87%,52%,48%,0%,90%,"Boys: Badminton,Basketball,Lacrosse,Outdoor Track,Soccer,Table Tennis,Tennis,Volleyball,Wrestling; Girls: Badminton,Basketball,Lacrosse,Outdoor Track,Soccer,Softball,Table Tennis,Tennis,Volleyball; Co-Ed: Double Dutch","Art Club, Arts Beautification Club, Beauty Club, Careers in the Arts Club, Cheerleading, Chess Club, The Classic Rock Club, Council for Unity, Dance Team, Educators Rising, ELL Science Club, Girls Who Code, International Culinary Club, Japanese Language and Culture Club, Key Club, Knitting Club,Gender Sexuality Alliance (GSA), Marine Biology Underwater Robotics Club, Mindfulness, Mock Trial, Moot Court, My Brother's Keeper, MSAC, National Honor Society, ONE Goal, Peer Group Connection, Recycling / Green Team, Robotics, Senior Committee, Step Team Club, Stock Market Club, Student Council, Sweatbox Club, Table Tennis/Ping Pong Club, Technical Theatre Club, Theatre Club, Track Club, Video Game Club, Volleyball Club, Women's Alliance/Women of Color Alliance (WOCA), Yoga/Fitness, Project Pivot, Podcasting, Makerspace, JROTC","Studio Art, Theater, Computer Art / Digital Art, Ceramics, Choreography / Dance Composition, Acting, Photography, Mixed Media, Jazz Dance, Theater / Play Production, and more",Career & Technical Education; Dual Language or TBE; Future Ready NYC; NYC Solves; Project Pivot; PROSE,14%,11%,11%,N/A (fewer than 5 teachers),0%,63%,4,86%,50%,40%,49%,45%,89%,67%,72%,51%,85%,73%,54,77%,64%,597 (27%),698 (32%),37% (409),15% (161),21% (233),<1% (5),<1% (9),23% (250),Fair,99%,N/A,N/A,99%,N/A,N/A,83%,89%,84%,79%,N/A,N/A,79%,85%,80%,66%,70%,77%,90%,91%,88%,90%,89%,78%,91%,90%,93%,72%,79%,75%,77%,80%,62%,89%,85%,81%,80%,85%,86%,87%,84%,79%,80%,78%,78%,77%,90%,77%,80%,84%,89%,69%,96%,73%,46%,49%,38%,42%,46%,80%,51%,53%,46%,91%,92%,91%,89%,77%,100%,91%,90%,88%,73%,72%,66%,74%,69%,100%,74%,74%,67%,91%,87%,87%,86%,88%,100%,N/A,88%,92%,89%,73%,71%,57%,85%,75%,60%,N/A,76%,72%,89%,95%,94%,94%,94%,92%,N/A,N/A,96%,98%,95%
21K559,Life Academy High School for Film and Music,Good,Excellent,Excellent,LIFEACADEMYHSNYC.ORG,Eugenia Kelch,"09,10,11,12,SE",195,Ed. Opt.,Local Support and Improvement,2630 Benson Avenue,"Brooklyn, NY 11214",718-333-7750,12%,7%,45%,<1%,<1%,35%,49%,18%,91%,55%,45%,0%,87%,"Boys: Baseball,Basketball,Bowling,Cross Country,Football,Handball,Indoor Track,Outdoor Track,Soccer,Table Tennis,Tennis,Volleyball,Wrestling; Girls: Badminton,Basketball,Bowling,Cross Country,Flag Football,Indoor Track,Outdoor Track,Soccer,Softball,Table Tennis,Volleyball; Co-Ed: Stunt","Double Dutch, My Sister's Keepers, My Brother's Keepers, National Honors Society,Gender Sexuality Alliance (GSA), Gaming Club, Beautification Committee, Theater Club, After-School Tutoring, Film, Piano Class, Student Government, iLearn, AP for All, College Now",Filmmaking / Video,Career & Technical Education; CS for All; NYC Solves; Project Pivot,N/A (fewer than 5 teachers),30%,N/A (fewer than 5 teachers),0%,0%,30%,9.9,70%,82%,83%,91%,N/A,N/A,90%,92%,96%,89%,83%,41,40%,58%,150 (77%),105 (54%),11% (17),7% (10),47% (72),<1% (1),<1% (1),33% (50),Excellent,97%,N/A,N/A,94%,N/A,N/A,75%,N/A,N/A,63%,N/A,N/A,N/A,91%,58%,62%,90%,91%,89%,86%,85%,91%,N/A,N/A,87%,86%,96%,88%,90%,86%,92%,93%,N/A,N/A,86%,89%,96%,100%,100%,100%,91%,84%,71%,77%,90%,N/A,N/A,83%,82%,100%,80%,47%,96%,87%,76%,62%,77%,84%,N/A,N/A,73%,78%,93%,92%,96%,92%,93%,N/A,N/A,90%,92%,100%,84%,75%,77%,85%,N/A,N/A,87%,86%,96%,99%,99%,100%,100%,100%,N/A,N/A,97%,100%,100%,94%,96%,100%,100%,100%,N/A,N/A,90%,94%,100%,99%,99%,100%,100%,100%,N/A,N/A,96%,100%,100%
21K572,Leaders High School,Excellent,Good,Good,www.leadersschool.net/,Thomas Mullen,"09,10,11,12,SE",384,Ed. Opt.,Local Support and Improvement,2630 Benson Avenue,"Brooklyn, NY 11214",718-333-7700,17%,9%,45%,<1%,<1%,24%,14%,23%,85%,47%,53%,0%,82%,"Boys: Baseball,Basketball,Bowling,Cross Country,Football,Handball,Indoor Track,Outdoor Track,Soccer,Table Tennis,Tennis,Volleyball,Wrestling; Girls: Badminton,Basketball,Bowling,Cross Country,Flag Football,Indoor Track,Outdoor Track,Soccer,Softball,Table Tennis,Volleyball; Co-Ed: Stunt","ACTIVITIES Guitar Club, Baking Club, Bicycling Club, Weight Training, Hydroponic Lab Interns, Chemistry Lab Interns, Rock Climbing, Theater, Japanese Cooking Club, Student Government, Peer Mentors, Peer Mediation, Yearbook Club, Chess Club, Technology Club, School Newspaper, ESports, Teaching Assistant Opportunities, Outdoor Adventure Opportunities in Colorado, Maine, and North Carolina, and lots of internship opportunities!","Three-Dimensional Art, Fashion and Textile Design, Studio Art, Stage Management, Visual Art, Mixed Media, Filmmaking / Video, Architecture, Digital Photography, Musical Theater",Consortium; Future Ready NYC; Project Pivot; PROSE,N/A (fewer than 5 teachers),16%,N/A (fewer than 5 teachers),0%,0%,52%,9,87%,52%,40%,64%,N/A,N/A,71%,61%,56%,88%,84%,50,88%,76%,22 (6%),264 (69%),18% (54),9% (27),44% (132),<1% (3),<1% (2),24% (72),Needs Improvement,94%,N/A,N/A,95%,N/A,N/A,85%,100%,N/A,88%,N/A,N/A,79%,87%,83%,77%,91%,84%,90%,88%,70%,94%,N/A,N/A,87%,90%,85%,79%,83%,67%,90%,87%,N/A,N/A,84%,83%,86%,86%,84%,88%,89%,87%,81%,80%,90%,N/A,N/A,86%,96%,93%,86%,57%,95%,80%,59%,62%,70%,58%,N/A,N/A,55%,52%,60%,93%,91%,90%,93%,N/A,N/A,91%,88%,91%,79%,72%,80%,84%,N/A,N/A,77%,84%,78%,95%,89%,91%,N/A,89%,N/A,N/A,87%,86%,80%,86%,84%,92%,N/A,78%,N/A,N/A,87%,62%,81%,96%,95%,100%,N/A,92%,N/A,N/A,93%,86%,93%
21K620,William E. Grady Career and Technical Education High School,Fair,Fair,Good,gradyhs.com,Tarah Montalbano,"09,10,11,12,SE",644,"ASD/ACES Program, D75 Special Education Inclusive Services, Ed. Opt.",Local Support and Improvement,25 Brighton 4 Road,"Brooklyn, NY 11235",718-332-5000,8%,30%,31%,1%,0%,28%,19%,28%,85%,30%,70%,0%,80%,"Boys: Baseball,Basketball,Bowling,Cross Country,Football,Indoor Track,Outdoor Track,Rugby,Soccer,Volleyball,Wrestling; Girls: Basketball,Bowling,Indoor Track,Outdoor Track,Softball,Volleyball; Co-Ed: N/A",N/A,Studio Art,Career & Technical Education; NYC Solves,10%,23%,10%,0%,0%,47%,11.9,62%,57%,50%,66%,N/A,N/A,63%,77%,60%,96%,86%,42,40%,51%,247 (38%),224 (35%),7% (22),31% (94),30% (91),<1% (3),0% (0),30% (90),Needs Improvement,97%,N/A,N/A,97%,N/A,N/A,77%,N/A,85%,75%,N/A,N/A,71%,85%,75%,54%,81%,77%,86%,90%,83%,90%,N/A,N/A,85%,78%,86%,69%,75%,69%,74%,80%,N/A,N/A,72%,74%,75%,87%,98%,96%,85%,78%,74%,77%,80%,N/A,N/A,76%,81%,72%,82%,44%,96%,73%,56%,59%,48%,56%,N/A,N/A,62%,58%,54%,86%,90%,82%,86%,N/A,N/A,86%,87%,84%,65%,72%,63%,72%,N/A,N/A,56%,68%,64%,94%,85%,100%,83%,78%,N/A,N/A,89%,80%,88%,81%,81%,89%,90%,78%,N/A,N/A,76%,80%,90%,94%,95%,100%,96%,88%,N/A,N/A,100%,86%,100%
21K690,Brooklyn Studio Secondary School,Fair,Good,Good,mybrooklynstudio.com,Vincenza Mannino,"06,07,08,09,10,11,12,SE",515,"D75 Special Education Inclusive Services, Ed. Opt.",Local Support and Improvement,8310 21 Avenue,"Brooklyn, NY 11214",718-266-5032,17%,3%,36%,<1%,<1%,42%,20%,17%,84%,46%,54%,0%,69%,"Boys: Baseball,Basketball,Bowling,Handball,Soccer; Girls: Basketball,Bowling,Handball,Soccer,Softball; Co-Ed: N/A","MBK/MSK, Green Team,Gender Sexuality Alliance (GSA), Muslim Association Club, Student Government and Consultative Council, Yearbook","Visual Art, Symphonic Orchestra, Concert Band, Studio Art, Digital Photography, Drawing, Computer Art / Digital Art, Jazz Ensemble, Percussion, Music History, and more",Career & Technical Education; DYCD: COMPASS/SONYC; NYC Solves; Project Pivot,15%,N/A (fewer than 5 teachers),10%,0%,0%,70%,14.4,72%,47%,48%,37%,N/A,N/A,44%,60%,37%,38%,38%,56,62%,58%,169 (33%),197 (38%),16% (51),2% (5),37% (114),<1% (2),<1% (1),43% (134),Excellent,97%,N/A,N/A,98%,N/A,N/A,93%,97%,N/A,91%,N/A,N/A,92%,99%,87%,85%,84%,76%,78%,75%,82%,81%,N/A,N/A,77%,77%,73%,59%,65%,72%,74%,59%,N/A,N/A,67%,73%,55%,80%,82%,84%,80%,75%,76%,85%,75%,N/A,N/A,74%,79%,72%,90%,68%,95%,65%,44%,47%,50%,37%,N/A,N/A,49%,50%,42%,83%,80%,92%,83%,N/A,N/A,83%,82%,76%,69%,68%,62%,67%,N/A,N/A,71%,71%,68%,92%,88%,77%,N/A,87%,N/A,N/A,91%,82%,94%,84%,84%,65%,N/A,87%,N/A,N/A,86%,85%,91%,95%,95%,81%,N/A,96%,N/A,N/A,98%,93%,93%
22K405,Midwood High School,Excellent,Good,Good,www.midwoodhighschool.org,Robert Quinlan,"09,10,11,12,SE",3642,"Open, Screened",Local Support and Improvement,2839 Bedford Avenue,"Brooklyn, NY 11210",718-724-8500,43%,20%,14%,<1%,<1%,19%,3%,18%,70%,53%,47%,<1%,92%,"Boys: Baseball,Basketball,Bowling,Cross Country,Football,Handball,Indoor Track,Lacrosse,Outdoor Track,Soccer,Swimming,Tennis,Volleyball,Wrestling; Girls: Basketball,Bowling,Cross Country,Flag Football,Handball,Indoor Track,Lacrosse,Outdoor Track,Soccer,Softball,Swimming,Tennis,Volleyball; Co-Ed: Cricket,Golf",Gender Sexuality Alliance (GSA),"Core Music, Drawing, Filmmaking / Video, Woodwind Ensemble, Graphic Design, Jazz Ensemble, Concert Band",Career & Technical Education; CS for All; NYC Solves; Respect for All,11%,14%,11%,0%,0%,62%,3,82%,62%,65%,72%,67%,67%,75%,75%,66%,86%,74%,79,87%,85%,1608 (44%),1993 (55%),49% (1293),16% (429),12% (308),<1% (18),<1% (14),20% (529),Fair,99%,N/A,N/A,99%,N/A,N/A,96%,97%,96%,90%,N/A,N/A,99%,97%,95%,85%,86%,79%,93%,93%,93%,94%,87%,100%,91%,81%,90%,81%,88%,85%,93%,90%,94%,100%,90%,89%,83%,83%,88%,91%,86%,81%,82%,80%,86%,82%,100%,77%,95%,84%,92%,75%,98%,77%,52%,53%,48%,52%,59%,60%,55%,51%,56%,95%,95%,96%,95%,88%,100%,93%,95%,94%,86%,86%,85%,90%,82%,90%,86%,85%,84%,88%,88%,88%,91%,85%,N/A,N/A,90%,100%,86%,75%,64%,58%,75%,80%,N/A,N/A,62%,100%,81%,96%,94%,96%,95%,87%,N/A,N/A,94%,100%,94%
22K425,James Madison High School,Good,Excellent,Good,madisonhs.org,Jodie Cohen,"09,10,11,12,SE",4005,"Screened, Zoned Guarantee",Local Support and Improvement,3787 Bedford Avenue,"Brooklyn, NY 11229",718-758-7200,20%,10%,16%,<1%,<1%,52%,16%,13%,69%,46%,54%,0%,92%,"Boys: Badminton,Baseball,Basketball,Bowling,Cross Country,Football,Handball,Indoor Track,Lacrosse,Outdoor Track,Rugby,Soccer,Swimming,Table Tennis,Tennis,Volleyball,Wrestling; Girls: Badminton,Basketball,Bowling,Cross Country,Flag Football,Golf,Handball,Indoor Track,Lacrosse,Outdoor Track,Soccer,Softball,Swimming,Table Tennis,Tennis,Volleyball,Wrestling; Co-Ed: Golf,Stunt",N/A,"Mixed Media, Guitar, Ceramics, Painting, Mixed Choir, Concert Band, Musical Theater, Graphic Design, String Orchestra, Piano Keyboard, and more",Career & Technical Education; Future Ready NYC; NYC Solves; Respect for All,7%,14%,9%,N/A (fewer than 5 teachers),0%,68%,12,84%,55%,60%,64%,56%,50%,64%,75%,62%,73%,58%,62,74%,76%,1090 (27%),1506 (38%),23% (493),9% (198),12% (255),<1% (6),<1% (4),53% (1121),Needs Improvement,98%,2%,0%,97%,N/A,N/A,87%,92%,91%,82%,N/A,N/A,87%,92%,84%,67%,83%,80%,91%,91%,88%,91%,88%,83%,92%,88%,91%,77%,84%,78%,87%,82%,89%,80%,85%,86%,87%,89%,94%,96%,88%,80%,80%,87%,81%,33%,83%,79%,76%,86%,89%,65%,96%,77%,55%,52%,56%,51%,56%,50%,57%,59%,58%,92%,93%,94%,92%,67%,100%,91%,93%,93%,82%,77%,81%,82%,78%,83%,84%,79%,84%,92%,88%,86%,85%,89%,N/A,N/A,88%,91%,92%,78%,70%,56%,82%,74%,N/A,N/A,72%,68%,78%,94%,92%,94%,91%,95%,N/A,N/A,90%,95%,95%
22K535,Leon M. Goldstein High School for the Sciences,Excellent,,,www.lmhgs.org,Scott Hughes,"09,10,11,12,SE",953,"D75 Special Education Inclusive Services, Screened",Local Support and Improvement,1830 Shore Boulevard,"Brooklyn, NY 11235",718-368-8500,24%,22%,13%,<1%,<1%,37%,3%,18%,56%,52%,48%,<1%,76%,"Boys: Basketball,Bowling,Handball,Soccer,Swimming,Tennis,Wrestling; Girls: Basketball,Bowling,Flag Football,Soccer,Swimming,Tennis,Volleyball; Co-Ed: Golf",Gender Sexuality Alliance (GSA),"Ceramics, Painting, Graphic Design, Mixed Choir, Piano Keyboard, Jazz Ensemble, Art History, Brass Ensemble",NYC Solves,12%,12%,12%,0%,0%,64%,12.9,93%,81%,50%,N/A,N/A,N/A,90%,N/A,70%,54%,31%,79,93%,88%,585 (61%),506 (53%),25% (196),21% (162),13% (102),<1% (5),<1% (4),38% (301),Needs Improvement,97%,N/A,N/A,97%,N/A,N/A,96%,98%,93%,92%,N/A,N/A,98%,98%,94%,80%,91%,N/A,85%,91%,69%,N/A,N/A,N/A,90%,N/A,100%,N/A,80%,89%,69%,N/A,N/A,N/A,86%,N/A,82%,N/A,69%,62%,N/A,72%,87%,57%,N/A,N/A,N/A,71%,N/A,83%,89%,68%,94%,N/A,43%,39%,29%,N/A,N/A,N/A,52%,N/A,67%,91%,96%,64%,N/A,N/A,N/A,100%,N/A,100%,80%,79%,64%,N/A,N/A,N/A,90%,N/A,92%,N/A,69%,75%,90%,67%,N/A,N/A,54%,N/A,89%,N/A,69%,83%,70%,83%,N/A,N/A,62%,N/A,89%,N/A,73%,75%,78%,100%,N/A,N/A,59%,N/A,100%
22K555,Brooklyn College Academy,Excellent,Excellent,Good,brooklyncollegeacademy.com,Shernell Thomas Daley,"09,10,11,12",635,Screened With Assessment,Local Support and Improvement,350 Coney Island Avenue,"Brooklyn, NY 11218",718-853-6184,6%,73%,12%,1%,<1%,4%,3%,16%,65%,58%,42%,0%,75%,"Boys: Basketball,Indoor Track,Outdoor Track,Soccer; Girls: Basketball,Indoor Track,Outdoor Track,Volleyball; Co-Ed: N/A",Gender Sexuality Alliance (GSA),"Classroom Music, Core Music, Visual Art, Illustration, Concert Band, Mixed Choir, Filmmaking / Video, Acting, Mixed Media",NYC Solves; Respect for All,N/A (fewer than 5 teachers),24%,21%,0%,0%,47%,6.6,91%,81%,75%,75%,83%,80%,80%,71%,69%,94%,91%,80,100%,87%,236 (37%),99 (16%),7% (34),73% (352),12% (56),1% (6),1% (6),4% (18),Excellent,98%,N/A,N/A,99%,N/A,N/A,100%,N/A,100%,100%,N/A,N/A,N/A,100%,100%,N/A,100%,87%,97%,97%,98%,93%,100%,100%,100%,100%,99%,85%,96%,94%,97%,94%,100%,N/A,96%,93%,91%,92%,100%,97%,91%,85%,86%,85%,87%,100%,60%,76%,94%,89%,96%,88%,97%,79%,49%,51%,50%,43%,38%,20%,68%,38%,63%,96%,97%,96%,96%,100%,100%,100%,100%,97%,79%,80%,80%,71%,88%,N/A,68%,62%,69%,95%,90%,80%,91%,82%,N/A,N/A,88%,N/A,75%,88%,80%,40%,81%,76%,N/A,N/A,100%,N/A,75%,95%,92%,N/A,92%,82%,N/A,N/A,88%,N/A,80%
22K611,Origins High School,Fair,Fair,Good,www.schools.nyc.gov/schools/K611,Ahmed Elmaliki,"09,10,11,12,SE",480,"ASD/ACES Program, Ed. Opt.",Local Support and Improvement,3000 Avenue X,"Brooklyn, NY 11235",718-891-0037,18%,23%,14%,1%,2%,41%,30%,15%,90%,43%,57%,0%,71%,"Boys: Baseball,Basketball,Bowling,Football,Indoor Track,Outdoor Track,Soccer,Volleyball,Wrestling; Girls: Basketball,Bowling,Cross Country,Flag Football,Indoor Track,Outdoor Track,Volleyball; Co-Ed: N/A","Art, Dance, Glamour Gals, Green Team & Gardening, Glamour Girls, International Culinary Club, Photography, My Brother's Keeper Chapter, My Sister's Keeper Chapter, National Honor Society, Yearbook, Green Team, Peer Mediators.,Gender Sexuality Alliance (GSA)","Visual Art, Ceramics, Classroom Music, Concert Band, Digital Photography, Portfolio Development, Fashion and Textile Design, Filmmaking / Video, Photography, Drawing, and more",Community School; NYC Solves; PROSE,N/A (fewer than 5 teachers),15%,13%,0%,0%,55%,1.1,70%,52%,55%,65%,N/A,N/A,62%,74%,53%,81%,78%,46,54%,63%,213 (44%),151 (31%),22% (52),19% (45),13% (31),1% (3),2% (4),41% (98),Excellent,83%,N/A,N/A,87%,0%,13%,86%,95%,92%,100%,N/A,N/A,73%,94%,80%,68%,93%,76%,87%,93%,88%,84%,N/A,N/A,86%,83%,90%,67%,75%,74%,76%,62%,N/A,N/A,76%,76%,76%,78%,70%,81%,84%,78%,76%,84%,65%,N/A,N/A,78%,77%,78%,85%,52%,96%,68%,43%,41%,47%,47%,N/A,N/A,39%,30%,42%,90%,96%,93%,82%,N/A,N/A,87%,83%,88%,61%,64%,69%,50%,N/A,N/A,57%,53%,61%,93%,89%,75%,95%,83%,N/A,N/A,94%,100%,82%,84%,81%,75%,89%,83%,N/A,N/A,75%,67%,91%,94%,96%,92%,94%,100%,N/A,N/A,100%,100%,100%
23K493,Brooklyn Collegiate: A College Board School,Fair,Fair,Good,WWW.BROOKLYNCOLLEGIATE.NET,Heather Newman,"09,10,11,12,SE",515,Ed. Opt.,Local Support and Improvement,2021 Bergen Street,"Brooklyn, NY 11233",718-922-1145,0%,72%,20%,<1%,<1%,<1%,6%,23%,88%,51%,49%,0%,82%,"Boys: Basketball,Soccer; Girls: Basketball,Outdoor Track; Co-Ed: Stunt",Science and Engineering My Brother's Keeper My Sister's Keeper Cooking Anime Makers Club (Fashion) LBGTQ+,"Music Theory / Musicianship, Mixed Media, Visual Art, Concert Band",Community School; Future Ready NYC; NYC Solves,N/A (fewer than 5 teachers),41%,11%,0%,0%,30%,10.2,70%,N/A,59%,62%,N/A,N/A,N/A,78%,57%,85%,70%,40,57%,48%,65 (13%),292 (57%),0% (0),69% (228),21% (69),2% (5),<1% (1),2% (5),Fair,91%,N/A,N/A,97%,N/A,N/A,93%,N/A,96%,82%,N/A,N/A,N/A,97%,88%,82%,82%,77%,91%,N/A,90%,89%,N/A,N/A,N/A,88%,89%,71%,87%,N/A,87%,83%,N/A,N/A,N/A,94%,87%,85%,85%,85%,86%,81%,N/A,82%,76%,N/A,N/A,N/A,76%,80%,83%,47%,96%,74%,51%,N/A,53%,45%,N/A,N/A,N/A,61%,53%,90%,N/A,90%,88%,N/A,N/A,N/A,94%,91%,72%,N/A,73%,69%,N/A,N/A,N/A,83%,73%,93%,86%,N/A,86%,76%,N/A,N/A,N/A,N/A,81%,86%,84%,N/A,86%,74%,N/A,N/A,N/A,N/A,93%,95%,93%,N/A,90%,95%,N/A,N/A,N/A,100%,100%
23K514,Frederick Douglass Academy VII High School,Good,Good,Excellent,www.fda7.org,Tamika Matheson,"09,10,11,12,SE",298,Ed. Opt.,Local Support and Improvement,226 Bristol Street,"Brooklyn, NY 11212",718-485-3789,<1%,72%,27%,<1%,<1%,0%,12%,33%,93%,47%,53%,0%,86%,"Boys: Baseball,Basketball; Girls: Basketball,Volleyball; Co-Ed: Double Dutch",Boys & Girls Club of America: Elbaum Clubhouse; CUNY-Kingsborough Community College: NASA/STEM Partnership; New Visions for Public Schools; Bro Experience; Birthright Africa; Project Eats; Common Threads; Camba,"Acting, Three-Dimensional Art, Drawing, Visual Art",NYC Solves; Project Pivot,N/A (fewer than 5 teachers),52%,N/A (fewer than 5 teachers),0%,0%,28%,18.7,56%,N/A,75%,81%,N/A,N/A,N/A,88%,68%,100%,96%,34,49%,61%,96 (32%),94 (32%),<1% (1),76% (98),22% (29),0% (0),<1% (1),0% (0),Needs Improvement,98%,N/A,N/A,81%,0%,19%,90%,N/A,94%,N/A,N/A,N/A,N/A,88%,92%,N/A,77%,80%,90%,N/A,89%,90%,N/A,N/A,N/A,83%,85%,68%,85%,N/A,85%,85%,N/A,N/A,N/A,80%,80%,90%,100%,100%,86%,84%,N/A,84%,85%,N/A,N/A,N/A,81%,82%,84%,50%,98%,75%,54%,N/A,54%,55%,N/A,N/A,N/A,71%,54%,90%,N/A,90%,91%,N/A,N/A,N/A,90%,85%,72%,N/A,69%,82%,N/A,N/A,N/A,67%,63%,97%,96%,N/A,97%,90%,N/A,N/A,N/A,79%,95%,85%,81%,N/A,82%,79%,N/A,N/A,N/A,71%,91%,97%,95%,N/A,95%,97%,N/A,N/A,N/A,100%,100%
23K644,Eagle Academy for Young Men II,Good,Excellent,Excellent,eagleacademybk.org,Rashad Meade,"06,07,08,09,10,11,12,SE",431,Open,Local Support and Improvement,1137 Herkimer Street,"Brooklyn, NY 11233",718-495-0863,<1%,81%,12%,2%,<1%,<1%,1%,29%,82%,0%,100%,0%,92%,"Boys: Baseball,Basketball,Football,Indoor Track,Lacrosse,Outdoor Track; Girls: N/A; Co-Ed: N/A","Culinary Arts, Barbershop, Entrepreneurship, Advanced Visual Art, Band, Music Production, Hydroponics, Chess, Video Games, Fitness, Escape Room, Shakur Honors Program, Community Service, Scholar Council, Coop (student employment), Winter Youth Employment, multiple mentoring programs (KAVI, Blackstone, Moody's), Summer Service Trips (Summer Search, Global Glimpse), Trade partnerships (Coop Tech),Gender Sexuality Alliance (GSA)","Mixed Media, Music Technology, Graphic Design, Fashion and Textile Design, Music History, Concert Band, Visual Art",DYCD: Beacon; Future Ready NYC; Project Pivot,N/A (fewer than 5 teachers),62%,N/A (fewer than 5 teachers),0%,0%,19%,17.2,93%,N/A,76%,75%,86%,N/A,N/A,100%,78%,100%,97%,42,52%,48%,81 (19%),124 (29%),<1% (1),76% (122),11% (18),3% (4),0% (0),<1% (1),Fair,97%,N/A,N/A,92%,0%,8%,93%,N/A,91%,100%,N/A,N/A,N/A,N/A,93%,N/A,86%,91%,94%,N/A,95%,89%,100%,N/A,N/A,100%,94%,83%,87%,N/A,86%,92%,80%,N/A,N/A,N/A,84%,97%,100%,97%,94%,89%,N/A,90%,87%,N/A,N/A,N/A,N/A,82%,92%,82%,96%,85%,70%,N/A,71%,67%,33%,N/A,N/A,N/A,73%,94%,N/A,94%,96%,83%,N/A,N/A,100%,92%,85%,N/A,86%,82%,83%,N/A,N/A,100%,85%,99%,99%,N/A,98%,100%,N/A,N/A,N/A,N/A,97%,97%,99%,N/A,99%,100%,N/A,N/A,N/A,N/A,99%,100%,98%,N/A,98%,100%,N/A,N/A,N/A,N/A,96%
23K697,Teachers Preparatory High School,Fair,Good,Good,www.legacyleadershiphs.org/,Jennifer Shirley Brown,"09,10,11,12,SE",182,Ed. Opt.,Local Support and Improvement,226 Bristol Street,"Brooklyn, NY 11212",718-498-2605,2%,53%,37%,1%,1%,2%,24%,37%,>95%,51%,49%,0%,82%,"Boys: Baseball,Basketball; Girls: Basketball,Volleyball; Co-Ed: Double Dutch","National Honor Society, Culinary Arts, Student Government, Girls Group (ROSE/Sister's Keeper); My Brother's Keeper; Peer to Peer, Peer Group Connect (PGC); Peer Forward; Project Eats; Step Team, Fashion Show Club, Art Club, Dance Studio, Weight Room,Gender Sexuality Alliance (GSA)","Illustration, Computer Art / Digital Art, Painting",Future Ready NYC; NYC Solves; Project Pivot,0%,56%,N/A (fewer than 5 teachers),0%,0%,33%,2.4,72%,N/A,52%,63%,N/A,N/A,N/A,68%,36%,100%,100%,28,42%,32%,34 (19%),27 (15%),0% (0),56% (41),40% (29),0% (0),1% (1),0% (0),Excellent,91%,N/A,N/A,70%,0%,30%,70%,N/A,71%,67%,N/A,N/A,N/A,89%,38%,N/A,56%,70%,83%,N/A,85%,80%,N/A,N/A,N/A,80%,82%,64%,83%,N/A,78%,86%,N/A,N/A,N/A,85%,79%,78%,88%,75%,90%,89%,N/A,89%,92%,N/A,N/A,N/A,95%,91%,80%,48%,96%,71%,55%,N/A,48%,62%,N/A,N/A,N/A,64%,59%,89%,N/A,86%,92%,N/A,N/A,N/A,88%,89%,68%,N/A,65%,72%,N/A,N/A,N/A,72%,68%,91%,92%,N/A,90%,97%,N/A,N/A,N/A,94%,91%,92%,90%,N/A,91%,94%,N/A,N/A,N/A,94%,88%,91%,92%,N/A,91%,94%,N/A,N/A,N/A,94%,94%
24Q236,International High School for Health Sciences,Good,Excellent,Excellent,www.schools.nyc.gov/schools/Q236,Carl Finney,"09,10,11,12,SE",295,Language Criteria,Local Support and Improvement,48-01 90 Street,"Queens, NY 11373",718-595-8600,13%,0%,80%,<1%,0%,5%,79%,4%,>95%,48%,52%,0%,93%,"Boys: Baseball,Basketball,Bowling,Cross Country,Football,Indoor Track,Outdoor Track,Soccer,Tennis,Volleyball; Girls: Badminton,Basketball,Cross Country,Handball,Indoor Track,Outdoor Track,Soccer,Softball,Tennis,Volleyball; Co-Ed: Cricket",Gender Sexuality Alliance (GSA),"Visual Art, Acting",21st Century Community Learning Center; Community School; Consortium; Future Ready NYC; NYC Solves; New Arrivals; PROSE,29%,0%,N/A (fewer than 5 teachers),0%,0%,50%,12.2,79%,97%,N/A,89%,N/A,N/A,93%,90%,83%,62%,30%,42,87%,71%,,66 (22%),12% (8),0% (0),76% (50),0% (0),0% (0),6% (4),N/A,N/A,92%,N/A,70%,N/A,N/A,83%,N/A,N/A,86%,N/A,N/A,N/A,86%,81%,82%,N/A,86%,94%,97%,N/A,93%,N/A,N/A,94%,92%,80%,83%,89%,97%,N/A,87%,N/A,N/A,93%,87%,100%,97%,91%,100%,94%,90%,97%,N/A,89%,N/A,N/A,93%,88%,83%,90%,73%,97%,87%,71%,88%,N/A,68%,N/A,N/A,80%,68%,83%,97%,100%,N/A,96%,N/A,N/A,100%,97%,100%,87%,94%,N/A,87%,N/A,N/A,87%,86%,100%,97%,96%,100%,N/A,96%,N/A,N/A,88%,95%,86%,83%,87%,85%,N/A,88%,N/A,N/A,88%,87%,100%,98%,98%,100%,N/A,98%,N/A,N/A,100%,97%,86%
24Q264,Academy of Finance and Enterprise,Good,Good,Good,AOFEHS.org,Victoria Armano,"09,10,11,12,SE",863,Ed. Opt.,Local Support and Improvement,30-20 Thomson Avenue,"Queens, NY 11101",718-389-3623,19%,5%,48%,<1%,<1%,10%,6%,14%,78%,43%,57%,0%,85%,"Boys: Basketball,Cross Country,Outdoor Track,Soccer,Table Tennis,Wrestling; Girls: Basketball,Cross Country,Flag Football,Outdoor Track,Rugby,Soccer,Table Tennis,Volleyball; Co-Ed: N/A","AOFE has clubs such as DECA, Crochet, Mental Health, Math Club, Chess Club, Spanish Culture Club, AAPI, Dance Club, Art Club, Girls Inc., Yoga, Academic ER, MBK/MSK, Big Brothers Big Sisters, KEY Club, SEO, OppNet, Music Club, Theater Club, Game Club, Book Club, and Community Service.","Theater, Devising, Visual Art",Career & Technical Education; NYC Solves,19%,N/A (fewer than 5 teachers),29%,0%,N/A (fewer than 5 teachers),48%,13.2,79%,78%,66%,77%,83%,N/A,81%,83%,72%,90%,79%,63,79%,85%,288 (33%),336 (39%),22% (106),5% (24),39% (193),<1% (4),<1% (3),10% (48),Excellent,99%,N/A,N/A,93%,N/A,N/A,85%,100%,N/A,77%,N/A,N/A,81%,90%,80%,76%,65%,82%,90%,92%,88%,87%,100%,N/A,91%,82%,89%,76%,88%,86%,85%,90%,86%,N/A,82%,95%,90%,81%,90%,85%,87%,83%,81%,73%,85%,86%,N/A,74%,89%,81%,90%,68%,94%,75%,53%,55%,55%,52%,43%,N/A,50%,60%,59%,91%,93%,76%,92%,71%,N/A,85%,94%,95%,78%,77%,61%,80%,57%,N/A,72%,81%,75%,93%,91%,88%,100%,90%,71%,N/A,92%,100%,95%,84%,80%,74%,83%,84%,86%,N/A,79%,94%,86%,97%,96%,95%,100%,96%,100%,N/A,98%,96%,96%
24Q267,High School of Applied Communication,Fair,Good,Good,www.hsac1.com,Daniel Shin,"09,10,11,12,SE",376,Open,Local Support and Improvement,30-20 Thomson Avenue,"Queens, NY 11101",718-389-3163,12%,5%,72%,<1%,<1%,8%,19%,22%,84%,42%,58%,0%,63%,"Boys: Basketball,Cross Country,Outdoor Track,Soccer,Table Tennis,Wrestling; Girls: Basketball,Cross Country,Flag Football,Outdoor Track,Rugby,Soccer,Table Tennis,Volleyball; Co-Ed: N/A",N/A,"Studio Art, Drawing, Mixed Media",CS for All; NYC Solves,24%,N/A (fewer than 5 teachers),24%,N/A (fewer than 5 teachers),N/A (fewer than 5 teachers),45%,3.1,76%,86%,50%,77%,N/A,N/A,73%,86%,71%,96%,89%,49,60%,65%,104 (28%),100 (27%),16% (27),4% (6),66% (108),1% (2),<1% (1),10% (16),Good,100%,0%,0%,93%,0%,7%,91%,100%,N/A,88%,N/A,N/A,N/A,90%,91%,74%,88%,75%,89%,83%,92%,89%,N/A,N/A,88%,86%,88%,76%,87%,83%,75%,89%,N/A,N/A,83%,86%,82%,79%,89%,85%,74%,72%,78%,43%,71%,N/A,N/A,79%,92%,82%,86%,62%,96%,72%,44%,55%,50%,41%,N/A,N/A,32%,48%,46%,90%,82%,93%,91%,N/A,N/A,91%,90%,87%,68%,85%,71%,64%,N/A,N/A,72%,76%,66%,93%,92%,80%,N/A,96%,N/A,N/A,86%,100%,100%,79%,92%,80%,N/A,96%,N/A,N/A,100%,100%,100%,97%,97%,100%,N/A,94%,N/A,N/A,100%,100%,100%
24Q293,Civic Leadership Academy,Good,Excellent,Excellent,www.schools.nyc.gov/schools/Q293,Jimmy Ma,"09,10,11,12,SE",565,Ed. Opt.,Local Support and Improvement,45-10 94 Street,"Queens, NY 11373",718-271-1487,8%,1%,86%,0%,<1%,2%,19%,19%,89%,51%,49%,0%,86%,"Boys: Rugby,Table Tennis; Girls: Rugby,Table Tennis; Co-Ed: N/A",N/A,"Core Music, Ceramics, Visual Art, Concert Band, Modern band, Digital Photography, Studio Art, Painting, Music History",NYC Solves; Project Pivot,N/A (fewer than 5 teachers),16%,14%,0%,0%,62%,0.7,92%,98%,100%,90%,N/A,N/A,73%,88%,88%,100%,78%,53,72%,67%,147 (26%),189 (33%),10% (31),<1% (3),85% (270),0% (0),<1% (2),3% (9),Excellent,98%,N/A,N/A,95%,N/A,N/A,92%,94%,N/A,91%,N/A,N/A,N/A,92%,92%,81%,87%,81%,94%,95%,67%,94%,N/A,N/A,100%,86%,93%,88%,95%,98%,100%,95%,N/A,N/A,100%,93%,90%,91%,98%,95%,91%,88%,89%,83%,89%,N/A,N/A,73%,88%,87%,90%,64%,96%,84%,65%,75%,83%,64%,N/A,N/A,55%,59%,59%,95%,98%,100%,95%,N/A,N/A,92%,93%,91%,87%,91%,83%,86%,N/A,N/A,90%,85%,86%,97%,96%,94%,100%,96%,N/A,N/A,100%,93%,99%,90%,88%,78%,100%,89%,N/A,N/A,80%,96%,88%,99%,98%,100%,100%,98%,N/A,N/A,100%,97%,99%
24Q296,Pan American International High School,Excellent,Excellent,Excellent,www.panamericanihs.org,Waleska Velez,"09,10,11,12",510,Language Criteria,Local Support and Improvement,45-10 94 Street,"Queens, NY 11373",718-271-3602,0%,<1%,>99%,0%,0%,0%,91%,2%,>95%,44%,56%,0%,95%,"Boys: Baseball,Basketball,Bowling,Cross Country,Football,Indoor Track,Outdoor Track,Soccer,Tennis,Volleyball; Girls: Badminton,Basketball,Cross Country,Handball,Indoor Track,Outdoor Track,Soccer,Softball,Tennis,Volleyball; Co-Ed: Cricket","PAIHS Informa Newspaper Group, PAIHS Teatro, ASPIRA, Peer Group Connection, Student Government, PAIHS Band, Ecuadorian Dance Group,Gender Sexuality Alliance (GSA), and Soccer Club.","Core Music, Mixed Media, Painting, Studio Art, Guitar, Graphic Design, Concert Band, Drawing, Modern band, Photography, and more",Career Readiness and Modern Youth Apprenticeship; Community School; Consortium; CS for All; Future Ready NYC; NYC Solves; New Arrivals; PROSE,N/A (fewer than 5 teachers),N/A (fewer than 5 teachers),58%,0%,0%,27%,4,82%,N/A,N/A,95%,N/A,N/A,N/A,94%,100%,100%,97%,58,81%,53%,269 (53%),301 (59%),0% (0),<1% (1),98% (308),0% (0),0% (0),0% (0),N/A,100%,0%,0%,100%,0%,0%,98%,N/A,N/A,98%,N/A,N/A,N/A,98%,98%,98%,N/A,87%,91%,N/A,N/A,91%,N/A,N/A,N/A,91%,100%,83%,92%,N/A,N/A,92%,N/A,N/A,N/A,91%,83%,98%,100%,100%,93%,91%,N/A,N/A,91%,N/A,N/A,N/A,91%,83%,95%,87%,94%,88%,65%,N/A,N/A,65%,N/A,N/A,N/A,65%,50%,96%,N/A,N/A,96%,N/A,N/A,N/A,95%,83%,89%,N/A,N/A,89%,N/A,N/A,N/A,89%,83%,100%,99%,N/A,N/A,99%,N/A,N/A,N/A,99%,100%,96%,94%,N/A,N/A,94%,N/A,N/A,N/A,94%,100%,100%,100%,N/A,N/A,100%,N/A,N/A,N/A,100%,100%
24Q299,Bard High School Early College Queens,Excellent,Excellent,Good,bard.edu/earlycollege,Laura Hymson,"09,10,11,12,SE",652,Screened With Assessment,Local Support and Improvement,30-20 Thomson Avenue,"Queens, NY 11101",718-361-3133,29%,15%,31%,<1%,<1%,21%,<1%,13%,57%,64%,36%,<1%,88%,"Boys: Basketball,Cross Country,Outdoor Track,Soccer,Table Tennis,Wrestling; Girls: Basketball,Cross Country,Flag Football,Outdoor Track,Rugby,Soccer,Table Tennis,Volleyball; Co-Ed: N/A",Gender Sexuality Alliance (GSA),"Piano Keyboard, Acting, Classroom Music, Graphic Design, Painting, Studio Art, Jazz Ensemble, Playwriting, Improvisation, Core Music, and more",NYC Solves; PROSE; Respect for All,14%,10%,12%,N/A (fewer than 5 teachers),0%,60%,3.1,80%,69%,69%,76%,N/A,N/A,79%,N/A,65%,80%,71%,94,99%,94%,,157 (24%),29% (139),17% (82),30% (142),<1% (3),<1% (3),20% (97),Fair,100%,0%,0%,98%,N/A,N/A,98%,100%,100%,96%,N/A,N/A,97%,97%,100%,N/A,91%,85%,94%,95%,90%,96%,N/A,N/A,95%,N/A,94%,84%,93%,92%,95%,94%,N/A,N/A,91%,N/A,92%,86%,95%,86%,88%,83%,82%,89%,81%,N/A,N/A,82%,N/A,93%,94%,83%,99%,75%,49%,51%,39%,47%,N/A,N/A,54%,N/A,52%,96%,96%,98%,97%,N/A,N/A,94%,N/A,96%,82%,85%,86%,78%,N/A,N/A,82%,N/A,82%,92%,89%,91%,84%,84%,N/A,N/A,93%,N/A,100%,85%,73%,64%,74%,79%,N/A,N/A,73%,N/A,79%,93%,94%,100%,94%,91%,N/A,N/A,92%,N/A,100%
24Q455,Newtown High School,Fair,Excellent,Good,www.newtownhighschool.org/,Emmanuel Fanourgiakis,"09,10,11,12,SE",2088,"Ed. Opt., Screened, Zoned Priority",Local Support and Improvement,48-01 90 Street,"Queens, NY 11373",718-595-8400,21%,4%,68%,<1%,1%,4%,39%,15%,89%,44%,56%,0%,91%,"Boys: Baseball,Basketball,Bowling,Cross Country,Football,Indoor Track,Outdoor Track,Soccer,Tennis,Volleyball; Girls: Badminton,Basketball,Cross Country,Handball,Indoor Track,Outdoor Track,Soccer,Softball,Tennis,Volleyball; Co-Ed: Cricket","Anime, Arista, Arts Crafts and Table Games, Badminton, Bangladeshi, Baseballe, Basketball, Book Club, Chess Club, Chinese Club, Club de Teatro, Club Lacrosse, Comic Con, Crochet, Debate, Drama, Filipino, Fitness,Gender Sexuality Alliance (GSA), Hiking & Leadership, Homework & Study, Key Club, Leadership, Math League, Music, Nepali, Newspaper, Pride, Robotics, Soccer, Spanish, Teen Glamour, Visual Arts, Yearbook and Yoga.","Guitar, Studio Art, Mixed Choir, Drawing, Core Music, Three-Dimensional Art, Mixed Media, Fashion and Textile Design, Printmaking, Musical Theater, and more",Career & Technical Education; Dual Language or TBE; DYCD: COMPASS/SONYC; Future Ready NYC; NYC Solves,20%,9%,27%,N/A (fewer than 5 teachers),0%,40%,1.7,69%,62%,71%,66%,N/A,90%,68%,77%,64%,75%,61%,48,53%,50%,469 (22%),605 (29%),28% (219),3% (26),60% (477),<1% (5),2% (13),5% (43),Fair,100%,N/A,N/A,96%,N/A,N/A,80%,93%,73%,74%,N/A,N/A,87%,86%,75%,68%,86%,83%,92%,91%,91%,92%,N/A,91%,89%,87%,91%,78%,86%,82%,91%,86%,N/A,82%,84%,86%,84%,91%,98%,96%,90%,86%,87%,85%,85%,80%,91%,93%,88%,82%,87%,62%,96%,79%,53%,55%,68%,52%,60%,73%,62%,50%,50%,94%,95%,96%,94%,100%,100%,95%,93%,91%,81%,88%,72%,80%,100%,91%,79%,82%,73%,94%,91%,88%,100%,91%,N/A,100%,95%,92%,93%,81%,79%,71%,90%,80%,N/A,100%,86%,82%,86%,97%,96%,99%,100%,95%,N/A,100%,95%,95%,98%
24Q485,Grover Cleveland High School,Fair,Fair,Good,www.groverclevelandhs.org,Marc Pascente,"09,10,11,12,SE",1716,"ASD/ACES Program, Ed. Opt., Zoned Guarantee",Local Support and Improvement,21-27 Himrod Street,"Queens, NY 11385",718-381-9600,8%,4%,73%,<1%,<1%,14%,29%,20%,84%,45%,55%,<1%,88%,"Boys: Baseball,Basketball,Bowling,Cross Country,Indoor Track,Outdoor Track,Soccer,Swimming,Tennis,Volleyball,Wrestling; Girls: Badminton,Basketball,Bowling,Cross Country,Handball,Indoor Track,Outdoor Track,Soccer,Softball,Swimming,Tennis,Volleyball,Wrestling; Co-Ed: N/A","A World of Difference, Anime Club, Art Portfolio, Artistic Expressions, Bridge Building, Cheer club, Newspaper Club, Gamers Alliance, K-Pop Dance Club, Key Club, Modern Band, My Brother's Keeper, Chess Club, Film Club, Science Olympiad, STEP, Table Tennis, Weight Lifting, Yearbook Club, Young Black Americans, Engineering with AutoCAD, Cyber Security Club, Photography Club, Music Technology, Mandarin Club, Dungeons and Dragons,Gender Sexuality Alliance (GSA)","Studio Art, Brass Ensemble, Ceramics, Guitar, Drawing, Music Theory / Musicianship, Mixed Choir, Acting, Dance, Piano Keyboard, and more",Career & Technical Education; Dual Language or TBE; NYC Solves; Project Pivot,16%,N/A (fewer than 5 teachers),21%,N/A (fewer than 5 teachers),0%,54%,7.1,84%,67%,64%,73%,N/A,N/A,65%,77%,72%,90%,76%,45,54%,50%,293 (17%),767 (45%),7% (61),4% (31),72% (631),<1% (3),<1% (2),16% (143),Good,97%,3%,0%,92%,0%,8%,80%,88%,65%,78%,N/A,N/A,89%,83%,77%,61%,71%,79%,90%,91%,79%,90%,N/A,N/A,89%,87%,88%,75%,83%,82%,88%,84%,N/A,N/A,80%,77%,81%,86%,83%,88%,85%,79%,82%,77%,79%,N/A,N/A,77%,72%,78%,83%,55%,96%,74%,47%,60%,42%,44%,N/A,N/A,53%,42%,57%,88%,94%,85%,88%,N/A,N/A,84%,87%,85%,77%,80%,69%,77%,N/A,N/A,77%,76%,76%,90%,87%,98%,88%,84%,N/A,N/A,87%,90%,83%,80%,74%,67%,75%,75%,N/A,N/A,76%,70%,85%,96%,94%,97%,86%,93%,N/A,N/A,96%,92%,95%
24Q520,Middle College High School at LaGuardia Community College,Excellent,Excellent,Excellent,mchslic.org,Socrates Ortiz Jr,"09,10,11,12,SE",481,Screened,Local Support and Improvement,45-35 Van Dam Street,"Queens, NY 11101",718-392-3330,9%,5%,75%,<1%,<1%,9%,4%,20%,77%,61%,39%,0%,87%,"Boys: Baseball,Basketball,Soccer,Volleyball,Wrestling; Girls: Basketball,Golf,Soccer,Softball,Tennis,Volleyball; Co-Ed: Golf","Girls Inc. Global Growers, The Voice (activism) Running Club, Open Mic, Forensics Club, Softball Club","Computer Art / Digital Art, Cartooning, Illustration, Graphic Design, Drawing, Painting, Visual Art, Guitar",Consortium; PROSE; Respect for All,N/A (fewer than 5 teachers),N/A (fewer than 5 teachers),22%,0%,N/A (fewer than 5 teachers),56%,7,89%,96%,89%,93%,N/A,N/A,100%,100%,89%,95%,79%,76,96%,88%,,189 (39%),10% (41),5% (19),74% (294),<1% (2),<1% (3),9% (36),Excellent,99%,N/A,N/A,98%,N/A,N/A,95%,N/A,N/A,96%,N/A,N/A,N/A,96%,93%,N/A,84%,91%,97%,92%,91%,97%,N/A,N/A,100%,100%,98%,92%,95%,100%,82%,94%,N/A,N/A,100%,100%,100%,92%,79%,89%,93%,91%,80%,100%,92%,N/A,N/A,89%,100%,89%,93%,75%,95%,87%,64%,40%,64%,67%,N/A,N/A,67%,62%,69%,96%,100%,91%,96%,N/A,N/A,94%,100%,98%,87%,68%,82%,89%,N/A,N/A,94%,92%,96%,95%,89%,83%,N/A,90%,N/A,N/A,80%,N/A,92%,86%,81%,64%,N/A,82%,N/A,N/A,80%,N/A,87%,97%,95%,100%,N/A,94%,N/A,N/A,88%,N/A,96%
24Q530,International High School at LaGuardia Community College,Excellent,Excellent,Excellent,ihsnyc.org,Jaclyn Valane,"09,10,11,12",509,Language Criteria,Local Support and Improvement,45-35 Van Dam Street,"Queens, NY 11101",718-392-3433,9%,<1%,85%,0%,<1%,4%,80%,1%,85%,48%,52%,0%,98%,"Boys: Baseball,Basketball,Soccer,Volleyball,Wrestling; Girls: Basketball,Golf,Soccer,Softball,Tennis,Volleyball; Co-Ed: Golf","After-School Tutoring, Art, Sports, Computer Lab, Cultural Clubs, Dance, Garden Club,Gender Sexuality Alliance (GSA), International Food Festival, LaGuardia Community College Classes and Gym Facilities, Liberty Partnership, Music Club, Newspaper, Photography, SAT Prep, Saturday Literacy Explorers Program, Student Government, Theater Program, YMCA for After-School Sports, College Trips","Visual Art, Mixed Media, Studio Art, Dance, Drawing, Digital Photography, Classroom Music",Consortium; New Arrivals; PROSE; Respect for All,23%,N/A (fewer than 5 teachers),N/A (fewer than 5 teachers),0%,0%,60%,11,83%,100%,N/A,98%,N/A,N/A,N/A,99%,N/A,83%,83%,55,80%,89%,,167 (33%),8% (22),1% (3),84% (231),0% (0),0% (0),5% (13),N/A,100%,0%,0%,100%,0%,0%,90%,N/A,N/A,91%,N/A,N/A,N/A,93%,88%,90%,N/A,90%,98%,100%,N/A,98%,N/A,N/A,N/A,99%,N/A,96%,100%,100%,N/A,100%,N/A,N/A,N/A,100%,N/A,74%,50%,61%,99%,98%,100%,N/A,98%,N/A,N/A,N/A,99%,N/A,90%,73%,95%,92%,98%,100%,N/A,98%,N/A,N/A,N/A,98%,N/A,99%,100%,N/A,99%,N/A,N/A,N/A,99%,N/A,98%,100%,N/A,98%,N/A,N/A,N/A,99%,N/A,95%,98%,N/A,N/A,97%,N/A,N/A,N/A,97%,N/A,97%,97%,N/A,N/A,97%,N/A,N/A,N/A,97%,N/A,98%,98%,N/A,N/A,98%,N/A,N/A,N/A,98%,N/A
24Q550,High School for Arts and Business,Excellent,Excellent,Good,highschoolforartsandbusiness.org,Ana Zambrano Burako,"09,10,11,12,SE",716,Ed. Opt.,Local Support and Improvement,105-25 Horace Harding Expy N,"Queens, NY 11368",718-271-8383,9%,5%,79%,<1%,<1%,5%,11%,19%,83%,59%,41%,<1%,83%,"Boys: Baseball,Cross Country,Handball,Soccer; Girls: Cross Country,Handball,Soccer,Table Tennis; Co-Ed: N/A","3D Printing, Ad Council, Advertising Futures, Arista/National Honor Society, Art, Careers, Carnegie Hall, Chess, College Now, Community Service, Dance, Disney/ABC Get Reel With Your Dreams Program, Drama, Environmental Sustainability Club, Future Leaders,Gender Sexuality Alliance (GSA), Guitar, Hugh O'Brien Youth Leadership, Jazz Band, Job Shadowing, Law, Makerspace, Math, Music, Newspaper, NYSMAA, O'Melveny Scholarship, Photography, Piano, Poetry, PreMed, Public Speaking, Robotics, Spring Play, Student Center, Student Council, Student Leadership, Training Opportunity Program, Tutoring, Virtual Enterprise, Vocal and Instrumental Concert, Wellness, Cartoon Drawing, Coding Club, Fantasy Basketball, Mock Trial/ Debate, My Brother's Keeper/My Sister's Keeper, Next Level Knit, Public Service Announcement Club, SAT Prep, Tech Team, Video Game Club, Yearbook, Tri-M Music Honor Society, Minecraft Competition","Choreography / Dance Composition, Drawing, Concert Band, Computer Art / Digital Art, Guitar, Mixed Choir, Three-Dimensional Art, Advertising Art, Studio Art, Painting, and more",Career & Technical Education; NYC Solves; Respect for All,10%,N/A (fewer than 5 teachers),20%,N/A (fewer than 5 teachers),0%,62%,18,88%,74%,84%,79%,N/A,N/A,86%,82%,74%,98%,95%,67,93%,77%,295 (41%),270 (38%),13% (54),6% (25),75% (317),<1% (2),<1% (1),5% (20),Excellent,99%,N/A,N/A,92%,0%,8%,97%,100%,N/A,98%,N/A,N/A,N/A,97%,99%,96%,93%,86%,94%,92%,87%,94%,N/A,N/A,97%,93%,93%,85%,88%,88%,71%,89%,N/A,N/A,90%,90%,92%,91%,95%,93%,89%,83%,84%,85%,84%,N/A,N/A,77%,92%,87%,89%,66%,96%,79%,51%,66%,44%,48%,N/A,N/A,57%,51%,55%,92%,98%,81%,93%,N/A,N/A,80%,94%,95%,79%,86%,50%,81%,N/A,N/A,70%,92%,79%,95%,88%,80%,92%,90%,N/A,N/A,87%,96%,91%,79%,78%,69%,76%,80%,N/A,N/A,62%,84%,84%,94%,92%,93%,95%,91%,N/A,N/A,96%,98%,93%
24Q560,"Robert F. Wagner, Jr. Secondary School for Arts and Technology",Good,Fair,Good,www.rfwagner.org,Stephania Vu,"06,07,08,09,10,11,12,SE",446,Ed. Opt.,Local Support and Improvement,47-07 30 Place,"Queens, NY 11101",718-472-5671,11%,4%,72%,<1%,<1%,10%,7%,22%,76%,43%,57%,0%,80%,"Boys: Baseball,Basketball,Soccer,Volleyball,Wrestling; Girls: Basketball,Golf,Soccer,Softball,Tennis,Volleyball; Co-Ed: Golf","Art Club, Board Game Club, Chess Club, Computer/Video Game Club, Yearbook Club, Dance Club, Diversity Club, Garden Club, Music Club, National Honor Society/ARISTA, Photography Club, School Leadership Team, Student Government, Town Meetings (talent showcase), Theater Production, and Academic Tutoring for various subjects","Theater / Play Production, Dance, Studio Art, Music History, Visual Art, Piano Keyboard, Theater Dance",NYC Solves,N/A (fewer than 5 teachers),N/A (fewer than 5 teachers),14%,0%,0%,65%,10.1,86%,67%,62%,70%,N/A,N/A,78%,74%,67%,78%,67%,57,58%,72%,184 (41%),221 (50%),11% (35),3% (10),71% (217),<1% (1),<1% (2),11% (35),Fair,99%,N/A,N/A,94%,0%,6%,91%,N/A,N/A,91%,N/A,N/A,N/A,98%,87%,N/A,91%,78%,89%,86%,100%,88%,N/A,N/A,93%,86%,91%,75%,84%,79%,100%,84%,N/A,N/A,88%,76%,85%,73%,77%,78%,82%,77%,68%,64%,78%,N/A,N/A,80%,79%,86%,87%,60%,96%,74%,52%,52%,36%,49%,N/A,N/A,64%,64%,55%,91%,94%,100%,90%,N/A,N/A,89%,88%,91%,74%,75%,55%,75%,N/A,N/A,70%,68%,75%,89%,82%,82%,N/A,85%,N/A,N/A,80%,92%,80%,82%,75%,83%,N/A,74%,N/A,N/A,78%,86%,89%,92%,91%,88%,N/A,95%,N/A,N/A,90%,100%,98%
24Q585,Maspeth High School,Excellent,Good,Good,www.mhs.nyc,Selin Alicanoglu Sati,"09,10,11,12",1000,Open,Local Support and Improvement,54-40 74 Street,"Queens, NY 11373",718-803-7100,19%,3%,61%,<1%,<1%,17%,8%,17%,73%,49%,51%,0%,90%,"Boys: Baseball,Basketball,Lacrosse,Outdoor Track,Rugby,Soccer,Tennis,Volleyball,Wrestling; Girls: Badminton,Basketball,Cross Country,Fencing,Flag Football,Handball,Indoor Track,Lacrosse,Outdoor Track,Soccer,Softball,Table Tennis,Tennis,Volleyball,Wrestling; Co-Ed: N/A","Bibliomaniac Club, Cheer Club, Chess Club, Crypto Club, Dance Company, DJ Club, Fitness Club, HOSA- Future Health Professionals, Green Club, Key Club, Latinx Club, Maspeth Singers, Math National Honor Society, Model United Nations, Mock Trial, National English Honor Society, National Honor Society, Philosophy Club, Smash Club, Team B. Well, Volleyball Club, Yoga Club,Gender Sexuality Alliance (GSA)","Studio Art, Devising, Mixed Choir, Ballet, Concert Band, String Orchestra, Classroom Music, Repertory / Dance Company, Improvisation",NYC Solves,17%,N/A (fewer than 5 teachers),13%,0%,0%,64%,4,87%,92%,100%,94%,N/A,N/A,94%,91%,90%,100%,99%,71,92%,74%,458 (46%),368 (37%),20% (142),3% (18),56% (393),<1% (2),<1% (2),19% (136),Excellent,100%,0%,0%,97%,N/A,N/A,95%,100%,N/A,94%,N/A,N/A,92%,95%,95%,97%,82%,80%,95%,93%,94%,95%,N/A,N/A,95%,84%,92%,77%,89%,86%,84%,90%,N/A,N/A,92%,92%,86%,88%,87%,92%,84%,76%,77%,73%,77%,N/A,N/A,72%,84%,80%,90%,66%,96%,76%,54%,61%,68%,52%,N/A,N/A,56%,64%,54%,94%,94%,95%,95%,N/A,N/A,89%,89%,92%,79%,75%,73%,79%,N/A,N/A,82%,73%,77%,91%,89%,94%,N/A,89%,N/A,N/A,83%,57%,94%,78%,72%,67%,N/A,75%,N/A,N/A,76%,50%,76%,98%,98%,100%,N/A,97%,N/A,N/A,96%,88%,100%
24Q600,Queens Technical High School,Fair,Excellent,Good,www.queenstechhs.org/,Louis Garcia,"09,10,11,12",1290,"Ed. Opt., Screened",Local Support and Improvement,37-02 47 Avenue,"Queens, NY 11101",718-937-3010,7%,3%,84%,<1%,0%,4%,9%,19%,84%,45%,55%,0%,92%,"Boys: Baseball,Basketball,Bowling,Handball,Soccer,Volleyball; Girls: Basketball,Bowling,Flag Football,Soccer,Softball,Volleyball; Co-Ed: N/A",ARISTA Journalism (Technical Truth Newspaper) Podcast Club Gender Sexuality Alliance (GSA) SkillsUSA FIRST Robotics Graphics Club Photography Club Chess Club Gaming Club,"Studio Art, Graphic Design, Illustration, Computer Art / Digital Art, Drawing, Filmmaking / Video, Musical Theater",Career & Technical Education; Community School; Future Ready NYC; NYC Solves,11%,9%,18%,0%,0%,57%,3,87%,75%,56%,78%,88%,N/A,67%,78%,77%,74%,56%,58,78%,67%,172 (13%),476 (37%),7% (45),2% (14),84% (533),<1% (4),0% (0),4% (27),Good,99%,N/A,N/A,90%,N/A,N/A,85%,88%,N/A,84%,N/A,N/A,N/A,91%,80%,72%,78%,78%,94%,99%,83%,94%,100%,N/A,94%,85%,93%,82%,91%,91%,81%,91%,88%,N/A,91%,92%,92%,85%,90%,87%,92%,89%,88%,76%,90%,100%,N/A,83%,87%,88%,91%,76%,95%,80%,57%,69%,63%,55%,88%,N/A,63%,60%,63%,94%,95%,90%,95%,100%,N/A,92%,92%,95%,88%,79%,73%,89%,100%,N/A,86%,87%,84%,89%,86%,89%,N/A,85%,N/A,N/A,89%,79%,90%,80%,72%,67%,N/A,71%,N/A,N/A,78%,86%,90%,96%,96%,94%,N/A,97%,N/A,N/A,75%,100%,100%
24Q610,Aviation Career & Technical Education High School,Excellent,Good,Good,www.aviationhs.net,Steven Jackson,"09,10,11,12,SE",2080,Screened,Local Support and Improvement,45-30 36 Street,"Queens, NY 11101",718-361-2032,29%,4%,51%,<1%,<1%,12%,4%,16%,71%,22%,78%,<1%,90%,"Boys: Baseball,Basketball,Bowling,Cross Country,Handball,Indoor Track,Outdoor Track,Soccer,Tennis,Volleyball,Wrestling; Girls: Basketball,Indoor Track,Outdoor Track,Soccer,Volleyball; Co-Ed: Cricket",Gender Sexuality Alliance (GSA),"Core Music, Visual Art, Graphic Design, Drawing, Painting",Career & Technical Education; NYC Solves,9%,10%,33%,0%,0%,43%,9,85%,74%,80%,78%,90%,88%,76%,86%,81%,90%,83%,77,88%,86%,476 (23%),1004 (48%),31% (376),4% (47),50% (596),<1% (6),<1% (9),11% (136),Fair,100%,0%,0%,98%,0%,2%,96%,96%,80%,97%,N/A,N/A,96%,95%,96%,83%,88%,80%,93%,91%,95%,94%,80%,100%,93%,93%,91%,79%,86%,87%,85%,86%,89%,100%,87%,92%,85%,84%,93%,91%,87%,83%,85%,69%,83%,91%,86%,83%,82%,89%,95%,88%,95%,78%,54%,54%,44%,54%,64%,71%,55%,63%,61%,93%,93%,91%,93%,91%,100%,91%,88%,94%,84%,82%,71%,84%,82%,86%,89%,88%,85%,91%,85%,84%,87%,85%,88%,83%,84%,93%,82%,78%,69%,63%,76%,72%,75%,83%,72%,67%,84%,94%,92%,94%,94%,91%,100%,100%,90%,90%,87%
25Q240,Veritas Academy,Fair,Good,Excellent,www.veritas.nyc/about,Jason Vanderwalker,"09,10,11,12,SE",653,Open,Local Support and Improvement,35-01 Union Street,"Queens, NY 11354",718-888-7520,14%,6%,70%,<1%,<1%,4%,21%,21%,82%,51%,49%,0%,84%,"Boys: Badminton,Baseball,Basketball,Bowling,Football,Handball,Indoor Track,Soccer,Table Tennis,Tennis,Volleyball,Wrestling; Girls: Badminton,Basketball,Handball,Indoor Track,Soccer,Softball,Table Tennis,Volleyball,Wrestling; Co-Ed: N/A","Various partnerships with CommunityBased Organizations Multicultural Events Various student interest driven afterschool programs Broadway Shows Trips, Trips throughout NYC Experiential Learning Service Learning Strong Student Government Voice/Presence Overnight Community Building Trips Field Days Talent Shows Student Lead Conferences Yale and CUNY Model Congress Civic Engagement Projects with Congress Members Youth Empowerment (District Attorney Office) The Rowe Scholars Clubs: GSA, My Brothers Keeper, My Sisters Keeper, Chess, Photography, Leadership,Gender Sexuality Alliance (GSA), etc.","Studio Art, Painting, Computer Art / Digital Art",NYC Solves,N/A (fewer than 5 teachers),11%,18%,0%,0%,60%,5.7,89%,62%,47%,55%,N/A,N/A,50%,71%,54%,76%,77%,55,67%,68%,171 (26%),238 (36%),18% (62),6% (21),66% (230),<1% (2),<1% (1),5% (16),Excellent,100%,0%,0%,97%,N/A,N/A,86%,95%,N/A,83%,N/A,N/A,N/A,89%,83%,71%,70%,79%,92%,98%,91%,91%,N/A,N/A,89%,87%,94%,73%,71%,82%,57%,71%,N/A,N/A,48%,78%,76%,89%,98%,91%,84%,75%,74%,89%,73%,N/A,N/A,74%,75%,79%,86%,58%,96%,73%,51%,57%,43%,48%,N/A,N/A,43%,52%,62%,91%,95%,89%,90%,N/A,N/A,83%,89%,92%,71%,80%,63%,70%,N/A,N/A,43%,65%,71%,96%,97%,97%,100%,96%,N/A,N/A,100%,95%,97%,85%,86%,73%,74%,88%,N/A,N/A,88%,85%,88%,98%,98%,97%,100%,98%,N/A,N/A,86%,99%,92%
25Q241,Queens High School for Language Studies,Excellent,Excellent,Good,qhsls.org,Brian Bligh,"09,10,11,12,SE",447,Language Criteria,Local Support and Improvement,35-01 Union Street,"Queens, NY 11354",718-888-7530,70%,2%,25%,<1%,<1%,1%,29%,7%,82%,52%,48%,0%,90%,"Boys: Badminton,Baseball,Basketball,Bowling,Football,Handball,Indoor Track,Soccer,Table Tennis,Tennis,Volleyball,Wrestling; Girls: Badminton,Basketball,Handball,Indoor Track,Soccer,Softball,Table Tennis,Volleyball,Wrestling; Co-Ed: N/A","After School Tutoring (CPC), Key Club, Student Government, Chinese Student Association, Culture Club, Feminist Flight Club, Future Lawyers Club, Women in STEM Club, Math Club, Green Team, Game Club, Chinese Novel Club, Theater/Improv Club, K-Pop Dance Club, Badminton Club, Volleyball Club, Basketball Club, Billiards Club, Artists' Club, Finance Club, Pre-Med Society, Mindfulness, Newspaper, PSAL through Flushing Campus","Illustration, Theater History, Visual Art, Theater Survey",Dual Language or TBE; Future Ready NYC; NYC Solves; PROSE,50%,0%,N/A (fewer than 5 teachers),N/A (fewer than 5 teachers),0%,29%,3.5,82%,76%,86%,71%,N/A,N/A,N/A,86%,79%,66%,52%,76,98%,74%,171 (38%),243 (54%),69% (255),3% (10),25% (90),0% (0),<1% (1),1% (5),Fair,100%,0%,0%,95%,N/A,N/A,94%,99%,N/A,88%,N/A,N/A,N/A,95%,92%,96%,N/A,83%,94%,95%,80%,89%,N/A,N/A,N/A,97%,94%,87%,82%,81%,86%,88%,N/A,N/A,N/A,84%,83%,89%,100%,93%,94%,92%,93%,57%,89%,N/A,N/A,N/A,98%,83%,91%,78%,96%,83%,68%,68%,71%,67%,N/A,N/A,N/A,85%,61%,96%,97%,86%,93%,N/A,N/A,N/A,98%,89%,85%,86%,57%,88%,N/A,N/A,N/A,84%,74%,96%,93%,95%,N/A,88%,N/A,N/A,N/A,98%,94%,81%,78%,79%,N/A,77%,N/A,N/A,N/A,76%,84%,98%,96%,97%,N/A,94%,N/A,N/A,N/A,100%,88%
25Q252,"Queens School of Inquiry, The",Excellent,Excellent,Good,queensinquiry.com,Meredith Inbal,"06,07,08,09,10,11,SE",351,"ASD/ACES Program, Screened",Targeted Support and Improvement,158-40 76 Road,"Queens, NY 11366",718-380-6929,35%,13%,30%,<1%,<1%,19%,5%,19%,61%,46%,54%,0%,84%,"Boys: Basketball,Soccer; Girls: Table Tennis,Tennis,Volleyball; Co-Ed: N/A","Community Service Clubs NHS, Student Council, Green Team, and Bin Cops, Student Interest Clubs Harry Potter, Knitting, Makers, Anime, Video Games, Journalism, Yearbook, and Mathletes,Gender Sexuality Alliance (GSA), JSA, YRJ, SEE, RJAT, Enrichment Day Activities","Drawing, Piano Keyboard, Musical Theater, Painting",DYCD: COMPASS/SONYC; NYC Solves,12%,N/A (fewer than 5 teachers),10%,0%,0%,73%,15.1,82%,60%,71%,70%,N/A,N/A,62%,50%,63%,62%,58%,77,93%,90%,167 (48%),135 (38%),36% (107),11% (31),29% (86),<1% (1),0% (0),21% (61),Excellent,99%,N/A,N/A,99%,N/A,N/A,99%,100%,N/A,95%,N/A,N/A,100%,97%,100%,N/A,93%,83%,94%,95%,96%,91%,N/A,N/A,100%,80%,88%,82%,87%,87%,83%,90%,N/A,N/A,85%,60%,82%,84%,92%,81%,91%,89%,92%,88%,86%,N/A,N/A,91%,83%,79%,90%,69%,97%,80%,71%,69%,77%,73%,N/A,N/A,75%,50%,82%,94%,96%,92%,91%,N/A,N/A,97%,83%,82%,87%,88%,92%,83%,N/A,N/A,91%,67%,84%,93%,90%,89%,90%,90%,N/A,N/A,92%,86%,89%,87%,82%,69%,83%,87%,N/A,N/A,92%,100%,91%,97%,95%,95%,96%,93%,N/A,N/A,96%,100%,96%
25Q263,Flushing International High School,Excellent,Excellent,Good,www.fihsnyc.org,Kevin Hesseltine,"09,10,11,12",410,Language Criteria,Local Support and Improvement,144-80 Barclay Avenue,"Queens, NY 11355",718-463-2348,32%,<1%,66%,0%,0%,1%,89%,3%,>95%,44%,56%,0%,94%,"Boys: Badminton,Baseball,Soccer,Table Tennis; Girls: Badminton,Handball,Volleyball; Co-Ed: N/A","Cooking Club, Gaming Club, Newspaper, Computer Programming","Social Dance, Studio Art, Graphic Design, Acting, Movement / Dance, Architecture, Photography, Guitar, Theater Survey, Theater / Play Production, and more",21st Century Community Learning Center; Career Readiness and Modern Youth Apprenticeship; Community School; Consortium; NYC Solves; New Arrivals; PROSE,29%,N/A (fewer than 5 teachers),23%,N/A (fewer than 5 teachers),0%,42%,5.8,90%,84%,N/A,92%,N/A,N/A,N/A,88%,88%,75%,70%,57,77%,53%,,196 (48%),42% (82),0% (0),55% (108),0% (0),0% (0),2% (3),N/A,N/A,N/A,N/A,100%,0%,0%,91%,93%,N/A,90%,N/A,N/A,N/A,93%,89%,91%,N/A,86%,93%,92%,N/A,94%,N/A,N/A,60%,94%,100%,83%,91%,88%,N/A,92%,N/A,N/A,100%,91%,75%,96%,90%,100%,92%,90%,95%,N/A,86%,N/A,N/A,100%,89%,100%,87%,60%,96%,87%,74%,80%,N/A,72%,N/A,N/A,60%,73%,75%,97%,96%,N/A,97%,N/A,N/A,100%,97%,100%,89%,87%,N/A,90%,N/A,N/A,100%,88%,100%,94%,91%,92%,N/A,89%,N/A,N/A,N/A,93%,100%,83%,78%,76%,N/A,79%,N/A,N/A,N/A,79%,100%,98%,95%,98%,N/A,93%,N/A,N/A,N/A,95%,100%
25Q281,East-West School of International Studies,Excellent,Excellent,Good,www.ewsis.org,David Bantz,"06,07,08,09,10,11,12,SE",379,"ASD/ACES Program, Ed. Opt.",Local Support and Improvement,46-21 Colden Street,"Queens, NY 11355",718-353-0009,69%,4%,22%,0%,<1%,4%,16%,18%,79%,43%,57%,0%,79%,"Boys: Basketball,Volleyball; Girls: Badminton,Volleyball; Co-Ed: N/A","Broadcast Club, Cooking Club, Chinese Culture Club, Japanese Culture Club, K-Pop Club, Mock Trial Team, National Honor Society, Video Games Club, Key Club, Sustainability Team, Newspaper Club, AMC Math Competition, Strength Training/Weight Room","Concert Band, Mixed Choir, Music Theory / Musicianship, Studio Art, Architecture",DYCD: COMPASS/SONYC; NYC Solves; Respect for All,29%,N/A (fewer than 5 teachers),8%,0%,0%,61%,0.6,86%,63%,71%,68%,N/A,N/A,69%,80%,69%,67%,48%,74,90%,80%,146 (39%),151 (40%),75% (172),4% (8),18% (42),0% (0),<1% (1),2% (4),Fair,96%,N/A,N/A,92%,N/A,N/A,96%,95%,N/A,100%,N/A,N/A,N/A,95%,96%,91%,100%,81%,90%,91%,75%,85%,N/A,N/A,100%,92%,91%,74%,82%,83%,93%,80%,N/A,N/A,85%,90%,81%,90%,100%,93%,86%,80%,78%,83%,93%,N/A,N/A,58%,92%,80%,93%,79%,96%,74%,55%,55%,61%,56%,N/A,N/A,67%,63%,61%,91%,90%,100%,92%,N/A,N/A,93%,94%,90%,79%,81%,78%,73%,N/A,N/A,60%,82%,72%,94%,90%,92%,82%,82%,N/A,N/A,100%,93%,94%,81%,78%,76%,91%,78%,N/A,N/A,100%,80%,90%,97%,96%,98%,82%,91%,N/A,N/A,100%,98%,97%
25Q285,World Journalism Preparatory: A College Board School,Good,Fair,Good,www.wjps.org,Michelle Roberts Bacchus,"06,07,08,09,10,11,12,SE",357,Ed. Opt.,Local Support and Improvement,34-65 192 Street,"Queens, NY 11358",718-461-2219,13%,7%,44%,0%,0%,33%,3%,22%,50%,55%,45%,0%,67%,"Boys: Badminton,Baseball,Basketball,Bowling,Cross Country,Fencing,Handball,Indoor Track,Outdoor Track,Soccer,Swimming,Tennis,Volleyball,Wrestling; Girls: Badminton,Basketball,Bowling,Cross Country,Fencing,Flag Football,Golf,Handball,Indoor Track,Outdoor Track,Soccer,Softball,Swimming,Table Tennis,Tennis,Volleyball,Wrestling; Co-Ed: Cricket",Gender Sexuality Alliance (GSA),Studio Art,NYC Solves,N/A (fewer than 5 teachers),N/A (fewer than 5 teachers),11%,0%,0%,72%,0.6,96%,33%,44%,49%,N/A,N/A,47%,N/A,51%,62%,61%,59,75%,75%,273 (76%),138 (39%),14% (44),6% (19),44% (143),0% (0),0% (0),33% (106),Needs Improvement,99%,N/A,N/A,96%,N/A,N/A,97%,N/A,N/A,98%,N/A,N/A,96%,100%,93%,N/A,91%,78%,86%,89%,100%,80%,N/A,N/A,88%,N/A,82%,69%,78%,77%,73%,77%,N/A,N/A,79%,N/A,83%,81%,94%,94%,80%,66%,50%,67%,69%,N/A,N/A,74%,N/A,85%,88%,60%,95%,69%,47%,45%,36%,43%,N/A,N/A,51%,67%,55%,84%,86%,100%,84%,N/A,N/A,83%,83%,89%,71%,73%,64%,73%,N/A,N/A,72%,83%,76%,93%,82%,87%,N/A,86%,N/A,N/A,79%,N/A,84%,82%,73%,70%,N/A,76%,N/A,N/A,69%,N/A,86%,92%,88%,89%,N/A,87%,N/A,N/A,87%,N/A,89%
25Q425,John Bowne High School,Fair,Good,,www.johnbowne.org/,Laura Izzo Iannelli,"09,10,11,12,SE",2782,"Ed. Opt., Screened, Zoned Guarantee",Local Support and Improvement,63-25 Main Street,"Queens, NY 11367",718-263-1919,25%,13%,52%,1%,<1%,4%,26%,17%,83%,49%,51%,0%,88%,"Boys: Baseball,Basketball,Bowling,Cross Country,Handball,Indoor Track,Outdoor Track,Soccer,Table Tennis,Tennis,Volleyball,Wrestling; Girls: Badminton,Basketball,Cross Country,Handball,Indoor Track,Outdoor Track,Soccer,Softball,Table Tennis,Tennis,Volleyball; Co-Ed: Cricket,Golf,Stunt",Gender Sexuality Alliance (GSA),"Drawing, Piano Keyboard, Studio Art, Mixed Media, Percussion, Computer Art / Digital Art, Fashion and Textile Design, Guitar, Core Music, Acting, and more",Career & Technical Education; Community School; Dual Language or TBE; Future Ready NYC; NYC Solves,18%,7%,21%,N/A (fewer than 5 teachers),0%,48%,7.3,85%,71%,61%,74%,73%,50%,72%,86%,74%,92%,86%,54,77%,58%,646 (23%),842 (30%),30% (413),11% (155),45% (628),2% (21),<1% (7),5% (73),Needs Improvement,97%,3%,0%,94%,N/A,N/A,79%,86%,79%,74%,N/A,N/A,91%,89%,70%,65%,65%,80%,91%,94%,83%,93%,64%,100%,88%,93%,90%,72%,80%,78%,83%,79%,85%,80%,84%,81%,81%,85%,89%,90%,85%,78%,80%,75%,77%,77%,83%,82%,82%,82%,87%,66%,96%,73%,47%,57%,44%,41%,40%,33%,64%,58%,59%,91%,93%,87%,92%,93%,83%,91%,92%,94%,75%,76%,78%,74%,79%,67%,82%,74%,79%,N/A,91%,93%,91%,90%,N/A,N/A,83%,94%,84%,N/A,80%,74%,90%,79%,N/A,N/A,75%,81%,95%,N/A,94%,96%,93%,95%,N/A,N/A,100%,93%,89%
25Q460,Flushing High School,Fair,Fair,Good,www.schools.nyc.gov/schools/Q460,Jassica Lee,"09,10,11,12,SE",1634,"Ed. Opt., Zoned Priority",Local Support and Improvement,35-01 Union Street,"Queens, NY 11354",718-888-7500,15%,6%,72%,<1%,<1%,2%,35%,16%,91%,43%,57%,0%,85%,"Boys: Badminton,Baseball,Basketball,Bowling,Football,Handball,Indoor Track,Soccer,Table Tennis,Tennis,Volleyball,Wrestling; Girls: Badminton,Basketball,Handball,Indoor Track,Soccer,Softball,Table Tennis,Volleyball,Wrestling; Co-Ed: N/A","Clubs: 3D Printing Club, Anime Club, DIY Project Club,Gender Sexuality Alliance (GSA), Guitar Club, Horror Fanatic Club, Key Club, Law Team, Math Club, Multicultural Club, MSA (Muslim Student Association), MSK (My Sister's Keeper), MBK (My Brother's Keeper), Piano Club, Spanish-Speaking Club, and more!","Piano Keyboard, Music History, Guitar, Studio Art, Computer Art / Digital Art, Theater Survey, Painting, Art History, Mixed Choir, Visual Art",Career & Technical Education; Community School; CS for All; Dual Language or TBE; DYCD: COMPASS/SONYC; Future Ready NYC; NYC Solves,15%,15%,26%,0%,0%,37%,1.9,66%,65%,57%,62%,57%,N/A,60%,76%,57%,72%,53%,44,53%,60%,424 (26%),611 (37%),19% (167),6% (56),65% (573),<1% (7),<1% (4),2% (18),Fair,95%,N/A,N/A,94%,0%,6%,79%,90%,86%,74%,N/A,N/A,N/A,80%,78%,72%,58%,73%,91%,92%,87%,92%,88%,N/A,85%,88%,88%,71%,73%,65%,81%,76%,62%,N/A,83%,76%,70%,65%,61%,60%,83%,76%,79%,62%,76%,75%,N/A,89%,76%,74%,86%,60%,95%,68%,45%,55%,51%,42%,25%,N/A,33%,50%,42%,92%,97%,80%,92%,88%,N/A,95%,92%,85%,70%,69%,62%,73%,62%,N/A,65%,74%,70%,89%,87%,91%,85%,85%,N/A,N/A,83%,87%,85%,76%,75%,69%,75%,76%,N/A,N/A,83%,74%,86%,95%,94%,96%,92%,94%,N/A,N/A,100%,98%,91%
25Q525,Townsend Harris High School,Excellent,Excellent,Good,www.thhs.qc.edu/,Brian Condon,"09,10,11,12,SE",1342,Screened With Assessment,Local Support and Improvement,149-11 Melbourne Avenue,"Queens, NY 11367",718-575-5580,57%,5%,16%,1%,<1%,15%,<1%,15%,48%,59%,41%,<1%,95%,"Boys: Badminton,Baseball,Basketball,Bowling,Cross Country,Fencing,Handball,Indoor Track,Outdoor Track,Soccer,Tennis,Volleyball,Wrestling; Girls: Badminton,Basketball,Bowling,Cross Country,Fencing,Flag Football,Handball,Indoor Track,Outdoor Track,Soccer,Softball,Swimming,Table Tennis,Tennis,Volleyball; Co-Ed: N/A","No Buddy Left Behind, Student Union, Senate, Freshman Grade Leaders, Sophomore Grade Leaders, Junior Grade Leaders, Senior Council, Amnesty International, Art Club,Gender Sexuality Alliance (GSA), Get Your Life Together (GYLT), Habitat for Humanity, Jewish Club, Junior State of America (JSA), Mock Trial/Moot Court Team, ModIT, Neuroscience Club, SING, Festival of Nations, Tech Crew, Trivia and Knowledge Club, UNICEF, Zumba Club, Black Excellence Club, Chess Club, The Classic, The Creative Writer's Association, Glamour Gals and Gallants, Latin Dance Club, Math Team, Mock Trial/Moot Court, Muslim Student Association, Philosophy, Red Cross Club, Robotics (Steel Hawks), Young America's Foundation (YAF), Save Planet Earth (SPE), Big Sib, Little Sib, Drama Club, The Geo Dudes, Hawkappella, Model United Nations, rhyTHm KPop Dance, Science Olympiad, Student Wellness Team, THHS Film Society, Yoga in Action!, American Sign Language, (E)STE(E)M, Expression, Fiber Arts Club, Girl Up, Health Professionals Society, Entrepreneurs, Latin League, Key Club, Life After Loss, Period Poverty Awareness, The Phoenix, Table Tennis Club, Anime Club, Book Club, Seekers, Uplift, Arts for Generations, Chinese Immersion Club, Makeup Club, La Herencia Hispana, Caribbean Club, School play, Archon Honor Society, Arista Honor Society, NYS Science Honor Society, Equity & Access Student Team","Graphic Design, Studio Art, String Orchestra, Modern band, Concert Band, Woodwind Ensemble, Mixed Choir, Photography, Symphonic Orchestra, Computer Art / Digital Art, and more",Career & Technical Education; NYC Solves,12%,6%,21%,N/A (fewer than 5 teachers),0%,59%,8.4,88%,78%,90%,79%,100%,N/A,84%,N/A,77%,93%,86%,94,100%,98%,1001 (75%),760 (57%),58% (730),5% (65),16% (195),1% (16),<1% (11),15% (183),Fair,98%,N/A,N/A,97%,N/A,N/A,99%,99%,100%,97%,N/A,N/A,100%,99%,98%,N/A,96%,85%,96%,96%,90%,98%,86%,N/A,95%,N/A,94%,89%,94%,94%,100%,96%,100%,N/A,93%,N/A,90%,90%,90%,93%,90%,85%,84%,93%,84%,100%,N/A,84%,N/A,86%,94%,84%,96%,80%,64%,62%,67%,64%,62%,N/A,69%,N/A,68%,96%,96%,100%,99%,100%,N/A,96%,N/A,97%,87%,88%,87%,85%,88%,N/A,81%,N/A,80%,90%,84%,85%,86%,83%,N/A,N/A,82%,N/A,92%,86%,75%,71%,77%,79%,N/A,N/A,81%,N/A,82%,94%,94%,95%,90%,98%,N/A,N/A,88%,N/A,94%
25Q670,Robert F. Kennedy Community High School,Good,Good,Good,rfkchs.com,Ignazio Accardi,"09,10,11,12,SE",589,Ed. Opt.,Local Support and Improvement,75-40 Parsons Boulevard,"Queens, NY 11366",718-969-5510,25%,19%,43%,<1%,1%,10%,9%,19%,73%,46%,54%,0%,81%,"Boys: Baseball,Basketball,Bowling,Cross Country,Fencing,Soccer,Wrestling; Girls: Basketball,Cross Country,Soccer,Softball,Tennis,Volleyball; Co-Ed: Golf","College Trips for all grade levels, Broadway Trips (TDF, Wendy Project), Blood Drives, Pi Day Celebration, Multicultural Night, Alley Pond Ropes Team Building Ropes Course, Winter Showcase / RFK Unplugged Talent Show, Dances,Gender Sexuality Alliance (GSA), Community Service Opportunities (walks, food/clothing drives).","Studio Art, Drawing, Digital Photography, Painting",NYC Solves,12%,N/A (fewer than 5 teachers),12%,0%,0%,69%,2,90%,68%,73%,78%,N/A,N/A,67%,86%,76%,34%,26%,59,75%,68%,144 (24%),176 (30%),29% (78),19% (51),38% (103),<1% (2),1% (4),11% (30),Fair,98%,N/A,N/A,99%,N/A,N/A,85%,95%,77%,78%,N/A,N/A,N/A,88%,82%,69%,60%,78%,91%,90%,91%,93%,N/A,100%,89%,93%,83%,78%,89%,89%,90%,89%,N/A,N/A,88%,87%,80%,72%,78%,77%,83%,79%,78%,80%,81%,N/A,83%,76%,85%,82%,87%,62%,96%,76%,57%,60%,52%,58%,N/A,50%,59%,54%,67%,90%,90%,88%,93%,N/A,67%,90%,94%,85%,76%,74%,79%,76%,N/A,67%,78%,79%,74%,93%,93%,88%,84%,98%,N/A,N/A,100%,100%,96%,84%,78%,74%,63%,84%,N/A,N/A,75%,70%,92%,96%,95%,93%,94%,96%,N/A,N/A,100%,100%,100%
26Q315,Business Technology Early College High School,Excellent,Excellent,Good,www.btechnyc.org,Patrice Henry,"09,10,11,12,SE",599,Ed. Opt.,Local Support and Improvement,230-17 Hillside Avenue,"Queens, NY 11427",718-217-3613,20%,48%,24%,3%,<1%,3%,3%,15%,65%,37%,63%,<1%,87%,"Boys: Baseball,Basketball,Indoor Track,Outdoor Track,Soccer,Volleyball; Girls: Basketball,Indoor Track,Outdoor Track,Soccer,Softball,Volleyball; Co-Ed: Cricket","Gender Sexuality Alliance (GSA), Freshman Day and CUNY Explorers Recruitment Team Saturday Regents Prep Screamfest at BTECH Senior Activities (Senior Spirit Week)Six Flags, Day Trips, Prom, Senior Brunch etc.) Six Flags Trip Talent Show Urban Air Trip Video Game & Gaming Club Volleyball Club Weight Room Yearbook *Student clubs are available and may change each year depending upon student interest. **Students may initiate clubs so long as they find a minimum of (5) students who want to participate and a staff member to supervise.","Guitar, Modern band",Career & Technical Education; NYC Solves,14%,19%,19%,0%,0%,41%,8.5,78%,76%,69%,80%,92%,N/A,82%,100%,73%,97%,94%,59,72%,80%,172 (29%),250 (42%),25% (94),44% (163),22% (82),3% (11),<1% (3),4% (14),Good,99%,N/A,N/A,90%,0%,10%,95%,97%,95%,91%,N/A,N/A,N/A,92%,96%,75%,91%,82%,94%,97%,95%,91%,93%,N/A,87%,100%,92%,77%,87%,94%,84%,86%,92%,N/A,94%,100%,84%,92%,97%,100%,93%,92%,92%,91%,92%,93%,N/A,81%,100%,93%,90%,63%,96%,81%,60%,63%,58%,61%,87%,N/A,44%,88%,54%,95%,95%,95%,94%,93%,N/A,100%,94%,91%,84%,88%,86%,78%,80%,N/A,81%,100%,80%,94%,87%,86%,82%,92%,N/A,N/A,N/A,N/A,80%,85%,77%,71%,75%,83%,N/A,N/A,N/A,N/A,80%,95%,92%,91%,92%,91%,N/A,N/A,N/A,N/A,86%
26Q415,Benjamin N. Cardozo High School,Good,Good,Fair,www.cardozohigh.com,Meagan Colby,"09,10,11,12,SE",2882,"Audition, D75 Special Education Inclusive Services, Ed. Opt., Screened, Zoned Guarantee",Local Support and Improvement,57-00 223 Street,"Bayside, NY 11364",718-279-6500,44%,20%,24%,1%,<1%,7%,8%,15%,63%,53%,47%,0%,88%,"Boys: Baseball,Basketball,Bowling,Cross Country,Fencing,Football,Handball,Indoor Track,Lacrosse,Outdoor Track,Soccer,Table Tennis,Tennis,Volleyball,Wrestling; Girls: Basketball,Cross Country,Fencing,Golf,Gymnastics,Handball,Indoor Track,Lacrosse,Outdoor Track,Soccer,Softball,Swimming,Table Tennis,Tennis,Volleyball,Wrestling; Co-Ed: Golf,Stunt","Naval Junior Officers Training (NJROTC), Computer Science Program, Gateway Institute for PreCollege Education, In school CBOCommon Ground","Visual Art, Concert Band, Graphic Design, Dance Technical Production, Choreography / Dance Composition, Fashion and Textile Design, Advertising Art, Mixed Choir, String Orchestra, Guitar, and more",NYC Solves; Project Pivot,19%,6%,12%,0%,0%,61%,9,94%,44%,44%,48%,50%,N/A,43%,78%,47%,63%,53%,67,76%,76%,1028 (36%),1630 (57%),50% (1103),17% (370),21% (451),1% (32),<1% (10),7% (154),Fair,99%,N/A,N/A,97%,0%,3%,91%,95%,88%,81%,N/A,N/A,94%,91%,90%,83%,82%,79%,89%,88%,90%,89%,92%,80%,88%,90%,89%,71%,77%,74%,84%,79%,80%,N/A,74%,92%,79%,82%,88%,91%,85%,79%,80%,79%,79%,88%,40%,75%,82%,77%,89%,66%,95%,71%,49%,51%,41%,46%,57%,20%,55%,65%,49%,91%,91%,90%,92%,89%,60%,88%,96%,89%,77%,76%,80%,77%,79%,60%,72%,79%,75%,89%,78%,79%,78%,80%,71%,N/A,71%,84%,75%,75%,62%,53%,78%,67%,71%,N/A,66%,74%,70%,90%,86%,86%,89%,82%,100%,N/A,85%,94%,86%
26Q430,Francis Lewis High School,Good,Good,Good,francislewishs.org,David Marmor,"09,10,11,12,SE",4577,"ASD/ACES Program, D75 Special Education Inclusive Services, Ed. Opt., Screened, Zoned Guarantee",Local Support and Improvement,58-20 Utopia Parkway,"Queens, NY 11365",718-281-8200,64%,3%,21%,<1%,<1%,10%,17%,11%,67%,48%,52%,0%,91%,"Boys: Badminton,Baseball,Basketball,Bowling,Cross Country,Fencing,Handball,Indoor Track,Outdoor Track,Soccer,Swimming,Tennis,Volleyball,Wrestling; Girls: Badminton,Basketball,Bowling,Cross Country,Fencing,Flag Football,Golf,Handball,Indoor Track,Outdoor Track,Soccer,Softball,Swimming,Table Tennis,Tennis,Volleyball,Wrestling; Co-Ed: Cricket",N/A,"Visual Art, Computer Art / Digital Art, Piano Keyboard, Fashion and Textile Design, Concert Band, Music History, Dance History, Art History, Mixed Media, Mixed Choir, and more",Career & Technical Education; Dual Language or TBE; NYC Solves; Respect for All,24%,7%,13%,N/A (fewer than 5 teachers),0%,53%,12,92%,41%,48%,44%,78%,33%,48%,63%,44%,62%,49%,72,78%,79%,1645 (36%),2312 (51%),72% (2002),3% (76),14% (388),<1% (11),<1% (6),10% (273),Fair,96%,N/A,N/A,92%,N/A,N/A,90%,92%,90%,80%,N/A,N/A,97%,93%,87%,67%,81%,82%,92%,93%,87%,90%,100%,86%,89%,91%,95%,75%,79%,77%,85%,83%,75%,75%,79%,79%,80%,80%,89%,84%,83%,78%,78%,83%,77%,78%,56%,73%,87%,84%,92%,78%,96%,73%,50%,52%,47%,44%,44%,33%,52%,62%,58%,93%,94%,95%,93%,89%,100%,88%,94%,96%,79%,79%,66%,79%,89%,56%,77%,76%,80%,90%,86%,88%,100%,86%,N/A,N/A,76%,97%,88%,79%,71%,70%,80%,84%,N/A,N/A,65%,92%,81%,93%,91%,93%,100%,96%,N/A,N/A,77%,97%,92%
26Q435,Martin Van Buren High School,Fair,Fair,Good,www.thenewmvb.com,Deborah Nettleford,"09,10,11,12,SE",1140,"Ed. Opt., Open, Screened, Zoned Priority",Local Support and Improvement,230-17 Hillside Avenue,"Queens, NY 11427",718-776-4728,32%,35%,23%,4%,<1%,3%,16%,15%,74%,47%,53%,0%,81%,"Boys: Baseball,Basketball,Indoor Track,Outdoor Track,Soccer,Volleyball; Girls: Basketball,Indoor Track,Outdoor Track,Soccer,Softball,Volleyball; Co-Ed: Cricket",N/A,"Art History, Core Music, Music Technology, Cartooning, Piano Keyboard",Community School; CS for All; DYCD: COMPASS/SONYC; Future Ready NYC; NYC Solves,17%,14%,13%,0%,0%,56%,3.9,90%,57%,46%,57%,44%,0%,41%,75%,45%,78%,80%,48,68%,65%,326 (29%),534 (47%),33% (252),36% (280),21% (161),5% (37),<1% (6),2% (18),Fair,96%,4%,0%,97%,N/A,N/A,83%,77%,87%,80%,N/A,N/A,N/A,89%,77%,64%,85%,74%,87%,87%,88%,89%,88%,N/A,67%,81%,84%,67%,74%,72%,78%,73%,66%,60%,71%,78%,65%,73%,78%,78%,82%,77%,78%,79%,75%,69%,40%,83%,79%,79%,90%,72%,96%,66%,40%,47%,36%,36%,40%,0%,32%,54%,46%,86%,90%,83%,85%,91%,80%,90%,87%,83%,68%,69%,68%,66%,77%,20%,55%,74%,67%,91%,87%,94%,88%,80%,60%,N/A,N/A,82%,90%,84%,81%,77%,84%,79%,80%,N/A,N/A,73%,91%,95%,91%,97%,85%,90%,100%,N/A,N/A,80%,86%
26Q495,Bayside High School,Excellent,Good,Good,www.baysidehighschool.org,Tracy Martinez,"09,10,11,12,SE",2980,"Audition, D75 Special Education Inclusive Services, Ed. Opt., Screened With Assessment, Zoned Guarantee",Local Support and Improvement,32-24 Corporal Kennedy Street,"Queens, NY 11361",718-229-7600,45%,9%,32%,<1%,<1%,11%,8%,14%,65%,50%,50%,<1%,88%,"Boys: Baseball,Basketball,Bowling,Cross Country,Football,Handball,Indoor Track,Outdoor Track,Soccer,Swimming,Tennis,Volleyball; Girls: Basketball,Bowling,Cross Country,Flag Football,Golf,Handball,Indoor Track,Lacrosse,Outdoor Track,Soccer,Softball,Swimming,Tennis,Volleyball; Co-Ed: Golf","American Red Cross, Animation, Anime, Art, Archon, Arista, Astronomy, Badminton / Ping Pong, Basketball, Baysider (Newspaper), Beauty / Make-up Club, BHS Notes, Book, Bowling, Bridge to Medicine, Cheerleading, Chemistry, Chess, Chinese, Chinese Yo-Yo, Coding, Desi, Drama, Debate, EBONY, E-Sports, Environmental, Filipino, Film, Gaming, Green, Habitat for Humanity, Handball, Hellenic (Greek), Hispanic, International Fashion, Investment, Japanese, Jazz Band, Jewish Student Union, Junior Council, K-Pop, Key, Knitting, Korean, Korean Drumming, Muslim Student Association, Origami Social, Outdoors, Physics, R.A.F.A., Robotics, Seekers Christian, Senior Council, Sikh Student Association, Smiles for Miles, S.O.U.L., Student Organization Council, Tae Kwon Do, Triangle (Yearbook), Underclassmen Council, Womans Empowerment","Core Music, Computer Art / Digital Art, Music Technology, Drawing, Music Enterprise, Management, and Careers, Visual Art, Studio Art, Portfolio Development, Classroom Music",Career & Technical Education; NYC Solves,20%,7%,11%,0%,0%,61%,3.9,90%,55%,56%,63%,60%,78%,58%,75%,57%,85%,82%,79,98%,81%,1323 (44%),1344 (45%),48% (1199),9% (228),29% (739),<1% (25),<1% (9),11% (265),Excellent,99%,N/A,N/A,99%,N/A,N/A,97%,99%,96%,96%,N/A,N/A,96%,98%,97%,93%,91%,77%,91%,92%,89%,90%,70%,100%,95%,96%,92%,73%,76%,72%,77%,81%,79%,88%,80%,85%,77%,78%,71%,79%,80%,74%,76%,72%,72%,67%,67%,74%,81%,81%,92%,75%,96%,70%,46%,48%,39%,45%,38%,56%,48%,61%,49%,91%,92%,88%,91%,71%,100%,90%,93%,91%,74%,73%,70%,74%,57%,67%,82%,77%,74%,91%,88%,90%,81%,88%,67%,N/A,83%,93%,93%,77%,68%,62%,73%,77%,67%,N/A,74%,77%,93%,95%,93%,95%,91%,91%,86%,N/A,92%,94%,99%
26Q566,"Queens High School of Teaching, Liberal Arts and the Sciences",Good,Fair,Fair,www.queenshsofteaching.org/,Camille Gardner,"09,10,11,12,SE",841,"ASD/ACES Program, D75 Special Education Inclusive Services, Ed. Opt.",Local Support and Improvement,74-20 Commonwealth Blvd,"Queens, NY 11426",718-736-7100,21%,44%,24%,4%,<1%,5%,6%,22%,62%,53%,47%,0%,75%,"Boys: Baseball,Basketball,Bowling,Cross Country,Fencing,Indoor Track,Outdoor Track,Soccer,Swimming; Girls: Basketball,Cross Country,Fencing,Flag Football,Golf,Indoor Track,Outdoor Track,Soccer,Softball,Swimming,Volleyball; Co-Ed: Cricket,Golf","Cooking Club, Coding Club, Voices on Stage, Fashion Show Organization, South Asian Student Association (SASA), Wildlife Conservation Club, Student Government,Gender Sexuality Alliance (GSA), Art Club, My Brother's Keeper (MBK), My Sister's Keeper (MSK), STEM Club, Music Club, Book Club, Muslim Student Association, School Newspaper, Sport Management Club, Tiger Shop, Athletic and Personal Training Club.","Music Technology, Studio Art",NYC Solves,14%,12%,15%,0%,0%,54%,3.8,86%,56%,49%,58%,78%,N/A,69%,79%,49%,79%,74%,51,42%,76%,320 (38%),335 (40%),25% (124),46% (231),20% (102),4% (19),1% (6),4% (19),Needs Improvement,99%,N/A,N/A,99%,N/A,N/A,92%,91%,92%,93%,N/A,N/A,N/A,95%,87%,87%,88%,73%,92%,91%,91%,96%,90%,N/A,90%,88%,92%,67%,78%,75%,78%,81%,89%,N/A,79%,88%,75%,76%,64%,69%,80%,75%,73%,77%,74%,71%,80%,70%,75%,76%,87%,52%,95%,68%,43%,50%,39%,40%,25%,40%,50%,39%,54%,90%,95%,86%,93%,89%,60%,90%,96%,88%,67%,66%,67%,66%,75%,80%,69%,82%,67%,86%,81%,94%,85%,71%,N/A,N/A,57%,100%,83%,83%,81%,88%,81%,71%,N/A,N/A,71%,100%,96%,90%,87%,93%,88%,93%,N/A,N/A,57%,N/A,83%
27Q260,Frederick Douglass Academy VI High School,Fair,Fair,Good,www.fdavi.org/,Tenesha Worley,"09,10,11,12,SE",319,"Ed. Opt., Open",Local Support and Improvement,8-21 Bay 25 Street,"Queens, NY 11691",718-471-2154,1%,46%,47%,<1%,<1%,3%,25%,27%,92%,44%,56%,0%,88%,"Boys: Baseball,Basketball,Football,Indoor Track,Outdoor Track,Soccer,Swimming,Table Tennis,Volleyball; Girls: Basketball,Flag Football,Indoor Track,Outdoor Track,Soccer,Softball,Swimming,Volleyball; Co-Ed: N/A","Clubs: Music Band ,Art, Hair Fairies, LGBTQ, Art club, Cooking Club, Dance","Brass Ensemble, Concert Band, Music Technology",21st Century Community Learning Center; Community School; NYC Solves; Pathways Advising,0%,23%,N/A (fewer than 5 teachers),0%,0%,63%,4,93%,N/A,54%,68%,N/A,N/A,N/A,80%,60%,83%,71%,32,30%,44%,57 (18%),133 (42%),<1% (1),49% (77),46% (72),1% (2),0% (0),<1% (1),Excellent,97%,N/A,N/A,97%,N/A,N/A,78%,N/A,90%,68%,N/A,N/A,N/A,83%,74%,58%,78%,81%,86%,N/A,86%,89%,N/A,N/A,N/A,81%,91%,69%,81%,N/A,78%,84%,N/A,N/A,N/A,88%,80%,82%,86%,90%,87%,84%,N/A,77%,90%,N/A,N/A,N/A,85%,89%,81%,39%,96%,76%,53%,N/A,51%,54%,N/A,N/A,N/A,56%,62%,88%,N/A,83%,92%,N/A,N/A,N/A,93%,87%,72%,N/A,66%,77%,N/A,N/A,N/A,81%,77%,94%,88%,N/A,81%,96%,N/A,N/A,N/A,88%,91%,80%,80%,N/A,85%,75%,N/A,N/A,N/A,59%,75%,93%,92%,N/A,93%,94%,N/A,N/A,N/A,88%,94%
27Q262,Channel View School for Research,Good,Fair,Fair,www.cvsr.info,Denise Harper Richards,"06,07,08,09,10,11,12,SE",845,"ASD/ACES Program, D75 Special Education Inclusive Services, Ed. Opt.",Local Support and Improvement,100-00 Beach Channel Drive,"Queens, NY 11694",718-634-1970,5%,42%,43%,2%,<1%,7%,7%,14%,79%,44%,56%,<1%,86%,"Boys: Badminton,Baseball,Basketball,Football,Outdoor Track,Soccer,Tennis,Volleyball; Girls: Badminton,Basketball,Cross Country,Lacrosse,Outdoor Track,Soccer,Softball,Tennis,Volleyball; Co-Ed: N/A",",Gender Sexuality Alliance (GSA)","Graphic Design, Studio Art, Core Music, Percussion, Concert Band, Mixed Choir, Hip Hop, Illustration, Jazz Dance, Three-Dimensional Art, and more",DYCD: COMPASS/SONYC; Future Ready NYC; NYC Solves; Project Pivot,6%,22%,7%,0%,0%,60%,10.9,82%,69%,51%,54%,53%,N/A,48%,68%,50%,86%,87%,53,62%,76%,442 (52%),435 (51%),6% (34),42% (257),42% (256),2% (12),<1% (3),7% (44),Excellent,94%,6%,0%,97%,N/A,N/A,93%,N/A,95%,91%,N/A,N/A,93%,95%,91%,79%,85%,78%,90%,80%,89%,92%,100%,N/A,89%,82%,94%,64%,77%,74%,78%,77%,77%,N/A,77%,67%,76%,78%,86%,75%,84%,79%,78%,82%,76%,82%,N/A,70%,88%,80%,85%,49%,95%,68%,43%,50%,42%,43%,60%,N/A,35%,41%,57%,86%,89%,82%,90%,100%,N/A,80%,86%,89%,71%,69%,69%,75%,80%,N/A,55%,62%,72%,89%,83%,88%,84%,82%,86%,N/A,78%,100%,90%,85%,82%,89%,88%,78%,80%,N/A,73%,100%,83%,91%,88%,100%,87%,89%,100%,N/A,79%,100%,91%
27Q302,"Queens High School for Information, Research, and Technology",Excellent,Excellent,Good,www.qirtnyc.org/,Mahendra Singh,"09,10,11,12,SE",507,Ed. Opt.,Local Support and Improvement,8-21 Bay 25 Street,"Queens, NY 11691",718-868-2978,2%,35%,60%,<1%,<1%,2%,11%,21%,88%,43%,57%,0%,93%,"Boys: Baseball,Basketball,Football,Indoor Track,Outdoor Track,Soccer,Swimming,Table Tennis,Volleyball; Girls: Basketball,Flag Football,Indoor Track,Outdoor Track,Soccer,Softball,Swimming,Volleyball; Co-Ed: N/A","Art Club, Music Club, Work Based Learning Programs, Robotics, Anime Club, Intramural Sports (Basketball, Volleyball), Weight Room, Student Council, Cooking Club, Web design and videography,Gender Sexuality Alliance (GSA)","Studio Art, Music Technology, Theater Survey",Community School; Dual Language or TBE; Future Ready NYC; NYC Solves,N/A (fewer than 5 teachers),27%,18%,N/A (fewer than 5 teachers),N/A (fewer than 5 teachers),53%,5.8,76%,71%,65%,71%,100%,N/A,57%,75%,67%,78%,78%,51,52%,64%,179 (35%),195 (38%),2% (7),31% (96),64% (197),<1% (1),<1% (3),1% (4),Excellent,100%,0%,0%,94%,N/A,N/A,88%,N/A,90%,86%,N/A,N/A,N/A,96%,84%,67%,79%,85%,93%,88%,92%,95%,80%,N/A,86%,92%,93%,78%,86%,88%,88%,86%,80%,N/A,100%,82%,81%,89%,83%,94%,91%,88%,100%,88%,88%,100%,N/A,100%,84%,88%,85%,66%,96%,82%,64%,88%,60%,64%,100%,N/A,75%,55%,63%,95%,100%,94%,95%,100%,N/A,100%,89%,95%,84%,75%,81%,86%,80%,N/A,100%,92%,89%,95%,89%,100%,88%,90%,N/A,N/A,N/A,100%,92%,79%,81%,100%,80%,80%,N/A,N/A,N/A,88%,87%,96%,94%,N/A,91%,97%,N/A,N/A,N/A,100%,94%
27Q308,Robert H. Goddard High School of Communication Arts and Technology,Excellent,Excellent,Good,www.schools.nyc.gov/schools/Q308,Joseph Birgeles,"09,10,11,12,SE",610,Ed. Opt.,Local Support and Improvement,138-30 Lafayette Street,"Queens, NY 11417",718-848-8357,21%,9%,52%,4%,1%,9%,4%,18%,71%,45%,55%,0%,92%,"Boys: Baseball,Basketball,Soccer; Girls: Basketball,Soccer,Softball; Co-Ed: N/A","Art Club, Digital Art Club, Student Government, COSA, World Culture Club, Debate, Cheerleading, Chess Club, ESports Gaming Club, Yearbook, Drama Club, Book Club, National Honor Society, Teen Choice Career Readiness, My Sister's Keeper (MSK),Gender Sexuality Alliance (GSA)","Computer Art / Digital Art, Studio Art",Career Readiness and Modern Youth Apprenticeship; Future Ready NYC; NYC Solves,N/A (fewer than 5 teachers),N/A (fewer than 5 teachers),17%,0%,0%,60%,15,86%,80%,92%,81%,83%,83%,79%,62%,78%,83%,71%,65,85%,83%,116 (19%),325 (53%),22% (97),9% (38),53% (236),4% (17),2% (7),9% (38),Excellent,98%,N/A,N/A,99%,N/A,N/A,99%,100%,N/A,98%,N/A,N/A,N/A,100%,98%,100%,100%,86%,97%,99%,92%,97%,91%,100%,92%,100%,97%,82%,91%,95%,92%,89%,91%,100%,92%,86%,93%,86%,83%,86%,93%,91%,96%,88%,91%,73%,100%,81%,86%,93%,90%,64%,96%,82%,61%,60%,50%,63%,58%,100%,51%,43%,65%,95%,96%,95%,95%,92%,100%,89%,86%,96%,81%,85%,72%,81%,83%,100%,78%,71%,83%,95%,92%,91%,100%,94%,N/A,N/A,87%,N/A,97%,87%,83%,80%,85%,85%,N/A,N/A,87%,N/A,89%,97%,97%,100%,100%,96%,N/A,N/A,91%,N/A,100%
27Q309,Academy of Medical Technology: A College Board School,Fair,Fair,Fair,www.AMTNYC.ORg,Dawood Abdul Hameed,"06,07,08,09,10,11,12,SE",433,Ed. Opt.,Local Support and Improvement,8-21 Bay 25 Street,"Queens, NY 11691",718-471-3571,2%,36%,54%,2%,<1%,4%,18%,20%,91%,48%,52%,0%,76%,"Boys: Baseball,Basketball,Football,Indoor Track,Outdoor Track,Soccer,Swimming,Table Tennis,Volleyball; Girls: Basketball,Flag Football,Indoor Track,Outdoor Track,Soccer,Softball,Swimming,Volleyball; Co-Ed: N/A",Gender Sexuality Alliance (GSA),"Illustration, Dance History, Painting",21st Century Community Learning Center; Community School; CS for All; DYCD: COMPASS/SONYC; NYC Solves; Pathways Advising,N/A (fewer than 5 teachers),N/A (fewer than 5 teachers),17%,0%,0%,63%,1.9,88%,57%,54%,56%,N/A,N/A,43%,78%,57%,66%,50%,43,50%,54%,99 (23%),165 (38%),2% (6),39% (94),51% (123),2% (6),0% (0),5% (11),Needs Improvement,99%,N/A,N/A,97%,N/A,N/A,84%,N/A,80%,89%,N/A,N/A,N/A,89%,78%,75%,68%,75%,87%,86%,85%,89%,N/A,N/A,62%,89%,91%,63%,77%,71%,78%,76%,N/A,N/A,71%,79%,78%,85%,100%,97%,90%,86%,N/A,86%,88%,N/A,N/A,50%,96%,76%,79%,40%,96%,74%,49%,43%,49%,47%,N/A,N/A,38%,52%,50%,86%,71%,82%,88%,N/A,N/A,75%,94%,88%,72%,71%,67%,74%,N/A,N/A,62%,75%,73%,90%,81%,N/A,100%,71%,N/A,N/A,N/A,N/A,N/A,79%,84%,N/A,75%,85%,N/A,N/A,N/A,N/A,N/A,90%,90%,N/A,100%,92%,N/A,N/A,N/A,N/A,N/A
27Q314,Epic High School - South,Fair,Good,,Epichighschoolsouth.org,Subhas Mohan,"09,10,11,12,SE",436,Ed. Opt.,Local Support and Improvement,121-10 Rockaway Boulevard,"Queens, NY 11420",718-845-1290,30%,27%,32%,7%,1%,2%,9%,20%,76%,44%,56%,0%,86%,"Boys: Basketball,Indoor Track,Soccer; Girls: Badminton,Indoor Track,Volleyball; Co-Ed: Cricket","Video Game Club, Health Occupations Students Association (HOSA), Science Olympiad, Dance Club, Board Game Club, Debate Team, Regents Tutoring, News Paper Club, My Brother's Keeper, My Sister's Keeper, Yearbook Club","Studio Art, Digital Photography, Drawing, Music History",NYC Solves,16%,19%,19%,0%,0%,42%,9.3,65%,74%,79%,78%,63%,N/A,80%,85%,72%,64%,55%,43,51%,49%,266 (61%),189 (43%),33% (112),26% (89),30% (100),7% (25),1% (4),2% (6),Excellent,95%,N/A,N/A,97%,N/A,N/A,87%,90%,93%,80%,N/A,N/A,N/A,94%,82%,81%,72%,76%,92%,91%,93%,93%,92%,N/A,80%,95%,91%,77%,90%,92%,89%,90%,91%,N/A,80%,86%,86%,74%,91%,73%,88%,87%,86%,92%,83%,93%,N/A,80%,87%,84%,88%,63%,97%,77%,62%,59%,58%,64%,73%,N/A,N/A,77%,52%,94%,96%,89%,94%,96%,N/A,100%,96%,93%,79%,78%,79%,79%,78%,N/A,80%,82%,74%,N/A,90%,91%,86%,88%,100%,N/A,N/A,N/A,90%,N/A,83%,75%,73%,95%,100%,N/A,N/A,N/A,100%,N/A,91%,95%,75%,94%,100%,N/A,N/A,N/A,90%
27Q323,Scholars' Academy,Excellent,Good,Good,www.scholarsnyc.com/home,Michele Smyth,"06,07,08,09,10,11,SE",590,Screened,Local Support and Improvement,320 Beach 104 Street,"Queens, NY 11694",718-474-6918,15%,21%,28%,2%,<1%,30%,<1%,17%,48%,53%,47%,0%,82%,"Boys: Baseball,Basketball,Bowling,Cross Country,Swimming,Volleyball; Girls: Basketball,Cross Country,Soccer,Softball,Tennis,Volleyball; Co-Ed: Golf,Stunt","Astronomy Club, Business Administration Club, Chemistry Club, Cooking Club, Debate Club, Engineering Union Club, Farm Team, Fashion Club, Female Empowerment Club (FEM),Gender Sexuality Alliance (GSA), Green Team, Journalism Club, Key Club, Math Team, Media and Livestream Team, Medical Club, Model UN, Muslim Student Association (MSA), Multicultural Club (MCC), My Brother's and Sister's Keeper, Psychology Club, Robotics Club, South Asian Cultural Club (SACC), Student Government, Tech Team, Theater.","Studio Art, Concert Band, Music History, Filmmaking / Video, Acting, Guitar, Drawing, Art History, Painting, Mixed Choir, and more",CS for All; DYCD: COMPASS/SONYC,7%,12%,14%,0%,0%,64%,5.5,91%,69%,53%,62%,72%,N/A,60%,N/A,59%,75%,75%,90,100%,91%,274 (46%),206 (35%),17% (82),19% (93),28% (141),2% (9),<1% (3),31% (153),Fair,97%,N/A,N/A,97%,0%,3%,100%,100%,100%,100%,N/A,N/A,100%,100%,100%,N/A,100%,85%,89%,91%,83%,87%,92%,100%,94%,N/A,87%,77%,89%,90%,89%,90%,81%,80%,91%,N/A,92%,78%,96%,91%,87%,83%,84%,83%,82%,89%,N/A,83%,N/A,85%,93%,81%,97%,73%,57%,61%,54%,50%,56%,20%,64%,N/A,59%,92%,94%,90%,90%,93%,100%,94%,N/A,93%,78%,83%,71%,76%,78%,60%,83%,N/A,75%,93%,89%,93%,86%,91%,86%,N/A,88%,N/A,89%,90%,82%,80%,79%,84%,77%,N/A,83%,N/A,97%,94%,93%,96%,94%,94%,100%,N/A,91%,N/A,89%
27Q324,Rockaway Park High School for Environmental Sustainability,Fair,Fair,Needs Improvement,www.rockawayparkhs.com,Katwona Warren,"09,10,11,12,SE",233,Ed. Opt.,Local Support and Improvement,100-00 Beach Channel Drive,"Queens, NY 11694",718-734-3280,2%,47%,45%,<1%,<1%,4%,28%,32%,>95%,40%,60%,0%,79%,"Boys: Badminton,Baseball,Basketball,Football,Outdoor Track,Soccer,Tennis,Volleyball; Girls: Badminton,Basketball,Cross Country,Lacrosse,Outdoor Track,Soccer,Softball,Tennis,Volleyball; Co-Ed: N/A","ACTIVITIES We have a state-of-the-art dance studio, music recording studio, music room, and woodshop room. Students learn guitar (beginners/advanced), rock band club, gaming club, woodshop club, dance club, swim club, art, Rock Park Chronicles Newspaper, Student Council, Yearbook club, Chess club, Photography club, and My Brothers Keeper (MBK) and My Sisters Keeper (MSK). SCHOOL SPORTS Badminton, Cheerleading, Dance, Soccer, Step, Swimming, Yoga PSAL SPORTS - GIRLS Basketball, Lacrosse, Soccer, Softball, Tennis, Volleyball, Cross Country PSAL SPORTS - BOYS Baseball, Basketball, Football, Soccer, Tennis, Volleyball, Cross Country","Music Theory / Musicianship, Music Technology, Music Enterprise, Management, and Careers",Community School; Future Ready NYC; NYC Solves; Pathways Advising,0%,N/A (fewer than 5 teachers),N/A (fewer than 5 teachers),0%,0%,73%,2.1,91%,N/A,73%,73%,N/A,N/A,89%,84%,66%,90%,76%,32,43%,37%,40 (17%),57 (24%),3% (4),44% (58),47% (63),<1% (1),<1% (1),4% (5),Excellent,96%,N/A,N/A,89%,0%,11%,78%,N/A,80%,77%,N/A,N/A,N/A,70%,82%,64%,82%,71%,81%,N/A,81%,81%,N/A,N/A,100%,77%,88%,69%,80%,N/A,81%,79%,N/A,N/A,89%,80%,76%,83%,95%,90%,83%,77%,N/A,82%,75%,N/A,N/A,50%,69%,78%,77%,35%,96%,70%,48%,N/A,57%,40%,N/A,N/A,50%,54%,56%,83%,N/A,89%,81%,N/A,N/A,80%,77%,83%,72%,N/A,75%,71%,N/A,N/A,80%,78%,73%,83%,73%,N/A,79%,65%,N/A,N/A,88%,65%,80%,71%,72%,N/A,73%,66%,N/A,N/A,100%,71%,83%,83%,82%,N/A,87%,75%,N/A,N/A,88%,82%,86%
27Q334,Epic High School - North,Good,,,www.schools.nyc.gov/schools/Q334,Kristen Breen,"09,10,11,12,SE",385,Ed. Opt.,Local Support and Improvement,94-25 117 Street,"Queens, NY 11419",718-570-8230,29%,13%,49%,3%,2%,3%,18%,16%,82%,54%,46%,0%,N/A,"Boys: Badminton,Basketball,Soccer,Volleyball; Girls: Badminton,Indoor Track,Volleyball; Co-Ed: Cricket","Gender Sexuality Alliance (GSA), Beauty and Brains, Gamers Club, Happify Program, El Poder de Las Diosas Club, after school tutorial, Dance Club, Movie Club, Student Government","Studio Art, Drawing, Visual Art, Three-Dimensional Art, Painting",NYC Solves; PROSE,26%,N/A (fewer than 5 teachers),16%,0%,0%,45%,7,74%,N/A,N/A,N/A,N/A,N/A,N/A,N/A,N/A,100%,100%,52,93%,63%,77 (20%),167 (43%),31% (88),15% (41),44% (125),3% (8),2% (5),3% (9),Good,94%,N/A,N/A,81%,0%,19%,92%,100%,N/A,90%,N/A,N/A,N/A,95%,90%,92%,79%,N/A,N/A,N/A,N/A,N/A,N/A,N/A,N/A,N/A,N/A,N/A,N/A,N/A,N/A,N/A,N/A,N/A,N/A,N/A,N/A,N/A,70%,70%,N/A,N/A,N/A,N/A,N/A,N/A,N/A,N/A,N/A,N/A,87%,56%,97%,N/A,N/A,N/A,N/A,N/A,N/A,N/A,N/A,N/A,N/A,N/A,N/A,N/A,N/A,N/A,N/A,N/A,N/A,N/A,N/A,N/A,N/A,N/A,N/A,N/A,N/A,N/A,N/A,N/A,95%,100%,N/A,100%,N/A,N/A,N/A,N/A,N/A,N/A,85%,86%,N/A,100%,N/A,N/A,N/A,N/A,N/A,N/A,100%,100%,N/A,100%,N/A,N/A,N/A,N/A,N/A
27Q351,Rockaway Collegiate High School,Fair,Fair,Good,rockawaycollegiate.org/,Shazima Ali,"09,10,11,12,SE",282,Open,Local Support and Improvement,100-00 Beach Channel Drive,"Queens, NY 11694",718-734-3290,3%,51%,39%,2%,0%,3%,16%,36%,92%,48%,52%,0%,81%,"Boys: Badminton,Baseball,Basketball,Football,Outdoor Track,Soccer,Tennis,Volleyball; Girls: Badminton,Basketball,Cross Country,Lacrosse,Outdoor Track,Soccer,Softball,Tennis,Volleyball; Co-Ed: N/A","Art Club, Cooking Club, Dance Club, Fencing Club, Music Club, Soccer Club, Step Team, Student Government, Weightlifting Club, Video Games Club, Yearbook","Cartooning, Computer Art / Digital Art",Community School; CS for All; DYCD: COMPASS/SONYC; Future Ready NYC; NYC Solves,N/A (fewer than 5 teachers),26%,N/A (fewer than 5 teachers),0%,0%,44%,2.9,70%,33%,61%,75%,N/A,N/A,40%,81%,54%,95%,100%,34,56%,32%,93 (33%),85 (30%),4% (6),51% (84),40% (66),2% (3),0% (0),3% (5),Fair,97%,N/A,N/A,89%,N/A,N/A,71%,N/A,66%,81%,N/A,N/A,N/A,68%,73%,56%,61%,75%,81%,83%,81%,81%,N/A,N/A,83%,82%,75%,62%,78%,40%,82%,77%,N/A,N/A,67%,72%,81%,88%,94%,95%,88%,86%,83%,84%,87%,N/A,N/A,83%,89%,90%,77%,39%,96%,73%,51%,17%,64%,43%,N/A,N/A,17%,58%,59%,86%,100%,84%,89%,N/A,N/A,67%,94%,84%,63%,50%,61%,70%,N/A,N/A,33%,72%,60%,93%,86%,N/A,93%,78%,N/A,N/A,N/A,100%,90%,80%,82%,N/A,93%,74%,N/A,N/A,N/A,89%,88%,94%,90%,N/A,100%,79%,N/A,N/A,N/A,100%,85%
27Q400,August Martin High School,Good,Fair,Good,AUGUSTMARTIN.ORG,Allison Tiberio,"09,10,11,12,SE",646,Open,Local Support and Improvement,156-10 Baisley Boulevard,"Queens, NY 11434",718-528-2920,12%,51%,28%,5%,<1%,2%,14%,21%,78%,39%,61%,0%,69%,"Boys: Baseball,Basketball,Football,Volleyball; Girls: Basketball,Indoor Track,Softball,Volleyball; Co-Ed: N/A",Gender Sexuality Alliance (GSA),"Studio Art, Core Music, Computer Art / Digital Art",Career & Technical Education; Community School; CS for All; Future Ready NYC; NYC Solves,12%,35%,14%,N/A (fewer than 5 teachers),0%,35%,3.1,92%,33%,47%,48%,40%,N/A,N/A,62%,43%,76%,66%,49,79%,45%,143 (22%),205 (32%),14% (41),51% (147),25% (71),7% (20),1% (4),1% (3),Excellent,96%,N/A,N/A,95%,N/A,N/A,90%,94%,89%,89%,N/A,N/A,N/A,90%,91%,94%,81%,75%,84%,80%,83%,88%,81%,N/A,100%,87%,84%,55%,64%,55%,59%,75%,72%,N/A,80%,78%,61%,77%,90%,76%,80%,78%,73%,78%,78%,75%,N/A,100%,86%,71%,84%,51%,96%,64%,44%,47%,38%,51%,43%,N/A,100%,33%,40%,82%,82%,79%,88%,81%,N/A,100%,93%,78%,53%,53%,44%,67%,55%,N/A,80%,71%,52%,92%,86%,89%,92%,76%,67%,N/A,100%,67%,91%,83%,81%,100%,83%,75%,83%,N/A,60%,69%,77%,90%,87%,78%,89%,86%,83%,N/A,N/A,77%,95%
27Q475,Richmond Hill High School,Good,Good,Good,www.richmondhillhs.org/,Tarek Alamarie,"09,10,11,12,SE",1843,"Ed. Opt., Screened, Zoned Priority",Local Support and Improvement,89-30 114 Street,"Queens, NY 11418",718-846-3335,29%,9%,56%,2%,<1%,3%,23%,17%,84%,48%,52%,0%,90%,"Boys: Baseball,Basketball,Bowling,Handball,Indoor Track,Outdoor Track,Soccer,Swimming,Tennis,Volleyball; Girls: Basketball,Bowling,Indoor Track,Outdoor Track,Soccer,Softball,Swimming,Tennis,Volleyball; Co-Ed: Cricket,Golf","Saya Leadership, Bollywood Dance Fusion,Rainbow Coalition, Red Cross, Cheer and Dance Team, Museum Explorers, Anime, Robotics, College Now courses, SAT Preparation, PM School, Regents Preparation, Tutoring, SAYA!, The Underground News Team, Freshmen Leadership, Student Association,Gender Sexuality Alliance (GSA)","Music History, Art History, Music Technology, Photography, Illustration, Visual Art, Drawing, Painting, Computer Art / Digital Art, Mixed Media, and more",Career & Technical Education; Career Readiness and Modern Youth Apprenticeship; Community School; Future Ready NYC; NYC Solves,21%,16%,22%,0%,0%,38%,2.1,76%,62%,69%,58%,62%,60%,76%,71%,58%,75%,44%,45,65%,53%,154 (8%),815 (44%),31% (344),10% (111),53% (597),2% (25),<1% (5),3% (30),Fair,98%,N/A,N/A,97%,0%,3%,87%,85%,90%,88%,N/A,N/A,93%,88%,86%,77%,85%,76%,89%,88%,90%,89%,81%,93%,93%,86%,88%,72%,81%,81%,85%,80%,86%,80%,88%,80%,81%,77%,82%,78%,86%,82%,84%,79%,81%,76%,87%,88%,81%,80%,90%,70%,96%,73%,47%,50%,49%,46%,33%,69%,60%,49%,51%,91%,93%,88%,91%,85%,94%,94%,91%,90%,77%,79%,72%,76%,78%,75%,86%,76%,74%,89%,84%,83%,88%,84%,80%,N/A,N/A,88%,88%,80%,82%,89%,81%,81%,80%,N/A,N/A,79%,83%,93%,91%,100%,73%,91%,89%,N/A,N/A,93%,90%
27Q480,John Adams High School,Good,,Good,www.Johnadamsnyc.org,Pedro Cubero,"09,10,11,12,SE",2428,"Ed. Opt., Screened, Zoned Guarantee",Local Support and Improvement,101-01 Rockaway Boulevard,"Queens, NY 11417",718-322-0500,28%,25%,41%,2%,0%,3%,16%,16%,80%,48%,52%,0%,91%,"Boys: Baseball,Basketball,Bowling,Football,Handball,Indoor Track,Outdoor Track,Soccer,Swimming,Tennis,Volleyball; Girls: Badminton,Basketball,Bowling,Flag Football,Golf,Indoor Track,Lacrosse,Outdoor Track,Soccer,Softball,Swimming,Volleyball; Co-Ed: Cricket","St.Johns Liberty Partnership Tutoring, Emerge video game club,Gender Sexuality Alliance (GSA), Library Club, Northwell Health Clinic Art Group, Global Kids, Student Government and Prom committee, Mural Club, Weight Room, Drama Club/Musical Production, Science Olympiad, Equity Club, Guitar Club, Moot Court Mock Trial, Debate Club, National Honor Society, Gardening/Recycling Club, Robotics, Yearbook, Spardance , Creative writing","Core Music, Studio Art, Photography, Computer Art / Digital Art, Drawing, Music Technology, Guitar, Concert Band, Visual Art",Career & Technical Education; Community School; Dual Language or TBE; Future Ready NYC; NYC Solves,17%,8%,26%,N/A (fewer than 5 teachers),0%,45%,4,87%,75%,62%,67%,62%,62%,58%,85%,66%,85%,80%,54,68%,54%,310 (13%),1063 (44%),33% (460),23% (319),40% (563),1% (18),0% (0),3% (43),Fair,97%,N/A,N/A,87%,7%,6%,88%,88%,89%,86%,N/A,N/A,96%,91%,85%,74%,88%,N/A,91%,95%,88%,91%,92%,89%,88%,94%,93%,N/A,83%,85%,83%,82%,67%,67%,91%,86%,79%,N/A,85%,93%,N/A,84%,88%,86%,80%,92%,78%,76%,81%,81%,86%,59%,96%,N/A,59%,60%,58%,59%,46%,56%,72%,67%,61%,92%,94%,87%,93%,100%,78%,96%,91%,89%,78%,82%,74%,80%,77%,67%,68%,82%,75%,90%,85%,92%,78%,85%,88%,N/A,86%,88%,91%,82%,79%,84%,80%,75%,75%,N/A,71%,76%,82%,92%,89%,94%,84%,88%,100%,N/A,85%,94%,92%
27Q650,"High School for Construction Trades, Engineering and Architecture",Excellent,Excellent,Good,www.hsforctea.org,Lakeisha Gordon,"09,10,11,12,SE",1076,"D75 Special Education Inclusive Services, Screened",Local Support and Improvement,94-06 104 Street,"Queens, NY 11416",718-846-6280,34%,8%,40%,6%,2%,8%,1%,15%,68%,39%,61%,0%,85%,"Boys: Badminton,Baseball,Basketball,Cross Country,Indoor Track,Outdoor Track; Girls: Basketball,Cross Country,Handball,Indoor Track,Outdoor Track,Soccer,Softball,Volleyball; Co-Ed: Cricket","Anime/Manga Club, Architectural & Design Club, Art Club, Book Club, Bring Change to Mind, Chess Club, Computer Animation Club, Construction & OSHA Club, FIRST Robotics Team, Relationship education for Diverse Individuals (REDI), Girls Club, History Club, Minecraft Club, Music Club, Muslim Student Association (MSA), National Honor Society (NHS), Philosophy Club, Robotics, Rubiks Cube Club, SkillsUSA, Stock Market Club, Student Government (SGO), Tabletop Gaming Club, Theater Arts Program, Video Game Club, Yearbook Club, Any club a student group wishes to create is also welcome","Studio Art, Visual Art, Painting",Career & Technical Education; NYC Solves,14%,16%,18%,0%,0%,50%,15.5,88%,74%,74%,76%,84%,50%,76%,88%,74%,94%,79%,78,96%,81%,569 (53%),531 (49%),37% (284),7% (55),40% (311),5% (41),2% (13),7% (51),Excellent,94%,N/A,N/A,97%,N/A,N/A,99%,99%,96%,99%,N/A,N/A,100%,99%,99%,N/A,97%,84%,93%,95%,92%,92%,91%,80%,92%,100%,88%,81%,89%,89%,89%,89%,91%,80%,85%,100%,85%,88%,97%,94%,88%,83%,84%,94%,81%,89%,75%,77%,88%,86%,91%,68%,95%,76%,54%,62%,51%,51%,54%,25%,40%,88%,59%,92%,94%,96%,91%,91%,100%,88%,100%,91%,81%,81%,79%,81%,91%,50%,83%,88%,76%,91%,83%,89%,94%,80%,75%,N/A,82%,N/A,79%,80%,72%,69%,94%,69%,67%,N/A,77%,N/A,81%,93%,90%,92%,93%,93%,86%,N/A,85%,N/A,90%
28Q157,J.H.S. 157 Stephen A. Halsey,,Good,Good,www.schools.nyc.gov/schools/Q157,Angela Ancona Lisa,"06,07,08,09,SE",7,N/A,Local Support and Improvement,63-55 102 Street,"Queens, NY 11374",718-830-4910,14%,29%,29%,0%,0%,29%,29%,100%,89%,29%,71%,0%,82%,Boys: N/A; Girls: N/A; Co-Ed: N/A,N/A,"Visual Art, Mixed Choir, Dance, Concert Band, Computer Art / Digital Art, Acting",DYCD: COMPASS/SONYC; Project Pivot,9%,N/A (fewer than 5 teachers),7%,0%,0%,75%,0.6,88%,59%,48%,59%,N/A,N/A,59%,68%,46%,88%,70%,N/A,N/A,N/A,,,N/A,N/A,N/A,N/A,N/A,N/A,N/A,97%,3%,0%,98%,N/A,N/A,N/A,N/A,N/A,N/A,N/A,N/A,N/A,N/A,N/A,N/A,N/A,85%,94%,97%,94%,90%,N/A,N/A,94%,86%,90%,69%,85%,85%,85%,84%,100%,N/A,86%,81%,82%,91%,99%,98%,87%,N/A,N/A,N/A,N/A,N/A,N/A,N/A,N/A,N/A,N/A,N/A,96%,74%,52%,51%,54%,51%,80%,N/A,53%,62%,59%,92%,95%,88%,92%,100%,N/A,91%,90%,92%,82%,81%,74%,82%,67%,N/A,84%,80%,76%,94%,87%,88%,83%,91%,N/A,N/A,85%,93%,86%,80%,66%,65%,89%,67%,N/A,N/A,67%,79%,84%,97%,95%,96%,88%,96%,N/A,N/A,94%,100%,92%
28Q167,Metropolitan Expeditionary Learning School,Good,Good,Good,metropolitanels.com,Damon Mccord,"06,07,08,09,10,11,12,SE",474,Open,Targeted Support and Improvement,91-30 Metropolitan Avenue,"Queens, NY 11375",718-286-3500,21%,8%,51%,6%,<1%,10%,5%,18%,67%,43%,57%,0%,73%,"Boys: Badminton,Baseball,Basketball,Cross Country,Indoor Track,Outdoor Track,Soccer,Volleyball,Wrestling; Girls: Badminton,Basketball,Cross Country,Indoor Track,Outdoor Track,Soccer,Softball,Swimming,Volleyball; Co-Ed: Stunt",Gender Sexuality Alliance (GSA),"String Orchestra, Studio Art, Graphic Design, Printmaking, Visual Art",NYC Solves; PROSE,14%,12%,14%,0%,0%,55%,3.1,89%,66%,58%,56%,65%,N/A,46%,64%,54%,89%,64%,61,57%,78%,120 (25%),236 (50%),23% (68),8% (25),49% (148),6% (18),<1% (2),9% (28),Fair,80%,N/A,N/A,98%,N/A,N/A,98%,100%,N/A,97%,N/A,N/A,N/A,97%,100%,N/A,100%,80%,90%,91%,90%,90%,97%,N/A,81%,80%,87%,71%,80%,77%,88%,81%,81%,N/A,78%,85%,80%,87%,96%,86%,77%,73%,82%,69%,68%,82%,N/A,57%,71%,64%,89%,58%,96%,69%,50%,61%,51%,45%,48%,N/A,48%,55%,56%,87%,89%,85%,86%,88%,N/A,89%,86%,81%,75%,77%,78%,72%,88%,N/A,71%,75%,69%,91%,78%,79%,91%,75%,75%,N/A,75%,N/A,83%,85%,74%,85%,80%,72%,85%,N/A,55%,N/A,86%,92%,91%,93%,91%,87%,100%,N/A,89%,N/A,96%
28Q284,York Early College Academy,Excellent,Excellent,Good,yorkearlycollegeacademy.com,Deborah Krempa,"06,07,08,09,10,11,12,SE",327,Screened,Local Support and Improvement,108-35 167 Street,"Queens, NY 11433",718-262-8547,23%,51%,11%,8%,4%,1%,0%,15%,55%,51%,49%,0%,81%,"Boys: Basketball,Bowling,Indoor Track,Outdoor Track; Girls: Indoor Track,Outdoor Track,Softball,Table Tennis,Volleyball; Co-Ed: Cricket",Gender Sexuality Alliance (GSA),"Theater / Play Production, Painting",DYCD: COMPASS/SONYC; NYC Solves; Project Pivot,N/A (fewer than 5 teachers),27%,18%,0%,0%,42%,1.7,76%,55%,45%,49%,60%,42%,33%,75%,57%,67%,58%,85,100%,85%,,137 (42%),25% (73),50% (144),10% (30),8% (23),4% (13),<1% (2),Needs Improvement,100%,0%,0%,100%,0%,0%,100%,N/A,100%,N/A,N/A,N/A,N/A,100%,100%,N/A,100%,85%,92%,96%,91%,91%,90%,92%,83%,83%,94%,68%,84%,88%,82%,85%,87%,67%,83%,56%,88%,93%,100%,100%,90%,84%,81%,83%,88%,94%,100%,N/A,N/A,90%,91%,71%,96%,75%,52%,54%,51%,51%,51%,69%,67%,70%,66%,92%,95%,92%,93%,91%,92%,67%,70%,95%,78%,79%,76%,78%,80%,77%,83%,70%,80%,95%,87%,82%,89%,89%,88%,78%,N/A,N/A,89%,84%,74%,76%,81%,61%,65%,44%,N/A,N/A,83%,93%,92%,92%,93%,88%,95%,88%,N/A,N/A,87%
28Q310,Queens Collegiate: A College Board School,Fair,Good,Fair,www.schools.nyc.gov/schools/Q310,James Harrell,"06,07,08,09,10,11,12,SE",455,Ed. Opt.,Local Support and Improvement,167-01 Gothic Drive,"Jamaica, NY 11432",718-658-4016,25%,29%,31%,5%,2%,4%,18%,12%,78%,50%,50%,0%,76%,"Boys: Baseball,Basketball,Bowling,Fencing,Football,Lacrosse,Outdoor Track,Soccer,Swimming,Tennis,Volleyball,Wrestling; Girls: Basketball,Bowling,Cross Country,Flag Football,Indoor Track,Outdoor Track,Soccer,Softball,Swimming,Volleyball; Co-Ed: Cricket,Golf,Stunt","Coding Club, Community Service Club, Culture Committee,Gender Sexuality Alliance (GSA), Muslim Student Association, Student Government Association, Student Restorative Team (QC Voices), Video Game Club. Students are also able to start their own clubs.","Mixed Media, Mixed Choir, Piano Keyboard, Concert Band, Dramatic Literature",CS for All; DYCD: COMPASS/SONYC; Future Ready NYC; NYC Solves; Project Pivot,16%,27%,12%,0%,0%,39%,4.1,88%,61%,50%,50%,67%,20%,50%,76%,57%,61%,58%,51,64%,68%,108 (24%),229 (50%),22% (64),31% (90),28% (80),5% (13),2% (7),4% (12),Fair,94%,N/A,N/A,94%,N/A,N/A,90%,100%,92%,74%,N/A,N/A,N/A,96%,83%,74%,60%,75%,90%,86%,90%,95%,88%,89%,78%,92%,87%,64%,77%,76%,82%,69%,90%,55%,90%,74%,83%,75%,78%,71%,83%,79%,81%,83%,74%,82%,100%,56%,87%,95%,89%,65%,95%,68%,51%,59%,47%,48%,55%,64%,40%,66%,63%,89%,92%,87%,90%,86%,91%,60%,96%,87%,72%,73%,69%,73%,83%,64%,50%,82%,81%,91%,88%,85%,89%,91%,N/A,N/A,N/A,95%,89%,87%,87%,78%,91%,89%,N/A,N/A,N/A,78%,89%,77%,92%,92%,94%,95%,N/A,N/A,N/A,100%,95%
28Q325,Hillside Arts & Letters Academy,Good,Good,Good,hillsidearts.org,Raquel Nolasco,"09,10,11,12,SE",405,Ed. Opt.,Local Support and Improvement,167-01 Gothic Drive,"Jamaica, NY 11432",718-658-1249,24%,31%,38%,4%,<1%,1%,24%,13%,80%,51%,49%,0%,83%,"Boys: Baseball,Basketball,Bowling,Fencing,Football,Lacrosse,Outdoor Track,Soccer,Swimming,Tennis,Volleyball,Wrestling; Girls: Basketball,Bowling,Cross Country,Flag Football,Indoor Track,Outdoor Track,Soccer,Softball,Swimming,Volleyball; Co-Ed: Cricket,Golf,Stunt",N/A,"Concert Band, Painting, Drawing, Fashion and Textile Design, Dance Improvisation, Portfolio Development, Photography, Music History, Piano Keyboard, Voice and Diction, and more",Career Readiness and Modern Youth Apprenticeship; Future Ready NYC; NYC Solves,N/A (fewer than 5 teachers),N/A (fewer than 5 teachers),24%,0%,0%,41%,10.2,90%,76%,60%,73%,38%,N/A,100%,83%,50%,93%,90%,49,47%,70%,90 (22%),153 (38%),22% (49),34% (74),37% (81),5% (10),<1% (2),<1% (1),Excellent,100%,0%,0%,90%,N/A,N/A,90%,100%,86%,92%,N/A,N/A,N/A,94%,87%,83%,93%,86%,93%,95%,94%,90%,100%,N/A,100%,89%,94%,82%,89%,90%,89%,90%,67%,N/A,100%,94%,77%,94%,87%,100%,91%,90%,92%,90%,87%,100%,N/A,100%,91%,94%,82%,52%,96%,83%,64%,67%,64%,57%,78%,N/A,83%,59%,64%,95%,96%,95%,94%,100%,N/A,83%,94%,97%,80%,83%,76%,83%,67%,N/A,67%,86%,82%,95%,87%,82%,93%,88%,N/A,N/A,100%,90%,100%,81%,76%,71%,79%,77%,N/A,N/A,67%,78%,81%,97%,97%,98%,92%,98%,N/A,N/A,100%,95%,100%
28Q328,High School for Community Leadership,Excellent,Good,Excellent,www.schools.nyc.gov/schools/Q328,Carlos Borrero,"09,10,11,12,SE",492,Ed. Opt.,Local Support and Improvement,167-01 Gothic Drive,"Jamaica, NY 11432",718-558-9801,28%,26%,36%,4%,1%,3%,16%,15%,74%,46%,54%,0%,92%,"Boys: Baseball,Basketball,Bowling,Fencing,Football,Lacrosse,Outdoor Track,Soccer,Swimming,Tennis,Volleyball,Wrestling; Girls: Basketball,Bowling,Cross Country,Flag Football,Indoor Track,Outdoor Track,Soccer,Softball,Swimming,Volleyball; Co-Ed: Cricket,Golf,Stunt",N/A,"Visual Art, Studio Art, Core Music, Music Theory / Musicianship, Acting, Photography, Art Management / Business, Art History, Concert Band, Classroom Music",NYC Solves,N/A (fewer than 5 teachers),N/A (fewer than 5 teachers),25%,0%,0%,43%,15.2,64%,86%,76%,77%,83%,N/A,73%,89%,66%,81%,72%,61,55%,75%,132 (27%),267 (54%),29% (102),28% (99),34% (120),4% (14),1% (5),3% (10),Excellent,98%,N/A,N/A,96%,N/A,N/A,98%,96%,100%,98%,N/A,N/A,N/A,98%,98%,88%,100%,88%,95%,97%,94%,95%,100%,N/A,100%,92%,97%,83%,94%,92%,95%,92%,100%,N/A,92%,89%,94%,98%,100%,100%,88%,80%,82%,81%,76%,100%,N/A,77%,75%,81%,86%,51%,98%,82%,63%,69%,56%,60%,83%,N/A,77%,61%,66%,93%,94%,96%,93%,92%,N/A,77%,90%,88%,82%,88%,75%,82%,92%,N/A,75%,79%,91%,96%,91%,89%,82%,100%,N/A,N/A,N/A,100%,100%,82%,78%,80%,77%,74%,N/A,N/A,N/A,73%,100%,98%,96%,94%,95%,100%,N/A,N/A,N/A,100%,100%
28Q350,Jamaica Gateway to the Sciences,Good,Good,Good,jamaicagateway.org,Neeta Ahmed,"09,10,11,12,SE",525,Ed. Opt.,Local Support and Improvement,167-01 Gothic Drive,"Jamaica, NY 11432",718-480-2689,43%,23%,23%,6%,1%,2%,16%,12%,78%,52%,48%,0%,74%,"Boys: Baseball,Basketball,Bowling,Fencing,Football,Lacrosse,Outdoor Track,Soccer,Swimming,Tennis,Volleyball,Wrestling; Girls: Basketball,Bowling,Cross Country,Flag Football,Indoor Track,Outdoor Track,Soccer,Softball,Swimming,Volleyball; Co-Ed: Cricket,Golf,Stunt","Book Club, A.C.E., ARISTA: National Honor Society (By invitation only), Mock Trial Competition/Law Team, Medical Club, Robotics Team, Yearbook Club, Strategic Board Game Club,Gender Sexuality Alliance (GSA), Creativity Club, School Newspaper, Anime Club, Royalty Stepperz, Social Justice Club, Kindness Club, MASS, Girl's Empowerment Club, United Nations Club, Student Council","Core Music, Theater, Mixed Media, Photography, Art History",NYC Solves; Project Pivot,21%,N/A (fewer than 5 teachers),N/A (fewer than 5 teachers),0%,0%,48%,2.1,86%,70%,66%,78%,72%,N/A,100%,86%,64%,86%,76%,57,60%,82%,176 (34%),222 (42%),48% (144),19% (58),22% (65),5% (16),1% (4),2% (5),Excellent,95%,N/A,N/A,97%,N/A,N/A,88%,91%,93%,81%,N/A,N/A,N/A,96%,80%,77%,82%,78%,90%,88%,89%,93%,89%,N/A,100%,86%,86%,76%,82%,79%,77%,89%,88%,N/A,100%,85%,85%,71%,86%,67%,85%,84%,86%,83%,86%,84%,N/A,71%,87%,90%,89%,67%,95%,71%,48%,51%,38%,45%,45%,N/A,57%,53%,41%,93%,93%,87%,97%,95%,N/A,100%,96%,90%,73%,75%,64%,70%,72%,N/A,100%,81%,76%,89%,85%,83%,87%,89%,80%,N/A,71%,91%,67%,79%,73%,71%,78%,75%,50%,N/A,71%,79%,91%,94%,94%,96%,94%,90%,89%,N/A,100%,100%,82%
28Q440,Forest Hills High School,Good,,,www.foresthillshs.org/,Paul Wilbur,"09,10,11,12,SE",3415,"Audition, Ed. Opt., Language Criteria, Screened, Zoned Guarantee",Local Support and Improvement,67-01 110 Street,"Queens, NY 11375",718-268-3137,25%,7%,41%,<1%,<1%,24%,12%,14%,69%,50%,50%,<1%,92%,"Boys: Baseball,Basketball,Bowling,Cross Country,Handball,Indoor Track,Outdoor Track,Soccer,Tennis,Volleyball,Wrestling; Girls: Basketball,Bowling,Cross Country,Handball,Indoor Track,Lacrosse,Outdoor Track,Soccer,Softball,Tennis,Volleyball; Co-Ed: N/A","Animal Rights Club, Anime Club, Astro Club, Art Club, BlackLatinX Student Union, Bollywood Club, Bukharian Club, Calligraphy Club, Cancer Awareness Society, Chess Club, Chinese Club, Christian Seekers, Comic Book Club, Dance Club, Dance Marathon, FIMRC, Girl Up Club, Girls Who Code, Green Team, Electric Guitar Club, Japanese Club, Judaica Club, Korean Club, Key Club, Lacrosse Club, Law Association, Le Cercle Francais,Gender Sexuality Alliance (GSA), Math Study Club, Mental Health Awareness, Model UN, Muslim Student Association, Operation Smile, Photography Club, Political Awareness Club, Red Cross Club, Rocketry Club, Spirit Team, Sports Fanatic Club, STEM Council, Tutoring Club, Video Game Club, National Honor Society, Robotics Team, Science Olympiad, We The People, Forester (Yearbook Club), African Dance, Chinese Dance, Mexican Dance, Student Government, The Beacon (School Newspaper)","Core Music, Theater, Mixed Choir, Mixed Media, Music Theory / Musicianship, String Orchestra, Concert Band, Illustration, Graphic Design, Percussion, and more",Career & Technical Education; Dual Language or TBE; DYCD: COMPASS/SONYC; Future Ready NYC; NYC Solves,17%,2%,14%,0%,0%,61%,6.2,91%,69%,76%,72%,N/A,N/A,70%,89%,67%,51%,33%,61,65%,76%,1049 (31%),1669 (49%),30% (633),7% (144),36% (768),<1% (16),<1% (10),24% (508),Needs Improvement,98%,2%,0%,97%,N/A,N/A,90%,96%,79%,87%,N/A,N/A,93%,94%,87%,82%,72%,N/A,93%,94%,97%,93%,N/A,N/A,90%,95%,93%,N/A,84%,80%,86%,85%,N/A,N/A,86%,95%,78%,N/A,69%,67%,N/A,82%,81%,95%,82%,N/A,N/A,80%,84%,82%,93%,80%,96%,N/A,60%,61%,66%,54%,N/A,N/A,66%,81%,71%,93%,94%,97%,93%,N/A,N/A,91%,100%,93%,82%,83%,92%,80%,N/A,N/A,82%,89%,81%,N/A,91%,91%,90%,90%,N/A,N/A,93%,97%,90%,N/A,82%,76%,83%,85%,N/A,N/A,88%,97%,88%,N/A,96%,96%,100%,96%,N/A,N/A,97%,100%,96%
28Q505,Hillcrest High School,Good,Excellent,Good,www.hillcrestweb.com,Varun Rule-Pandey,"09,10,11,12,SE",2352,"ASD/ACES Program, Audition, Ed. Opt., Screened, Zoned Guarantee",Local Support and Improvement,160-05 Highland Avenue,"Queens, NY 11432",718-658-5407,26%,24%,39%,6%,1%,3%,26%,11%,83%,51%,49%,<1%,89%,"Boys: Baseball,Basketball,Bowling,Cross Country,Indoor Track,Outdoor Track,Soccer,Tennis,Volleyball,Wrestling; Girls: Basketball,Bowling,Cross Country,Gymnastics,Handball,Indoor Track,Outdoor Track,Soccer,Softball,Tennis,Volleyball; Co-Ed: Cricket,Golf","ACTIVITIES My Brother's Keeper, My Sister's Keeper, Yoga And Meditation Club, Book Club, NYPD Explorers Club, Cheerleading Club, Health Sciences Club, Anime Club, FDNY Explorers Club, Dungeons & Dragons Club, Glee Club, Guitar Club, K-Pop Club, Teens On Point, Photography Club, French Club, Ping Pong Club,Gender Sexuality Alliance (GSA), Debate Team, Mock Trail/Moot Court, Student Council, National Honor Society, Weight Lifting, Governing Club, Coding Club, Green Team, Wellness Club, Students Unmuted, Skateboard Club, South Asian Student Alliance","Guitar, Studio Art, Concert Band, Acting, Classroom Music, Portfolio Development, Playwriting, Theater Survey, Piano Keyboard, String Orchestra, and more",Career & Technical Education; Dual Language or TBE; Future Ready NYC; NYC Solves,20%,15%,17%,0%,0%,46%,1.7,90%,76%,65%,76%,67%,80%,69%,88%,67%,90%,81%,49,63%,62%,604 (26%),682 (29%),32% (349),28% (310),27% (300),7% (71),2% (17),3% (33),Needs Improvement,98%,N/A,N/A,96%,N/A,N/A,85%,95%,87%,76%,85%,N/A,N/A,90%,80%,67%,71%,81%,90%,93%,89%,89%,90%,93%,83%,87%,82%,72%,83%,86%,84%,81%,86%,81%,74%,78%,80%,92%,96%,98%,88%,82%,85%,80%,82%,87%,86%,73%,81%,86%,87%,60%,95%,78%,56%,63%,48%,56%,53%,69%,49%,59%,66%,91%,92%,86%,93%,91%,93%,89%,91%,93%,80%,81%,74%,83%,79%,83%,63%,85%,83%,93%,87%,84%,86%,90%,86%,85%,84%,92%,94%,77%,75%,71%,69%,79%,75%,70%,78%,84%,89%,95%,93%,94%,92%,94%,92%,88%,88%,96%,98%
28Q620,Thomas A. Edison Career and Technical Education High School,Excellent,Good,Good,www.taehs.org/,Moses Ojeda,"09,10,11,12,SE",2138,"ASD/ACES Program, D75 Special Education Inclusive Services, Ed. Opt., Screened",Local Support and Improvement,165-65 84 Avenue,"Queens, NY 11432",718-297-6580,46%,17%,26%,5%,1%,3%,3%,15%,66%,40%,60%,0%,94%,"Boys: Badminton,Baseball,Basketball,Bowling,Cross Country,Handball,Indoor Track,Outdoor Track,Soccer,Tennis,Volleyball,Wrestling; Girls: Badminton,Basketball,Bowling,Cross Country,Indoor Track,Outdoor Track,Soccer,Softball,Volleyball; Co-Ed: Cricket","Leadership Organization(s): DECA, HOSA, National Honor Society (NHS), National Technical Honor Society (NTHS), New York State Science Honor Society (NYSSHS), SkillsUSA, JROTC and Student Council , School Club(s): Acoustic Guitar Club, Actively Caring at Edison (ACE), Anime Club, Art Club, Asian Multicultural Alliance (AMA), Automotive Competition Club (ACC), Badminton Club, Bhangra Club, Black Student Union (BSU), Book Club, Chapters of Edison Podcast (COEP), Cheerleading/Dance Squad, Chess Team, Club Of Data Engineers (CODE), College & Career Readiness Club, Connections Council, Debate Club, Drone Academy, ESports, Edison Newsletter, Edison Teen Voices, Electric Guitar Club, Fashion Club,Gender Sexuality Alliance (GSA), Glamour Gals and Guys, Guitar Club, Key Club, Math Club, Media Club, Minorities United Club, Model UN, Muslim Student Organization (MSO), Pit Crew, Poetry Club, Science & Eco Engaged Club, Society of Film Appreciation (SOFA), Tech/Sound Crew, Robotics Club, Yearbook Committee, True Crime Experts, Volleyball Club, We The People Club, and Wrestling.","Visual Art, Core Music, Graphic Design, Computer Art / Digital Art, Art History",Career & Technical Education; Career Readiness and Modern Youth Apprenticeship; CS for All; Future Ready NYC; NYC Solves; PROSE,14%,12%,19%,N/A (fewer than 5 teachers),0%,50%,13,85%,80%,73%,81%,85%,76%,84%,71%,71%,77%,67%,75,92%,86%,563 (26%),1009 (47%),51% (665),15% (194),23% (306),5% (65),2% (23),3% (40),Excellent,98%,N/A,N/A,98%,N/A,N/A,95%,94%,95%,94%,100%,N/A,100%,98%,93%,86%,90%,79%,95%,95%,93%,95%,96%,100%,95%,95%,93%,81%,91%,91%,89%,92%,94%,84%,88%,90%,87%,72%,73%,70%,88%,88%,87%,88%,88%,92%,90%,90%,93%,90%,92%,75%,96%,77%,58%,59%,55%,55%,69%,70%,63%,67%,64%,95%,95%,94%,96%,98%,100%,96%,98%,94%,87%,88%,79%,88%,94%,90%,85%,88%,87%,90%,87%,88%,82%,92%,85%,88%,75%,95%,93%,81%,74%,72%,77%,77%,83%,69%,59%,84%,84%,96%,94%,95%,95%,95%,92%,93%,89%,100%,97%
28Q680,Queens Gateway to Health Sciences Secondary School,Excellent,Good,Fair,www.queensgateway.org/,Judy Henry,"06,07,08,09,10,11,12,SE",409,Screened,Local Support and Improvement,160-20 Goethals Avenue,"Queens, NY 11432",718-969-3155,50%,19%,19%,7%,2%,2%,2%,14%,61%,58%,42%,0%,50%,"Boys: Basketball,Cross Country,Indoor Track,Outdoor Track,Rugby,Soccer; Girls: Cross Country,Indoor Track,Outdoor Track,Rugby,Volleyball; Co-Ed: N/A","Student Government, New York Edge, Multicultural Club, Senior Council, Spirit Squad, Black History Month Performance, FED Challenge, Theater and Drama Club, Medical Research, Art and Design Club, Debate Club, Film Club, Model UN,Gender Sexuality Alliance (GSA)","Photography, Drawing",DYCD: COMPASS/SONYC; NYC Solves,14%,25%,N/A (fewer than 5 teachers),0%,0%,50%,13.4,91%,65%,53%,74%,65%,62%,70%,73%,54%,95%,95%,89,94%,96%,404 (99%),251 (61%),50% (204),19% (78),18% (73),7% (28),2% (8),2% (10),Excellent,95%,N/A,N/A,95%,N/A,N/A,100%,100%,100%,100%,N/A,N/A,N/A,100%,100%,N/A,N/A,82%,90%,90%,84%,93%,100%,88%,100%,91%,82%,71%,76%,76%,68%,80%,93%,75%,90%,91%,61%,71%,89%,63%,82%,77%,79%,80%,67%,67%,80%,88%,78%,74%,94%,81%,96%,67%,41%,43%,29%,45%,36%,50%,58%,54%,52%,89%,87%,90%,92%,96%,88%,100%,92%,83%,70%,75%,55%,64%,70%,62%,92%,62%,67%,88%,78%,74%,86%,79%,82%,N/A,N/A,100%,96%,84%,75%,73%,78%,80%,67%,N/A,N/A,80%,84%,90%,86%,83%,85%,92%,100%,N/A,N/A,100%,100%
28Q686,Queens Metropolitan High School,Good,Good,Good,www.queensmetro.com,William Johnson,"09,10,11,12,SE",1068,"D75 Special Education Inclusive Services, Zoned Priority",Local Support and Improvement,91-30 Metropolitan Avenue,"Queens, NY 11375",718-286-3600,10%,3%,49%,<1%,<1%,35%,8%,16%,58%,48%,52%,0%,89%,"Boys: Badminton,Baseball,Basketball,Cross Country,Indoor Track,Outdoor Track,Soccer,Volleyball,Wrestling; Girls: Badminton,Basketball,Cross Country,Indoor Track,Outdoor Track,Soccer,Softball,Swimming,Volleyball; Co-Ed: Stunt","Art Club, Bakery Club, Black Student Union, Chess Club, Council for Unity, Culinary Club, Football Club,Gender Sexuality Alliance (GSA), Jewelry and Design Club, JROTC, Key Club, Knitting and Crochet Club, Metro Dance Team, Music Club, OWN Club, Ping Pong Club, Queens DA Office of Hope & Leadership, Speech & Debate Club, Video Game Club","Core Music, Mixed Media, Filmmaking / Video, Photography, Visual Art, Studio Art",CS for All; Future Ready NYC; NYC Solves,10%,N/A (fewer than 5 teachers),12%,0%,0%,66%,1.9,98%,80%,78%,86%,71%,N/A,89%,91%,88%,88%,67%,67,87%,69%,319 (30%),380 (36%),11% (90),3% (24),47% (386),<1% (7),<1% (4),37% (303),Fair,96%,N/A,N/A,89%,0%,11%,92%,100%,N/A,91%,N/A,N/A,93%,97%,88%,85%,78%,78%,92%,89%,79%,93%,89%,N/A,93%,85%,88%,78%,88%,86%,74%,89%,67%,N/A,89%,87%,87%,75%,75%,62%,92%,89%,96%,92%,86%,78%,N/A,90%,82%,91%,91%,73%,96%,75%,52%,52%,50%,45%,89%,N/A,61%,51%,53%,92%,95%,88%,91%,78%,N/A,94%,90%,91%,83%,80%,65%,81%,89%,N/A,89%,80%,82%,94%,88%,89%,83%,89%,N/A,N/A,85%,100%,83%,83%,75%,79%,75%,77%,N/A,N/A,70%,77%,80%,96%,95%,100%,100%,93%,N/A,N/A,95%,100%,90%
28Q687,Queens High School for the Sciences at York College,Excellent,Good,Fair,qhss.org,Ana De Jesus,"09,10,11,12",494,Test,Local Support and Improvement,94-50 159 Street,"Queens, NY 11433",718-657-3181,78%,5%,9%,1%,1%,4%,<1%,2%,50%,40%,60%,0%,63%,"Boys: Badminton,Bowling,Handball,Swimming,Tennis; Girls: Badminton,Bowling,Volleyball; Co-Ed: N/A","Amnesty International, Green Team, Cardinal FOSS/QHSS Hack, QHSS Programming, Asian American Association (Sub CCC), QHSS Badminton, Basketball, Track, Volleyball, NPFH (No Place for Hate), QHSS: ACT!, Model UN, Photography, QHSS Newspaper, eSports,Gender Sexuality Alliance (GSA), MoreMedics, MSA, QHSS Craft, USK Art, QHSS Bookworms/Veritas, QHSS Make-A-Wish, QHSS Chess, Sigma Sorority, Physics","String Orchestra, Visual Art, Concert Band, Graphic Design, Digital Photography, Core Music, Painting, Drawing",N/A,23%,N/A (fewer than 5 teachers),N/A (fewer than 5 teachers),0%,0%,46%,8.8,77%,74%,62%,74%,40%,80%,71%,N/A,N/A,32%,21%,99,100%,94%,494 (100%),290 (59%),78% (383),5% (23),9% (43),1% (7),1% (6),4% (22),N/A,100%,0%,0%,85%,N/A,N/A,100%,100%,N/A,N/A,N/A,N/A,N/A,100%,100%,N/A,N/A,84%,94%,93%,94%,100%,100%,100%,100%,N/A,N/A,82%,92%,92%,82%,88%,N/A,N/A,100%,N/A,N/A,50%,68%,26%,86%,84%,84%,76%,86%,83%,N/A,93%,N/A,N/A,97%,93%,97%,72%,63%,64%,60%,69%,17%,N/A,50%,N/A,N/A,93%,92%,94%,97%,83%,N/A,100%,N/A,N/A,80%,82%,65%,83%,50%,N/A,67%,N/A,N/A,87%,87%,86%,100%,94%,N/A,N/A,100%,N/A,83%,75%,60%,60%,60%,67%,N/A,N/A,71%,N/A,83%,91%,89%,88%,100%,93%,N/A,N/A,100%,N/A,100%
28Q690,High School for Law Enforcement and Public Safety,Fair,Good,Good,hsleaps.org,Laura Van Deren,"09,10,11,12,SE",552,"D75 Special Education Inclusive Services, Ed. Opt.",Local Support and Improvement,116-25 Guy R Brewer Boulevard,"Queens, NY 11434",718-977-4800,13%,48%,32%,3%,2%,1%,20%,24%,84%,48%,52%,0%,84%,"Boys: Basketball,Cross Country,Indoor Track,Outdoor Track,Volleyball; Girls: Cross Country,Indoor Track,Outdoor Track,Softball,Volleyball; Co-Ed: N/A",Step/Dance/Music Production/Art/Gaming/Multi-cultural club/MBSK/Student Government/Drama/NYPD Explorers/Girls on Point/Drama/ Japanese/Horticulture/Movie Club/Chess/Gender Sexuality Alliance (GSA),"Fashion and Textile Design, Three-Dimensional Art, Studio Art, Music Enterprise, Management, and Careers, Visual Art",NYC Solves; Project Pivot,12%,37%,N/A (fewer than 5 teachers),0%,0%,32%,11.7,68%,66%,56%,69%,50%,N/A,N/A,85%,44%,89%,84%,35,29%,52%,68 (12%),137 (25%),16% (30),52% (95),25% (46),3% (5),1% (2),2% (4),Fair,97%,N/A,N/A,87%,0%,13%,89%,N/A,95%,88%,N/A,N/A,N/A,97%,83%,83%,83%,77%,90%,81%,93%,90%,83%,100%,N/A,85%,91%,66%,83%,81%,86%,80%,80%,80%,N/A,85%,82%,87%,89%,92%,84%,77%,88%,72%,76%,67%,100%,N/A,86%,80%,91%,77%,96%,74%,43%,59%,38%,41%,50%,60%,N/A,46%,45%,92%,91%,92%,92%,83%,100%,N/A,90%,89%,70%,81%,74%,62%,50%,80%,N/A,75%,71%,92%,86%,100%,74%,92%,100%,N/A,N/A,100%,92%,83%,86%,75%,96%,85%,N/A,N/A,N/A,83%,100%,90%,93%,100%,85%,100%,N/A,N/A,N/A,100%,100%
28Q896,"Young Women's Leadership School, Queens",Excellent,Fair,Good,www.schools.nyc.gov/schools/Q896,Mala Panday,"06,07,08,09,10,11,12,SE",283,Screened,Local Support and Improvement,150-91 87 Road,"Queens, NY 11432",718-725-0402,45%,30%,16%,2%,2%,2%,9%,18%,75%,100%,0%,0%,60%,"Boys: N/A; Girls: Badminton,Bowling,Cross Country,Indoor Track,Outdoor Track; Co-Ed: N/A","MS QCH Afterschool, Monday Funday, Music Lessons, Sewing Club, Fun With Robotics, Art Portfolio Club, Shining Stars, Modern Band, Math Club, Student Government, Muslim Student Association, SAT Prep, I AM ME, MS Science Honor Society, Cooking Club, Drop Everything And Read, Dreamers Alliance, Debate Team, Anime Club, HS Senior Activities Committee, HS Senior Yearbook Committee, HS Senior Fund Raising Committee, HS Prom Committee, HS Graduation Committee, HS Volleyball Club, MS Champs Fitness Club, MS Champs Track and Field, Step Club","Mixed Choir, Studio Art, Filmmaking / Video, Art History",DYCD: COMPASS/SONYC; NYC Solves; Project Pivot,16%,26%,16%,0%,0%,42%,12.2,79%,26%,28%,24%,33%,17%,56%,30%,30%,70%,33%,79,86%,86%,172 (61%),97 (34%),46% (81),33% (58),13% (24),2% (4),2% (4),2% (4),Needs Improvement,78%,22%,0%,91%,0%,9%,99%,100%,94%,N/A,N/A,N/A,N/A,99%,N/A,N/A,93%,75%,80%,78%,88%,80%,78%,83%,56%,76%,77%,62%,72%,75%,78%,59%,62%,67%,78%,70%,67%,73%,88%,77%,81%,72%,75%,70%,64%,N/A,N/A,N/A,71%,70%,90%,63%,97%,60%,32%,32%,36%,26%,33%,17%,56%,32%,35%,85%,83%,85%,86%,100%,80%,89%,81%,82%,52%,53%,61%,39%,67%,50%,78%,48%,52%,90%,85%,85%,88%,81%,80%,N/A,N/A,84%,88%,84%,78%,77%,86%,72%,60%,N/A,60%,79%,78%,92%,88%,90%,90%,85%,N/A,N/A,80%,100%,94%
29Q243,Institute for Health Professions at Cambria Heights,Excellent,Good,Good,www.ihpch.org,Gareth Robinson,"09,10,11,12,SE",462,Ed. Opt.,Local Support and Improvement,207- 01 116 Avenue,"Queens, NY 11411",718-723-7301,7%,71%,12%,2%,<1%,<1%,7%,11%,72%,67%,33%,0%,92%,"Boys: Basketball,Football,Indoor Track,Outdoor Track,Soccer,Volleyball; Girls: Badminton,Basketball,Bowling,Cross Country,Gymnastics,Indoor Track,Outdoor Track,Soccer,Softball,Tennis,Volleyball; Co-Ed: N/A","Anime Club Art Club Basketball Chick Chat 2.0 French Club Health Occupations Students of America (HOSA) IHPCH Voices (Journalism) Junior State of America (JSA) Korean Club Music Production National Honor Society Nursing Club Rose Club Today's Girl, Tomorrow's Woman Weight Training Writers Block Yearbook","Studio Art, Core Music",Career & Technical Education; Consortium; Project Pivot; PROSE,N/A (fewer than 5 teachers),38%,14%,N/A (fewer than 5 teachers),N/A (fewer than 5 teachers),43%,12.2,89%,67%,70%,77%,N/A,N/A,N/A,91%,61%,73%,54%,55,97%,59%,,256 (55%),7% (23),69% (234),13% (43),2% (6),0% (0),<1% (2),Excellent,100%,0%,0%,78%,0%,22%,97%,N/A,98%,N/A,N/A,N/A,N/A,99%,94%,N/A,86%,83%,93%,86%,94%,91%,N/A,N/A,N/A,88%,100%,75%,87%,82%,89%,86%,N/A,N/A,N/A,95%,89%,90%,92%,100%,90%,88%,77%,89%,94%,N/A,N/A,N/A,84%,84%,87%,51%,96%,79%,55%,41%,57%,65%,N/A,N/A,N/A,50%,60%,93%,90%,93%,97%,N/A,N/A,N/A,96%,100%,81%,71%,83%,79%,N/A,N/A,N/A,88%,75%,93%,83%,57%,91%,89%,N/A,N/A,N/A,89%,100%,77%,73%,71%,73%,67%,N/A,N/A,N/A,88%,80%,96%,89%,71%,89%,100%,N/A,N/A,N/A,100%,N/A
29Q248,Queens Preparatory Academy,Fair,Fair,,www.queensprepacademy.org,Avionne Gumbs Cummings,"09,10,11,12,SE",326,"Ed. Opt., Open",Local Support and Improvement,143-10 Springfield Boulevard,"Queens, NY 11413",718-712-2304,5%,73%,17%,2%,<1%,<1%,19%,18%,80%,38%,62%,0%,78%,"Boys: Baseball,Basketball,Football,Indoor Track,Outdoor Track,Soccer,Wrestling; Girls: Basketball,Flag Football,Indoor Track,Outdoor Track,Soccer,Softball,Tennis,Volleyball; Co-Ed: Cricket","AutoCad Architecture Drawing, Media Arts, Brotherhood and Sisterhood Leadership Groups, Student Advisory Council, Journalism Club, QPA Lit Journalism Website Publication, Modern Band, Film & Video Editing Club, Mouse Tech Squad,Gender Sexuality Alliance (GSA), LatinX Club.","Core Music, Concert Band",CS for All; Future Ready NYC; NYC Solves; Project Pivot,N/A (fewer than 5 teachers),35%,N/A (fewer than 5 teachers),0%,0%,30%,2,65%,100%,58%,80%,N/A,N/A,N/A,94%,40%,73%,64%,40,57%,54%,52 (16%),105 (32%),4% (6),85% (128),7% (11),2% (3),0% (0),2% (3),Fair,89%,11%,0%,75%,N/A,N/A,74%,N/A,79%,N/A,N/A,N/A,N/A,79%,71%,67%,75%,71%,91%,100%,93%,80%,N/A,N/A,N/A,79%,88%,65%,77%,86%,78%,79%,N/A,N/A,N/A,81%,68%,62%,73%,45%,82%,79%,88%,80%,70%,N/A,N/A,N/A,86%,82%,87%,62%,92%,69%,48%,75%,43%,67%,N/A,N/A,N/A,83%,45%,85%,100%,82%,90%,N/A,N/A,N/A,97%,86%,61%,88%,58%,62%,N/A,N/A,N/A,86%,57%,N/A,90%,N/A,87%,100%,N/A,N/A,N/A,100%,100%,N/A,89%,N/A,88%,89%,N/A,N/A,N/A,90%,100%,N/A,96%,N/A,94%,100%,N/A,N/A,N/A,100%,100%
29Q259,Pathways College Preparatory School: A College Board School,Excellent,Fair,Fair,pathwaysprep.org,Sylvan Haseley,"06,07,08,09,10,11,12,SE",461,Ed. Opt.,Local Support and Improvement,109-89 204 Street,"Queens, NY 11412",718-454-4957,6%,73%,14%,4%,1%,<1%,7%,17%,65%,51%,49%,0%,78%,"Boys: Basketball,Soccer,Swimming; Girls: Basketball,Flag Football,Indoor Track,Outdoor Track,Volleyball; Co-Ed: Double Dutch","Dance Company, Step, Cheer, Steel Drum Band, Anime Club, House System, Yearbook,Gender Sexuality Alliance (GSA), 3D Printing and Cyber Security","Dance, Core Music, Theater / Play Production, Filmmaking / Video",DYCD: COMPASS/SONYC; Future Ready NYC; NYC Solves,8%,52%,N/A (fewer than 5 teachers),0%,0%,32%,5.2,85%,37%,42%,45%,34%,60%,N/A,58%,46%,82%,89%,63,94%,77%,173 (38%),87 (19%),6% (27),74% (333),14% (62),4% (17),1% (5),<1% (2),Excellent,100%,0%,0%,98%,N/A,N/A,97%,N/A,99%,N/A,N/A,N/A,N/A,100%,92%,N/A,94%,80%,88%,89%,88%,89%,89%,N/A,N/A,84%,80%,57%,74%,72%,72%,86%,69%,100%,N/A,76%,77%,69%,76%,61%,86%,78%,88%,77%,73%,83%,N/A,N/A,74%,91%,95%,85%,95%,66%,39%,45%,37%,46%,32%,60%,N/A,40%,43%,87%,97%,85%,90%,88%,100%,N/A,80%,85%,67%,89%,64%,72%,62%,80%,N/A,69%,59%,88%,72%,N/A,73%,86%,60%,N/A,N/A,N/A,67%,85%,82%,N/A,80%,85%,89%,N/A,N/A,N/A,93%,83%,81%,N/A,83%,92%,70%,N/A,N/A,N/A,79%
29Q265,Excelsior Preparatory High School,Good,Good,Excellent,www.ephschool.com/,Rodney Orji,"09,10,11,12,SE",478,Ed. Opt.,Local Support and Improvement,143-10 Springfield Boulevard,"Queens, NY 11413",718-525-6507,4%,75%,17%,3%,<1%,<1%,14%,19%,77%,44%,56%,0%,80%,"Boys: Baseball,Basketball,Football,Indoor Track,Outdoor Track,Soccer,Wrestling; Girls: Basketball,Flag Football,Indoor Track,Outdoor Track,Soccer,Softball,Tennis,Volleyball; Co-Ed: Cricket",N/A,"Mixed Media, Core Music, Drawing, Graphic Design, Concert Band",Future Ready NYC; NYC Solves; Project Pivot,N/A (fewer than 5 teachers),41%,N/A (fewer than 5 teachers),N/A (fewer than 5 teachers),0%,29%,4,82%,67%,58%,54%,50%,N/A,N/A,79%,36%,97%,90%,50,51%,58%,243 (51%),224 (47%),4% (12),79% (253),13% (40),2% (6),<1% (3),1% (4),Excellent,97%,N/A,N/A,96%,N/A,N/A,92%,N/A,96%,77%,N/A,N/A,N/A,96%,89%,82%,85%,81%,84%,90%,86%,72%,67%,N/A,N/A,68%,77%,63%,74%,88%,73%,74%,80%,N/A,N/A,68%,79%,93%,100%,100%,84%,77%,80%,78%,71%,67%,N/A,N/A,80%,81%,90%,70%,96%,71%,50%,80%,48%,48%,60%,N/A,N/A,54%,47%,86%,90%,84%,89%,100%,N/A,N/A,86%,86%,65%,40%,68%,59%,50%,N/A,N/A,75%,70%,97%,94%,N/A,93%,100%,N/A,N/A,N/A,N/A,100%,83%,80%,N/A,83%,80%,N/A,N/A,N/A,N/A,100%,99%,100%,N/A,100%,N/A,N/A,N/A,N/A,N/A,100%
29Q272,George Washington Carver High School for the Sciences,Fair,Good,Good,GWC.CONNECTWITHKIDS.COM,Latoya Key,"09,10,11,12,SE",425,Ed. Opt.,Local Support and Improvement,143-10 Springfield Boulevard,"Queens, NY 11413",718-525-6439,6%,61%,26%,2%,1%,1%,14%,17%,77%,63%,37%,0%,76%,"Boys: Baseball,Basketball,Football,Indoor Track,Outdoor Track,Soccer,Wrestling; Girls: Basketball,Flag Football,Indoor Track,Outdoor Track,Soccer,Softball,Tennis,Volleyball; Co-Ed: Cricket",N/A,"Studio Art, Art History, Core Music",Career & Technical Education; Future Ready NYC; NYC Solves; Project Pivot,N/A (fewer than 5 teachers),50%,N/A (fewer than 5 teachers),0%,0%,23%,2.5,97%,56%,54%,56%,N/A,N/A,40%,89%,45%,90%,83%,45,44%,55%,158 (37%),191 (45%),9% (22),65% (167),20% (51),2% (5),2% (4),1% (3),Excellent,89%,N/A,N/A,89%,N/A,N/A,86%,N/A,88%,70%,N/A,N/A,N/A,90%,78%,67%,71%,77%,89%,94%,87%,93%,N/A,N/A,80%,91%,87%,61%,74%,76%,72%,77%,N/A,N/A,100%,91%,81%,86%,97%,86%,85%,78%,94%,77%,79%,N/A,N/A,60%,86%,78%,93%,78%,95%,67%,38%,56%,38%,34%,N/A,N/A,40%,41%,37%,86%,100%,86%,84%,N/A,N/A,100%,89%,84%,60%,44%,62%,59%,N/A,N/A,80%,76%,55%,93%,87%,75%,90%,78%,N/A,N/A,N/A,80%,80%,85%,83%,75%,80%,90%,N/A,N/A,N/A,73%,60%,93%,92%,100%,89%,90%,N/A,N/A,N/A,91%,80%
29Q283,Preparatory Academy for Writers: A College Board School,Good,Good,Good,www.schools.nyc.gov/schools/Q283,Charles Anderson,"06,07,08,09,10,11,12,SE",349,Ed. Opt.,Local Support and Improvement,143-10 Springfield Boulevard,"Queens, NY 11413",718-949-8405,3%,72%,20%,1%,<1%,<1%,15%,15%,72%,47%,53%,0%,73%,"Boys: Baseball,Basketball,Football,Indoor Track,Outdoor Track,Soccer,Wrestling; Girls: Basketball,Flag Football,Indoor Track,Outdoor Track,Soccer,Softball,Tennis,Volleyball; Co-Ed: Cricket","Creative Writing Magazine Publication, Journalism and Newspaper, Digital Music Class Production, talent show, fashion show, and PAW Jam","Music Technology, Illustration, Graphic Design, Choreography / Dance Composition, Percussion, Music History",DYCD: COMPASS/SONYC; Future Ready NYC; NYC Solves; Project Pivot,N/A (fewer than 5 teachers),41%,14%,0%,0%,35%,16.1,92%,N/A,53%,34%,N/A,N/A,N/A,78%,41%,100%,86%,58,61%,68%,72 (21%),105 (30%),3% (5),82% (119),12% (17),<1% (1),1% (2),<1% (1),Needs Improvement,98%,N/A,N/A,91%,0%,9%,89%,N/A,89%,N/A,N/A,N/A,N/A,88%,91%,N/A,69%,84%,89%,83%,93%,74%,N/A,N/A,N/A,67%,85%,57%,70%,50%,70%,73%,N/A,N/A,N/A,88%,76%,86%,90%,93%,82%,73%,N/A,72%,82%,N/A,N/A,N/A,N/A,94%,91%,77%,95%,71%,54%,83%,55%,45%,N/A,N/A,N/A,56%,61%,87%,83%,90%,75%,N/A,N/A,N/A,75%,83%,66%,50%,66%,64%,N/A,N/A,N/A,88%,81%,93%,89%,N/A,89%,83%,N/A,N/A,N/A,N/A,100%,87%,82%,N/A,89%,67%,N/A,N/A,N/A,N/A,71%,90%,86%,N/A,87%,80%,N/A,N/A,N/A,N/A,83%
29Q313,Benjamin Franklin High School for Finance & Information Technology,Good,Good,Good,franklin.fit/,Dudrige Brenord,"09,10,11,12,SE",374,Ed. Opt.,Local Support and Improvement,207- 01 116 Avenue,"Queens, NY 11411",718-276-0150,10%,65%,18%,3%,2%,1%,15%,17%,75%,31%,69%,0%,83%,"Boys: Basketball,Football,Indoor Track,Outdoor Track,Soccer,Volleyball; Girls: Badminton,Basketball,Bowling,Cross Country,Gymnastics,Indoor Track,Outdoor Track,Soccer,Softball,Tennis,Volleyball; Co-Ed: N/A",N/A,"Illustration, Visual Art",Career & Technical Education; NYC Solves; Project Pivot; PROSE,17%,27%,N/A (fewer than 5 teachers),0%,0%,40%,7,83%,78%,67%,59%,57%,N/A,N/A,89%,60%,85%,80%,50,48%,55%,81 (22%),57 (15%),16% (18),62% (70),13% (15),5% (6),<1% (1),2% (2),Fair,92%,N/A,N/A,96%,N/A,N/A,89%,N/A,92%,N/A,N/A,N/A,N/A,96%,87%,92%,86%,82%,89%,96%,88%,91%,71%,N/A,N/A,77%,88%,75%,82%,91%,84%,70%,67%,N/A,N/A,80%,69%,84%,85%,85%,86%,82%,75%,85%,77%,86%,N/A,N/A,82%,78%,86%,56%,95%,74%,43%,38%,47%,33%,29%,N/A,N/A,50%,34%,90%,88%,89%,95%,86%,N/A,N/A,96%,86%,70%,71%,69%,69%,86%,N/A,N/A,78%,69%,91%,92%,89%,97%,77%,N/A,N/A,N/A,100%,100%,87%,87%,78%,89%,75%,N/A,N/A,N/A,73%,92%,94%,95%,100%,95%,91%,N/A,N/A,N/A,100%,100%
29Q326,Cambria Heights Academy,Good,Excellent,Good,nycacademy.org,Melissa Menake,"09,10,11,12,SE",356,Ed. Opt.,Local Support and Improvement,188-04 91 Avenue,"Queens, NY 11423",718-736-7320,10%,65%,21%,3%,<1%,<1%,9%,20%,75%,36%,64%,0%,83%,"Boys: Basketball,Bowling,Indoor Track,Outdoor Track,Table Tennis; Girls: Basketball,Bowling,Indoor Track,Outdoor Track; Co-Ed: Double Dutch","ACTIVITIES Anime Club, Art Club, Chess, Debate Club,Gender Sexuality Alliance (GSA), Mi Gente, Open Library, Soccer, Student Government, and Office Hours SCHOOL SPORTS Cheerleading, Dance, Soccer, Table Tennis PSAL SPORTS - COED Double Dutch PSAL SPORTS - GIRLS Basketball, Bowling, Indoor Track PSAL SPORTS - BOYS Basketball, Bowling, Indoor Track, Table Tennis","Drawing, Visual Art, Graphic Design, Filmmaking / Video, Studio Art, Acting, Mixed Media, Music Technology",Career & Technical Education; CS for All; Future Ready NYC; NYC Solves; Project Pivot; PROSE,N/A (fewer than 5 teachers),28%,N/A (fewer than 5 teachers),0%,0%,48%,15.2,83%,81%,73%,73%,33%,N/A,N/A,78%,62%,86%,75%,46,58%,65%,213 (60%),151 (42%),10% (24),67% (162),19% (46),2% (6),<1% (2),0% (0),Excellent,98%,N/A,N/A,89%,0%,11%,90%,N/A,92%,81%,N/A,N/A,N/A,89%,91%,75%,88%,80%,93%,94%,94%,91%,100%,N/A,N/A,96%,96%,74%,83%,88%,82%,82%,100%,N/A,N/A,72%,84%,90%,93%,93%,87%,86%,94%,89%,79%,70%,N/A,N/A,78%,81%,87%,61%,96%,78%,56%,52%,58%,49%,60%,N/A,N/A,60%,51%,91%,97%,91%,90%,90%,N/A,N/A,85%,88%,71%,71%,71%,72%,60%,N/A,N/A,74%,64%,94%,91%,88%,90%,91%,100%,N/A,N/A,82%,81%,87%,88%,93%,88%,83%,100%,N/A,N/A,83%,88%,96%,95%,93%,94%,96%,N/A,N/A,N/A,90%,90%
29Q327,Eagle Academy for Young Men III,Good,Fair,,Eagleseq.org,Christophe Smith,"06,07,08,09,10,11,12,SE",326,Ed. Opt.,Local Support and Improvement,171-10 Linden Boulevard,"Queens, NY 11434",718-480-2600,2%,81%,9%,<1%,<1%,<1%,4%,25%,70%,0%,100%,0%,84%,"Boys: Basketball,Football,Outdoor Track,Soccer,Volleyball; Girls: N/A; Co-Ed: N/A","Basketball, Football, Track, Travel Club","Theater / Play Production, Mixed Media",DYCD: COMPASS/SONYC; Future Ready NYC; NYC Solves; Project Pivot,N/A (fewer than 5 teachers),67%,11%,0%,0%,13%,4.3,80%,N/A,48%,38%,67%,N/A,N/A,57%,48%,62%,62%,49,93%,60%,189 (58%),178 (55%),3% (6),83% (194),7% (16),1% (3),<1% (1),<1% (2),Needs Improvement,98%,N/A,N/A,86%,0%,14%,91%,N/A,90%,N/A,N/A,N/A,N/A,N/A,91%,N/A,80%,73%,85%,N/A,86%,70%,67%,N/A,N/A,100%,84%,58%,73%,N/A,74%,58%,80%,N/A,N/A,N/A,75%,72%,75%,85%,86%,87%,N/A,88%,57%,N/A,N/A,N/A,83%,92%,98%,96%,96%,68%,55%,N/A,57%,31%,83%,N/A,N/A,43%,59%,87%,N/A,88%,62%,83%,N/A,N/A,71%,85%,64%,N/A,67%,23%,67%,N/A,N/A,43%,61%,N/A,84%,N/A,86%,83%,N/A,N/A,N/A,N/A,87%,N/A,90%,N/A,88%,100%,N/A,N/A,N/A,N/A,92%,N/A,91%,N/A,93%,100%,N/A,N/A,N/A,N/A,88%
29Q492,"Mathematics, Science Research and Technology Magnet High School",Good,Excellent,Excellent,www.masths.org,Allika Thompson,"09,10,11,12,SE",512,"Ed. Opt., Open",Local Support and Improvement,207- 01 116 Avenue,"Queens, NY 11411",718-978-1837,8%,73%,13%,2%,2%,<1%,12%,11%,73%,43%,57%,0%,92%,"Boys: Basketball,Football,Indoor Track,Outdoor Track,Soccer,Volleyball; Girls: Badminton,Basketball,Bowling,Cross Country,Gymnastics,Indoor Track,Outdoor Track,Soccer,Softball,Tennis,Volleyball; Co-Ed: N/A","National Honor Society (ARISTA), Music Production & Videography Club, LifeGuard Training and Swim Club, MAST FyreZone Dance Club, MAST Voices (Vocal & Instrumental Music), Culinary & Nutrition Club, Latinos Unidos, East Asian Club, Haiti Se Nou Club, ""Own Your Crown"" (Female Empowerment) Club, MAST Made Men (Male Empowerment Club), Yearbook Club, GSA (Gay Straight Alliance), My Brother and Sisters Keeper (MBSK), Step Team, Purple Prints ( Broadcast Journalism Club), Creative & Visual Arts' Club, Basketball Club, Weight Training Program, Badminton Club, Young Debaters' Club, Rhythm & Soil (Gardening Club), Robotics Mentoring Program, Drone Cadets Program, Tech Team, Tabletop Club, Anti-Social Social Book Club, Borough Student Advisory Council (BSAC), Mindfulness Club, Caribbean Association, Beauty Vault (Cosmetology Club), Girls Flag Football Program, Student Government, Study Hall (Before & After School) & STEAM Summer Academy.","Mixed Media, Filmmaking / Video, Movement / Dance, Art History, Visual Art",CS for All; Future Ready NYC; NYC Solves; Project Pivot,17%,50%,N/A (fewer than 5 teachers),0%,0%,27%,7.6,90%,65%,74%,65%,N/A,N/A,N/A,78%,53%,93%,79%,48,67%,51%,112 (22%),286 (56%),10% (32),74% (244),12% (41),2% (6),2% (5),<1% (1),Excellent,98%,N/A,N/A,100%,0%,0%,86%,N/A,91%,79%,N/A,N/A,N/A,94%,80%,64%,86%,84%,93%,100%,93%,88%,N/A,N/A,N/A,85%,100%,73%,84%,80%,85%,84%,N/A,N/A,N/A,85%,73%,92%,96%,100%,92%,90%,88%,90%,85%,N/A,N/A,N/A,89%,94%,86%,62%,95%,80%,57%,53%,60%,46%,N/A,N/A,N/A,56%,61%,94%,94%,95%,92%,N/A,N/A,N/A,92%,94%,84%,82%,84%,77%,N/A,N/A,N/A,86%,94%,96%,95%,100%,94%,92%,N/A,N/A,N/A,96%,83%,83%,84%,85%,86%,81%,N/A,N/A,N/A,69%,83%,98%,97%,94%,96%,100%,N/A,N/A,N/A,100%,83%
29Q498,"Health, Arts, Robotics, and Technology High School",Good,,Good,www.hartshs.org,Kayode Ayetiwa,"09,10,11,12,SE",621,Ed. Opt.,Local Support and Improvement,207- 01 116 Avenue,"Queens, NY 11411",718-978-2135,6%,67%,20%,4%,<1%,<1%,10%,16%,73%,57%,43%,0%,86%,"Boys: Basketball,Football,Indoor Track,Outdoor Track,Soccer,Volleyball; Girls: Badminton,Basketball,Bowling,Cross Country,Gymnastics,Indoor Track,Outdoor Track,Soccer,Softball,Tennis,Volleyball; Co-Ed: N/A","National Honor Society (ARISTA), Student Government, Performing Arts Club (Dance, Art, Poetry & Music), Chess Club, Culinary Club, Multicultural Club, Anime Club, Math Club, Yearbook Club, My Brother and Sister Keeper (MBSK), Majorettes, Creative Art's Club, Weight Club, Video Game Club, Swimming Club","Computer Art / Digital Art, Printmaking, Visual Art, Studio Art, Painting, Hip Hop, Illustration",CS for All; Future Ready NYC; NYC Solves; Project Pivot,N/A (fewer than 5 teachers),29%,20%,0%,0%,37%,9,76%,N/A,N/A,N/A,N/A,N/A,N/A,N/A,N/A,88%,66%,50,86%,71%,190 (31%),322 (52%),7% (30),66% (279),18% (76),5% (22),<1% (3),<1% (3),Excellent,94%,N/A,N/A,96%,N/A,N/A,86%,N/A,84%,90%,N/A,N/A,N/A,88%,82%,89%,61%,N/A,86%,N/A,N/A,N/A,N/A,N/A,N/A,N/A,N/A,N/A,71%,N/A,N/A,N/A,N/A,N/A,N/A,N/A,N/A,N/A,78%,72%,N/A,71%,N/A,N/A,N/A,N/A,N/A,N/A,N/A,N/A,84%,54%,96%,N/A,43%,N/A,N/A,N/A,N/A,N/A,N/A,N/A,N/A,71%,N/A,N/A,N/A,N/A,N/A,N/A,N/A,N/A,86%,N/A,N/A,N/A,N/A,N/A,N/A,N/A,N/A,91%,81%,N/A,100%,N/A,N/A,N/A,N/A,N/A,N/A,83%,82%,N/A,91%,N/A,N/A,N/A,N/A,N/A,N/A,94%,88%,N/A,100%,N/A,N/A,N/A,N/A,N/A,N/A
30Q258,Energy Tech High School,Good,Good,Good,energytechschool.org,Hope Barter,"09,10,11,12,SE",490,"D75 Special Education Inclusive Services, Ed. Opt.",Local Support and Improvement,36-41 28 Street,"Queens, NY 11106",718-472-0536,16%,7%,63%,1%,<1%,11%,10%,16%,80%,19%,81%,0%,81%,"Boys: Basketball,Cross Country,Soccer,Volleyball; Girls: Cross Country,Volleyball; Co-Ed: N/A","Robotics Team and Club, National Honor Society, ACE Mentoring, Art Club, Student Government Association, Community Service Club, Bring Change to Mind Club, Video Game Club, Saturday Academy, SAT Tutoring, Yearbook Committee","Digital Photography, Visual Art, Studio Art",Career & Technical Education; CS for All; Future Ready NYC; NYC Solves; Project Pivot,22%,N/A (fewer than 5 teachers),20%,N/A (fewer than 5 teachers),N/A (fewer than 5 teachers),51%,12.2,73%,68%,62%,81%,N/A,N/A,79%,81%,66%,100%,95%,62,78%,79%,184 (38%),207 (42%),18% (50),8% (22),58% (159),2% (5),<1% (2),10% (28),Excellent,99%,N/A,N/A,99%,N/A,N/A,93%,100%,N/A,95%,N/A,N/A,N/A,100%,92%,71%,100%,82%,94%,95%,100%,93%,N/A,N/A,96%,92%,89%,80%,88%,90%,93%,88%,N/A,N/A,81%,86%,86%,85%,86%,82%,85%,81%,83%,73%,80%,N/A,N/A,84%,72%,79%,91%,72%,96%,75%,57%,56%,60%,59%,N/A,N/A,50%,61%,54%,93%,90%,100%,93%,N/A,N/A,96%,91%,88%,76%,72%,73%,76%,N/A,N/A,77%,81%,76%,93%,94%,100%,100%,89%,N/A,N/A,100%,100%,89%,88%,83%,88%,67%,87%,N/A,N/A,87%,88%,100%,97%,95%,100%,100%,94%,N/A,N/A,88%,100%,88%
30Q286,"Young Women's Leadership School, Astoria",Excellent,,Good,www.tywls-astoria.org/,Allison Persad,"06,07,08,09,10,11,12,SE",331,Screened,Local Support and Improvement,23-15 Newtown Avenue,"Queens, NY 11102",718-267-2839,25%,8%,43%,<1%,<1%,21%,7%,16%,76%,100%,0%,0%,86%,"Boys: N/A; Girls: Badminton,Basketball,Bowling,Outdoor Track,Soccer,Softball,Table Tennis,Volleyball; Co-Ed: N/A","Baking Club, Black Student Union, Computer Science Honor Society, Craft Club, Crochet Club, Debate Club, Digital Dance, Environmental Club, EZine Club,Gender Sexuality Alliance (GSA), Latine Club, Muslim Student Association (MSA), Music Performance Club, Namaste Club, Nintendo Switch Club, Philosophy Club, Safety Ambassador, Step Up, Student Council, Science, Scholars Club, TYWLS Turnip Satire Newspaper, Tibetan Awareness Club, Vocal Performance Club, Volunteer Club, Writing Club, PSAL Bowling, PSAL Table Tennis, PSAL Softball, PSAL Outdoor Track & Field, Polyglot Club","Treble Choir, Scenic Design and Implementation, Illustration, Mixed Media, Costume Design and Implementation, Filmmaking / Video, Studio Art, Visual Art, Theater / Play Production, Painting, and more",Career & Technical Education; DYCD: COMPASS/SONYC; NYC Solves; PROSE,N/A (fewer than 5 teachers),N/A (fewer than 5 teachers),15%,0%,0%,51%,9.9,77%,64%,71%,59%,N/A,N/A,58%,N/A,73%,100%,96%,71,81%,90%,150 (45%),119 (36%),31% (55),6% (10),39% (70),1% (2),<1% (1),22% (39),Needs Improvement,68%,N/A,N/A,96%,N/A,N/A,94%,94%,N/A,93%,N/A,N/A,N/A,94%,N/A,N/A,73%,N/A,96%,95%,86%,96%,N/A,N/A,97%,N/A,93%,N/A,92%,97%,57%,89%,N/A,N/A,94%,N/A,93%,N/A,87%,83%,N/A,78%,80%,N/A,77%,N/A,N/A,77%,N/A,62%,90%,65%,96%,N/A,51%,41%,43%,56%,N/A,N/A,51%,N/A,50%,95%,97%,86%,94%,N/A,N/A,95%,N/A,94%,81%,89%,71%,73%,N/A,N/A,81%,N/A,69%,93%,88%,90%,80%,87%,N/A,N/A,91%,100%,89%,81%,69%,62%,67%,73%,N/A,N/A,70%,75%,89%,93%,90%,96%,N/A,85%,N/A,N/A,93%,100%,78%
30Q301,Academy for Careers in Television and Film,Excellent,Good,Excellent,www.actvf.org,Alexandra Stahl,"09,10,11,12,SE",548,"ASD/ACES Program, Ed. Opt.",Local Support and Improvement,1-50 51 Avenue,"Queens, NY 11101",718-609-3330,6%,14%,63%,<1%,<1%,13%,5%,22%,73%,51%,49%,0%,80%,"Boys: Baseball,Basketball,Soccer,Volleyball; Girls: Basketball,Flag Football,Softball,Volleyball; Co-Ed: N/A","Senior Honors Production, Student Council,Gender Sexuality Alliance (GSA), Kindness Club","Filmmaking / Video, Visual Art, Acting",Career & Technical Education; NYC Solves; PROSE,11%,N/A (fewer than 5 teachers),23%,0%,0%,55%,3.1,77%,89%,85%,82%,N/A,N/A,76%,84%,76%,100%,83%,71,98%,78%,237 (43%),156 (28%),7% (24),12% (41),62% (215),0% (0),<1% (1),16% (57),Good,99%,N/A,N/A,94%,0%,6%,98%,N/A,100%,98%,N/A,N/A,100%,98%,97%,85%,91%,80%,92%,88%,96%,91%,N/A,N/A,96%,81%,93%,79%,86%,94%,86%,87%,N/A,N/A,83%,86%,85%,82%,58%,83%,84%,75%,62%,86%,76%,N/A,N/A,67%,78%,74%,91%,71%,95%,76%,59%,70%,65%,55%,N/A,N/A,62%,65%,54%,90%,95%,88%,89%,N/A,N/A,95%,91%,92%,76%,85%,71%,77%,N/A,N/A,77%,78%,74%,97%,94%,94%,97%,94%,N/A,N/A,94%,95%,93%,90%,92%,89%,91%,93%,N/A,N/A,88%,95%,93%,96%,95%,94%,94%,95%,N/A,N/A,96%,100%,96%
30Q367,Motion Picture Technical High School,,,,motionpicturehs.org,Kevin Lopez,"09,SE",182,"D75 Special Education Inclusive Services, Ed. Opt.",,47-10 Barnett Avenue,"Queens, NY 11104",718-957-0335,11%,13%,62%,<1%,<1%,9%,5%,21%,78%,50%,50%,0%,79%,"Boys: Basketball,Volleyball; Girls: Badminton,Basketball; Co-Ed: N/A",Film Production Club Animation & Gaming Group Screenwriting Workshop Film and Media Podcast Documentary Filmmaking Club Digital Media and Social Media Marketing Group Film History and Critique Society Theater / Drama Club,Filmmaking / Video,Career & Technical Education; NYC Solves; PROSE,N/A (fewer than 5 teachers),N/A (fewer than 5 teachers),N/A (fewer than 5 teachers),N/A (fewer than 5 teachers),0%,60%,1.2,80%,78%,64%,79%,N/A,N/A,82%,88%,73%,100%,87%,N/A,N/A,N/A,,,N/A,N/A,N/A,N/A,N/A,N/A,Fair,100%,0%,0%,100%,0%,0%,N/A,N/A,N/A,N/A,N/A,N/A,N/A,N/A,N/A,N/A,N/A,77%,93%,94%,100%,89%,N/A,N/A,100%,86%,100%,68%,83%,83%,93%,79%,N/A,N/A,90%,75%,76%,83%,73%,80%,84%,84%,89%,81%,81%,N/A,N/A,82%,88%,83%,90%,63%,97%,76%,58%,67%,40%,59%,N/A,N/A,50%,50%,42%,94%,94%,100%,93%,N/A,N/A,100%,100%,92%,81%,65%,81%,84%,N/A,N/A,82%,75%,75%,94%,87%,N/A,83%,87%,N/A,N/A,100%,N/A,89%,90%,90%,N/A,100%,87%,N/A,N/A,100%,N/A,100%,98%,100%,N/A,100%,100%,N/A,N/A,100%,N/A,100%
30Q417,Gotham Tech High School,,Fair,Fair,www.GothamTechHS.org,Luis Familia,"09,10,11,SE",271,Open,Local Support and Improvement,28-01 41 Avenue,"Queens, NY 11101",N/A,13%,9%,62%,2%,<1%,11%,15%,22%,77%,31%,69%,0%,66%,"Boys: Basketball,Volleyball; Girls: Badminton,Basketball; Co-Ed: N/A","Newspaper, Social Media Manager, GT Design Challenge,Gender Sexuality Alliance (GSA)",Computer Art / Digital Art,Career & Technical Education; NYC Solves; PROSE,28%,N/A (fewer than 5 teachers),N/A (fewer than 5 teachers),0%,0%,39%,0.4,61%,48%,N/A,64%,N/A,N/A,57%,50%,67%,43%,29%,N/A,N/A,N/A,169 (62%),251 (93%),13% (34),9% (23),61% (155),2% (6),<1% (1),12% (31),Good,98%,N/A,N/A,92%,N/A,N/A,N/A,N/A,N/A,N/A,N/A,N/A,N/A,N/A,N/A,N/A,N/A,72%,95%,92%,N/A,96%,100%,N/A,100%,100%,100%,65%,71%,71%,N/A,74%,40%,N/A,71%,75%,75%,58%,64%,50%,74%,79%,88%,N/A,80%,80%,N/A,65%,56%,86%,93%,76%,95%,65%,52%,64%,N/A,48%,40%,N/A,52%,44%,55%,93%,92%,N/A,90%,100%,N/A,100%,78%,100%,76%,92%,N/A,76%,60%,N/A,74%,78%,77%,87%,85%,89%,N/A,88%,N/A,N/A,89%,N/A,64%,76%,71%,67%,N/A,65%,N/A,N/A,78%,N/A,73%,85%,92%,88%,N/A,92%,N/A,N/A,89%,N/A,82%
30Q445,William Cullen Bryant High School,Fair,Fair,,www.wcbryanths.org,Carlyn St Aubain,"09,10,11,12,SE",1979,"Ed. Opt., Screened, Zoned Guarantee",Local Support and Improvement,48-10 31 Avenue,"Queens, NY 11103",718-721-5404,18%,6%,65%,<1%,<1%,10%,28%,17%,89%,47%,53%,<1%,87%,"Boys: Baseball,Basketball,Bowling,Cross Country,Football,Handball,Indoor Track,Outdoor Track,Soccer,Volleyball,Wrestling; Girls: Basketball,Bowling,Cross Country,Flag Football,Handball,Indoor Track,Outdoor Track,Soccer,Softball,Tennis,Volleyball,Wrestling; Co-Ed: Cricket","ACTIVITIES Jazz Band, Orchestra, Rock Band, Show Choir, Piano, Violin, Acting, Playwriting, Theater Company, Technical Theater, Dance Company, Ballet, Tap, Modern, Hip Hop, Studio Art, Graphic Design, Yearbook, Media & Production, Debate, Key Club, Mock Trial, Moot Court, We the People, Student Government, Dance Company, Theater Company, My Brother's Keeper, My Sister's Keeper, Student Leadership, Badminton, Balkan, Beats Per Minute, Bengali, Bhangra, Bollywood, Cheerleading, Colombian, Dominican, Drum Line, Ecuadorian, Japanese, Korean, K-Pop, Mexican, Red Cross, Spikeball, The Hitters (Baseball), Video Game, West Indian, Workout, Yearbook","Studio Art, Mixed Choir, Concert Band, Piano Keyboard, Graphic Design, Filmmaking / Video, Computer Art / Digital Art, Dance History, Classroom Music, Jazz Ensemble, and more",21st Century Community Learning Center; Career & Technical Education; Career Readiness and Modern Youth Apprenticeship; Community School; CS for All; Dual Language or TBE; Future Ready NYC; NYC Solves,14%,13%,24%,0%,0%,47%,3,73%,59%,38%,55%,N/A,70%,50%,74%,54%,80%,65%,47,52%,55%,474 (24%),693 (35%),24% (228),4% (40),59% (559),<1% (4),<1% (9),10% (98),Excellent,96%,N/A,N/A,95%,N/A,N/A,83%,87%,68%,82%,N/A,N/A,89%,86%,80%,72%,70%,69%,88%,89%,83%,89%,80%,91%,83%,86%,87%,69%,77%,78%,75%,78%,N/A,100%,74%,80%,77%,69%,67%,65%,79%,79%,82%,87%,78%,N/A,82%,74%,85%,79%,84%,52%,96%,67%,47%,52%,42%,45%,N/A,64%,50%,46%,57%,91%,92%,85%,91%,N/A,100%,87%,91%,89%,70%,76%,54%,71%,N/A,82%,64%,78%,71%,N/A,87%,86%,80%,87%,N/A,N/A,93%,83%,83%,N/A,73%,67%,80%,73%,N/A,N/A,86%,64%,67%,N/A,92%,93%,80%,92%,N/A,N/A,90%,90%,92%
30Q450,Long Island City High School,Fair,Fair,Needs Improvement,www.schools.nyc.gov/schools/Q450,Vivian Selenikas,"09,10,11,12,SE",1632,"Ed. Opt., Language Criteria, Screened, Zoned Guarantee",Local Support and Improvement,14-30 Broadway,"Queens, NY 11106",718-545-7095,7%,11%,72%,<1%,<1%,7%,26%,19%,90%,52%,48%,0%,88%,"Boys: Baseball,Basketball,Bowling,Cross Country,Fencing,Football,Gymnastics,Handball,Lacrosse,Soccer,Swimming,Tennis,Volleyball,Wrestling; Girls: Basketball,Bowling,Cross Country,Fencing,Golf,Gymnastics,Handball,Lacrosse,Soccer,Softball,Swimming,Tennis,Volleyball; Co-Ed: Cricket,Golf","Art Club, Arts & Crafts Club, College Club, Dance Club, Digital Design Program, Fall and Spring Drama & Musical Productions, Future Ready NYC Software Design Program, Gardening Club,Gender Sexuality Alliance (GSA), HANAC SYEP, Junior Reserve Officers' Training (JROTC), Marching Band, Drum Line & Jazz Band, Mock Trial, Multicultural events, National Honor Society (NHS), Rock Band, Tabletop Gaming Club, Winter and Spring Concerts","Three-Dimensional Art, Guitar, Mixed Media, Concert Band, Theater / Play Production, Illustration, Mixed Choir, Art History, Piano Keyboard, String Orchestra, and more",Career & Technical Education; Community School; Dual Language or TBE; Future Ready NYC; NYC Solves,13%,5%,23%,0%,0%,55%,0.1,76%,38%,24%,37%,N/A,N/A,37%,57%,32%,42%,34%,50,70%,57%,542 (33%),738 (45%),8% (80),10% (95),71% (677),<1% (4),<1% (5),8% (76),Excellent,97%,N/A,N/A,94%,N/A,N/A,78%,89%,79%,79%,N/A,N/A,64%,82%,75%,71%,67%,71%,90%,87%,88%,91%,N/A,N/A,87%,86%,88%,67%,71%,62%,66%,73%,60%,N/A,70%,74%,70%,70%,70%,70%,83%,74%,71%,64%,76%,40%,N/A,71%,72%,79%,85%,54%,95%,64%,36%,40%,29%,36%,20%,N/A,43%,41%,37%,90%,92%,85%,90%,80%,N/A,94%,89%,88%,68%,71%,50%,70%,20%,N/A,58%,73%,60%,84%,80%,94%,67%,79%,N/A,N/A,82%,94%,80%,73%,66%,68%,56%,68%,N/A,N/A,80%,83%,69%,85%,81%,87%,69%,86%,N/A,N/A,75%,93%,73%
30Q501,Frank Sinatra School of the Arts High School,Excellent,Good,Good,www.franksinatraschoolofthearts.org,Gideon Rafel Frankel,"09,10,11,12,SE",849,Audition,Local Support and Improvement,35-12 35 Avenue,"Queens, NY 11106",718-361-9920,10%,9%,29%,1%,<1%,34%,<1%,16%,36%,69%,31%,<1%,90%,"Boys: Baseball,Basketball,Outdoor Track; Girls: Badminton,Basketball,Outdoor Track,Soccer,Softball,Tennis,Volleyball; Co-Ed: N/A","The Environmental Club, The Debate Club, The Social Justice Club, The Chess Club, The Columbia Writing Club, The Step Team, Cheerleaders, Girls Who Code, International Thespian Society,Gender Sexuality Alliance (GSA), Yoga Club, My Brother's Keeper, My Sister's Keeper, Fashion Club, Key Club","Filmmaking / Video, Mixed Choir, Art History, Acting, Music Theory / Musicianship, Modern Dance, String Orchestra, Ballet, Studio Art, Visual Art, and more",Career & Technical Education; CS for All; NYC Solves; Respect for All,N/A (fewer than 5 teachers),12%,22%,N/A (fewer than 5 teachers),0%,59%,8,97%,89%,85%,91%,100%,N/A,86%,N/A,79%,94%,66%,81,93%,83%,555 (65%),458 (54%),11% (73),8% (54),27% (184),<1% (4),<1% (2),37% (256),Needs Improvement,100%,0%,0%,99%,N/A,N/A,100%,100%,100%,100%,N/A,N/A,100%,100%,100%,N/A,100%,84%,96%,97%,89%,97%,100%,N/A,95%,N/A,97%,88%,96%,98%,100%,96%,100%,N/A,94%,N/A,98%,81%,83%,85%,86%,77%,75%,82%,83%,83%,N/A,70%,N/A,80%,91%,70%,94%,79%,61%,63%,68%,58%,67%,N/A,63%,N/A,60%,95%,98%,92%,96%,100%,N/A,93%,N/A,96%,88%,80%,80%,84%,100%,N/A,94%,N/A,84%,91%,84%,88%,91%,90%,N/A,N/A,83%,N/A,93%,87%,75%,25%,90%,79%,N/A,N/A,80%,N/A,85%,96%,93%,100%,100%,89%,N/A,N/A,92%,N/A,96%
30Q502,Information Technology High School,Good,Good,Good,www.infotechhs.net,Jean Woods Powell,"09,10,11,12,SE",781,"D75 Special Education Inclusive Services, Ed. Opt.",Local Support and Improvement,21-16 44 Road,"Queens, NY 11101",718-937-4270,19%,7%,64%,1%,<1%,7%,11%,19%,87%,30%,70%,0%,88%,"Boys: Basketball,Cross Country,Football,Indoor Track,Outdoor Track,Soccer,Volleyball,Wrestling; Girls: Basketball,Bowling,Cross Country,Indoor Track,Outdoor Track,Softball,Volleyball; Co-Ed: N/A","Art, Band, The Buddies Alliance, Climbing, Dance, Drama, Gamers,Gender Sexuality Alliance (GSA), NHS, Peer Tutoring, Safe Space, Student Govt, MSA","Studio Art, Three-Dimensional Art, Graphic Design, Music Technology, Concert Band, String Orchestra, Fashion and Textile Design, Illustration, Drawing",Career & Technical Education; Future Ready NYC; NYC Solves; Project Pivot; Respect for All,26%,19%,17%,0%,0%,36%,6.9,78%,76%,75%,80%,40%,N/A,71%,73%,74%,98%,87%,56,68%,64%,437 (56%),394 (50%),21% (117),7% (39),62% (353),1% (7),<1% (1),7% (41),Needs Improvement,99%,N/A,N/A,98%,N/A,N/A,88%,98%,81%,86%,N/A,N/A,87%,89%,87%,81%,73%,77%,89%,90%,100%,88%,N/A,N/A,88%,86%,82%,78%,89%,84%,96%,90%,80%,N/A,91%,95%,91%,86%,83%,89%,87%,84%,85%,93%,84%,80%,N/A,76%,83%,82%,91%,73%,96%,75%,50%,52%,46%,51%,60%,N/A,49%,49%,48%,91%,90%,86%,93%,100%,N/A,86%,91%,89%,78%,79%,64%,80%,80%,N/A,70%,80%,70%,93%,90%,86%,91%,91%,N/A,N/A,91%,95%,87%,82%,85%,82%,82%,85%,N/A,N/A,86%,88%,90%,95%,91%,94%,100%,91%,N/A,N/A,80%,90%,84%
30Q555,ATLAS,Fair,Good,Good,30q555.echalksites.com/,Elizabeth Messmann,"09,10,11,12,SE",1161,"Ed. Opt., Language Criteria",Local Support and Improvement,28-01 41 Avenue,"Queens, NY 11101",718-937-6005,5%,2%,88%,<1%,<1%,5%,83%,3%,>95%,39%,61%,<1%,88%,"Boys: Baseball,Basketball,Handball,Soccer,Swimming,Tennis,Volleyball; Girls: Basketball,Soccer,Tennis,Volleyball; Co-Ed: Cricket","Dance, Band, Cheerleading, Boxing, Skateboarding, cultural clubs,Gender Sexuality Alliance (GSA)","Computer Art / Digital Art, Studio Art, Core Music, Music Technology, Theater Survey, Drawing, Technical Theater",Community School; Dual Language or TBE; Future Ready NYC; NYC Solves; New Arrivals,16%,7%,45%,0%,0%,31%,4,60%,61%,50%,71%,N/A,N/A,62%,72%,82%,60%,47%,35,46%,37%,360 (31%),570 (49%),7% (44),2% (11),85% (571),<1% (4),<1% (1),6% (38),Excellent,95%,N/A,N/A,90%,N/A,N/A,68%,94%,N/A,65%,N/A,N/A,N/A,75%,63%,67%,75%,80%,92%,90%,100%,93%,N/A,N/A,85%,91%,94%,74%,81%,73%,82%,81%,N/A,N/A,82%,81%,87%,82%,88%,90%,86%,81%,86%,91%,80%,N/A,N/A,85%,79%,71%,74%,46%,96%,74%,64%,73%,75%,64%,N/A,N/A,58%,62%,65%,91%,88%,83%,91%,N/A,N/A,88%,91%,86%,75%,68%,73%,76%,N/A,N/A,65%,74%,65%,90%,90%,84%,100%,90%,N/A,N/A,85%,90%,88%,76%,77%,90%,67%,77%,N/A,N/A,60%,77%,75%,95%,93%,97%,100%,93%,N/A,N/A,88%,93%,85%
30Q575,Academy of American Studies,Excellent,,,www.academyofamericanstudies.com,,"09,10,11,12,SE",1213,"Ed. Opt., Screened",Local Support and Improvement,40-11 28 Street,"Queens, NY 11101",929-487-1910,22%,3%,35%,<1%,<1%,37%,2%,13%,59%,52%,48%,0%,86%,"Boys: Baseball,Basketball,Bowling,Cross Country,Soccer,Volleyball; Girls: Basketball,Bowling,Cross Country,Flag Football,Soccer,Softball,Volleyball; Co-Ed: Stunt",Gender Sexuality Alliance (GSA),"Music Theory / Musicianship, Studio Art, Concert Band, Mixed Choir, Playwriting, Art History, Acting, Opera, Computer Art / Digital Art",NYC Solves,17%,N/A (fewer than 5 teachers),15%,N/A (fewer than 5 teachers),0%,56%,0.1,89%,100%,N/A,100%,N/A,N/A,93%,N/A,N/A,91%,91%,72,97%,84%,683 (56%),481 (40%),23% (234),3% (31),31% (313),<1% (5),<1% (3),39% (386),Good,100%,0%,0%,98%,N/A,N/A,93%,96%,N/A,88%,N/A,N/A,96%,98%,89%,77%,81%,N/A,97%,100%,N/A,100%,N/A,N/A,92%,N/A,N/A,N/A,100%,100%,N/A,100%,N/A,N/A,100%,N/A,N/A,N/A,86%,59%,N/A,82%,100%,N/A,75%,N/A,N/A,77%,N/A,N/A,90%,74%,96%,N/A,79%,100%,N/A,100%,N/A,N/A,64%,N/A,N/A,96%,100%,N/A,100%,N/A,N/A,92%,N/A,N/A,86%,100%,N/A,88%,N/A,N/A,79%,N/A,N/A,N/A,85%,78%,100%,89%,N/A,N/A,84%,N/A,93%,N/A,76%,68%,80%,91%,N/A,N/A,70%,N/A,100%,N/A,92%,86%,N/A,93%,N/A,N/A,94%,N/A,92%
30Q580,Baccalaureate School for Global Education,Excellent,Good,Good,www.bsge.org,Heather Page,"07,08,09,10,11,12,SE",400,Screened With Assessment,Local Support and Improvement,34-12 36 Avenue,"Queens, NY 11106",718-361-5275,39%,4%,22%,2%,<1%,29%,2%,15%,50%,53%,47%,0%,70%,"Boys: Basketball,Outdoor Track,Soccer,Table Tennis; Girls: Basketball,Outdoor Track,Soccer,Softball; Co-Ed: N/A","BaccRag (school newspaper), Helping Hands community service network, Global Glimpse, TDF Wendy Wasserstein Project, Model U.N., Debate Team, Robotics Team, Out & Bacc hiking club, Creative Writing Club, Student Government, Boxing club, Yoga, Crochet Club, Red Cross club, Red, and many other student clubs/organizations","Studio Art, Visual Art, Art History",NYC Solves; Respect for All,25%,N/A (fewer than 5 teachers),14%,0%,0%,47%,3,86%,56%,75%,53%,33%,N/A,69%,N/A,48%,68%,55%,84,88%,96%,,189 (47%),39% (152),4% (15),21% (80),2% (6),<1% (3),29% (111),Needs Improvement,98%,N/A,N/A,94%,N/A,N/A,99%,100%,N/A,95%,N/A,N/A,100%,100%,98%,100%,94%,78%,94%,95%,100%,91%,100%,N/A,94%,N/A,88%,81%,90%,92%,92%,92%,100%,N/A,88%,N/A,93%,78%,89%,80%,80%,75%,79%,77%,79%,40%,N/A,69%,N/A,88%,95%,87%,97%,72%,48%,51%,46%,43%,17%,N/A,51%,N/A,57%,90%,91%,85%,90%,100%,N/A,88%,N/A,89%,76%,77%,77%,73%,67%,N/A,79%,N/A,76%,86%,81%,76%,N/A,82%,N/A,N/A,83%,N/A,93%,85%,71%,76%,N/A,79%,N/A,N/A,66%,N/A,100%,94%,90%,83%,N/A,91%,N/A,N/A,94%,N/A,93%
31R028,The Eagle Academy for Young Men of Staten Island,Good,Fair,Excellent,www.schools.nyc.gov/schools/R028,Jermaine Cameron,"06,07,08,09,10,11,12,SE",97,Open,Local Support and Improvement,101 Warren Street,"Staten Island, NY 10304",718-727-6201,1%,52%,37%,1%,0%,5%,7%,43%,85%,0%,100%,0%,83%,"Boys: Basketball,Bowling,Volleyball; Girls: N/A; Co-Ed: N/A",N/A,"Visual Art, Art History",DYCD: COMPASS/SONYC; Future Ready NYC; NYC Solves; Project Pivot; PROSE,N/A (fewer than 5 teachers),20%,N/A (fewer than 5 teachers),0%,0%,58%,11.2,93%,N/A,62%,80%,N/A,N/A,60%,80%,73%,86%,83%,36,26%,50%,27 (28%),27 (28%),2% (1),52% (24),35% (16),2% (1),0% (0),7% (3),Excellent,100%,0%,0%,95%,0%,5%,79%,N/A,N/A,N/A,N/A,N/A,N/A,N/A,79%,N/A,75%,82%,91%,N/A,90%,94%,N/A,N/A,80%,93%,88%,57%,82%,N/A,78%,89%,N/A,N/A,82%,81%,77%,89%,92%,92%,91%,92%,N/A,88%,100%,N/A,N/A,N/A,N/A,88%,82%,33%,96%,73%,57%,N/A,53%,57%,N/A,N/A,73%,32%,63%,90%,N/A,88%,92%,N/A,N/A,91%,89%,87%,76%,N/A,73%,78%,N/A,N/A,82%,74%,76%,96%,95%,N/A,95%,95%,N/A,N/A,N/A,75%,98%,94%,95%,N/A,97%,92%,N/A,N/A,N/A,88%,96%,97%,96%,N/A,98%,94%,N/A,N/A,N/A,80%,98%
31R047,CSI High School for International Studies,Excellent,Excellent,Good,csihighschool.org,Joseph Canale,"09,10,11,12,SE",521,Open,Local Support and Improvement,100 Essex Drive,"Staten Island, NY 10314",718-370-6900,37%,6%,24%,<1%,0%,32%,2%,20%,55%,48%,52%,0%,62%,"Boys: Baseball,Basketball,Cross Country,Fencing,Indoor Track,Outdoor Track,Soccer,Tennis,Wrestling; Girls: Basketball,Cross Country,Fencing,Flag Football,Indoor Track,Outdoor Track,Soccer,Softball,Tennis,Volleyball; Co-Ed: N/A",LOGIC CLUB THEATER CLUB AWARENESS CLUB ART CLUB MUSLIM STUDENT ASSOCIATION CLUB (MSA) POLITICS FOR TEENS LION/NICHE CSIHS GENDER SEXUALITY ALLIANCE CHINESE CULTURE CLUB JEWELRY CLUB DEBATE CLUB GAME N GO CULTURE CLUB JEWISH MUSLIM STUDENT ALLIANCE,"Percussion, Mixed Media, Studio Art, Drawing",N/A,N/A (fewer than 5 teachers),N/A (fewer than 5 teachers),N/A (fewer than 5 teachers),0%,0%,78%,15,100%,85%,85%,87%,N/A,N/A,91%,100%,82%,92%,73%,81,98%,88%,191 (37%),110 (21%),38% (103),4% (12),19% (52),<1% (1),0% (0),36% (96),Excellent,98%,N/A,N/A,100%,0%,0%,100%,100%,N/A,100%,N/A,N/A,100%,100%,100%,N/A,100%,85%,95%,97%,88%,91%,N/A,N/A,96%,100%,92%,83%,95%,95%,92%,97%,N/A,N/A,93%,100%,94%,89%,100%,100%,84%,79%,74%,62%,88%,N/A,N/A,82%,86%,88%,94%,81%,95%,78%,58%,56%,37%,54%,N/A,N/A,67%,43%,65%,92%,95%,74%,92%,N/A,N/A,92%,86%,91%,76%,76%,54%,68%,N/A,N/A,85%,57%,74%,95%,88%,91%,75%,91%,N/A,N/A,82%,83%,97%,78%,70%,59%,83%,82%,N/A,N/A,74%,83%,83%,94%,90%,97%,83%,81%,N/A,N/A,87%,100%,97%
31R064,Gaynor McCown Expeditionary Learning School,Excellent,Excellent,Good,www.gaynormccownels.org/,Margaret Tang,"09,10,11,SE",537,Ed. Opt.,Local Support and Improvement,100 Essex Drive,"Staten Island, NY 10314",718-370-6950,15%,4%,28%,<1%,0%,46%,2%,26%,51%,46%,54%,0%,84%,"Boys: Baseball,Basketball,Cross Country,Fencing,Indoor Track,Outdoor Track,Soccer,Tennis,Wrestling; Girls: Basketball,Cross Country,Fencing,Flag Football,Indoor Track,Outdoor Track,Soccer,Softball,Tennis,Volleyball; Co-Ed: N/A","National Honor Society, School News Paper, Senior Council, Equality Among Teens, Muslim and Arab American Society, Asian Culture Society, ASL Club, Crafting, Hydroponic Club, Audio Visual Team, Bible Study, Harry Potter Fans, Chess and Games, Bullet Journaling, Film, Key Club, Club 360, Hack Club, Community Service, Peer Tutoring and McCown Teen Mental Health Committee. Students have the opportunity to create any new clubs not listed!","Studio Art, Graphic Design",NYC Solves; Pathways Advising; PROSE,0%,0%,14%,0%,0%,83%,6,78%,95%,90%,88%,N/A,N/A,92%,75%,89%,100%,100%,67,93%,84%,190 (35%),193 (36%),17% (54),4% (12),27% (87),<1% (1),0% (0),44% (138),Fair,88%,N/A,N/A,96%,0%,4%,99%,100%,N/A,100%,N/A,N/A,100%,98%,100%,N/A,97%,89%,95%,93%,92%,96%,N/A,N/A,95%,86%,93%,88%,96%,96%,100%,93%,N/A,N/A,97%,86%,92%,96%,100%,100%,89%,81%,84%,83%,73%,N/A,N/A,84%,50%,78%,90%,66%,97%,86%,72%,68%,42%,63%,N/A,N/A,80%,50%,74%,97%,95%,100%,96%,N/A,N/A,97%,100%,94%,89%,86%,83%,85%,N/A,N/A,93%,88%,86%,94%,86%,80%,N/A,72%,N/A,N/A,91%,N/A,89%,84%,84%,90%,N/A,84%,N/A,N/A,82%,N/A,89%,95%,95%,100%,N/A,100%,N/A,N/A,93%,N/A,100%
31R080,The Michael J. Petrides School,Good,Excellent,Good,Petridesschool.com,Anthony Tabbitas,"PK,0K,01,02,03,04,05,06,07,08,09,10,11,12,SE",490,"D75 Special Education Inclusive Services, Ed. Opt.",Local Support and Improvement,715 Ocean Terrace,"Staten Island, NY 10301",718-815-0186,12%,21%,36%,<1%,<1%,28%,2%,27%,63%,49%,51%,0%,83%,"Boys: Baseball,Basketball,Bowling,Cross Country,Fencing,Football,Handball,Indoor Track,Outdoor Track,Soccer,Swimming,Tennis,Wrestling; Girls: Basketball,Bowling,Cross Country,Golf,Indoor Track,Lacrosse,Soccer,Softball,Swimming,Volleyball; Co-Ed: Golf","Astronomy Club, Billion Oyster Project Club, Community Affairs Project(C.A.P.), Cheerleading, Chess Club, Cooking Club, Council For Unity (CFU), Craft Club, Habitat For Humanity, History Club, Italian Club,Gender Sexuality Alliance (GSA), Math Team, Media and Technology Club, My Brothers Keeper, My Sisters Keeper, National Honor Society, Newspaper, Petrides against Cancer Society (PACS), Passport Club, Step Team, Spoken Word, Student Government, Yearbook, SING, Spring Musical, Winter Concert, Spring Concert, Art Show","Visual Art, Graphic Design, Mixed Choir, String Orchestra, Dramatic Literature, Dance, Filmmaking / Video, Concert Band, Music Enterprise, Management, and Careers",DYCD: COMPASS/SONYC; NYC Reads; NYC Solves; PROSE,N/A (fewer than 5 teachers),N/A (fewer than 5 teachers),10%,N/A (fewer than 5 teachers),0%,81%,1.9,79%,61%,61%,59%,N/A,N/A,57%,82%,58%,94%,89%,61,62%,73%,131 (27%),95 (19%),19% (35),17% (31),29% (52),1% (2),<1% (1),32% (58),Needs Improvement,100%,N/A,N/A,98%,0%,2%,94%,100%,87%,96%,N/A,N/A,95%,92%,96%,N/A,87%,82%,88%,90%,84%,86%,N/A,N/A,91%,100%,87%,70%,81%,77%,80%,82%,N/A,N/A,83%,83%,83%,93%,98%,95%,86%,82%,83%,85%,80%,N/A,N/A,81%,86%,85%,89%,63%,96%,76%,48%,48%,44%,48%,N/A,N/A,52%,62%,50%,90%,93%,88%,90%,N/A,N/A,92%,100%,88%,80%,76%,79%,79%,N/A,N/A,85%,62%,81%,95%,89%,89%,87%,89%,N/A,N/A,91%,94%,92%,89%,86%,84%,82%,83%,N/A,N/A,93%,78%,87%,96%,95%,98%,94%,93%,N/A,N/A,96%,94%,95%
31R440,New Dorp High School,Fair,Good,Good,www.newdorphs.org,Seth Schoenfeld,"09,10,11,12,SE",3060,"ASD/ACES Program, D75 Special Education Inclusive Services, Ed. Opt., Screened, Zoned Guarantee",Local Support and Improvement,465 New Dorp Lane,"Staten Island, NY 10306",718-667-8686,19%,8%,30%,<1%,<1%,40%,9%,22%,65%,48%,52%,<1%,90%,"Boys: Baseball,Basketball,Bowling,Cross Country,Football,Handball,Indoor Track,Lacrosse,Outdoor Track,Soccer,Tennis,Volleyball,Wrestling; Girls: Basketball,Bowling,Cross Country,Flag Football,Golf,Gymnastics,Handball,Indoor Track,Lacrosse,Outdoor Track,Soccer,Softball,Tennis,Volleyball; Co-Ed: Golf,Stunt",Activities: Algebra Club Asian Culture Club Baking Club Business Club Case Study Club Christian Club Coptic Orthodox Club Computer Science Club Creative Writing Crochet Club Dungeons and Dragons Club English SAT Club Environmental Club Fine Arts Club Folklrico Club Board Game Club Glee Club Gay StraightAlliance Impactful Youth Club Interact Club Jewish Culture Club Key Club Math Club Medical Club Philosophy Club Physics Club Robotics Club SING Society of Women Engineers Spanish Culture Club STEM Research Club Students of Islam Student Union Ukrainian Club Weight Training Club Women's Empowerment Club,"Studio Art, Illustration, Core Music, Mixed Media, Digital Photography, Art Management / Business, Visual Art, Computer Art / Digital Art, Drawing, Graphic Design, and more",Career & Technical Education; CS for All; Future Ready NYC; NYC Solves; Project Pivot,4%,N/A (fewer than 5 teachers),7%,0%,0%,81%,3.7,85%,65%,71%,62%,70%,N/A,65%,81%,65%,73%,53%,60,76%,60%,878 (29%),1244 (41%),22% (403),7% (119),25% (457),<1% (5),<1% (1),43% (779),Fair,99%,N/A,N/A,96%,N/A,N/A,87%,96%,69%,78%,N/A,N/A,93%,88%,86%,74%,77%,78%,92%,93%,89%,92%,91%,N/A,92%,86%,93%,72%,84%,84%,88%,84%,80%,N/A,85%,90%,84%,85%,84%,90%,85%,82%,83%,89%,79%,90%,N/A,82%,87%,84%,90%,74%,96%,75%,56%,55%,53%,53%,55%,N/A,58%,53%,59%,93%,95%,94%,94%,100%,N/A,92%,93%,94%,82%,82%,75%,81%,82%,N/A,83%,85%,85%,91%,87%,90%,86%,85%,N/A,N/A,87%,93%,89%,76%,69%,60%,74%,71%,N/A,N/A,70%,76%,83%,95%,93%,95%,88%,95%,N/A,N/A,92%,93%,91%
31R445,Port Richmond High School,Fair,Excellent,Good,www.portrichmondhs.org,Andrew Greenfield,"09,10,11,12,SE",1700,"D75 Special Education Inclusive Services, Ed. Opt., Screened, Zoned Guarantee",Local Support and Improvement,85 St Josephs Avenue,"Staten Island, NY 10302",718-420-2100,7%,23%,54%,<1%,<1%,13%,14%,29%,83%,47%,53%,<1%,92%,"Boys: Baseball,Basketball,Bowling,Cross Country,Football,Handball,Indoor Track,Lacrosse,Outdoor Track,Soccer,Swimming,Tennis,Volleyball,Wrestling; Girls: Basketball,Bowling,Cross Country,Flag Football,Gymnastics,Indoor Track,Outdoor Track,Soccer,Softball,Swimming,Tennis,Volleyball; Co-Ed: Golf,Stunt",N/A,"Concert Band, Drawing, Guitar, Acting, Filmmaking / Video, Theater / Play Production, Art History, String Orchestra, Music History, Technical Theater, and more",Career & Technical Education; Community School; NYC Solves,N/A (fewer than 5 teachers),9%,14%,0%,0%,72%,7.2,75%,71%,68%,72%,71%,60%,73%,78%,66%,97%,92%,42,50%,47%,185 (11%),832 (49%),7% (70),23% (230),53% (519),<1% (6),<1% (3),14% (136),Fair,97%,N/A,N/A,97%,N/A,N/A,82%,96%,72%,81%,N/A,N/A,96%,86%,78%,67%,79%,84%,93%,94%,94%,92%,100%,100%,94%,87%,91%,76%,84%,84%,88%,82%,86%,N/A,87%,84%,81%,92%,95%,99%,88%,83%,85%,84%,82%,100%,100%,81%,84%,85%,83%,56%,96%,80%,61%,60%,60%,61%,62%,60%,63%,62%,59%,94%,94%,94%,94%,100%,100%,94%,93%,92%,82%,85%,80%,81%,88%,100%,85%,79%,79%,96%,94%,94%,94%,93%,N/A,N/A,95%,96%,95%,81%,83%,69%,85%,83%,N/A,N/A,88%,86%,88%,97%,96%,92%,98%,96%,N/A,N/A,97%,99%,97%
31R450,Curtis High School,Good,Good,Good,www.curtishs.org,Gregory Jaenicke,"09,10,11,12,SE",2425,"D75 Special Education Inclusive Services, Ed. Opt., Open, Screened, Zoned Guarantee",Local Support and Improvement,105 Hamilton Avenue,"Staten Island, NY 10301",718-390-1800,7%,30%,49%,<1%,<1%,10%,11%,21%,81%,53%,47%,0%,92%,"Boys: Baseball,Basketball,Bowling,Cross Country,Football,Handball,Indoor Track,Lacrosse,Outdoor Track,Soccer,Swimming,Tennis,Volleyball,Wrestling; Girls: Basketball,Bowling,Cross Country,Flag Football,Golf,Gymnastics,Handball,Indoor Track,Lacrosse,Outdoor Track,Rugby,Soccer,Softball,Swimming,Tennis,Volleyball,Wrestling; Co-Ed: Double Dutch,Golf","ADL, ASPIRA, Art Club, Chorus, Gaming Club, Garden Club, Girls Who Code, Health Ambassadors, Journalism Club, Key Club, Law Club, Math Team, Muslim Student Association, MBK, MSK, Newspaper, Nex Gen Educators, Nursing Club, Peer Mediation, Pride Club, Robotics Team, Science in Focus Club, Voices of Color Action Club, Warrior TV, Yearbook","Drawing, Computer Art / Digital Art, Classroom Music, Painting, Portfolio Development, Theater Survey, Studio Art, Digital Photography, Visual Art, Filmmaking / Video, and more",Career & Technical Education; Community School; Dual Language or TBE; DYCD: COMPASS/SONYC; NYC Solves,4%,11%,15%,0%,0%,65%,10.1,81%,58%,51%,54%,50%,N/A,61%,77%,52%,84%,75%,51,53%,79%,577 (24%),519 (21%),11% (116),28% (297),42% (439),<1% (4),0% (0),15% (156),Excellent,89%,N/A,N/A,90%,N/A,N/A,79%,96%,75%,76%,N/A,N/A,88%,83%,75%,65%,63%,79%,91%,90%,88%,92%,82%,N/A,92%,87%,89%,70%,82%,78%,83%,81%,80%,N/A,83%,81%,76%,88%,95%,93%,87%,79%,86%,79%,78%,91%,N/A,81%,91%,78%,82%,53%,96%,74%,50%,60%,46%,48%,82%,N/A,59%,53%,47%,93%,96%,91%,93%,73%,N/A,93%,91%,86%,81%,80%,80%,82%,64%,N/A,77%,84%,75%,90%,84%,84%,86%,84%,N/A,N/A,77%,96%,91%,78%,73%,71%,73%,72%,N/A,N/A,74%,60%,87%,93%,90%,100%,87%,89%,N/A,N/A,87%,100%,90%
31R455,Tottenville High School,Good,Excellent,Good,tottenvillehs.org,Gina Battista,"09,10,11,12,SE",3754,"ASD/ACES Program, D75 Special Education Inclusive Services, Ed. Opt., Open, Screened, Zoned Guarantee",Local Support and Improvement,100 Luten Avenue,"Staten Island, NY 10312",718-668-8800,16%,2%,18%,<1%,<1%,61%,4%,22%,45%,50%,50%,<1%,94%,"Boys: Baseball,Basketball,Bowling,Cross Country,Fencing,Football,Gymnastics,Handball,Indoor Track,Lacrosse,Outdoor Track,Soccer,Swimming,Table Tennis,Tennis,Volleyball,Wrestling; Girls: Badminton,Basketball,Bowling,Cross Country,Fencing,Flag Football,Golf,Gymnastics,Handball,Indoor Track,Lacrosse,Outdoor Track,Soccer,Softball,Swimming,Table Tennis,Tennis,Volleyball; Co-Ed: Golf","ACTIVE MINDS CLUB, ALBANIAN CULTURE CLUB, ANIMAL AID CLUB, ASIAN AMERICAN ASSOCIATION, AUTISM AWARENESS CLUB , AV TEAM, BLACK STUDENT UNION, BREAST CANCER RESEARCH FOUNDATION CLUB, BROADWAY CLUB, BUSINESS ACHIEVERS CLUB, BUTTERFLY OF DIFFERENCES CLUB, CARD MAGIC CLUB, CARE CLUB, CAREER EXPLORATION CLUB, CHESS CLUB, CHRISTIAN SEEKERS CLUB, COMFORT & COOKIES BAKING CLUB, COMMIT TO BE FIT, COOKING CLUB (BEACON), COPTIC CLUB, CREATIVE WRITING CLUB, DANCE COMPANY (BEACON), DEBATE TEAM, DENTAL CLUB, DIGITAL ART CLUB, DRAMA CLUB. ENTERTAINMENT SKITTLES CLUB, ENTREPRENEURSHIP CLUB , ENVIRONMENTAL CLUB, FUTURE HEALTH PROFESSIONALS MENTORING,Gender Sexuality Alliance (GSA), GIRLS WHO CODE, GLOBAL OUTREACH CLUB, GREEK CLUB, GREENERY CLUB, HELP US HELP THEM, HISPANIC CULTURE CLUB , ITALIAN CULTURE CLUB, JAIMES LILAC FOUNDATION CLUB, JASA CLUB, JEWISH CULTURE CLUB, JUNIOR STATES OF AMERICA (JSA), KEY CLUB, KNIT FOR KIDS, LACROSSE CLUB (BOYS), LEGO CLUB. LIBRARY BOOK CLUB. LINENS N LOVE CLUB, LUZURIAGA FOUNDATION CLUB, MARINE BIOLOGY CLUB , MATH TEAM, MEDIA BOOK CLUB, MOCK TRIAL, MODEL UN, MOOT COURT,MUSIC APPRECIATION CLUB, MUSLIM STUDENT ASSOCIATION (MSA), MY SISTERS KEEPER, NATIONAL HONOR SOCIETY, NYPD EXPLORERS, PROJECT SOAPBOX, RED CROSS CLUB, RESPECT FOR ALL CLUB, RUSSIAN SPEAKING CLUB, SING, SLAM! CREATIVE EXPRESSION CLUB (BEACON), SPRING MUSICAL, STEAM/ROBOTICS TEAM, STEP CLUB, STUDENT ORGANIZATION (S.O.), VETERANS MENTAL HEALTH CLUB, VIDEO GAME CLUB","Concert Band, Core Music, Filmmaking / Video, Stage Design, Mixed Choir, Architecture, Drawing, Guitar, String Orchestra, Advertising Art, and more",Career & Technical Education; DYCD: Beacon; Future Ready NYC; Project Pivot,2%,N/A (fewer than 5 teachers),10%,N/A (fewer than 5 teachers),0%,83%,5,87%,70%,74%,73%,62%,N/A,74%,77%,69%,92%,85%,67,74%,73%,1163 (31%),1709 (46%),18% (452),2% (39),17% (407),<1% (11),<1% (2),61% (1482),Fair,95%,4%,1%,96%,0%,4%,96%,99%,N/A,92%,N/A,N/A,96%,96%,96%,90%,91%,85%,93%,93%,91%,91%,83%,N/A,94%,85%,91%,74%,86%,83%,84%,85%,100%,N/A,87%,88%,81%,89%,91%,94%,86%,80%,80%,72%,78%,71%,N/A,81%,86%,80%,92%,76%,96%,79%,63%,56%,58%,59%,31%,N/A,67%,57%,63%,93%,96%,98%,92%,86%,N/A,93%,93%,92%,85%,82%,76%,84%,79%,N/A,87%,75%,82%,93%,86%,87%,90%,84%,60%,N/A,86%,84%,86%,77%,69%,55%,66%,75%,60%,N/A,72%,71%,81%,95%,93%,97%,96%,88%,60%,N/A,93%,97%,89%
31R460,Susan E. Wagner High School,Good,Good,Good,wagnerhigh.net,David Cugini,"09,10,11,12,SE",2740,"ASD/ACES Program, Audition, Ed. Opt., Screened, Zoned Guarantee",Local Support and Improvement,1200 Manor Road,"Staten Island, NY 10314",718-698-4200,23%,9%,34%,<1%,<1%,32%,7%,21%,64%,51%,49%,<1%,92%,"Boys: Badminton,Baseball,Basketball,Bowling,Cross Country,Football,Handball,Indoor Track,Lacrosse,Outdoor Track,Soccer,Swimming,Tennis,Volleyball,Wrestling; Girls: Badminton,Basketball,Bowling,Cross Country,Flag Football,Golf,Gymnastics,Handball,Indoor Track,Lacrosse,Outdoor Track,Soccer,Softball,Swimming,Table Tennis,Tennis,Volleyball; Co-Ed: Golf,Stunt","For a listing of all Clubs and Student Activities, please visit our website at wagnerhigh.net","Core Music, Visual Art, Graphic Design, Digital Photography, Acting, Mixed Media, Dance, Woodwind Ensemble, Symphonic Orchestra, Guitar, and more",Career & Technical Education; Future Ready NYC; Project Pivot,3%,N/A (fewer than 5 teachers),14%,N/A (fewer than 5 teachers),0%,76%,8,94%,62%,60%,64%,N/A,57%,64%,77%,60%,75%,68%,59,59%,71%,633 (23%),1036 (38%),31% (422),7% (90),27% (362),<1% (3),<1% (2),34% (458),Fair,76%,N/A,N/A,94%,0%,6%,89%,95%,68%,84%,N/A,N/A,95%,93%,84%,76%,77%,80%,92%,94%,91%,91%,N/A,100%,92%,80%,91%,73%,80%,79%,78%,80%,N/A,100%,83%,82%,79%,79%,77%,85%,85%,82%,84%,79%,81%,N/A,86%,82%,85%,83%,94%,83%,95%,75%,58%,62%,47%,54%,N/A,75%,61%,58%,58%,93%,95%,92%,93%,N/A,100%,93%,90%,93%,83%,82%,80%,82%,N/A,88%,85%,75%,79%,89%,84%,90%,86%,79%,N/A,N/A,85%,80%,83%,77%,69%,63%,73%,72%,N/A,N/A,70%,68%,81%,95%,92%,93%,90%,88%,N/A,N/A,94%,97%,90%
31R600,Ralph R. McKee Career and Technical Education High School,Good,,,mckeecths.org,Gregory Bowen,"09,10,11,12,SE",625,"ASD/ACES Program, D75 Special Education Inclusive Services, Ed. Opt., Screened",Local Support and Improvement,101 Belmont Place,"Staten Island, NY 10301",718-420-2600,2%,22%,59%,<1%,0%,12%,6%,37%,82%,22%,78%,0%,91%,"Boys: Baseball,Basketball,Bowling,Cross Country,Fencing,Football,Handball,Indoor Track,Outdoor Track,Soccer,Swimming,Table Tennis,Tennis,Volleyball,Wrestling; Girls: Badminton,Basketball,Bowling,Cross Country,Fencing,Golf,Handball,Indoor Track,Outdoor Track,Soccer,Softball,Swimming,Table Tennis,Tennis,Volleyball; Co-Ed: Golf,Stunt",Gender Sexuality Alliance (GSA),"Graphic Design, Music Enterprise, Management, and Careers, Art History",Career & Technical Education; Project Pivot,N/A (fewer than 5 teachers),N/A (fewer than 5 teachers),10%,0%,0%,81%,5.2,84%,N/A,80%,84%,N/A,N/A,78%,N/A,88%,80%,80%,52,73%,40%,169 (27%),181 (29%),3% (9),16% (49),58% (172),<1% (2),0% (0),16% (49),Good,98%,N/A,N/A,96%,0%,4%,85%,N/A,96%,80%,N/A,N/A,93%,97%,82%,67%,77%,N/A,93%,N/A,80%,94%,N/A,N/A,100%,N/A,92%,N/A,93%,N/A,100%,90%,N/A,N/A,100%,N/A,88%,N/A,85%,75%,N/A,91%,N/A,100%,90%,N/A,N/A,89%,N/A,88%,85%,54%,97%,N/A,70%,N/A,70%,68%,N/A,N/A,67%,N/A,77%,98%,N/A,100%,97%,N/A,N/A,100%,N/A,96%,93%,N/A,100%,97%,N/A,N/A,89%,N/A,88%,N/A,90%,N/A,82%,92%,N/A,N/A,86%,N/A,90%,N/A,94%,N/A,100%,92%,N/A,N/A,95%,100%,92%,N/A,94%,N/A,100%,93%,N/A,N/A,95%,100%,93%
31R605,Staten Island Technical High School,Excellent,Excellent,Good,siths.org,Mark Erlenwein,"09,10,11,SE",1425,Test,Local Support and Improvement,485 Clawson Street,"Staten Island, NY 10306",718-667-3222,67%,<1%,4%,<1%,<1%,27%,0%,1%,46%,45%,55%,0%,90%,"Boys: Baseball,Basketball,Bowling,Cross Country,Fencing,Football,Handball,Indoor Track,Outdoor Track,Soccer,Swimming,Table Tennis,Tennis,Volleyball,Wrestling; Girls: Badminton,Basketball,Bowling,Cross Country,Fencing,Golf,Handball,Indoor Track,Outdoor Track,Soccer,Softball,Swimming,Table Tennis,Tennis,Volleyball; Co-Ed: Golf,Stunt","Student Organization, National Honor Society, Spirit Week, Freshman Social, Field Day, Club Fair, Trick or Treating in the Halls, Harvest Fair, Winter Wonderland, Holiday Dress Up Week, Ugly Sweater Day, Candy Cane Gram Sale, Holiday Toy Drive, Class trips, Senior Trip to Orlando Florida (Disney World and Universal Studios), Multicultural Show, SING, Spring Musical, Band Concerts, Movie Nights, Blood Drive, Homecoming, Carnation Sales, Coat Drive, Project Hospitality, Spring Fling, Senior Day, Senior Prom, Tech Connects Mentoring, Senior Dress Up Week, Senior Showcase Talent Show, Russian Olympiada, Maslenitsa, TRIM Honor Society, After School Arts, 100 Extracurricular Student Run Clubs","Architecture, Concert Band, Theater Management / Business, Filmmaking / Video, Visual Art, Chamber Music, Jazz Ensemble, Music Theory / Musicianship, String Orchestra",Career & Technical Education; Future Ready NYC; Respect for All,N/A (fewer than 5 teachers),N/A (fewer than 5 teachers),N/A (fewer than 5 teachers),0%,0%,90%,12,91%,85%,58%,76%,N/A,N/A,83%,N/A,84%,71%,68%,98,100%,88%,1416 (99%),855 (60%),67% (949),<1% (13),4% (62),<1% (3),<1% (3),27% (378),Fair,89%,N/A,N/A,100%,0%,0%,100%,100%,N/A,N/A,N/A,N/A,100%,100%,100%,N/A,N/A,86%,96%,96%,62%,96%,N/A,N/A,96%,N/A,90%,90%,96%,97%,85%,97%,N/A,N/A,94%,N/A,89%,88%,89%,91%,92%,90%,91%,85%,88%,N/A,N/A,89%,N/A,85%,96%,93%,97%,79%,59%,58%,62%,44%,N/A,N/A,63%,N/A,56%,97%,98%,92%,95%,N/A,N/A,95%,N/A,95%,85%,86%,46%,78%,N/A,N/A,84%,N/A,65%,92%,87%,88%,92%,83%,N/A,N/A,86%,N/A,89%,72%,61%,61%,75%,59%,N/A,N/A,63%,N/A,84%,97%,94%,95%,90%,92%,N/A,N/A,92%,N/A,94%
32K168,The Brooklyn School for Math and Research,Good,Good,Good,www.bsmartnow.com,Deanna Torres,"09,10,11,12,SE",337,Open,Local Support and Improvement,400 Irving Avenue,"Brooklyn, NY 11237",718-381-7100,8%,28%,60%,0%,0%,4%,30%,16%,89%,36%,64%,0%,77%,"Boys: Baseball,Basketball,Soccer,Swimming,Volleyball; Girls: Badminton,Basketball,Softball,Swimming,Volleyball; Co-Ed: N/A","Robotics, Drone Technology, Coding, Battle Bots Club, Video Gaming Club, Chess, Swimming, Cheerleading Club, Badminton Club, Ping Pong Club, Fitness Club, Step Team, Music Club, Choir, National Honor Society, Student Government, Art Club, Coordinators of Student Activities, Homework Resource Lab Club, Movie Club, Self Defense (Karate) Club, Weightlifting Club,Gender Sexuality Alliance (GSA)","Studio Art, Visual Art",Community School; CS for All; NYC Solves,17%,28%,28%,0%,0%,24%,2.9,72%,52%,43%,62%,N/A,N/A,30%,70%,53%,77%,70%,60,57%,74%,92 (27%),117 (35%),11% (20),31% (55),50% (87),0% (0),0% (0),6% (11),Excellent,92%,N/A,N/A,90%,N/A,N/A,97%,N/A,100%,93%,N/A,N/A,N/A,100%,96%,83%,100%,75%,89%,95%,90%,88%,N/A,N/A,60%,84%,86%,70%,79%,83%,76%,83%,N/A,N/A,36%,83%,80%,80%,87%,80%,84%,75%,83%,74%,76%,N/A,N/A,50%,74%,81%,90%,67%,96%,71%,44%,58%,43%,45%,N/A,N/A,18%,44%,43%,87%,100%,86%,87%,N/A,N/A,55%,84%,93%,62%,65%,62%,63%,N/A,N/A,27%,62%,62%,91%,94%,96%,95%,92%,N/A,N/A,100%,90%,93%,86%,85%,75%,81%,87%,N/A,N/A,83%,90%,84%,95%,96%,96%,94%,97%,N/A,N/A,92%,96%,94%
32K403,Academy for Excellence in Leadership,Fair,Fair,Good,www.aelnyc.org,Chantandrea Blissett,"09,10,11,12,SE",277,Ed. Opt.,Local Support and Improvement,400 Irving Avenue,"Brooklyn, NY 11237",718-381-7100,<1%,14%,76%,1%,0%,1%,42%,21%,94%,42%,58%,0%,81%,"Boys: Baseball,Basketball,Soccer,Swimming,Volleyball; Girls: Badminton,Basketball,Softball,Swimming,Volleyball; Co-Ed: N/A",Gender Sexuality Alliance (GSA),"Studio Art, Art History",Community School; NYC Solves,19%,N/A (fewer than 5 teachers),23%,0%,0%,39%,0,77%,N/A,67%,66%,N/A,N/A,N/A,73%,69%,83%,75%,38,27%,46%,73 (26%),92 (33%),<1% (1),13% (15),68% (78),2% (2),0% (0),3% (3),Fair,83%,17%,0%,91%,N/A,N/A,87%,N/A,N/A,88%,N/A,N/A,N/A,97%,80%,87%,96%,74%,94%,N/A,100%,93%,N/A,N/A,N/A,94%,91%,74%,77%,N/A,94%,74%,N/A,N/A,N/A,73%,76%,76%,50%,83%,85%,81%,N/A,83%,83%,N/A,N/A,N/A,79%,92%,83%,44%,96%,76%,66%,N/A,74%,67%,N/A,N/A,N/A,63%,68%,89%,N/A,95%,88%,N/A,N/A,N/A,87%,84%,74%,N/A,74%,74%,N/A,N/A,N/A,74%,62%,92%,94%,N/A,100%,95%,N/A,N/A,N/A,95%,100%,83%,73%,N/A,90%,72%,N/A,N/A,N/A,69%,92%,99%,99%,N/A,100%,99%,N/A,N/A,N/A,100%,100%
32K545,EBC High School for Public Service - Bushwick,Fair,Fair,Good,www.schools.nyc.gov/schools/K545,Joselyn Espinoza,"09,10,11,12,SE",413,Ed. Opt.,Local Support and Improvement,1155 Dekalb Avenue,"Brooklyn, NY 11221",718-452-3440,<1%,12%,85%,<1%,<1%,<1%,30%,24%,95%,43%,57%,0%,77%,"Boys: Baseball,Basketball,Handball,Soccer; Girls: Basketball,Softball,Tennis,Volleyball; Co-Ed: N/A","Guitar club, concert band, sewing club, photography club, GSA, Art Club","Concert Band, Studio Art, Drawing",NYC Solves; Project Pivot,N/A (fewer than 5 teachers),16%,46%,N/A (fewer than 5 teachers),0%,27%,1.1,70%,N/A,59%,72%,N/A,N/A,N/A,90%,57%,86%,86%,35,39%,30%,146 (35%),204 (49%),<1% (1),11% (29),86% (233),<1% (2),<1% (1),0% (0),Excellent,88%,N/A,N/A,79%,0%,21%,98%,N/A,N/A,97%,N/A,N/A,N/A,97%,98%,100%,96%,78%,91%,N/A,81%,92%,N/A,N/A,N/A,88%,82%,71%,78%,N/A,94%,76%,N/A,N/A,N/A,72%,81%,85%,91%,100%,82%,76%,N/A,80%,76%,N/A,N/A,N/A,85%,75%,80%,47%,95%,70%,51%,N/A,60%,51%,N/A,N/A,N/A,49%,54%,88%,N/A,95%,88%,N/A,N/A,N/A,87%,83%,65%,N/A,63%,64%,N/A,N/A,N/A,66%,58%,96%,93%,N/A,100%,94%,N/A,N/A,N/A,93%,94%,82%,77%,N/A,83%,76%,N/A,N/A,N/A,80%,72%,95%,93%,N/A,100%,92%,N/A,N/A,N/A,92%,94%
32K549,The Brooklyn School for Social Justice,Fair,Fair,Good,BSSJBrooklyn.com,Patrick Cooper,"09,10,11,12,SE",268,Ed. Opt.,Local Support and Improvement,400 Irving Avenue,"Brooklyn, NY 11237",718-381-7100,<1%,10%,86%,<1%,<1%,2%,38%,18%,94%,53%,47%,0%,83%,"Boys: Baseball,Basketball,Soccer,Swimming,Volleyball; Girls: Badminton,Basketball,Softball,Swimming,Volleyball; Co-Ed: N/A","National Honor Society, yearbook, Just Keep Livin', a health and wellness program founded by actor, Matthew McConaughey. Debate team, a jazz band, a table tennis club, an eSports team, Student Government and a rites of passage program for young men and women.",Studio Art,Community School; NYC Solves,N/A (fewer than 5 teachers),32%,N/A (fewer than 5 teachers),N/A (fewer than 5 teachers),0%,46%,4,82%,N/A,67%,72%,N/A,N/A,N/A,79%,62%,86%,71%,37,54%,32%,56 (21%),131 (49%),<1% (1),10% (15),83% (119),<1% (1),<1% (1),3% (5),Excellent,88%,N/A,N/A,85%,0%,15%,91%,N/A,N/A,92%,N/A,N/A,N/A,93%,87%,88%,88%,76%,86%,N/A,87%,86%,N/A,N/A,N/A,79%,85%,67%,84%,N/A,86%,86%,N/A,N/A,N/A,82%,89%,74%,62%,76%,87%,83%,N/A,86%,84%,N/A,N/A,N/A,81%,86%,83%,51%,97%,67%,43%,N/A,33%,46%,N/A,N/A,N/A,49%,47%,86%,N/A,87%,86%,N/A,N/A,N/A,86%,83%,74%,N/A,67%,77%,N/A,N/A,N/A,79%,70%,90%,96%,N/A,92%,97%,N/A,N/A,N/A,98%,89%,80%,83%,N/A,83%,84%,N/A,N/A,N/A,81%,93%,98%,97%,N/A,91%,97%,N/A,N/A,N/A,98%,88%
32K552,The Academy of Urban Planning and Engineering,Good,Excellent,Good,www.schools.nyc.gov/schools/K552,Jorge Sandoval,"09,10,11,12,SE",419,Ed. Opt.,Local Support and Improvement,400 Irving Avenue,"Brooklyn, NY 11237",718-381-7100,3%,19%,72%,1%,<1%,4%,22%,18%,87%,35%,65%,0%,85%,"Boys: Baseball,Basketball,Soccer,Swimming,Volleyball; Girls: Badminton,Basketball,Softball,Swimming,Volleyball; Co-Ed: N/A",Student Council Model UN Club National Honor Society Meditation Club AM Basketball AM Weightlifting My Brother's Keeper My Sister's Keeper Robotics Team Gaming Club CUFFH Youth Community Service Club Podcast Club Swim Lifeguard Program GSA Club Walking Club Football Club Soccer Club,"Studio Art, Classroom Music",Career Readiness and Modern Youth Apprenticeship; Community School; Future Ready NYC; NYC Solves,N/A (fewer than 5 teachers),25%,22%,0%,0%,42%,8.8,72%,38%,41%,60%,N/A,N/A,57%,71%,51%,86%,80%,56,90%,84%,139 (33%),244 (58%),2% (5),20% (56),71% (198),2% (5),<1% (2),4% (11),Fair,89%,N/A,N/A,85%,0%,15%,97%,N/A,100%,97%,N/A,N/A,N/A,97%,97%,96%,94%,82%,91%,100%,86%,93%,N/A,N/A,88%,94%,85%,71%,76%,50%,68%,80%,N/A,N/A,70%,90%,77%,92%,91%,100%,86%,83%,67%,83%,85%,80%,N/A,73%,89%,78%,90%,69%,97%,75%,56%,67%,46%,58%,40%,N/A,45%,58%,55%,89%,78%,86%,91%,60%,N/A,82%,89%,86%,72%,44%,58%,78%,60%,N/A,60%,79%,71%,94%,91%,N/A,94%,90%,N/A,N/A,N/A,89%,94%,86%,88%,N/A,69%,91%,N/A,N/A,N/A,91%,94%,96%,94%,N/A,93%,94%,N/A,N/A,N/A,97%,87%
32K554,All City Leadership Secondary School,Excellent,Excellent,Good,www.aclanyc.com/,Daphne Rivera,"06,07,08,09,10,11,12,SE",238,Screened,Local Support and Improvement,321 Palmetto Street,"Brooklyn, NY 11237",718-246-6500,5%,12%,64%,<1%,0%,13%,2%,19%,73%,49%,51%,0%,85%,"Boys: Baseball,Basketball,Bowling,Handball,Outdoor Track,Volleyball; Girls: Basketball,Flag Football,Handball,Outdoor Track,Soccer,Volleyball; Co-Ed: N/A",Gender Sexuality Alliance (GSA),"Core Music, Music Theory / Musicianship, Drawing",DYCD: COMPASS/SONYC; NYC Solves; Respect for All,N/A (fewer than 5 teachers),19%,35%,0%,0%,31%,6,69%,53%,87%,85%,N/A,N/A,87%,N/A,89%,87%,78%,67,77%,75%,170 (71%),131 (55%),5% (11),11% (22),63% (128),<1% (1),0% (0),15% (30),Excellent,92%,N/A,N/A,83%,0%,18%,100%,N/A,N/A,100%,N/A,N/A,N/A,100%,100%,N/A,100%,88%,93%,75%,95%,94%,N/A,N/A,96%,N/A,96%,86%,93%,82%,86%,96%,N/A,N/A,92%,N/A,96%,91%,96%,91%,93%,89%,80%,100%,92%,N/A,N/A,82%,N/A,94%,91%,74%,95%,83%,63%,61%,61%,66%,N/A,N/A,60%,N/A,74%,95%,83%,91%,97%,N/A,N/A,92%,N/A,100%,91%,83%,83%,96%,N/A,N/A,79%,N/A,96%,92%,79%,100%,N/A,75%,N/A,N/A,N/A,N/A,100%,84%,73%,83%,N/A,70%,N/A,N/A,N/A,N/A,100%,93%,97%,100%,N/A,100%,N/A,N/A,N/A,N/A,100%
32K556,Bushwick Leaders High School for Academic Excellence,Fair,Fair,Excellent,www.bushwickleadershs.com,Enrique Garcia,"09,10,11,12,SE",359,"Ed. Opt., Open",Local Support and Improvement,797 Bushwick Avenue,"Brooklyn, NY 11221",718-919-4212,2%,13%,81%,<1%,<1%,3%,37%,25%,93%,49%,51%,0%,81%,"Boys: Baseball,Basketball,Handball,Soccer; Girls: Basketball,Softball,Tennis,Volleyball; Co-Ed: N/A","Podcast, National Honor Society (NHS), Student Government, Students in Action,Gender Sexuality Alliance (GSA), Anime Club, FutureReadyNYC, Summer Youth Employment Program (SYEP), Boys Group, Cheer Team, Peer Mediation, Art Therapy, Cosmetology, Fashion, Photography, Crotchet, E-Sports, Camping, Meal-on-Wheels, Chess Club, Dungeons & Dragons, Robotics, Badminton","Studio Art, Illustration, Music Technology, Fashion and Textile Design",21st Century Community Learning Center; Career & Technical Education; Community School; Future Ready NYC; NYC Solves,N/A (fewer than 5 teachers),17%,19%,N/A (fewer than 5 teachers),N/A (fewer than 5 teachers),58%,4.7,72%,N/A,71%,73%,N/A,N/A,71%,85%,60%,61%,53%,30,26%,36%,82 (23%),165 (46%),3% (6),12% (24),81% (161),0% (0),0% (0),3% (5),Excellent,88%,12%,0%,86%,N/A,N/A,75%,N/A,N/A,77%,N/A,N/A,N/A,82%,70%,77%,52%,75%,96%,N/A,96%,96%,N/A,N/A,83%,95%,96%,75%,90%,N/A,100%,87%,N/A,N/A,100%,92%,89%,69%,72%,62%,81%,76%,N/A,71%,75%,N/A,N/A,86%,82%,76%,82%,45%,98%,72%,49%,N/A,68%,45%,N/A,N/A,43%,53%,43%,92%,N/A,96%,91%,N/A,N/A,100%,92%,88%,73%,N/A,81%,72%,N/A,N/A,57%,75%,73%,95%,91%,N/A,92%,92%,N/A,N/A,N/A,93%,93%,90%,92%,N/A,92%,93%,N/A,N/A,N/A,86%,93%,97%,93%,N/A,89%,95%,N/A,N/A,N/A,96%,100%
84K037,Beginning with Children Charter School II,,,Excellent,communityhighschoolbk.org/,Mike Ferrara/Yvette Ferrara,"0K,01,02,03,04,05,06,07,08,09,10,11",277,N/A,Local Support and Improvement,215 Heyward Street,"Brooklyn, NY 11206",718-302-7700,<1%,53%,44%,<1%,0%,1%,14%,29%,88%,42%,58%,0%,89%,Boys: Boys JV/Varsity Basketball; Flag football; Soccer; Track; Baseball; Girls: Girls Volleyball; Basketball; Track; Co-Ed: Track; Cheerleading,Piano; Guitar; Strings; Model Congress; Cheerleading; Paid Internships; Model United Nations; NYC Junior Ambassadors; Journalism Club; Women's Leadership Club,N/A,N/A,N/A (fewer than 5 teachers),41%,26%,0%,0%,28%,9,82%,N/A,95%,96%,N/A,N/A,N/A,92%,88%,97%,95%,N/A,N/A,N/A,,,¶,¶,¶,¶,¶,¶,Needs Improvement,N/A,N/A,N/A,N/A,N/A,N/A,N/A,N/A,N/A,N/A,N/A,N/A,N/A,N/A,N/A,N/A,N/A,N/A,92%,N/A,98%,86%,N/A,N/A,N/A,58%,88%,N/A,81%,N/A,90%,71%,N/A,N/A,N/A,50%,100%,N/A,95%,97%,N/A,84%,N/A,84%,83%,N/A,N/A,N/A,85%,83%,95%,87%,94%,N/A,63%,N/A,70%,57%,N/A,N/A,N/A,29%,80%,95%,N/A,95%,94%,N/A,N/A,N/A,86%,95%,76%,N/A,78%,73%,N/A,N/A,N/A,57%,75%,97%,96%,N/A,93%,97%,N/A,N/A,86%,100%,96%,94%,96%,N/A,100%,96%,N/A,N/A,86%,98%,96%,97%,97%,N/A,95%,98%,N/A,N/A,86%,100%,100%
84K356,Achievement First Crown Heights Charter School,Fair,,,www.achievementfirst.org/school/achievement-first-brooklyn-high-school/,Victoria Colter/Sade Johnson,"0K,01,02,03,04,05,06,07,08,09,10,11,12",688,N/A,Local Support and Improvement,790 East New York Avenue,"Brooklyn, NY 11203",718-774-0762,<1%,85%,13%,<1%,0%,<1%,2%,20%,81%,46%,54%,<1%,83%,"Boys: Varsity Boys Basketball; Junior Varsity Boys Basketball; Girls Basketball, Boys Flag Football; Boys Track; Boys Soccer, Cheer, Boys Volleyball; Girls: Girls Basketball; Varsity A Volleyball; Varsity B Volleyball; Cheerleading; Track; Soccer; Flag Football; Softball; Co-Ed: Track and Field; Basketball; Volleyball","National Honor Society; Soul Fusion Dance Company; Plus Band Steel Pan; Lethal Steppers Step Team; Speech and Debate; Circle of Sisters; Brothers in Leadership, Panther Voices Chorus;Student Government Association; Anime Club; Chess Club; Mental Health and Awareness Club; Gaming Club; Rock Club; Drama Club; Finance and Investing Club; Panther Press (Newspaper); Gay-Straight Alliance; Muslim Student Association; Poetry Club",N/A,N/A,6%,65%,11%,0%,0%,11%,10,67%,N/A,87%,83%,N/A,N/A,N/A,N/A,83%,N/A,N/A,N/A,40%,72%,244 (35%),549 (80%),<1% (4),85% (520),12% (74),<1% (5),0% (0),<1% (2),Fair,N/A,N/A,N/A,N/A,N/A,N/A,84%,N/A,87%,72%,N/A,N/A,N/A,82%,87%,N/A,85%,N/A,91%,N/A,88%,100%,N/A,N/A,N/A,N/A,100%,N/A,73%,N/A,75%,67%,N/A,N/A,N/A,N/A,60%,N/A,N/A,N/A,N/A,91%,N/A,94%,83%,N/A,N/A,N/A,N/A,83%,91%,72%,95%,N/A,61%,N/A,65%,50%,N/A,N/A,N/A,N/A,83%,83%,N/A,82%,83%,N/A,N/A,N/A,N/A,83%,78%,N/A,71%,100%,N/A,N/A,N/A,N/A,100%,N/A,90%,N/A,93%,80%,N/A,N/A,N/A,N/A,91%,N/A,84%,N/A,88%,60%,N/A,N/A,N/A,N/A,91%,N/A,93%,N/A,92%,N/A,N/A,N/A,N/A,N/A,100%
84K358,Achievement First East New York Charter School,,,,www.achievementfirst.org/school/achievement-first-university-prep-high-school/,Meryl Senter/Jason Coalter,"0K,01,02,03,04,05,06,07,08,09,10,11,12",461,N/A,Local Support and Improvement,557 Pennsylvania Avenue,"Brooklyn, NY 11207",718-485-4924,<1%,22%,75%,<1%,0%,<1%,4%,12%,80%,49%,51%,0%,N/A,Boys: Basketball; Soccer; Volleyball; Flag Football; Track & Field; Girls: Basketball; Soccer; Volleyball; Track & Field; Cheer; Co-Ed: N/A,Choir; Band; Dance; Acting; Art Club; Film Making; Chess; Black Girl Magic; Alkebulan; Neurodiversity Club; Buff Society; Book Club; Anime; Financial Literacy; Sangre Unidad; Rock Climbing; Skate Club; Poetry Club; Threads (Textile Club); Step Team.,N/A,N/A,4%,39%,21%,N/A (fewer than 5 teachers),0%,21%,4.7,64%,N/A,N/A,N/A,N/A,N/A,N/A,N/A,N/A,N/A,N/A,N/A,26%,74%,,,¶,¶,¶,¶,¶,¶,Fair,N/A,N/A,N/A,N/A,N/A,N/A,N/A,N/A,N/A,N/A,N/A,N/A,N/A,N/A,N/A,N/A,N/A,N/A,N/A,N/A,N/A,N/A,N/A,N/A,N/A,N/A,N/A,N/A,N/A,N/A,N/A,N/A,N/A,N/A,N/A,N/A,N/A,N/A,N/A,N/A,N/A,N/A,N/A,N/A,N/A,N/A,N/A,N/A,N/A,N/A,92%,80%,94%,N/A,N/A,N/A,N/A,N/A,N/A,N/A,N/A,N/A,N/A,N/A,N/A,N/A,N/A,N/A,N/A,N/A,N/A,N/A,N/A,N/A,N/A,N/A,N/A,N/A,N/A,N/A,N/A,N/A,97%,N/A,96%,100%,N/A,N/A,N/A,N/A,80%,N/A,100%,N/A,100%,100%,N/A,N/A,N/A,N/A,100%,N/A,100%,N/A,100%,N/A,N/A,N/A,N/A,N/A,100%
84K367,Success Academy Charter School - Bed Stuy 1,,,,www.schools.nyc.gov/schools/K367,,"0K,01,05,06,07,08,09,10,11,SE",219,N/A,Local Support and Improvement,70 Tompkins Avenue,"Brooklyn, NY 11206",718-635-3294,3%,71%,21%,2%,<1%,3%,0%,5%,62%,53%,47%,0%,67%,Boys: N/A; Girls: N/A; Co-Ed: N/A,N/A,N/A,N/A,N/A,N/A,N/A,N/A,N/A,N/A,N/A,N/A,N/A,60%,N/A,N/A,N/A,N/A,N/A,N/A,N/A,N/A,N/A,N/A,N/A,,,N/A,N/A,N/A,N/A,N/A,N/A,N/A,N/A,N/A,N/A,N/A,N/A,N/A,N/A,N/A,N/A,N/A,N/A,N/A,N/A,N/A,N/A,N/A,N/A,N/A,67%,N/A,60%,N/A,N/A,N/A,N/A,N/A,N/A,N/A,83%,N/A,80%,N/A,N/A,N/A,N/A,N/A,N/A,N/A,N/A,N/A,N/A,N/A,N/A,N/A,N/A,N/A,N/A,N/A,N/A,N/A,N/A,N/A,N/A,N/A,50%,N/A,40%,N/A,N/A,N/A,N/A,N/A,N/A,67%,N/A,60%,N/A,N/A,N/A,N/A,N/A,N/A,50%,N/A,60%,N/A,N/A,N/A,N/A,N/A,N/A,N/A,N/A,N/A,N/A,N/A,N/A,N/A,N/A,N/A,N/A,N/A,N/A,N/A,N/A,N/A,N/A,N/A,N/A,N/A,N/A,N/A,N/A,N/A,N/A,N/A,N/A,N/A,N/A,N/A,N/A
84K406,"EMBER Charter School for Mindful Education, Innovation and Transformation",Fair,Good,Excellent,www.schools.nyc.gov/schools/K406,"Rafiq R. Kalam Id-Din Ii, Esq./Damien Dunkley","0K,01,02,03,04,05,06,07,08,09,10,11,12",85,N/A,Local Support and Improvement,500 Macon Street,"Brooklyn, NY 11233",718-285-3787,0%,79%,18%,1%,0%,1%,9%,21%,91%,56%,44%,0%,73%,Boys: N/A; Girls: N/A; Co-Ed: N/A,N/A,N/A,N/A,N/A (fewer than 5 teachers),70%,18%,N/A (fewer than 5 teachers),N/A (fewer than 5 teachers),10%,N/A,N/A,N/A,83%,93%,N/A,N/A,N/A,88%,81%,94%,88%,N/A,16%,47%,,,N/A,N/A,N/A,N/A,N/A,N/A,Needs Improvement,N/A,N/A,N/A,N/A,N/A,N/A,55%,N/A,56%,N/A,N/A,N/A,N/A,57%,53%,N/A,33%,84%,92%,N/A,90%,97%,N/A,N/A,N/A,89%,88%,75%,95%,N/A,93%,100%,N/A,N/A,N/A,90%,96%,95%,100%,100%,90%,88%,N/A,87%,93%,N/A,N/A,N/A,100%,100%,73%,42%,N/A,79%,65%,N/A,61%,90%,N/A,N/A,N/A,71%,68%,93%,N/A,91%,100%,N/A,N/A,N/A,100%,89%,73%,N/A,71%,81%,N/A,N/A,N/A,100%,70%,97%,92%,N/A,92%,95%,N/A,N/A,N/A,100%,94%,92%,95%,N/A,94%,100%,N/A,N/A,N/A,100%,89%,96%,95%,N/A,96%,94%,N/A,N/A,N/A,92%,98%
84K473,Williamsburg Charter High School,Fair,Fair,Good,thewcs.org/,Valerie Jacobson,"09,10,11,12",662,N/A,Local Support and Improvement,198 Varet Street,"Brooklyn, NY 11206",718-782-9830,<1%,37%,60%,<1%,0%,2%,16%,21%,88%,48%,52%,0%,85%,Boys: Soccer;basketball;baseball;volleyball;; Girls: Soccer;basketball;softball;volleyball;; Co-Ed: Flag Football;Track and Field,"Art Club;AMC Club (Anime, Manga, Cartoons);Book club;Cheerleading;Computer Science and Technology club;Cooking Club;Creator Space T-Shirt Design Club;ELA Homework Help;ELLs After School Homework Help;French tutoring;History Club;Model UN;Music Lab;Music Studio;Nintendo club;Oasis Club;Peer Tutoring;SAGA;STEM Club;Student Court;Student Voices;Videography/Film Club;Wall Street Junior Club;Workout club;Yearbook",N/A,N/A,N/A (fewer than 5 teachers),15%,18%,0%,0%,16%,1,34%,N/A,84%,78%,N/A,N/A,N/A,87%,77%,95%,88%,N/A,23%,51%,,,N/A,N/A,N/A,N/A,N/A,N/A,Needs Improvement,N/A,N/A,N/A,N/A,N/A,N/A,84%,N/A,84%,83%,N/A,N/A,N/A,87%,80%,64%,69%,82%,88%,N/A,95%,85%,N/A,N/A,N/A,79%,95%,70%,83%,N/A,86%,81%,N/A,N/A,N/A,83%,85%,89%,95%,98%,83%,74%,N/A,78%,72%,N/A,N/A,N/A,58%,76%,77%,41%,98%,74%,56%,N/A,60%,53%,N/A,N/A,N/A,58%,62%,85%,N/A,91%,82%,N/A,N/A,N/A,68%,80%,74%,N/A,74%,73%,N/A,N/A,N/A,68%,78%,91%,85%,N/A,82%,87%,N/A,N/A,N/A,88%,89%,78%,70%,N/A,74%,66%,N/A,N/A,N/A,48%,78%,93%,93%,N/A,93%,93%,N/A,N/A,N/A,90%,100%
84K517,Uncommon Bed-Stuy West Charter School NYC,Good,,,www.schools.nyc.gov/schools/K517,Roland Pope,"0K,01,02,03,04,05,06,07,08,09,10,11,12",504,N/A,Local Support and Improvement,141 Macon Street,"Brooklyn, NY 11216",718-636-0360,<1%,75%,20%,2%,<1%,<1%,6%,17%,80%,50%,50%,0%,79%,Boys: N/A; Girls: N/A; Co-Ed: N/A,N/A,N/A,N/A,7%,60%,7%,N/A (fewer than 5 teachers),0%,21%,N/A,N/A,N/A,86%,N/A,N/A,N/A,N/A,N/A,N/A,N/A,N/A,N/A,77%,79%,,,N/A,N/A,N/A,N/A,N/A,N/A,Needs Improvement,N/A,N/A,N/A,N/A,N/A,N/A,87%,N/A,92%,68%,N/A,N/A,N/A,91%,84%,N/A,85%,N/A,100%,N/A,100%,N/A,N/A,N/A,N/A,N/A,N/A,N/A,92%,N/A,100%,N/A,N/A,N/A,N/A,N/A,N/A,N/A,N/A,N/A,N/A,N/A,N/A,N/A,N/A,N/A,N/A,N/A,N/A,N/A,86%,49%,N/A,N/A,86%,N/A,71%,N/A,N/A,N/A,N/A,N/A,N/A,100%,N/A,100%,N/A,N/A,N/A,N/A,N/A,N/A,100%,N/A,100%,N/A,N/A,N/A,N/A,N/A,N/A,N/A,87%,N/A,88%,78%,N/A,N/A,N/A,N/A,78%,N/A,95%,N/A,93%,100%,N/A,N/A,N/A,N/A,100%,N/A,94%,N/A,92%,100%,N/A,N/A,N/A,N/A,78%
84K593,Uncommon Excellence Boys Charter School NYC,,,,www.schools.nyc.gov/schools/K593,Quinterrence Bell/Stanley Redon,"0K,01,02,03,04,05,06,07,08,09",6,N/A,Local Support and Improvement,225 Patchen Avenue,"Brooklyn, NY 11233",718-638-1830,17%,83%,0%,0%,0%,0%,0%,0%,90%,0%,100%,0%,N/A,Boys: N/A; Girls: N/A; Co-Ed: N/A,N/A,N/A,N/A,0%,75%,10%,0%,0%,8%,N/A,N/A,N/A,N/A,N/A,N/A,N/A,N/A,N/A,N/A,100%,100%,N/A,N/A,N/A,,,N/A,N/A,N/A,N/A,N/A,N/A,N/A,N/A,N/A,N/A,N/A,N/A,N/A,N/A,N/A,N/A,N/A,N/A,N/A,N/A,N/A,N/A,N/A,N/A,N/A,N/A,N/A,N/A,N/A,N/A,N/A,N/A,N/A,N/A,N/A,N/A,N/A,N/A,N/A,N/A,N/A,N/A,N/A,N/A,N/A,93%,86%,N/A,N/A,N/A,N/A,N/A,N/A,N/A,N/A,N/A,N/A,N/A,N/A,N/A,N/A,N/A,N/A,N/A,N/A,N/A,N/A,N/A,N/A,N/A,N/A,N/A,N/A,N/A,N/A,N/A,N/A,N/A,N/A,N/A,N/A,N/A,N/A,N/A,N/A,N/A,N/A,N/A,N/A,100%,N/A,100%,N/A,N/A,N/A,N/A,N/A,N/A,N/A,100%,N/A,100%,N/A,N/A,N/A,N/A,N/A,N/A,N/A,100%,N/A,N/A,N/A,N/A,N/A,N/A,N/A,N/A
84K608,Uncommon Kings Charter School NYC,Fair,,,www.schools.nyc.gov/schools/K608,Scott Schuster/Sean Gavin,"0K,01,02,03,04,05,06,07,08,09,10,11,12",522,N/A,Local Support and Improvement,1084 Lenox Road,"Brooklyn, NY 11212",347-390-0460,<1%,75%,22%,<1%,<1%,<1%,5%,12%,85%,49%,51%,0%,81%,Boys: N/A; Girls: N/A; Co-Ed: N/A,N/A,N/A,N/A,6%,49%,6%,0%,0%,29%,N/A,N/A,N/A,81%,N/A,N/A,N/A,N/A,N/A,N/A,96%,89%,N/A,9%,71%,,,N/A,N/A,N/A,N/A,N/A,N/A,Fair,N/A,N/A,N/A,N/A,N/A,N/A,90%,N/A,93%,88%,N/A,N/A,N/A,92%,88%,N/A,67%,N/A,96%,N/A,96%,N/A,N/A,N/A,N/A,N/A,N/A,N/A,100%,N/A,100%,N/A,N/A,N/A,N/A,N/A,N/A,N/A,100%,96%,N/A,N/A,N/A,N/A,N/A,N/A,N/A,N/A,N/A,N/A,89%,62%,N/A,N/A,67%,N/A,64%,N/A,N/A,N/A,N/A,N/A,N/A,94%,N/A,92%,N/A,N/A,N/A,N/A,N/A,N/A,84%,N/A,85%,N/A,N/A,N/A,N/A,N/A,N/A,N/A,92%,N/A,92%,100%,N/A,N/A,N/A,N/A,100%,N/A,95%,N/A,95%,100%,N/A,N/A,N/A,N/A,95%,N/A,97%,N/A,97%,89%,N/A,N/A,N/A,N/A,100%
84K626,Achievement First Brownsville Charter School,,,,www.schools.nyc.gov/schools/K626,Allison Laird/Martin Palamore,"0K,01,02,03,04,05,06,07,08,09,10,11,12",29,N/A,Local Support and Improvement,2021 Bergen Street,"Brooklyn, NY 11233",347-471-2600,3%,66%,28%,0%,3%,0%,3%,21%,55%,52%,48%,0%,N/A,Boys: N/A; Girls: N/A; Co-Ed: N/A,N/A,N/A,N/A,0%,58%,10%,0%,0%,23%,2,75%,N/A,N/A,N/A,N/A,N/A,N/A,N/A,N/A,N/A,N/A,N/A,18%,82%,,,N/A,N/A,N/A,N/A,N/A,N/A,N/A,N/A,N/A,N/A,N/A,N/A,N/A,N/A,N/A,N/A,N/A,N/A,N/A,N/A,N/A,N/A,N/A,N/A,N/A,N/A,N/A,N/A,N/A,N/A,N/A,N/A,N/A,N/A,N/A,N/A,N/A,N/A,N/A,N/A,N/A,N/A,N/A,N/A,N/A,N/A,N/A,N/A,N/A,N/A,N/A,N/A,N/A,N/A,N/A,N/A,N/A,N/A,N/A,94%,N/A,N/A,N/A,N/A,N/A,N/A,N/A,N/A,N/A,N/A,N/A,N/A,N/A,N/A,N/A,N/A,N/A,N/A,N/A,N/A,N/A,N/A,N/A,N/A,N/A,N/A,N/A,N/A,N/A,96%,N/A,100%,86%,N/A,N/A,N/A,N/A,100%,N/A,96%,N/A,94%,100%,N/A,N/A,N/A,N/A,80%,N/A,100%,N/A,100%,100%,N/A,N/A,N/A,N/A,N/A
84K652,Brooklyn Ascend Charter School,Needs Improvement,,,www.ascendlearning.org/,Curtis Durham/Danielle Pena,"02,03,04,05,06,07,08,09,10,11,12",261,N/A,Local Support and Improvement,205 Rockaway Parkway,"Brooklyn, NY 11212",347-464-7600,2%,81%,14%,2%,0%,1%,8%,20%,84%,44%,56%,0%,60%,Boys: Boys JV Basketball; Boys Varsity Basketball; Girls: N/A; Co-Ed: Co-Ed Volleyball; Cheerleading; Track & Field; Flag Football,Student Government; Dance Team; Step Team,N/A,N/A,N/A (fewer than 5 teachers),62%,N/A (fewer than 5 teachers),N/A (fewer than 5 teachers),0%,17%,2,19%,N/A,N/A,N/A,N/A,N/A,N/A,N/A,N/A,N/A,N/A,N/A,12%,62%,,,N/A,N/A,N/A,N/A,N/A,N/A,Needs Improvement,N/A,N/A,N/A,N/A,N/A,N/A,77%,N/A,74%,N/A,N/A,N/A,N/A,81%,74%,91%,N/A,N/A,N/A,N/A,N/A,N/A,N/A,N/A,N/A,N/A,N/A,N/A,60%,N/A,N/A,N/A,N/A,N/A,N/A,N/A,N/A,N/A,N/A,N/A,N/A,N/A,N/A,N/A,N/A,N/A,N/A,N/A,N/A,N/A,93%,80%,85%,N/A,60%,N/A,N/A,N/A,N/A,N/A,N/A,N/A,N/A,100%,N/A,N/A,N/A,N/A,N/A,N/A,N/A,N/A,20%,N/A,N/A,N/A,N/A,N/A,N/A,N/A,N/A,N/A,N/A,N/A,N/A,N/A,N/A,N/A,N/A,N/A,N/A,N/A,N/A,N/A,N/A,N/A,N/A,N/A,N/A,N/A,N/A,N/A,N/A,N/A,N/A,N/A,N/A,N/A,N/A,N/A,N/A
84K680,Achievement First Aspire Charter School,Fair,,,www.achievementfirst.org/school/achievement-first-ujima-high/,Zachary Segall/Jordan Hardy,"0K,01,02,03,04,05,06,07,08,09,10,11,12",371,N/A,Local Support and Improvement,982 Hegeman Avenue,"Brooklyn, NY 11208",718-623-2660,1%,64%,32%,1%,0%,<1%,9%,17%,86%,43%,56%,<1%,N/A,Boys: Basketball; Soccer; Flag Football; Girls: Basketball; Cheer; Volleyball; Co-Ed: Volleyball; Track and Field; Basketball,"ES: Speech and Debate; Cooking; Dance ensemble; Majorette; Cheer; Chess; Anime; Newsletter MS: Linked Up; Anime Club; Gaming, Dance",N/A,N/A,N/A (fewer than 5 teachers),61%,9%,0%,N/A (fewer than 5 teachers),10%,3,73%,N/A,N/A,N/A,N/A,N/A,N/A,N/A,N/A,N/A,N/A,N/A,18%,N/A,145 (39%),333 (90%),1% (4),66% (219),30% (100),1% (4),0% (0),<1% (2),Needs Improvement,N/A,N/A,N/A,N/A,N/A,N/A,97%,N/A,95%,100%,N/A,N/A,N/A,96%,97%,N/A,N/A,N/A,N/A,N/A,N/A,N/A,N/A,N/A,N/A,N/A,N/A,N/A,N/A,N/A,N/A,N/A,N/A,N/A,N/A,N/A,N/A,N/A,N/A,N/A,N/A,N/A,N/A,N/A,N/A,N/A,N/A,N/A,N/A,N/A,89%,64%,93%,N/A,N/A,N/A,N/A,N/A,N/A,N/A,N/A,N/A,N/A,N/A,N/A,N/A,N/A,N/A,N/A,N/A,N/A,N/A,N/A,N/A,N/A,N/A,N/A,N/A,N/A,N/A,N/A,N/A,N/A,N/A,N/A,N/A,N/A,N/A,N/A,N/A,N/A,N/A,N/A,N/A,N/A,N/A,N/A,N/A,N/A,N/A,N/A,N/A,N/A,N/A,N/A,N/A,N/A,N/A,N/A,N/A,N/A
84K693,Northside Charter High School,Needs Improvement,Needs Improvement,Needs Improvement,northsidechs.org/,Rahul Patel/Muhammed Chaudhry,"09,10,11,12",443,N/A,Local Support and Improvement,424 Leonard Street,"Brooklyn, NY 11222",347-390-1273,2%,21%,73%,<1%,0%,2%,11%,24%,86%,43%,57%,0%,78%,"Boys: Basketball, baseball, football, track, soccer; Girls: Basketball, softball, track, volleyball; Co-Ed: N/A","National Honors Society; Debate club,;Art club; Girls club; Yearbook; Arabic Language and Culture club; Cooking club; Quest club; Video Game club; TV and Social Media club; Student Councel",N/A,N/A,N/A (fewer than 5 teachers),17%,44%,N/A (fewer than 5 teachers),0%,13%,2,82%,50%,66%,60%,N/A,N/A,62%,86%,58%,69%,47%,N/A,26%,47%,,,¶,¶,¶,¶,¶,¶,Fair,N/A,N/A,N/A,N/A,N/A,N/A,73%,N/A,73%,72%,N/A,N/A,N/A,71%,74%,55%,72%,60%,92%,100%,97%,90%,N/A,N/A,88%,86%,89%,70%,82%,73%,83%,82%,N/A,N/A,86%,86%,78%,59%,45%,60%,79%,74%,82%,80%,71%,N/A,N/A,75%,70%,69%,79%,35%,98%,61%,43%,20%,46%,43%,N/A,N/A,50%,53%,41%,88%,91%,84%,89%,N/A,N/A,88%,87%,84%,65%,70%,64%,65%,N/A,N/A,88%,81%,59%,72%,75%,71%,70%,76%,N/A,N/A,80%,58%,73%,64%,63%,17%,62%,68%,N/A,N/A,33%,50%,69%,72%,73%,50%,73%,75%,N/A,N/A,N/A,22%,75%
84K712,Uncommon Excellence Girls Charter School NYC,Fair,,,www.schools.nyc.gov/schools/K712,Bronte Johnson/Lenda Nguyen,"0K,01,02,03,04,05,06,07,08,09,10,11,12",492,N/A,Local Support and Improvement,794 Monroe Street,"Brooklyn, NY 11221",718-638-1875,2%,77%,17%,3%,<1%,<1%,6%,27%,80%,46%,54%,0%,100%,Boys: N/A; Girls: N/A; Co-Ed: N/A,N/A,N/A,N/A,7%,55%,8%,0%,0%,21%,N/A,N/A,N/A,N/A,N/A,N/A,N/A,N/A,N/A,N/A,N/A,N/A,N/A,16%,73%,,,N/A,N/A,N/A,N/A,N/A,N/A,Needs Improvement,N/A,N/A,N/A,N/A,N/A,N/A,68%,N/A,66%,85%,N/A,N/A,N/A,60%,75%,58%,71%,N/A,100%,N/A,N/A,N/A,N/A,N/A,N/A,N/A,N/A,N/A,80%,N/A,N/A,N/A,N/A,N/A,N/A,N/A,N/A,N/A,N/A,N/A,N/A,N/A,N/A,N/A,N/A,N/A,N/A,N/A,N/A,N/A,91%,71%,N/A,N/A,67%,N/A,N/A,N/A,N/A,N/A,N/A,N/A,N/A,100%,N/A,N/A,N/A,N/A,N/A,N/A,N/A,N/A,100%,N/A,N/A,N/A,N/A,N/A,N/A,N/A,N/A,N/A,78%,N/A,86%,N/A,N/A,N/A,N/A,N/A,N/A,N/A,88%,N/A,85%,N/A,N/A,N/A,N/A,N/A,N/A,N/A,73%,N/A,85%,N/A,N/A,N/A,N/A,N/A,N/A
84K730,Summit Academy Charter School,Good,Good,Excellent,www.schools.nyc.gov/schools/K730,Machael Spencer-Edwards,"06,07,08,09,10,11,12",187,N/A,Local Support and Improvement,27 Huntington Street,"Brooklyn, NY 11231",718-875-1403,1%,29%,67%,<1%,0%,2%,30%,24%,93%,41%,59%,0%,74%,Boys: N/A; Girls: N/A; Co-Ed: N/A,N/A,N/A,N/A,N/A (fewer than 5 teachers),51%,20%,N/A (fewer than 5 teachers),N/A (fewer than 5 teachers),25%,N/A,N/A,N/A,64%,68%,N/A,N/A,N/A,83%,56%,94%,83%,N/A,29%,58%,,,N/A,N/A,N/A,N/A,N/A,N/A,Needs Improvement,N/A,N/A,N/A,N/A,N/A,N/A,67%,N/A,75%,61%,N/A,N/A,N/A,77%,62%,33%,86%,75%,89%,N/A,96%,86%,N/A,N/A,N/A,84%,93%,71%,85%,N/A,92%,81%,N/A,N/A,N/A,78%,88%,80%,83%,72%,86%,81%,N/A,78%,84%,N/A,N/A,N/A,91%,89%,99%,100%,N/A,74%,52%,N/A,62%,50%,N/A,N/A,N/A,57%,57%,90%,N/A,88%,91%,N/A,N/A,N/A,91%,94%,70%,N/A,79%,67%,N/A,N/A,N/A,70%,77%,92%,99%,N/A,100%,98%,N/A,N/A,N/A,97%,100%,93%,97%,N/A,100%,96%,N/A,N/A,N/A,97%,100%,98%,98%,N/A,100%,98%,N/A,N/A,N/A,97%,100%
84K733,"Math, Engineering, and Science Academy Charter High School",Good,,,www.mesacharter.org/,Arthur Samuels/Pagee Cheung,"09,10,11,12",513,N/A,Local Support and Improvement,231 Palmetto Street,"Brooklyn, NY 11221",718-282-7426,2%,3%,92%,<1%,0%,<1%,19%,16%,89%,48%,52%,0%,N/A,Boys: Basketball; Baseball; Volleyball; Track & Field; Girls: Flag Football; Softball; Basketball; Co-Ed: N/A,School Culture Committee; SPECTRUM; Rocket League; Cooking Club; Public Speaking for ELLs; Filmmaking Club; Guitar Club; STEP Club; Dungeons & Dragon Club; Makers Club; Pickleball Club; Dance Club,N/A,Future Ready NYC,8%,20%,35%,N/A (fewer than 5 teachers),0%,33%,2,62%,N/A,N/A,N/A,N/A,N/A,N/A,N/A,N/A,N/A,N/A,N/A,50%,67%,,,4% (5),6% (7),90% (114),0% (0),0% (0),<1% (1),Fair,N/A,N/A,N/A,N/A,N/A,N/A,91%,N/A,N/A,90%,N/A,N/A,N/A,94%,88%,87%,83%,N/A,N/A,N/A,N/A,N/A,N/A,N/A,N/A,N/A,N/A,N/A,N/A,N/A,N/A,N/A,N/A,N/A,N/A,N/A,N/A,N/A,N/A,N/A,N/A,N/A,N/A,N/A,N/A,N/A,N/A,N/A,N/A,N/A,90%,67%,95%,N/A,N/A,N/A,N/A,N/A,N/A,N/A,N/A,N/A,N/A,N/A,N/A,N/A,N/A,N/A,N/A,N/A,N/A,N/A,N/A,N/A,N/A,N/A,N/A,N/A,N/A,N/A,N/A,N/A,86%,N/A,N/A,80%,N/A,N/A,N/A,N/A,N/A,N/A,86%,N/A,N/A,80%,N/A,N/A,N/A,N/A,N/A,N/A,100%,N/A,N/A,N/A,N/A,N/A,N/A,N/A,N/A
84K738,United Charter High School for Advanced Math and Science lll,Excellent,Good,Good,unitedcharter.org/amsiii-3000-avenue-x-brooklyn-ny-11235/,Nissi Jonathan,"09,10,11",283,N/A,Local Support and Improvement,3000 Avenue X,"Brooklyn, NY 11235",718-934-9240,5%,71%,14%,1%,2%,6%,11%,19%,82%,44%,56%,0%,79%,Boys: Bowling Cross Country Football Soccer Volleyball Basketball Gymnastics Indoor Track Wrestling Baseball Flag Football Outdoor Track Softball Track and Field Volleyball Wrestling; Girls: Bowling Cross Country Football Soccer Volleyball Basketball Gymnastics Indoor Track Wrestling Baseball Flag Football Outdoor Track Softball Track and Field Volleyball Wrestling; Co-Ed: Bowling Cross Country Football Soccer Volleyball Basketball Gymnastics Indoor Track Wrestling Baseball Flag Football Outdoor Track Softball Track and Field Volleyball Wrestling,Art Club Book Club Chess Club Website Development Martial Arts Club Cheerleading/Dance Model UN & Debate National Honor Society Newsletter / Journalism Club AMS III Run CLub Math Robotics Club,N/A,N/A,0%,N/A (fewer than 5 teachers),N/A (fewer than 5 teachers),0%,0%,N/A (fewer than 5 teachers),13,85%,79%,60%,62%,N/A,N/A,47%,70%,55%,88%,92%,N/A,99%,83%,138 (49%),120 (42%),6% (9),76% (120),9% (14),2% (3),1% (2),6% (9),Fair,N/A,N/A,N/A,N/A,N/A,N/A,100%,N/A,100%,N/A,N/A,N/A,N/A,100%,100%,N/A,100%,79%,93%,93%,92%,91%,N/A,N/A,100%,85%,91%,67%,84%,93%,86%,73%,N/A,N/A,73%,85%,82%,83%,89%,85%,89%,82%,79%,81%,84%,N/A,N/A,88%,89%,91%,91%,66%,92%,73%,60%,64%,58%,62%,N/A,N/A,69%,56%,64%,92%,93%,91%,92%,N/A,N/A,94%,96%,96%,66%,79%,66%,57%,N/A,N/A,69%,68%,74%,93%,93%,91%,95%,87%,N/A,N/A,100%,95%,100%,89%,87%,91%,86%,90%,N/A,N/A,92%,95%,85%,95%,94%,90%,95%,93%,N/A,N/A,100%,95%,100%
84K744,Coney Island Preparatory Public Charter School,Good,Fair,Good,coneyislandprep.org/our-schools/coney-island-prep-high-school/,Rachel Kashner/Brittany Harper,"0K,01,02,03,04,05,06,07,08,09,10,11,12,SE",377,N/A,Local Support and Improvement,501 West Avenue,"Brooklyn, NY 11224",718-513-6951,6%,42%,35%,<1%,<1%,16%,8%,21%,84%,43%,57%,0%,70%,"Boys: Junior Varsity Boys Basketball, Varsity Boys Basketbell, Soccer; Girls: Varsity Girls Basketball, Girls Volleyball, Tennis; Co-Ed: Flag Football, Track/Field, Cheer","Cooking, Queer Club, Radio Club, STEM Club, Debate, Performing Arts Club, Student Government, Textile/Clothing Design, Robotics, Weightlifting Club, Tomorrow's Entrepreneurs",N/A,N/A,8%,47%,14%,N/A (fewer than 5 teachers),0%,28%,2.5,80%,62%,52%,52%,N/A,N/A,66%,75%,54%,82%,68%,N/A,63%,83%,121 (32%),149 (40%),7% (15),40% (85),34% (71),<1% (1),<1% (1),18% (38),Needs Improvement,N/A,N/A,N/A,N/A,N/A,N/A,90%,N/A,88%,89%,N/A,N/A,94%,90%,91%,N/A,71%,79%,87%,81%,87%,82%,N/A,N/A,97%,95%,84%,64%,77%,73%,82%,75%,N/A,N/A,74%,79%,71%,84%,95%,92%,80%,74%,89%,71%,73%,N/A,N/A,74%,94%,72%,87%,55%,96%,71%,48%,54%,48%,42%,N/A,N/A,59%,73%,48%,88%,88%,85%,92%,N/A,N/A,89%,95%,85%,68%,75%,69%,66%,N/A,N/A,64%,76%,58%,90%,85%,94%,83%,86%,N/A,N/A,86%,95%,88%,88%,85%,83%,81%,85%,N/A,N/A,90%,96%,88%,90%,87%,87%,84%,94%,N/A,N/A,87%,95%,86%
84K757,Unity Preparatory Charter School of Brooklyn,Good,,,www.schools.nyc.gov/schools/K757,Joshua Beauregard/Casey Burns,"06,07,08,09,10,11,12",265,N/A,Local Support and Improvement,432 Monroe Street,"Brooklyn, NY 11221",718-455-5046,<1%,68%,28%,2%,0%,<1%,5%,29%,85%,49%,51%,0%,62%,Boys: N/A; Girls: N/A; Co-Ed: N/A,N/A,N/A,N/A,0%,0%,0%,0%,0%,0%,N/A,N/A,N/A,0%,N/A,N/A,N/A,N/A,N/A,N/A,N/A,N/A,N/A,27%,84%,113 (43%),,<1% (1),70% (164),27% (63),2% (4),0% (0),<1% (1),Fair,N/A,N/A,N/A,N/A,N/A,N/A,97%,N/A,98%,94%,N/A,N/A,N/A,97%,96%,N/A,87%,N/A,71%,N/A,60%,N/A,N/A,N/A,N/A,N/A,N/A,N/A,71%,N/A,60%,N/A,N/A,N/A,N/A,N/A,N/A,N/A,N/A,N/A,N/A,N/A,N/A,N/A,N/A,N/A,N/A,N/A,N/A,N/A,N/A,N/A,N/A,N/A,38%,N/A,33%,N/A,N/A,N/A,N/A,N/A,N/A,75%,N/A,67%,N/A,N/A,N/A,N/A,N/A,N/A,62%,N/A,50%,N/A,N/A,N/A,N/A,N/A,N/A,N/A,N/A,N/A,N/A,N/A,N/A,N/A,N/A,N/A,N/A,N/A,N/A,N/A,N/A,N/A,N/A,N/A,N/A,N/A,N/A,N/A,N/A,N/A,N/A,N/A,N/A,N/A,N/A,N/A,N/A
84K775,Uncommon Brownsville North Charter School NYC,Fair,,,www.schools.nyc.gov/schools/K775,Sean Healey/Alonte Johnson,"0K,01,02,03,04,05,06,07,08,09,10,11,12",561,N/A,Local Support and Improvement,51 Christopher Avenue,"Brooklyn, NY 11212",718-250-5767,<1%,91%,6%,2%,<1%,<1%,4%,9%,70%,47%,53%,0%,73%,Boys: N/A; Girls: N/A; Co-Ed: N/A,N/A,N/A,N/A,6%,50%,17%,N/A (fewer than 5 teachers),N/A (fewer than 5 teachers),18%,N/A,N/A,N/A,83%,40%,N/A,N/A,N/A,N/A,N/A,N/A,N/A,N/A,11%,82%,,,N/A,N/A,N/A,N/A,N/A,N/A,Good,N/A,N/A,N/A,N/A,N/A,N/A,88%,N/A,88%,N/A,N/A,N/A,N/A,83%,92%,N/A,93%,N/A,92%,N/A,100%,83%,N/A,N/A,N/A,N/A,N/A,N/A,100%,N/A,100%,100%,N/A,N/A,N/A,N/A,N/A,N/A,N/A,N/A,N/A,N/A,N/A,N/A,N/A,N/A,N/A,N/A,N/A,N/A,90%,67%,N/A,N/A,69%,N/A,50%,86%,N/A,N/A,N/A,N/A,N/A,85%,N/A,83%,86%,N/A,N/A,N/A,N/A,N/A,77%,N/A,83%,71%,N/A,N/A,N/A,N/A,N/A,N/A,95%,N/A,97%,95%,N/A,N/A,N/A,100%,100%,N/A,92%,N/A,92%,95%,N/A,N/A,N/A,100%,89%,N/A,97%,N/A,100%,95%,N/A,N/A,N/A,100%,100%
84K782,Bedford Stuyvesant New Beginnings Charter School,,,,hs.bsnbcs.org/,Nicholas Tishuk/Patience Brown,"02,03,04,05,06,07,08,09",77,N/A,Local Support and Improvement,82 Lewis Avenue,"Brooklyn, NY 11206",718-453-1001,0%,39%,61%,0%,0%,0%,18%,39%,>95%,42%,58%,0%,N/A,"Boys: Boys Basketball, Co-ed Volleyball; Girls: Girls Basketball, Girls Volleyball; Co-Ed: Co-ed Volleyball","Basketball, Volleyball, Dance, Sewing, Music, ESports, Culinary Arts, Filmmaking, 3D Printing, Game Design, Weight Lifting, Track and Field",N/A,N/A,0%,42%,13%,0%,0%,13%,5,50%,N/A,N/A,N/A,N/A,N/A,N/A,N/A,N/A,N/A,N/A,N/A,N/A,N/A,,,N/A,N/A,N/A,N/A,N/A,N/A,Fair,N/A,N/A,N/A,N/A,N/A,N/A,N/A,N/A,N/A,N/A,N/A,N/A,N/A,N/A,N/A,N/A,N/A,N/A,N/A,N/A,N/A,N/A,N/A,N/A,N/A,N/A,N/A,N/A,N/A,N/A,N/A,N/A,N/A,N/A,N/A,N/A,N/A,N/A,N/A,N/A,N/A,N/A,N/A,N/A,N/A,N/A,N/A,N/A,N/A,N/A,87%,46%,90%,N/A,N/A,N/A,N/A,N/A,N/A,N/A,N/A,N/A,N/A,N/A,N/A,N/A,N/A,N/A,N/A,N/A,N/A,N/A,N/A,N/A,N/A,N/A,N/A,N/A,N/A,N/A,N/A,N/A,N/A,N/A,N/A,N/A,N/A,N/A,N/A,N/A,N/A,N/A,N/A,N/A,N/A,N/A,N/A,N/A,N/A,N/A,N/A,N/A,N/A,N/A,N/A,N/A,N/A,N/A,N/A,N/A,N/A
84K803,Brooklyn Laboratory Charter School,Needs Improvement,Fair,,www.bklabprep.org/,Garland Thomas-Mcdavid,"08,09,10,11,12",601,N/A,Local Support and Improvement,77 Sands Street,"Brooklyn, NY 11226",347-853-6762,<1%,77%,19%,1%,<1%,<1%,4%,22%,83%,47%,53%,0%,61%,Boys: Basketball; Soccer; Girls: Cheerleading; Basketball; Step; Volleyball; Co-Ed: Flag Football,Cooking; Chess; Photography; Yearbook;,N/A,N/A,N/A (fewer than 5 teachers),71%,15%,N/A (fewer than 5 teachers),N/A (fewer than 5 teachers),12%,20,35%,N/A,71%,82%,83%,N/A,N/A,100%,69%,100%,96%,N/A,12%,48%,399 (66%),55 (9%),<1% (1),79% (339),18% (78),2% (7),<1% (2),<1% (4),Good,N/A,N/A,N/A,N/A,N/A,N/A,80%,N/A,80%,78%,N/A,N/A,N/A,77%,82%,N/A,71%,76%,89%,N/A,90%,89%,83%,N/A,N/A,88%,91%,63%,83%,N/A,82%,87%,80%,N/A,N/A,71%,80%,83%,93%,93%,80%,73%,N/A,71%,77%,100%,N/A,N/A,88%,75%,73%,16%,90%,67%,42%,N/A,40%,46%,67%,N/A,N/A,57%,53%,83%,N/A,82%,88%,100%,N/A,N/A,86%,90%,63%,N/A,60%,72%,83%,N/A,N/A,57%,69%,N/A,80%,N/A,82%,N/A,N/A,N/A,N/A,N/A,N/A,N/A,60%,N/A,64%,N/A,N/A,N/A,N/A,N/A,N/A,N/A,69%,N/A,67%,N/A,N/A,N/A,N/A,N/A,N/A
84K892,Brooklyn Emerging Leaders Academy Charter School,Good,,,www.schools.nyc.gov/schools/K892,Nicia Fullwood,"09,10,11,12",218,N/A,Local Support and Improvement,125 Stuyvesant Avenue,"Brooklyn, NY 11221",347-491-8320,<1%,80%,17%,1%,0%,<1%,6%,15%,76%,100%,0%,0%,N/A,Boys: N/A; Girls: N/A; Co-Ed: N/A,N/A,N/A,N/A,N/A (fewer than 5 teachers),44%,N/A (fewer than 5 teachers),0%,0%,42%,N/A,N/A,N/A,N/A,N/A,N/A,N/A,N/A,N/A,N/A,N/A,N/A,N/A,31%,76%,,,N/A,N/A,N/A,N/A,N/A,N/A,Needs Improvement,N/A,N/A,N/A,N/A,N/A,N/A,92%,N/A,92%,N/A,N/A,N/A,N/A,92%,N/A,N/A,100%,N/A,N/A,N/A,N/A,N/A,N/A,N/A,N/A,N/A,N/A,N/A,N/A,N/A,N/A,N/A,N/A,N/A,N/A,N/A,N/A,N/A,N/A,N/A,N/A,N/A,N/A,N/A,N/A,N/A,N/A,N/A,N/A,N/A,87%,49%,N/A,N/A,N/A,N/A,N/A,N/A,N/A,N/A,N/A,N/A,N/A,N/A,N/A,N/A,N/A,N/A,N/A,N/A,N/A,N/A,N/A,N/A,N/A,N/A,N/A,N/A,N/A,N/A,N/A,N/A,N/A,N/A,N/A,N/A,N/A,N/A,N/A,N/A,N/A,N/A,N/A,N/A,N/A,N/A,N/A,N/A,N/A,N/A,N/A,N/A,N/A,N/A,N/A,N/A,N/A,N/A,N/A,N/A,N/A
84K928,Brooklyn Prospect Charter School - CSD 15.2,Good,,,www.brooklynprospect.org/schools/brooklyn-prospect-high-school/,Dana Mulwanda/Tresha Ward,"0K,01,02,03,04,06,07,08,09,10,11,12",729,N/A,Local Support and Improvement,3002 Fort Hamilton Parkway,"Brooklyn, NY 11218",N/A,3%,19%,31%,<1%,<1%,39%,2%,24%,43%,40%,60%,0%,66%,Boys: Soccer; Flag Football; Cross-Country / Track; JV & Varsity Basketball; Indoor Track; Baseball; Girls: Soccer; Volleyball; Cross-Country / Track; JV & Varsity Basketball; Cheer; Softball; Co-Ed: Co-Ed Cross Country / Track,Baseball; Softball; Cheer; Flag Football; JV Boys Basketball; Varsity Boys Basketball; Varsity Girls Basketball; Track; Co-Ed Volleyball; Arch for Kids; ASP Committee; Banned Book Club; Black Student Union; Climate Change Club; Creative Writing; Crochet; Fitness Club; Gay-Straight Alliance (GSA); Intersectional Feminist Club; Model UN; Prospect Ledger; Yearbook; Band; Dance; Dungeons & Dragons; Film Club; Spring Musical; Coding Club; Cooking; Homework Help; SAT Prep; STEM Club; Prospect United,N/A,N/A,9%,32%,10%,N/A (fewer than 5 teachers),0%,37%,4,92%,33%,31%,33%,N/A,N/A,43%,N/A,26%,75%,67%,N/A,9%,73%,,,3% (10),18% (65),29% (103),0% (0),<1% (1),43% (153),Needs Improvement,N/A,N/A,N/A,N/A,N/A,N/A,97%,N/A,92%,97%,N/A,N/A,100%,100%,96%,N/A,89%,N/A,90%,90%,83%,89%,N/A,N/A,99%,N/A,86%,N/A,86%,85%,85%,83%,N/A,N/A,89%,N/A,79%,N/A,92%,100%,N/A,N/A,N/A,N/A,N/A,N/A,N/A,N/A,N/A,N/A,98%,97%,96%,N/A,62%,57%,59%,68%,N/A,N/A,63%,N/A,64%,90%,92%,89%,89%,N/A,N/A,91%,N/A,85%,76%,79%,88%,69%,N/A,N/A,77%,N/A,72%,N/A,86%,83%,88%,84%,N/A,N/A,86%,N/A,86%,N/A,80%,67%,88%,89%,N/A,N/A,68%,N/A,94%,N/A,94%,100%,92%,95%,N/A,N/A,95%,N/A,92%
84M202,Great Oaks Kathleen Sherry Charter School,Fair,Good,Excellent,www.gonycks.org/apps/pages/index.jsp?uREC_ID=545965,Timberly Wilson,"06,07,08,09,10,11,12",196,N/A,Local Support and Improvement,240 Bleecker Street,"Manhattan, NY 10014",212-233-5152,3%,31%,60%,2%,0%,4%,11%,33%,84%,39%,61%,<1%,77%,"Boys: Basketball; Girls: Basketball, volleyball, soft ball; Co-Ed: Track",Yearbook/Journalism The Great Debaters Intro to Criminal Justice Dance/ Drama Space Science Club,N/A,N/A,N/A (fewer than 5 teachers),50%,19%,N/A (fewer than 5 teachers),N/A (fewer than 5 teachers),27%,3,67%,N/A,88%,90%,N/A,N/A,N/A,N/A,81%,100%,97%,N/A,34%,N/A,,,N/A,N/A,N/A,N/A,N/A,N/A,Needs Improvement,N/A,N/A,N/A,N/A,N/A,N/A,87%,N/A,80%,89%,N/A,N/A,N/A,94%,84%,N/A,87%,84%,93%,N/A,93%,92%,N/A,N/A,N/A,80%,91%,76%,89%,N/A,81%,92%,N/A,N/A,N/A,80%,87%,85%,93%,93%,89%,82%,N/A,69%,87%,N/A,N/A,N/A,N/A,82%,83%,45%,95%,80%,68%,N/A,64%,69%,N/A,N/A,N/A,80%,59%,96%,N/A,89%,98%,N/A,N/A,N/A,100%,94%,80%,N/A,79%,82%,N/A,N/A,N/A,N/A,82%,96%,93%,N/A,94%,92%,N/A,N/A,N/A,100%,95%,92%,93%,N/A,92%,95%,N/A,N/A,N/A,91%,89%,96%,95%,N/A,94%,95%,N/A,N/A,N/A,100%,97%
84M204,Capital Preparatory Harlem Charter School,Fair,Needs Improvement,Fair,www.capitalprepharlem.org/,Dermon Player/Angela Logan,"06,07,08,09,10,11,12",142,N/A,Local Support and Improvement,2041 Madison Avenue,"Manhattan, NY 10035",212-328-9370,0%,73%,24%,2%,0%,1%,5%,25%,92%,41%,59%,0%,50%,Boys: Boys Varsity Football; Boys Varsity Basketball; Boys JV Basketball; Girls: Girls Varsity Basketball; Girls JV Basketball; Girls Varsity Volleyball; Co-Ed: Cross Country; Varsity Cheerleading; Indoor Track; Varsity Soccer; Varsity Baseball; Flag Football; Outdoor Track,N/A,N/A,N/A,N/A (fewer than 5 teachers),77%,N/A (fewer than 5 teachers),0%,N/A (fewer than 5 teachers),N/A (fewer than 5 teachers),1,100%,N/A,27%,38%,N/A,N/A,N/A,N/A,38%,33%,40%,N/A,48%,57%,51 (36%),95 (67%),0% (0),73% (80),24% (26),3% (3),0% (0),<1% (1),Needs Improvement,N/A,N/A,N/A,N/A,N/A,N/A,82%,N/A,75%,N/A,N/A,N/A,N/A,N/A,78%,N/A,N/A,60%,74%,N/A,72%,78%,N/A,N/A,N/A,N/A,61%,44%,54%,N/A,58%,56%,N/A,N/A,N/A,N/A,39%,76%,100%,90%,61%,51%,N/A,55%,47%,N/A,N/A,N/A,N/A,65%,83%,40%,89%,50%,19%,N/A,18%,18%,N/A,N/A,N/A,20%,14%,66%,N/A,65%,61%,N/A,N/A,N/A,60%,57%,34%,N/A,33%,30%,N/A,N/A,N/A,60%,20%,84%,68%,N/A,73%,67%,N/A,N/A,N/A,80%,50%,80%,79%,N/A,84%,75%,N/A,N/A,N/A,80%,75%,83%,76%,N/A,77%,80%,N/A,N/A,N/A,N/A,64%
84M279,Opportunity Charter School,Fair,,,www.ocsny.org/high-school-learning.html,Jessica Marcu/Kaitlin Francis,"06,07,08,09,10,11,12,SE",230,N/A,Comprehensive Support and Improvement,240 West 113 Street,"Manhattan, NY 10026",212-866-6137,0%,55%,42%,1%,<1%,<1%,12%,59%,95%,42%,58%,0%,N/A,"Boys: Basketball, Flag Football, volleyball, baseball, soccer; Girls: Basketball, Flag Football, volleyball, baseball, soccer; Co-Ed: Track","Yearbook, Senior Events, Music Club, Photography, Gaming, Beauty, Anime",N/A,N/A,0%,41%,14%,0%,0%,43%,5,89%,N/A,N/A,N/A,N/A,N/A,N/A,N/A,N/A,N/A,N/A,N/A,20%,46%,,,¶,¶,¶,¶,¶,¶,Needs Improvement,N/A,N/A,N/A,N/A,N/A,N/A,91%,N/A,91%,91%,N/A,N/A,N/A,93%,90%,N/A,86%,N/A,N/A,N/A,N/A,N/A,N/A,N/A,N/A,N/A,N/A,N/A,N/A,N/A,N/A,N/A,N/A,N/A,N/A,N/A,N/A,N/A,N/A,N/A,N/A,N/A,N/A,N/A,N/A,N/A,N/A,N/A,N/A,N/A,100%,100%,93%,N/A,N/A,N/A,N/A,N/A,N/A,N/A,N/A,N/A,N/A,N/A,N/A,N/A,N/A,N/A,N/A,N/A,N/A,N/A,N/A,N/A,N/A,N/A,N/A,N/A,N/A,N/A,N/A,N/A,N/A,N/A,N/A,N/A,N/A,N/A,N/A,N/A,N/A,N/A,N/A,N/A,N/A,N/A,N/A,N/A,N/A,N/A,N/A,N/A,N/A,N/A,N/A,N/A,N/A,N/A,N/A,N/A,N/A
84M284,Harlem Children's Zone Promise Academy Charter School,Excellent,Good,Good,www.schools.nyc.gov/schools/M284,Amy Deal/Madelaine Shultz,"0K,01,02,03,04,05,06,07,08,09,10,11,12",256,N/A,Local Support and Improvement,245 West 129 Street,"Manhattan, NY 10027",212-360-3232,0%,80%,17%,<1%,<1%,1%,2%,15%,87%,51%,49%,0%,86%,Boys: N/A; Girls: N/A; Co-Ed: N/A,N/A,N/A,N/A,4%,40%,22%,0%,0%,28%,N/A,N/A,N/A,65%,50%,N/A,N/A,N/A,43%,66%,74%,64%,N/A,60%,94%,102 (40%),84 (33%),0% (0),84% (118),13% (19),<1% (1),<1% (1),<1% (1),Fair,N/A,N/A,N/A,N/A,N/A,N/A,98%,N/A,98%,N/A,N/A,N/A,N/A,100%,97%,N/A,92%,78%,94%,N/A,95%,92%,N/A,N/A,N/A,100%,94%,70%,87%,N/A,88%,87%,N/A,N/A,N/A,83%,91%,76%,91%,85%,86%,89%,N/A,88%,94%,N/A,N/A,N/A,N/A,89%,93%,77%,N/A,76%,65%,N/A,64%,69%,N/A,N/A,N/A,71%,64%,89%,N/A,89%,89%,N/A,N/A,N/A,71%,87%,84%,N/A,85%,80%,N/A,N/A,N/A,100%,89%,91%,86%,N/A,88%,82%,N/A,N/A,N/A,90%,84%,87%,88%,N/A,89%,86%,N/A,N/A,N/A,94%,86%,91%,89%,N/A,89%,89%,N/A,N/A,N/A,93%,88%
84M295,School in the Square Public Charter School,,Good,Good,www.schoolinthesquare.org/,Evan Meyers/Jumaane Saunders,"PK,0K,01,02,03,04,06,07,08,09",112,N/A,Local Support and Improvement,120 Wadsworth Avenue,"Manhattan, NY 10033",718-916-7683,0%,<1%,97%,<1%,0%,<1%,13%,25%,86%,45%,55%,0%,75%,Boys: Basketball; Soccer; Girls: Basketball; Soccer; Volleyball; Co-Ed: n/a,Debate; Chess; Ping Pong; Dance/Cheer,N/A,N/A,9%,13%,55%,0%,0%,24%,14,78%,N/A,N/A,61%,N/A,N/A,40%,71%,58%,70%,68%,N/A,N/A,N/A,,,N/A,N/A,N/A,N/A,N/A,N/A,Good,N/A,N/A,N/A,N/A,N/A,N/A,N/A,N/A,N/A,N/A,N/A,N/A,N/A,N/A,N/A,N/A,N/A,73%,88%,N/A,N/A,88%,N/A,N/A,N/A,85%,90%,65%,79%,N/A,N/A,80%,N/A,N/A,N/A,88%,79%,76%,82%,81%,79%,83%,N/A,N/A,84%,N/A,N/A,N/A,80%,89%,92%,70%,95%,65%,44%,N/A,N/A,43%,N/A,N/A,80%,51%,52%,84%,N/A,N/A,83%,N/A,N/A,100%,86%,86%,67%,N/A,N/A,67%,N/A,N/A,80%,61%,64%,91%,89%,N/A,89%,89%,N/A,N/A,93%,89%,91%,91%,90%,N/A,89%,90%,N/A,N/A,93%,93%,89%,95%,94%,N/A,100%,94%,N/A,N/A,93%,95%,94%
84M341,Harlem Children's Zone Promise Academy II Charter School,Good,Good,Good,www.schools.nyc.gov/schools/M341,Ryan Carroll/Dr. Saskia Brown,"0K,01,02,03,04,05,06,07,08,09,10,11,12",213,N/A,Local Support and Improvement,35 East 125 Street,"Manhattan, NY 10035",212-360-3236,0%,81%,14%,2%,0%,0%,<1%,15%,87%,46%,54%,0%,78%,Boys: N/A; Girls: N/A; Co-Ed: N/A,N/A,N/A,N/A,6%,43%,18%,0%,0%,26%,N/A,N/A,N/A,53%,60%,N/A,N/A,N/A,67%,61%,70%,69%,N/A,44%,85%,,,N/A,N/A,N/A,N/A,N/A,N/A,Needs Improvement,N/A,N/A,N/A,N/A,N/A,N/A,93%,N/A,95%,N/A,N/A,N/A,N/A,97%,87%,N/A,N/A,73%,88%,N/A,89%,82%,N/A,N/A,N/A,80%,89%,63%,84%,N/A,83%,88%,N/A,N/A,N/A,100%,83%,81%,92%,80%,87%,92%,N/A,90%,94%,N/A,N/A,N/A,N/A,100%,91%,71%,N/A,70%,51%,N/A,51%,50%,N/A,N/A,N/A,46%,53%,78%,N/A,77%,85%,N/A,N/A,N/A,85%,81%,75%,N/A,75%,70%,N/A,N/A,N/A,69%,83%,89%,86%,N/A,85%,89%,80%,N/A,N/A,90%,86%,88%,89%,N/A,90%,86%,100%,N/A,N/A,86%,91%,92%,89%,N/A,89%,93%,N/A,N/A,N/A,96%,90%
84M350,Democracy Preparatory Charter School,Fair,,Good,democracyprep.org/ny/,Shanique Clement,"06,07,08,09,10,11,12",426,N/A,Local Support and Improvement,2230 5 Avenue,"Manhattan, NY 10037",212-281-1248,<1%,60%,31%,6%,<1%,<1%,9%,13%,87%,51%,49%,0%,73%,Boys: JV basketball; flag football; varsity soccer; varsity basketball; baseball; Girls: JV basketball; soccer; volleyball; varsity basketball; softball; cheer; Co-Ed: flag football; fencing,Chess Club; Games & Anime; Yearbook Club; Dance Team; K-Pop Dance Team; Korean Culture & Cooking Club; Journalism Club; African Diaspora Club; Theater Club; Skate Everything School; Korean Dance & Drum,N/A,N/A,9%,39%,14%,0%,0%,20%,2.5,62%,N/A,N/A,86%,N/A,N/A,N/A,N/A,N/A,62%,62%,N/A,36%,65%,113 (27%),251 (59%),1% (3),57% (156),32% (86),7% (20),0% (0),1% (3),Needs Improvement,N/A,N/A,N/A,N/A,N/A,N/A,87%,N/A,83%,93%,N/A,N/A,N/A,94%,80%,93%,50%,N/A,91%,N/A,N/A,83%,N/A,N/A,N/A,N/A,N/A,N/A,100%,N/A,N/A,100%,N/A,N/A,N/A,N/A,N/A,N/A,88%,73%,N/A,75%,N/A,N/A,67%,N/A,N/A,N/A,N/A,N/A,80%,62%,93%,N/A,67%,N/A,N/A,57%,N/A,N/A,N/A,N/A,N/A,100%,N/A,N/A,100%,N/A,N/A,N/A,N/A,N/A,83%,N/A,N/A,71%,N/A,N/A,N/A,N/A,N/A,88%,83%,N/A,71%,N/A,N/A,N/A,N/A,N/A,N/A,89%,77%,N/A,75%,N/A,N/A,N/A,N/A,N/A,N/A,99%,91%,N/A,86%,N/A,N/A,N/A,N/A,N/A,N/A
84M351,Success Academy Charter School - Harlem 1,Good,,,www.schools.nyc.gov/schools/M351,,"0K,01,02,03,04,05,06,07,08,09,10,11,12,SE",884,N/A,Local Support and Improvement,34 West 118 Street,"Manhattan, NY 10026",646-277-7170,5%,58%,29%,<1%,<1%,6%,0%,6%,64%,55%,45%,0%,89%,Boys: N/A; Girls: N/A; Co-Ed: N/A,N/A,N/A,N/A,N/A,N/A,N/A,N/A,N/A,N/A,N/A,N/A,N/A,N/A,83%,N/A,N/A,N/A,N/A,N/A,N/A,N/A,N/A,4%,58%,,,N/A,N/A,N/A,N/A,N/A,N/A,Excellent,N/A,N/A,N/A,N/A,N/A,N/A,93%,N/A,95%,91%,N/A,N/A,N/A,94%,92%,N/A,N/A,N/A,78%,N/A,N/A,83%,N/A,N/A,N/A,N/A,N/A,N/A,89%,N/A,N/A,100%,N/A,N/A,N/A,N/A,N/A,N/A,N/A,N/A,N/A,88%,N/A,N/A,80%,N/A,N/A,N/A,N/A,N/A,N/A,N/A,N/A,N/A,67%,N/A,N/A,67%,N/A,N/A,N/A,N/A,N/A,75%,N/A,N/A,80%,N/A,N/A,N/A,N/A,N/A,78%,N/A,N/A,67%,N/A,N/A,N/A,N/A,N/A,N/A,60%,N/A,N/A,N/A,N/A,N/A,N/A,N/A,N/A,N/A,60%,N/A,N/A,N/A,N/A,N/A,N/A,N/A,N/A,N/A,60%,N/A,N/A,N/A,N/A,N/A,N/A,N/A,N/A
84M353,New Heights Academy Charter School,Good,Good,Good,www.newheightsacademy.org/,Fred Givens Iii/Crystal Joye,"05,06,07,08,09,10,11,12",420,N/A,Local Support and Improvement,1818 Amsterdam Avenue,"Manhattan, NY 10031",212-283-5400,<1%,10%,87%,<1%,<1%,1%,12%,14%,93%,56%,44%,0%,76%,Boys: Boys Basketball League; Flag Football; Baseball League; Girls: Volleyball; Softball; Basketball; Soccer; Co-Ed: N/A,Yearbook; Dance Team; Explorers Club,N/A,N/A,N/A (fewer than 5 teachers),37%,32%,N/A (fewer than 5 teachers),0%,24%,6,N/A,N/A,60%,87%,N/A,N/A,100%,98%,86%,86%,89%,N/A,50%,78%,,,N/A,N/A,N/A,N/A,N/A,N/A,Needs Improvement,N/A,N/A,N/A,N/A,N/A,N/A,91%,N/A,N/A,92%,N/A,N/A,N/A,94%,86%,74%,94%,80%,90%,N/A,80%,91%,N/A,N/A,88%,92%,90%,72%,84%,N/A,69%,86%,N/A,N/A,100%,89%,80%,86%,94%,92%,84%,81%,N/A,67%,83%,N/A,N/A,80%,83%,82%,90%,88%,N/A,73%,48%,N/A,33%,51%,N/A,N/A,14%,64%,58%,90%,N/A,82%,91%,N/A,N/A,75%,93%,89%,73%,N/A,53%,76%,N/A,N/A,86%,84%,77%,93%,93%,N/A,90%,93%,N/A,N/A,100%,96%,95%,90%,88%,N/A,82%,89%,N/A,N/A,100%,98%,91%,97%,96%,N/A,100%,95%,N/A,N/A,N/A,97%,98%
84M389,KIPP Beyond Charter School,,Excellent,Excellent,www.schools.nyc.gov/schools/M389,Joe Negron/Quinn Vance,"06,07,08,09,10",254,N/A,Local Support and Improvement,535 West 121 Street,"Manhattan, NY 10027",917-588-1383,<1%,43%,55%,<1%,0%,<1%,5%,21%,85%,49%,51%,0%,82%,Boys: N/A; Girls: N/A; Co-Ed: N/A,N/A,N/A,N/A,6%,30%,26%,0%,0%,30%,N/A,N/A,N/A,79%,83%,N/A,N/A,89%,80%,86%,96%,96%,N/A,N/A,N/A,,,N/A,N/A,N/A,N/A,N/A,N/A,Fair,N/A,N/A,N/A,N/A,N/A,N/A,N/A,N/A,N/A,N/A,N/A,N/A,N/A,N/A,N/A,N/A,N/A,87%,95%,N/A,95%,94%,N/A,N/A,88%,60%,97%,73%,87%,N/A,85%,89%,N/A,N/A,100%,N/A,82%,96%,100%,100%,85%,N/A,N/A,N/A,N/A,N/A,N/A,N/A,N/A,N/A,93%,80%,N/A,75%,46%,N/A,45%,49%,N/A,N/A,44%,N/A,48%,87%,N/A,83%,91%,N/A,N/A,100%,N/A,87%,79%,N/A,77%,81%,N/A,N/A,78%,N/A,75%,97%,96%,N/A,95%,97%,N/A,N/A,N/A,N/A,100%,89%,91%,N/A,92%,87%,N/A,N/A,N/A,N/A,100%,99%,99%,N/A,100%,96%,N/A,N/A,N/A,N/A,94%
84M433,Innovation Charter High School,Needs Improvement,Needs Improvement,Good,www.schools.nyc.gov/schools/M433,Stephen Falla Riff/Kezena Brown,"09,10,11,12",401,N/A,Local Support and Improvement,410 East 100 Street,"Manhattan, NY 10029",212-722-5871,<1%,44%,53%,<1%,0%,<1%,8%,32%,92%,46%,54%,0%,77%,"Boys: Basketball, Soccer, Flag Football, Volleyball, Baseball; Girls: Basketball, Soccer, Flag Football, Volleyball, Flag football, Softball; Co-Ed: N/A","Culinary Club, Nail and Henna Club, Gaming Club, Homework Club, Women Empowerment Club, Boys Empowerment Club, Dance, tennis Club, Soccer Club,",N/A,N/A,0%,0%,27%,73%,0%,0%,8,85%,N/A,50%,61%,N/A,N/A,N/A,57%,50%,67%,49%,N/A,37%,52%,42 (10%),66 (16%),0% (0),42% (34),56% (45),1% (1),0% (0),1% (1),Good,N/A,N/A,N/A,N/A,N/A,N/A,84%,N/A,80%,87%,N/A,N/A,N/A,83%,84%,90%,79%,72%,94%,N/A,92%,95%,N/A,N/A,N/A,84%,95%,66%,81%,N/A,81%,81%,N/A,N/A,N/A,72%,82%,75%,89%,72%,84%,79%,N/A,78%,78%,N/A,N/A,N/A,79%,75%,77%,38%,90%,67%,44%,N/A,42%,45%,N/A,N/A,N/A,52%,36%,88%,N/A,82%,92%,N/A,N/A,N/A,95%,90%,67%,N/A,63%,70%,N/A,N/A,N/A,76%,61%,92%,87%,N/A,87%,88%,N/A,N/A,N/A,85%,85%,82%,83%,N/A,85%,81%,N/A,N/A,N/A,93%,83%,91%,91%,N/A,88%,93%,N/A,N/A,N/A,100%,93%
84M478,Inwood Academy for Leadership Charter School,Fair,Good,Good,www.schools.nyc.gov/schools/M478,Christina Reyes/Jenny Pichardo,"0K,01,05,06,07,08,09,10,11,12",527,N/A,Local Support and Improvement,3896 10 Avenue,"Manhattan, NY 10034",646-665-5570,<1%,6%,93%,<1%,0%,<1%,19%,25%,90%,46%,54%,0%,75%,Boys: N/A; Girls: N/A; Co-Ed: N/A,N/A,N/A,N/A,4%,18%,56%,0%,0%,20%,N/A,N/A,N/A,57%,73%,N/A,N/A,N/A,78%,63%,93%,94%,N/A,20%,73%,48 (9%),,0% (0),6% (3),90% (43),0% (0),0% (0),4% (2),Needs Improvement,N/A,N/A,N/A,N/A,N/A,N/A,87%,N/A,N/A,87%,N/A,N/A,N/A,93%,83%,79%,82%,73%,87%,N/A,83%,87%,N/A,N/A,60%,84%,80%,65%,81%,N/A,72%,82%,N/A,N/A,80%,80%,76%,78%,86%,83%,85%,84%,N/A,81%,84%,N/A,N/A,N/A,86%,78%,91%,72%,N/A,70%,47%,N/A,45%,47%,N/A,N/A,20%,50%,46%,88%,N/A,90%,88%,N/A,N/A,100%,87%,86%,73%,N/A,69%,74%,N/A,N/A,60%,71%,72%,92%,88%,N/A,82%,88%,N/A,N/A,N/A,90%,85%,91%,89%,N/A,91%,89%,N/A,N/A,N/A,94%,94%,94%,93%,N/A,91%,93%,N/A,N/A,N/A,94%,92%
84M481,Democracy Preparatory Harlem Charter School,Fair,Needs Improvement,Good,democracyprep.org/ny/bpms/,Katelyn Derry/Chantel Richardson,"0K,01,02,03,04,05,06,07,08,09,10,11,12",369,N/A,Local Support and Improvement,207 West 133 Street,"Manhattan, NY 10030",212-281-3061,0%,68%,28%,2%,<1%,<1%,10%,29%,87%,53%,47%,0%,70%,Boys: JV basketball; flag football; varsity soccer; varsity basketball; baseball; Girls: JV basketball; soccer; volleyball; varsity basketball; softball; cheer; Co-Ed: flag football; fencing,"National Honor Society; Girls, Inc; Art Club; Movie Club; Creative Writing Club; Senior Committee; 9th Grade Scholar Leadership Council; Korean Arts & Culture Club; Coding Club; Dance Team; Theatre Club; The Cooking Club; Chess Club; Tabletop Tuesdays (DnD/Gaming Club); 10th Grade Scholar Leadership Council; 11th Grade Scholar Leadership Council; Korean Honor Society; GSA; Financial Club;",N/A,N/A,5%,37%,18%,0%,0%,24%,4.3,65%,N/A,58%,65%,N/A,N/A,N/A,53%,68%,79%,72%,N/A,63%,69%,120 (33%),171 (46%),0% (0),69% (131),28% (52),<1% (1),<1% (1),<1% (1),Needs Improvement,N/A,N/A,N/A,N/A,N/A,N/A,70%,N/A,67%,N/A,N/A,N/A,N/A,79%,61%,N/A,36%,71%,82%,N/A,75%,94%,N/A,N/A,N/A,71%,80%,54%,73%,N/A,71%,80%,N/A,N/A,N/A,45%,72%,81%,87%,86%,80%,90%,N/A,N/A,100%,N/A,N/A,N/A,N/A,N/A,82%,43%,93%,64%,46%,N/A,39%,61%,N/A,N/A,N/A,38%,45%,78%,N/A,73%,85%,N/A,N/A,N/A,69%,74%,59%,N/A,52%,71%,N/A,N/A,N/A,53%,51%,92%,89%,N/A,91%,83%,N/A,N/A,N/A,93%,100%,86%,83%,N/A,85%,78%,N/A,N/A,N/A,92%,89%,92%,92%,N/A,93%,91%,N/A,N/A,N/A,100%,100%
84M518,East Harlem Scholars Academy Charter School,Needs Improvement,,,www.eastharlemscholars.org/high-school,Jeff Ginsburg/Tiffany Thomas,"PK,0K,01,02,03,04,05,06,07,08,09,10,11,12,SE",406,N/A,Local Support and Improvement,2050 Second Avenue,"Manhattan, NY 10029",212-348-2518,<1%,29%,67%,<1%,0%,<1%,8%,26%,94%,49%,51%,0%,N/A,Boys: Boys Basketball; Flag Football; Boys Soccer; Boys Track; Girls: Girls Basketball; Girls Soccer; Girls Track; Girls Soccer; Co-Ed: Cheer,Yearbook; Senior Committee; National Honor Society; Student Ambassadors; Anime Club; Dance Team; Chess Club; Cooking Club; Crochet Club; Gaming Club,N/A,N/A,N/A (fewer than 5 teachers),45%,33%,0%,0%,13%,3,67%,N/A,N/A,N/A,N/A,N/A,N/A,N/A,N/A,N/A,N/A,N/A,19%,38%,42 (10%),157 (39%),2% (3),34% (55),63% (103),<1% (1),0% (0),<1% (1),Fair,N/A,N/A,N/A,N/A,N/A,N/A,71%,N/A,71%,71%,N/A,N/A,N/A,77%,68%,62%,61%,N/A,N/A,N/A,N/A,N/A,N/A,N/A,N/A,N/A,N/A,N/A,N/A,N/A,N/A,N/A,N/A,N/A,N/A,N/A,N/A,N/A,N/A,N/A,N/A,N/A,N/A,N/A,N/A,N/A,N/A,N/A,N/A,N/A,78%,30%,94%,N/A,N/A,N/A,N/A,N/A,N/A,N/A,N/A,N/A,N/A,N/A,N/A,N/A,N/A,N/A,N/A,N/A,N/A,N/A,N/A,N/A,N/A,N/A,N/A,N/A,N/A,N/A,N/A,N/A,86%,N/A,75%,90%,N/A,N/A,N/A,100%,85%,N/A,88%,N/A,71%,89%,N/A,N/A,N/A,100%,92%,N/A,90%,N/A,78%,92%,N/A,N/A,N/A,100%,100%
84M522,Broome Street Academy Charter High School,Needs Improvement,,Fair,www.schools.nyc.gov/schools/M522,,"09,10,11,12,SE",262,N/A,Local Support and Improvement,121 Avenue Of The Americas,"Manhattan, NY 10013",212-453-0295,<1%,53%,41%,2%,<1%,1%,8%,27%,92%,46%,54%,0%,63%,"Boys: Basketball, volleyball; soccer;; Girls: Basketball; volleyball; soccer;; Co-Ed: N/A",Cheerleading; student government; determing additional clubs based on student feesback,N/A,Community School,0%,0%,27%,0%,0%,0%,N/A,N/A,N/A,47%,60%,N/A,N/A,N/A,N/A,33%,81%,67%,N/A,30%,30%,,,¶,¶,¶,¶,¶,¶,Fair,N/A,N/A,N/A,N/A,N/A,N/A,67%,N/A,67%,67%,N/A,N/A,N/A,67%,67%,87%,65%,N/A,97%,N/A,100%,91%,N/A,N/A,N/A,N/A,100%,N/A,85%,N/A,80%,91%,N/A,N/A,N/A,N/A,100%,N/A,76%,86%,N/A,83%,N/A,83%,82%,N/A,N/A,N/A,N/A,86%,72%,20%,N/A,N/A,50%,N/A,41%,55%,N/A,N/A,N/A,N/A,29%,90%,N/A,88%,91%,N/A,N/A,N/A,N/A,100%,83%,N/A,75%,91%,N/A,N/A,N/A,N/A,86%,86%,100%,N/A,N/A,N/A,N/A,N/A,N/A,N/A,N/A,87%,100%,N/A,N/A,N/A,N/A,N/A,N/A,N/A,N/A,87%,80%,N/A,N/A,N/A,N/A,N/A,N/A,N/A,N/A
84M708,Harlem Prep Charter School,Fair,,,democracyprep.org/ny/,Andre Geddes/Bryan Stroud,"03,04,05,06,07,08,09,10,11,12",408,N/A,Local Support and Improvement,240 East 123 Street,"Manhattan, NY 10035",212-876-9953,<1%,63%,33%,1%,<1%,1%,8%,18%,92%,52%,48%,0%,N/A,Boys: JV basketball; flag football; varsity soccer; varsity basketball; baseball; fencing; Girls: JV basketball; soccer; volleyball; varsity basketball; softball; cheer; Co-Ed: flag football; fencing,Theater; Student Council; Korean Dance & Drum,N/A,N/A,N/A (fewer than 5 teachers),43%,13%,0%,0%,19%,6,44%,N/A,N/A,N/A,N/A,N/A,N/A,N/A,N/A,N/A,N/A,N/A,66%,55%,39 (10%),208 (51%),<1% (1),61% (142),37% (86),<1% (1),0% (0),<1% (1),Needs Improvement,N/A,N/A,N/A,N/A,N/A,N/A,73%,N/A,73%,77%,N/A,N/A,N/A,82%,65%,64%,50%,N/A,100%,N/A,N/A,N/A,N/A,N/A,N/A,N/A,N/A,N/A,N/A,N/A,N/A,N/A,N/A,N/A,N/A,N/A,N/A,N/A,N/A,N/A,N/A,N/A,N/A,N/A,N/A,N/A,N/A,N/A,N/A,N/A,71%,31%,95%,N/A,20%,N/A,N/A,N/A,N/A,N/A,N/A,N/A,N/A,60%,N/A,N/A,N/A,N/A,N/A,N/A,N/A,N/A,40%,N/A,N/A,N/A,N/A,N/A,N/A,N/A,N/A,N/A,N/A,N/A,N/A,N/A,N/A,N/A,N/A,N/A,N/A,N/A,N/A,N/A,N/A,N/A,N/A,N/A,N/A,N/A,N/A,N/A,N/A,N/A,N/A,N/A,N/A,N/A,N/A,N/A,N/A
84M709,Harlem Village Academy North Charter School,Good,,,www.schools.nyc.gov/schools/M709,Kevin Tallat-Kelpsa/Yohana De Los Santos,"PK,05,06,07,08,09,10,11,12",205,N/A,Local Support and Improvement,244 West 144 Street,"Manhattan, NY 10030",646-812-9300,0%,72%,26%,0%,0%,<1%,0%,12%,83%,56%,44%,0%,N/A,Boys: N/A; Girls: N/A; Co-Ed: N/A,N/A,N/A,N/A,N/A (fewer than 5 teachers),41%,14%,N/A (fewer than 5 teachers),N/A (fewer than 5 teachers),39%,N/A,N/A,N/A,N/A,N/A,N/A,N/A,N/A,N/A,N/A,N/A,N/A,N/A,6%,79%,,,N/A,N/A,N/A,N/A,N/A,N/A,Needs Improvement,N/A,N/A,N/A,N/A,N/A,N/A,96%,N/A,94%,100%,N/A,N/A,N/A,100%,90%,N/A,N/A,N/A,N/A,N/A,N/A,N/A,N/A,N/A,N/A,N/A,N/A,N/A,N/A,N/A,N/A,N/A,N/A,N/A,N/A,N/A,N/A,N/A,N/A,N/A,N/A,N/A,N/A,N/A,N/A,N/A,N/A,N/A,N/A,N/A,89%,55%,N/A,N/A,N/A,N/A,N/A,N/A,N/A,N/A,N/A,N/A,N/A,N/A,N/A,N/A,N/A,N/A,N/A,N/A,N/A,N/A,N/A,N/A,N/A,N/A,N/A,N/A,N/A,N/A,N/A,N/A,N/A,N/A,N/A,N/A,N/A,N/A,N/A,N/A,N/A,N/A,N/A,N/A,N/A,N/A,N/A,N/A,N/A,N/A,N/A,N/A,N/A,N/A,N/A,N/A,N/A,N/A,N/A,N/A,N/A
84Q320,United Charter High School for Advanced Math and Science lV,Good,Fair,Good,unitedcharter.org/amsiv-156-10-baisley-boulevard-queens-ny-11434/,Claubentz Dieujuste,"09,10,11,12,SE",361,N/A,Local Support and Improvement,156-10 Baisley Boulevard,"Queens, NY 11434",718-525-2041,3%,81%,11%,3%,<1%,<1%,2%,17%,67%,46%,54%,0%,60%,"Boys: JV Basketball, Varsity Basketball, Varsity Football, Baseball, JV Volleyball; Girls: JV Basketball, Varsity Basketball, Baseball, JV Volleyball; Co-Ed: N/A","Creative Writing Club, Arts & Crafts Club, Anime & Video Game Club, Dance/STEP Club, Student Government Association Club (SGA) , Cheer Club, Sports Club",N/A,Career Readiness and Modern Youth Apprenticeship,15%,55%,10%,N/A (fewer than 5 teachers),N/A (fewer than 5 teachers),18%,5,85%,N/A,34%,41%,N/A,N/A,N/A,60%,47%,67%,48%,N/A,39%,64%,,,N/A,N/A,N/A,N/A,N/A,N/A,Fair,N/A,N/A,N/A,N/A,N/A,N/A,98%,N/A,97%,N/A,N/A,N/A,N/A,98%,98%,N/A,100%,76%,88%,N/A,90%,78%,N/A,N/A,N/A,80%,100%,64%,76%,N/A,75%,69%,N/A,N/A,N/A,N/A,88%,73%,77%,77%,84%,82%,N/A,80%,89%,N/A,N/A,N/A,80%,86%,90%,63%,80%,66%,40%,N/A,41%,44%,20%,N/A,N/A,80%,52%,87%,N/A,86%,94%,100%,N/A,N/A,80%,100%,62%,N/A,62%,56%,N/A,N/A,N/A,60%,67%,93%,89%,N/A,89%,N/A,N/A,N/A,N/A,N/A,88%,87%,84%,N/A,85%,N/A,N/A,N/A,N/A,N/A,78%,93%,94%,N/A,93%,N/A,N/A,N/A,N/A,N/A,78%
84Q340,Challenge Preparatory Charter School,Fair,Fair,Good,www.schools.nyc.gov/schools/Q340,Dr. Les Mullings/Mavgar Mondesir-Gordon,"0K,01,02,03,04,05,06,07,08,09,10,11,12",302,N/A,Local Support and Improvement,710 Hartman Lane,"Queens, NY 11691",718-634-1634,<1%,75%,21%,2%,<1%,<1%,5%,22%,83%,58%,42%,0%,59%,Boys: N/A; Girls: N/A; Co-Ed: N/A,N/A,N/A,N/A,0%,N/A (fewer than 5 teachers),14%,N/A (fewer than 5 teachers),0%,0%,N/A,N/A,N/A,59%,69%,83%,N/A,N/A,79%,63%,88%,73%,N/A,33%,61%,,,N/A,N/A,N/A,N/A,N/A,N/A,Fair,N/A,N/A,N/A,N/A,N/A,N/A,93%,N/A,98%,N/A,N/A,N/A,N/A,91%,96%,N/A,93%,79%,85%,N/A,84%,84%,100%,N/A,100%,87%,84%,59%,76%,N/A,77%,74%,62%,N/A,67%,83%,77%,82%,97%,91%,82%,72%,N/A,74%,72%,60%,N/A,N/A,100%,74%,85%,49%,N/A,68%,47%,N/A,48%,43%,50%,N/A,50%,50%,51%,84%,N/A,83%,86%,88%,N/A,83%,88%,88%,60%,N/A,62%,54%,38%,N/A,40%,69%,58%,92%,89%,100%,89%,88%,91%,N/A,100%,92%,90%,88%,87%,100%,87%,85%,73%,N/A,92%,88%,90%,93%,92%,100%,92%,90%,100%,N/A,100%,94%,93%
84Q373,United Charter High School for the Humanities lV,Good,Good,Good,www.schools.nyc.gov/schools/Q373,Musa Ali Shama,"09,10,11,12",187,N/A,Local Support and Improvement,100-00 Beach Channel Drive,"Queens, NY 11694",718-734-3350,2%,63%,29%,3%,<1%,2%,6%,32%,91%,52%,47%,<1%,72%,Boys: N/A; Girls: N/A; Co-Ed: N/A,N/A,N/A,N/A,N/A (fewer than 5 teachers),43%,13%,0%,N/A (fewer than 5 teachers),35%,N/A,N/A,N/A,72%,67%,N/A,N/A,N/A,80%,78%,100%,95%,N/A,78%,64%,,,N/A,N/A,N/A,N/A,N/A,N/A,Good,N/A,N/A,N/A,N/A,N/A,N/A,91%,N/A,87%,96%,N/A,N/A,N/A,93%,89%,N/A,89%,79%,93%,N/A,93%,91%,N/A,N/A,N/A,100%,93%,69%,82%,N/A,82%,81%,N/A,N/A,N/A,60%,84%,85%,90%,81%,91%,93%,N/A,94%,91%,N/A,N/A,N/A,100%,100%,85%,55%,N/A,77%,54%,N/A,55%,51%,N/A,N/A,N/A,60%,51%,88%,N/A,88%,89%,N/A,N/A,N/A,100%,95%,70%,N/A,69%,67%,N/A,N/A,N/A,67%,77%,92%,82%,N/A,78%,100%,N/A,N/A,N/A,100%,91%,86%,88%,N/A,84%,90%,N/A,N/A,N/A,100%,92%,98%,97%,N/A,94%,100%,N/A,N/A,N/A,N/A,100%
84Q380,Forte Preparatory Academy Charter School,,Fair,Good,www.forteprep.org/high-school,Graham Browne/Justin Smith,"05,06,07,08,09,10",202,N/A,Local Support and Improvement,51-35 Reeder Street,"Queens, NY 11373",N/A,3%,12%,79%,<1%,0%,4%,15%,19%,83%,44%,56%,0%,81%,Boys: Basketball; Strength and Conditioning; Volleyball; Pom/Cheer; Track and Field; Soccer; Girls: Basketball; Strength and Conditioning; Volleyball; Pom/Cheer; Track and Field; Soccer; Co-Ed: Pom/Cheer; Strength and Conditioning,Black Student Union; Cosmetology; Student Government; Theater/Improv; Video Game Club; Board Games Club; Glee Club; Forte Ambassadors;,N/A,N/A,7%,24%,20%,0%,0%,29%,3,65%,86%,77%,84%,N/A,N/A,92%,88%,77%,98%,91%,N/A,N/A,N/A,34 (17%),105 (52%),3% (3),12% (13),78% (82),0% (0),0% (0),4% (4),Excellent,N/A,N/A,N/A,N/A,N/A,N/A,N/A,N/A,N/A,N/A,N/A,N/A,N/A,N/A,N/A,N/A,N/A,77%,91%,84%,88%,92%,N/A,N/A,86%,84%,91%,73%,87%,91%,82%,87%,N/A,N/A,86%,87%,87%,76%,91%,77%,86%,78%,80%,78%,78%,N/A,N/A,86%,80%,74%,N/A,N/A,94%,71%,51%,55%,52%,50%,N/A,N/A,57%,65%,44%,90%,79%,88%,91%,N/A,N/A,93%,86%,86%,67%,66%,55%,70%,N/A,N/A,50%,71%,66%,86%,88%,93%,81%,89%,N/A,N/A,69%,92%,88%,89%,82%,93%,69%,84%,N/A,N/A,69%,85%,86%,94%,91%,96%,91%,92%,N/A,N/A,73%,94%,88%
84Q414,Renaissance Charter School 2,,Good,Good,rencharters.org/trcs-elmhurst/,Stacey Gauthier/Everett Boyd,"0K,01,02,03,04,05,06,09,10",173,N/A,Local Support and Improvement,45-20 83 Street,"Queens, NY 11373",N/A,9%,7%,78%,1%,0%,2%,28%,16%,82%,49%,51%,0%,79%,Boys: Soccer; basketball; volleyball; Girls: soccer; basketball; volleyball; Co-Ed: None,Sports clubs; newspaper club,N/A,N/A,20%,26%,17%,N/A (fewer than 5 teachers),0%,32%,5,87%,78%,100%,83%,N/A,N/A,N/A,80%,84%,100%,82%,N/A,N/A,N/A,,,N/A,N/A,N/A,N/A,N/A,N/A,Fair,N/A,N/A,N/A,N/A,N/A,N/A,N/A,N/A,N/A,N/A,N/A,N/A,N/A,N/A,N/A,N/A,N/A,77%,85%,90%,80%,84%,N/A,N/A,N/A,78%,80%,66%,78%,78%,100%,78%,N/A,N/A,N/A,70%,83%,85%,94%,85%,84%,79%,N/A,100%,78%,N/A,N/A,N/A,67%,91%,99%,100%,86%,72%,48%,44%,83%,47%,N/A,N/A,N/A,42%,48%,88%,90%,83%,88%,N/A,N/A,N/A,81%,95%,67%,60%,50%,70%,N/A,N/A,N/A,65%,61%,95%,91%,92%,100%,91%,N/A,N/A,83%,94%,76%,92%,90%,85%,100%,91%,N/A,N/A,100%,86%,83%,94%,92%,90%,100%,91%,N/A,N/A,100%,90%,83%
84Q705,Renaissance Charter School,Good,Good,Good,www.schools.nyc.gov/schools/Q705,Stacey Gauthier,"PK,0K,01,02,03,04,05,06,07,08,09,10,11,12",269,N/A,Local Support and Improvement,35-59 81 Street,"Queens, NY 11372",718-803-0060,16%,<1%,78%,0%,<1%,4%,9%,16%,72%,49%,51%,0%,70%,Boys: N/A; Girls: N/A; Co-Ed: N/A,N/A,N/A,N/A,21%,12%,24%,0%,0%,44%,N/A,N/A,32%,N/A,41%,N/A,N/A,47%,47%,41%,66%,62%,N/A,53%,89%,,,N/A,N/A,N/A,N/A,N/A,N/A,Good,N/A,N/A,N/A,N/A,N/A,N/A,85%,N/A,N/A,81%,N/A,N/A,N/A,82%,87%,N/A,30%,80%,93%,91%,N/A,94%,N/A,N/A,90%,90%,90%,69%,81%,84%,N/A,80%,N/A,N/A,79%,86%,79%,81%,90%,82%,84%,84%,86%,N/A,83%,N/A,N/A,91%,91%,93%,91%,71%,N/A,71%,43%,44%,N/A,43%,N/A,N/A,50%,37%,49%,91%,90%,N/A,91%,N/A,N/A,84%,88%,88%,76%,76%,N/A,76%,N/A,N/A,84%,66%,73%,96%,92%,93%,88%,92%,N/A,N/A,95%,98%,89%,88%,84%,84%,88%,85%,N/A,N/A,80%,85%,86%,94%,93%,97%,89%,93%,N/A,N/A,90%,95%,96%
84R067,John W. Lavelle Preparatory Charter School,Good,Fair,Good,integrationcharterschools.org/,Jenna Curran/Dori Rexha,"0K,01,02,03,04,05,06,07,08,09,10,11,12,SE",165,N/A,Local Support and Improvement,1441 South Avenue,"Staten Is, NY 10314",347-855-2238,1%,50%,40%,0%,<1%,5%,3%,33%,77%,51%,49%,0%,47%,Boys: CYO basketball; Girls: N/A; Co-Ed: N/A,Brothers Beyond Boundaries male mentorship group; Girl Scouts; Music; Band; Dual Enrollment,N/A,N/A,N/A,N/A,N/A,N/A,N/A,N/A,5.3,64%,40%,38%,37%,N/A,N/A,38%,55%,40%,63%,48%,N/A,15%,72%,,,N/A,N/A,N/A,N/A,N/A,N/A,N/A,N/A,N/A,N/A,N/A,N/A,N/A,92%,N/A,90%,100%,N/A,N/A,N/A,96%,89%,N/A,N/A,76%,86%,100%,83%,86%,N/A,N/A,100%,92%,86%,58%,74%,83%,71%,76%,N/A,N/A,80%,85%,75%,85%,89%,95%,74%,73%,N/A,82%,71%,N/A,N/A,38%,N/A,74%,87%,54%,96%,68%,45%,67%,42%,48%,N/A,N/A,62%,62%,45%,86%,100%,84%,88%,N/A,N/A,88%,92%,88%,63%,83%,59%,68%,N/A,N/A,56%,54%,63%,94%,90%,90%,91%,91%,N/A,N/A,76%,81%,88%,88%,94%,100%,91%,96%,N/A,N/A,100%,88%,95%,95%,94%,90%,97%,93%,N/A,N/A,81%,100%,89%
84R070,Lois and Richard Nicotra Early College Charter School,Good,,,integrationcharterschools.org/,Terrona Gaynor,"09,10,11,12,SE",192,N/A,Local Support and Improvement,1441 South Avenue,"Staten Is, NY 10314",N/A,1%,38%,45%,0%,<1%,14%,3%,35%,76%,55%,45%,0%,60%,Boys: CYO Boys Basketball Team; Girls: N/A; Co-Ed: N/A,Dual Enrollment courses at the College of Staten Island; Dual Enrollment courses at Monroe College; Early College Program; College readiness seminars; Leadership development workshops; Social-emotional learning supports,N/A,N/A,N/A,N/A,N/A,N/A,N/A,N/A,11,87%,N/A,N/A,N/A,N/A,N/A,N/A,N/A,N/A,89%,67%,N/A,64%,62%,,,0% (0),31% (21),48% (32),0% (0),0% (0),18% (12),Excellent,N/A,N/A,N/A,N/A,N/A,N/A,96%,N/A,94%,96%,N/A,N/A,N/A,100%,92%,N/A,100%,N/A,100%,N/A,N/A,N/A,N/A,N/A,N/A,N/A,N/A,N/A,100%,N/A,N/A,N/A,N/A,N/A,N/A,N/A,N/A,N/A,75%,78%,N/A,60%,N/A,N/A,N/A,N/A,N/A,N/A,N/A,N/A,88%,57%,97%,N/A,60%,N/A,N/A,N/A,N/A,N/A,N/A,N/A,N/A,100%,N/A,N/A,N/A,N/A,N/A,N/A,N/A,N/A,100%,N/A,N/A,N/A,N/A,N/A,N/A,N/A,N/A,N/A,76%,N/A,N/A,78%,N/A,N/A,N/A,N/A,62%,N/A,81%,N/A,N/A,78%,N/A,N/A,N/A,N/A,86%,N/A,88%,N/A,N/A,88%,N/A,N/A,N/A,N/A,88%
84R083,Richmond Preparatory Charter School,,,Needs Improvement,integrationcharterschools.org/,Omri Shick/Ronald Carara,"06,07,08,09,SE",58,N/A,Local Support and Improvement,2245 Richmond Avenue,"Staten Is, NY 10314",347-855-2238,2%,24%,52%,3%,0%,10%,2%,48%,70%,38%,62%,0%,73%,Boys: CYO Basketball; Girls: N/A; Co-Ed: N/A,Brothers Beyond Boundaries male mentorship group; Girl Scouts,N/A,N/A,N/A,N/A,N/A,N/A,N/A,N/A,9,45%,N/A,62%,71%,N/A,N/A,N/A,N/A,58%,69%,69%,N/A,N/A,N/A,,,N/A,N/A,N/A,N/A,N/A,N/A,N/A,N/A,N/A,N/A,N/A,N/A,N/A,N/A,N/A,N/A,N/A,N/A,N/A,N/A,N/A,N/A,N/A,N/A,N/A,86%,N/A,75%,100%,N/A,N/A,N/A,N/A,70%,N/A,72%,N/A,80%,67%,N/A,N/A,N/A,N/A,70%,N/A,85%,92%,N/A,N/A,N/A,N/A,N/A,N/A,N/A,N/A,N/A,N/A,90%,64%,97%,N/A,57%,N/A,62%,50%,N/A,N/A,N/A,N/A,58%,78%,N/A,69%,100%,N/A,N/A,N/A,N/A,67%,45%,N/A,33%,62%,N/A,N/A,N/A,N/A,50%,76%,52%,78%,78%,50%,N/A,N/A,26%,N/A,54%,66%,65%,100%,80%,58%,N/A,N/A,50%,N/A,74%,63%,62%,89%,62%,57%,N/A,N/A,50%,N/A,61%
84X185,Pharos Academy Charter School,Excellent,Good,Excellent,pharosacademies.org/,Travis Brown,"0K,01,02,03,04,05,06,07,08,09,10,11,12",231,N/A,Local Support and Improvement,1001 Intervale Avenue,"Bronx, NY 10459",646-915-0025,2%,30%,68%,<1%,<1%,0%,1%,10%,90%,48%,52%,0%,72%,"Boys: Basketball, flag football, eSports, soccer, track, cross ocuntry; Girls: Basketball, flag football, eSports, soccer, track, cross country, dance/cheer; Co-Ed: N/A","After-school programming, tutoring, clubs",N/A,N/A,N/A (fewer than 5 teachers),47%,16%,0%,0%,29%,10,92%,100%,81%,79%,N/A,N/A,N/A,100%,64%,96%,76%,N/A,97%,72%,,,N/A,N/A,N/A,N/A,N/A,N/A,Good,N/A,N/A,N/A,N/A,N/A,N/A,95%,N/A,100%,92%,N/A,N/A,N/A,93%,97%,N/A,N/A,85%,92%,100%,92%,93%,N/A,N/A,N/A,67%,93%,68%,87%,100%,87%,87%,N/A,N/A,N/A,83%,87%,83%,98%,92%,82%,77%,N/A,80%,74%,N/A,N/A,N/A,N/A,79%,92%,79%,90%,73%,48%,40%,54%,46%,N/A,N/A,N/A,50%,56%,89%,100%,91%,88%,N/A,N/A,N/A,100%,85%,70%,80%,74%,68%,N/A,N/A,N/A,100%,55%,95%,90%,N/A,92%,90%,N/A,N/A,N/A,84%,97%,91%,93%,N/A,95%,92%,N/A,N/A,N/A,96%,91%,96%,95%,N/A,99%,94%,N/A,N/A,N/A,100%,100%
84X202,United Charter High School for Advanced Math and Science ll,Excellent,Good,Excellent,unitedcharter.org/amsii-900-tinton-ave-bronx-ny-10456/,Sandy Manessis/Curtis Palmore,"09,10,11,12,SE",488,N/A,Local Support and Improvement,900 Tinton Avenue,"Bronx, NY 10456",718-665-3671,1%,47%,49%,1%,0%,1%,5%,15%,90%,51%,49%,0%,85%,"Boys: Varsity Basketball, JV Basketball, Volleyball, Soccer; Girls: Basketball, Volleyball, Soccer; Co-Ed: Track & Field, Cross Country, Flag Football, Cheerleading","Pre Health Club, Weight Room, Art Club, Chess Club, World Cultural Alliance, Student Ambassadors, Choir, Spanish Creative Writing, Jiu Jitsu, Makeup Club, GSA, Reality Check, Creative Writing, Gaming Club, Caribbean Club",N/A,N/A,N/A (fewer than 5 teachers),19%,40%,N/A (fewer than 5 teachers),N/A (fewer than 5 teachers),36%,9,95%,20%,60%,64%,100%,N/A,83%,61%,53%,73%,65%,N/A,97%,76%,,,N/A,N/A,N/A,N/A,N/A,N/A,Fair,N/A,N/A,N/A,N/A,N/A,N/A,98%,N/A,100%,97%,N/A,N/A,N/A,97%,100%,N/A,93%,82%,91%,83%,89%,94%,83%,N/A,100%,80%,92%,76%,90%,100%,90%,90%,100%,N/A,100%,89%,87%,87%,89%,89%,88%,81%,80%,79%,84%,57%,N/A,67%,83%,81%,91%,67%,94%,76%,57%,50%,53%,61%,43%,N/A,100%,63%,56%,93%,100%,89%,96%,100%,N/A,100%,89%,87%,78%,83%,73%,83%,86%,N/A,100%,68%,74%,94%,92%,N/A,90%,92%,N/A,N/A,N/A,82%,93%,88%,91%,N/A,91%,90%,N/A,N/A,N/A,91%,100%,98%,97%,N/A,95%,98%,N/A,N/A,N/A,100%,100%
84X208,United Charter High School for the Humanities II,Good,Fair,Good,unitedcharter.org/humii-900-tinton-avenue-bronx-ny-10456/,David Neagley,"09,10,11,12,SE",248,N/A,Local Support and Improvement,900 Tinton Avenue,"Bronx, NY 10456",212-645-5110,<1%,36%,61%,<1%,0%,<1%,16%,19%,93%,56%,44%,0%,77%,Boys: Basketball; Soccer; Track and Field; Cross Country; Volleyball; Flag Football; Girls: N/A; Co-Ed: Flag Football,"School Newspaper; Student Activities Board; Gaming Club; Nail Designs; Theater Club; Arts Clubs; PRIDE; weight lifting; National Honor Society; Rock Climbing Club; Beads, Buttons & Pins; Weightlifting",N/A,N/A,N/A (fewer than 5 teachers),32%,33%,0%,0%,30%,6,100%,N/A,50%,53%,N/A,N/A,N/A,72%,50%,62%,69%,N/A,75%,63%,,,¶,¶,¶,¶,¶,¶,Fair,N/A,N/A,N/A,N/A,N/A,N/A,88%,N/A,93%,85%,N/A,N/A,N/A,96%,77%,53%,94%,78%,89%,N/A,90%,89%,N/A,N/A,N/A,90%,83%,67%,79%,N/A,74%,81%,N/A,N/A,N/A,78%,67%,84%,75%,81%,82%,74%,N/A,74%,72%,N/A,N/A,N/A,81%,57%,79%,38%,96%,73%,47%,N/A,40%,48%,N/A,N/A,N/A,76%,41%,93%,N/A,91%,94%,N/A,N/A,N/A,100%,95%,62%,N/A,62%,60%,N/A,N/A,N/A,85%,50%,94%,87%,N/A,80%,88%,N/A,N/A,N/A,N/A,71%,90%,89%,N/A,N/A,85%,N/A,N/A,N/A,N/A,100%,94%,94%,N/A,N/A,92%,N/A,N/A,N/A,N/A,100%
84X309,South Bronx Charter School for International Cultures and the Arts,,,Good,www.schools.nyc.gov/schools/X309,Evelyn Hey/Azizi Madramootoo,"0K,01,02,03,04,05,06,07,08,09,10,11",96,N/A,Local Support and Improvement,164 Bruckner Boulevard,"Bronx, NY 10454",718-401-9216,1%,13%,85%,0%,0%,1%,18%,13%,90%,40%,60%,0%,88%,Boys: N/A; Girls: N/A; Co-Ed: N/A,N/A,N/A,N/A,N/A (fewer than 5 teachers),35%,53%,N/A (fewer than 5 teachers),N/A (fewer than 5 teachers),N/A (fewer than 5 teachers),N/A,N/A,N/A,N/A,83%,N/A,N/A,N/A,N/A,N/A,88%,88%,N/A,N/A,N/A,16 (17%),,0% (0),6% (1),94% (15),0% (0),0% (0),0% (0),N/A,N/A,N/A,N/A,N/A,N/A,N/A,N/A,N/A,N/A,N/A,N/A,N/A,N/A,N/A,N/A,N/A,N/A,N/A,86%,N/A,N/A,80%,N/A,N/A,N/A,N/A,N/A,N/A,88%,N/A,N/A,83%,N/A,N/A,N/A,N/A,N/A,N/A,87%,88%,N/A,N/A,N/A,N/A,N/A,N/A,N/A,N/A,N/A,N/A,87%,59%,N/A,N/A,38%,N/A,N/A,50%,N/A,N/A,N/A,N/A,N/A,88%,N/A,N/A,83%,N/A,N/A,N/A,N/A,N/A,75%,N/A,N/A,67%,N/A,N/A,N/A,N/A,N/A,91%,85%,N/A,57%,88%,N/A,N/A,N/A,88%,90%,91%,91%,N/A,80%,92%,N/A,N/A,N/A,93%,86%,94%,92%,N/A,92%,92%,N/A,N/A,N/A,98%,96%
84X345,Leaders In Our Neighborhood Charter School,Good,Good,Excellent,lioncharterschool.org/,Celia Sosa/Celia Sosa,"0K,01,02,03,04,05,06,07,08,09,10,11,12",296,N/A,Local Support and Improvement,730 Bryant Avenue,"Bronx, NY 10474",718-991-5500,0%,23%,76%,0%,0%,1%,16%,26%,90%,51%,49%,0%,84%,Boys: Basketball; Girls: Basketball; Co-Ed: Track; Soccer; Cheerleading; Flag Football; Baseball;Softball; Volleyball,"National Honor Society, Girls Group, Film Club, Debate Team, Dance Team, Gay Straight Alliance, Investment Club, Gaming Club, Yearbook, Bring Change to Mind, Student Council, Hispanic Honor Society, Newspaper, Chamber Orchestra, Theater Club, Mock Trial, National Dance Honor Society, & National Art Honor Society.",N/A,N/A,8%,34%,42%,N/A (fewer than 5 teachers),N/A (fewer than 5 teachers),15%,6,71%,N/A,66%,75%,N/A,N/A,N/A,65%,72%,72%,59%,N/A,87%,68%,127 (43%),55 (19%),0% (0),25% (40),75% (122),0% (0),0% (0),<1% (1),Good,N/A,N/A,N/A,N/A,N/A,N/A,94%,N/A,95%,94%,N/A,N/A,N/A,94%,94%,93%,81%,76%,93%,N/A,94%,92%,N/A,N/A,N/A,88%,91%,70%,84%,N/A,84%,84%,N/A,N/A,N/A,74%,78%,80%,89%,89%,87%,81%,N/A,88%,78%,N/A,N/A,N/A,68%,82%,89%,65%,91%,74%,54%,N/A,58%,52%,N/A,N/A,N/A,43%,52%,89%,N/A,89%,89%,N/A,N/A,N/A,78%,86%,81%,N/A,84%,80%,N/A,N/A,N/A,82%,76%,97%,94%,N/A,91%,95%,N/A,N/A,N/A,93%,96%,93%,94%,N/A,93%,94%,N/A,N/A,N/A,93%,93%,98%,97%,N/A,96%,97%,N/A,N/A,N/A,97%,97%
84X347,International Leadership Charter High School,Good,,,www.schools.nyc.gov/schools/X347,Dr. Elaine Ruiz Lopez/Anil Edward,"06,07,09,10,11,12",319,N/A,Local Support and Improvement,3030 Riverdale Avenue,"Bronx, NY 10463",718-562-2300,1%,16%,79%,<1%,<1%,1%,15%,11%,89%,55%,45%,0%,N/A,Boys: N/A; Girls: N/A; Co-Ed: N/A,N/A,N/A,N/A,N/A (fewer than 5 teachers),41%,31%,0%,0%,18%,N/A,N/A,N/A,N/A,N/A,N/A,N/A,N/A,N/A,N/A,N/A,N/A,N/A,34%,75%,,,¶,¶,¶,¶,¶,¶,Fair,N/A,N/A,N/A,N/A,N/A,N/A,93%,N/A,N/A,96%,N/A,N/A,N/A,93%,94%,92%,N/A,N/A,N/A,N/A,N/A,N/A,N/A,N/A,N/A,N/A,N/A,N/A,N/A,N/A,N/A,N/A,N/A,N/A,N/A,N/A,N/A,N/A,N/A,N/A,N/A,N/A,N/A,N/A,N/A,N/A,N/A,N/A,N/A,N/A,91%,76%,N/A,N/A,N/A,N/A,N/A,N/A,N/A,N/A,N/A,N/A,N/A,N/A,N/A,N/A,N/A,N/A,N/A,N/A,N/A,N/A,N/A,N/A,N/A,N/A,N/A,N/A,N/A,N/A,N/A,N/A,N/A,N/A,N/A,N/A,N/A,N/A,N/A,N/A,N/A,N/A,N/A,N/A,N/A,N/A,N/A,N/A,N/A,N/A,N/A,N/A,N/A,N/A,N/A,N/A,N/A,N/A,N/A,N/A,N/A
84X380,Success Academy Charter School - Bronx 3,Fair,,,www.schools.nyc.gov/schools/X380,Katherine Huntington/Sabine Moore,"0K,01,02,03,04,05,06,07,08,09,10,11,SE",441,N/A,Local Support and Improvement,1000 Teller Avenue,"Bronx, NY 10456",646-790-2145,<1%,61%,34%,2%,<1%,2%,0%,3%,79%,50%,50%,0%,67%,Boys: N/A; Girls: N/A; Co-Ed: N/A,N/A,N/A,N/A,N/A,N/A,N/A,N/A,N/A,N/A,N/A,N/A,N/A,80%,N/A,N/A,N/A,N/A,N/A,N/A,N/A,N/A,N/A,6%,N/A,,,N/A,N/A,N/A,N/A,N/A,N/A,Excellent,N/A,N/A,N/A,N/A,N/A,N/A,91%,N/A,93%,86%,N/A,N/A,N/A,85%,98%,N/A,N/A,N/A,50%,N/A,60%,N/A,N/A,N/A,N/A,N/A,N/A,N/A,50%,N/A,60%,N/A,N/A,N/A,N/A,N/A,N/A,N/A,N/A,N/A,N/A,N/A,N/A,N/A,N/A,N/A,N/A,N/A,N/A,N/A,N/A,N/A,N/A,N/A,50%,N/A,60%,N/A,N/A,N/A,N/A,N/A,N/A,50%,N/A,60%,N/A,N/A,N/A,N/A,N/A,N/A,67%,N/A,80%,N/A,N/A,N/A,N/A,N/A,N/A,N/A,83%,N/A,N/A,N/A,N/A,N/A,N/A,N/A,N/A,N/A,100%,N/A,N/A,N/A,N/A,N/A,N/A,N/A,N/A,N/A,83%,N/A,N/A,N/A,N/A,N/A,N/A,N/A,N/A
84X387,Brilla College Preparatory Charter School,,,,www.vertexacademies.org/,Yeime Valle/Denise Mccrummen,"0K,01,02,03,04,05,06,07,08,09,10,11",92,N/A,Local Support and Improvement,413 East 144 Street,"Bronx, NY 10454",347-273-8439,0%,24%,67%,2%,0%,3%,10%,23%,92%,29%,71%,0%,70%,"Boys: Basketball, Soccer; Girls: Volleyball, Softball; Co-Ed: N/A",N/A,N/A,N/A,N/A (fewer than 5 teachers),26%,43%,0%,N/A (fewer than 5 teachers),27%,4,75%,N/A,75%,71%,N/A,N/A,N/A,100%,82%,N/A,N/A,N/A,N/A,N/A,,,N/A,N/A,N/A,N/A,N/A,N/A,Fair,N/A,N/A,N/A,N/A,N/A,N/A,N/A,N/A,N/A,N/A,N/A,N/A,N/A,N/A,N/A,N/A,N/A,N/A,88%,N/A,88%,88%,N/A,N/A,N/A,100%,92%,N/A,90%,N/A,84%,92%,N/A,N/A,N/A,100%,89%,N/A,N/A,N/A,N/A,70%,N/A,71%,69%,N/A,N/A,N/A,89%,77%,91%,66%,95%,N/A,28%,N/A,33%,25%,N/A,N/A,N/A,56%,38%,89%,N/A,90%,87%,N/A,N/A,N/A,100%,92%,52%,N/A,52%,50%,N/A,N/A,N/A,50%,54%,N/A,88%,N/A,N/A,86%,N/A,N/A,N/A,N/A,N/A,N/A,75%,N/A,N/A,71%,N/A,N/A,N/A,N/A,N/A,N/A,88%,N/A,N/A,86%,N/A,N/A,N/A,N/A,N/A
84X393,University Prep Charter High School,Excellent,Excellent,Good,www.schools.nyc.gov/schools/X393,Andrea D'amato/Andrew Ayers,"09,10,11,12",446,N/A,Local Support and Improvement,600 Saint Ann's Avenue,"Bronx, NY 10455",718-585-0560,0%,37%,61%,<1%,<1%,<1%,3%,18%,87%,52%,48%,0%,93%,Boys: N/A; Girls: N/A; Co-Ed: N/A,N/A,N/A,N/A,N/A (fewer than 5 teachers),14%,23%,0%,0%,36%,N/A,N/A,N/A,86%,86%,N/A,N/A,N/A,100%,88%,85%,85%,N/A,35%,87%,,,¶,¶,¶,¶,¶,¶,Fair,N/A,N/A,N/A,N/A,N/A,N/A,99%,N/A,96%,100%,N/A,N/A,N/A,98%,100%,N/A,100%,87%,96%,N/A,96%,96%,N/A,N/A,N/A,100%,99%,71%,91%,N/A,92%,91%,N/A,N/A,N/A,100%,91%,90%,90%,70%,93%,89%,N/A,86%,91%,N/A,N/A,N/A,100%,92%,92%,73%,N/A,83%,76%,N/A,79%,75%,N/A,N/A,N/A,83%,85%,95%,N/A,94%,95%,N/A,N/A,N/A,100%,92%,90%,N/A,91%,89%,N/A,N/A,N/A,100%,96%,92%,98%,N/A,99%,98%,N/A,N/A,N/A,100%,100%,63%,95%,N/A,96%,94%,N/A,N/A,N/A,100%,99%,98%,98%,N/A,97%,98%,N/A,N/A,N/A,100%,99%
84X395,"NYC Charter High School for Architecture, Engineering and Construction Industries",Good,Good,Excellent,www.schools.nyc.gov/schools/X395,Colin Healy,"09,10,11,12",454,N/A,Local Support and Improvement,838 Brook Avenue,"Bronx, NY 10451",646-400-5566,<1%,34%,62%,1%,<1%,1%,8%,19%,90%,40%,60%,0%,92%,Boys: N/A; Girls: N/A; Co-Ed: N/A,N/A,N/A,N/A,N/A (fewer than 5 teachers),27%,29%,0%,0%,39%,N/A,N/A,N/A,73%,70%,50%,N/A,67%,81%,72%,84%,75%,N/A,43%,71%,,,¶,¶,¶,¶,¶,¶,Needs Improvement,N/A,N/A,N/A,N/A,N/A,N/A,95%,N/A,92%,97%,N/A,N/A,N/A,96%,95%,86%,93%,86%,97%,N/A,96%,98%,83%,N/A,100%,96%,97%,84%,93%,N/A,95%,92%,67%,N/A,83%,96%,93%,91%,97%,97%,92%,90%,N/A,91%,89%,83%,N/A,100%,97%,93%,87%,57%,N/A,82%,61%,N/A,65%,60%,50%,N/A,67%,69%,70%,94%,N/A,94%,95%,83%,N/A,100%,96%,94%,85%,N/A,90%,83%,67%,N/A,83%,86%,89%,98%,99%,N/A,100%,99%,100%,N/A,83%,100%,99%,100%,99%,N/A,99%,99%,100%,N/A,100%,100%,100%,100%,100%,N/A,100%,100%,100%,N/A,100%,100%,100%
84X429,Charter High School for Law and Social Justice,Fair,Good,Excellent,www.chslsj.org/,Richard Burke,"06,09,10,11,12",473,N/A,Local Support and Improvement,1960 University Avenue,"Bronx, NY 10453",646-450-2240,<1%,9%,89%,<1%,<1%,0%,18%,17%,>95%,53%,47%,0%,93%,Boys: Baseball; Basketball; Flag Football; Volleyball; Cheerleading; Girls: Softball; Basketball; Flag Football; Volleyball; Cheerleading; Co-Ed: Flag Football; Cheerleading; Volleyball,Gaming Club; Yearbook; Knitting; Peer Tutoring; Community Service; Cooking; Composting; Book Club; Fitness Club; Chess; ESL Activities; Cosmetic Club;,N/A,N/A,6%,21%,42%,N/A (fewer than 5 teachers),0%,29%,5,98%,N/A,78%,90%,N/A,N/A,N/A,87%,86%,94%,86%,N/A,19%,62%,60 (13%),79 (17%),0% (0),8% (10),90% (114),<1% (1),<1% (1),0% (0),Fair,N/A,N/A,N/A,N/A,N/A,N/A,85%,N/A,88%,84%,N/A,N/A,N/A,83%,87%,81%,67%,86%,92%,N/A,86%,93%,N/A,N/A,N/A,84%,95%,82%,93%,N/A,94%,93%,N/A,N/A,N/A,89%,95%,93%,97%,97%,92%,86%,N/A,88%,85%,N/A,N/A,N/A,83%,89%,80%,35%,94%,84%,66%,N/A,58%,67%,N/A,N/A,N/A,67%,60%,94%,N/A,90%,94%,N/A,N/A,N/A,89%,94%,86%,N/A,70%,87%,N/A,N/A,N/A,84%,79%,97%,96%,N/A,90%,96%,N/A,N/A,N/A,95%,94%,91%,89%,N/A,81%,90%,N/A,N/A,N/A,95%,91%,98%,98%,N/A,90%,99%,N/A,N/A,N/A,100%,97%
84X460,Atmosphere Academy Public Charter School,Good,Fair,Excellent,www.schools.nyc.gov/schools/X460,Colin Greene,"06,07,08,09,10,11,12",772,N/A,Local Support and Improvement,22 Marble Hill Avenue,"Bronx, NY 10463",718-757-5852,1%,19%,79%,<1%,0%,<1%,5%,17%,85%,47%,53%,0%,82%,Boys: N/A; Girls: N/A; Co-Ed: N/A,N/A,N/A,N/A,4%,43%,30%,0%,0%,23%,N/A,N/A,52%,67%,70%,64%,N/A,65%,75%,66%,94%,90%,N/A,46%,N/A,,,N/A,N/A,N/A,N/A,N/A,N/A,Excellent,N/A,N/A,N/A,N/A,N/A,N/A,90%,N/A,80%,93%,N/A,N/A,N/A,92%,88%,N/A,100%,81%,88%,80%,86%,89%,70%,N/A,79%,78%,85%,68%,84%,69%,86%,84%,90%,N/A,65%,87%,83%,82%,93%,87%,85%,82%,100%,83%,82%,80%,N/A,N/A,77%,80%,89%,60%,N/A,70%,51%,48%,50%,51%,18%,N/A,30%,48%,52%,83%,85%,78%,84%,73%,N/A,90%,81%,80%,68%,63%,69%,69%,45%,N/A,45%,68%,65%,95%,94%,82%,93%,94%,100%,N/A,100%,100%,94%,93%,92%,88%,92%,92%,100%,N/A,82%,100%,94%,97%,96%,87%,93%,97%,100%,N/A,80%,100%,96%
84X461,Nuasin Next Generation Charter School,Fair,Fair,Excellent,nngcs.org/,Kurt Davidson/Malik Russell,"0K,01,02,03,04,05,06,07,08,09,10,11,12",280,N/A,Local Support and Improvement,180 West 165 Street,"Bronx, NY 10452",718-893-0640,1%,20%,78%,<1%,0%,<1%,21%,24%,94%,49%,51%,0%,81%,"Boys: Basketball, Track; Girls: Volleyball; Co-Ed: None",cheerleading; yearbook; step,N/A,N/A,N/A (fewer than 5 teachers),39%,27%,0%,0%,28%,2.5,0%,N/A,83%,86%,N/A,N/A,N/A,94%,86%,98%,90%,N/A,62%,52%,138 (49%),,1% (2),25% (34),72% (99),<1% (1),0% (0),1% (2),Needs Improvement,N/A,N/A,N/A,N/A,N/A,N/A,92%,N/A,N/A,92%,N/A,N/A,N/A,95%,89%,92%,79%,78%,89%,N/A,83%,90%,N/A,N/A,N/A,84%,87%,70%,83%,N/A,74%,85%,N/A,N/A,N/A,86%,76%,79%,92%,79%,86%,83%,N/A,90%,81%,N/A,N/A,N/A,78%,83%,84%,35%,78%,75%,54%,N/A,59%,52%,N/A,N/A,N/A,55%,47%,88%,N/A,90%,87%,N/A,N/A,N/A,89%,86%,77%,N/A,76%,77%,N/A,N/A,N/A,79%,71%,95%,95%,N/A,92%,96%,100%,N/A,N/A,96%,92%,88%,92%,N/A,90%,92%,100%,N/A,N/A,92%,96%,98%,97%,N/A,93%,97%,100%,N/A,N/A,99%,98%
84X465,Boys Preparatory Charter School of New York,,,,www.schools.nyc.gov/schools/X465,Joyanet Mangual/Steve Paul,"PK,0K,01,02,03,04,05,06,07,08,09,10,11,SE",59,N/A,Local Support and Improvement,192 East 151 Street,"Bronx, NY 10451",718-860-8774,2%,25%,69%,2%,0%,0%,7%,31%,93%,3%,97%,0%,70%,Boys: N/A; Girls: N/A; Co-Ed: N/A,N/A,N/A,N/A,N/A,N/A,N/A,N/A,N/A,N/A,N/A,N/A,N/A,75%,71%,N/A,N/A,N/A,100%,82%,N/A,N/A,N/A,N/A,N/A,,,N/A,N/A,N/A,N/A,N/A,N/A,Needs Improvement,N/A,N/A,N/A,N/A,N/A,N/A,N/A,N/A,N/A,N/A,N/A,N/A,N/A,N/A,N/A,N/A,N/A,N/A,88%,N/A,88%,88%,N/A,N/A,N/A,100%,92%,N/A,90%,N/A,84%,92%,N/A,N/A,N/A,100%,89%,N/A,N/A,N/A,N/A,70%,N/A,71%,69%,N/A,N/A,N/A,89%,77%,N/A,N/A,N/A,N/A,28%,N/A,33%,25%,N/A,N/A,N/A,56%,38%,89%,N/A,90%,87%,N/A,N/A,N/A,100%,92%,52%,N/A,52%,50%,N/A,N/A,N/A,50%,54%,N/A,88%,N/A,N/A,86%,N/A,N/A,N/A,N/A,N/A,N/A,75%,N/A,N/A,71%,N/A,N/A,N/A,N/A,N/A,N/A,88%,N/A,N/A,86%,N/A,N/A,N/A,N/A,N/A
84X471,American Dream Charter School,Excellent,Good,Excellent,www.schools.nyc.gov/schools/X471,Melissa Melkonian/Beatriz Banuelos,"06,07,08,09,10,11,12",341,N/A,Local Support and Improvement,510 East 141 Street,"Bronx, NY 10454",718-585-3071,0%,4%,96%,0%,0%,<1%,19%,16%,>95%,57%,43%,0%,84%,Boys: N/A; Girls: N/A; Co-Ed: N/A,N/A,N/A,N/A,N/A (fewer than 5 teachers),11%,68%,N/A (fewer than 5 teachers),N/A (fewer than 5 teachers),17%,N/A,N/A,N/A,73%,81%,N/A,N/A,N/A,93%,73%,86%,66%,N/A,94%,86%,,,N/A,N/A,N/A,N/A,N/A,N/A,Fair,N/A,N/A,N/A,N/A,N/A,N/A,95%,N/A,N/A,95%,N/A,N/A,N/A,100%,86%,93%,N/A,82%,95%,N/A,94%,95%,N/A,N/A,N/A,96%,97%,78%,93%,N/A,90%,93%,N/A,N/A,N/A,93%,92%,87%,91%,93%,83%,79%,N/A,79%,80%,N/A,N/A,N/A,89%,84%,89%,60%,N/A,79%,55%,N/A,62%,54%,N/A,N/A,N/A,57%,52%,94%,N/A,94%,94%,N/A,N/A,N/A,93%,97%,83%,N/A,74%,83%,N/A,N/A,N/A,88%,79%,95%,93%,N/A,94%,93%,N/A,N/A,N/A,89%,97%,91%,93%,N/A,100%,93%,N/A,N/A,N/A,93%,95%,96%,96%,N/A,93%,96%,N/A,N/A,N/A,92%,100%
84X482,Dr. Richard Izquierdo Health and Science Charter School,Good,Fair,Good,www.schools.nyc.gov/schools/X482,Beatriz Szmurlo/Lindsay Malanga,"06,07,08,09,10,11,12,SE",426,N/A,Local Support and Improvement,800 Home Street,"Bronx, NY 10456",718-378-0490,<1%,17%,79%,<1%,<1%,3%,14%,17%,>95%,50%,50%,0%,77%,Boys: N/A; Girls: N/A; Co-Ed: N/A,N/A,N/A,N/A,4%,15%,21%,0%,0%,9%,N/A,N/A,N/A,55%,58%,40%,N/A,67%,71%,50%,93%,93%,N/A,60%,81%,,,N/A,N/A,N/A,N/A,N/A,N/A,Needs Improvement,N/A,N/A,N/A,N/A,N/A,N/A,88%,N/A,89%,88%,N/A,N/A,N/A,86%,92%,78%,88%,78%,82%,N/A,75%,84%,80%,N/A,60%,76%,75%,61%,82%,N/A,80%,81%,N/A,N/A,100%,85%,79%,89%,100%,100%,82%,81%,N/A,83%,81%,N/A,N/A,89%,81%,87%,83%,37%,N/A,67%,41%,N/A,34%,43%,20%,N/A,50%,49%,36%,83%,N/A,80%,83%,80%,N/A,80%,82%,80%,63%,N/A,53%,66%,40%,N/A,50%,69%,65%,94%,91%,N/A,89%,91%,N/A,N/A,N/A,100%,86%,87%,85%,N/A,86%,85%,N/A,N/A,N/A,89%,82%,94%,96%,N/A,100%,95%,N/A,N/A,N/A,100%,91%
84X487,Girls Preparatory Charter School of the Bronx,,,,www.schools.nyc.gov/schools/X487,Robyn Milliner/Joyanet Mangual,"PK,0K,01,02,03,04,05,06,07,08,09,10,11,SE",74,N/A,Local Support and Improvement,681 Kelly Street,"Bronx, NY 10455",718-901-3855,1%,35%,58%,0%,0%,4%,5%,14%,89%,81%,19%,0%,70%,Boys: N/A; Girls: N/A; Co-Ed: N/A,N/A,N/A,N/A,N/A,N/A,N/A,N/A,N/A,N/A,N/A,N/A,N/A,75%,71%,N/A,N/A,N/A,100%,82%,N/A,N/A,N/A,N/A,N/A,,,N/A,N/A,N/A,N/A,N/A,N/A,N/A,N/A,N/A,N/A,N/A,N/A,N/A,N/A,N/A,N/A,N/A,N/A,N/A,N/A,N/A,N/A,N/A,N/A,N/A,88%,N/A,88%,88%,N/A,N/A,N/A,100%,92%,N/A,90%,N/A,84%,92%,N/A,N/A,N/A,100%,89%,N/A,N/A,N/A,N/A,70%,N/A,71%,69%,N/A,N/A,N/A,89%,77%,N/A,N/A,N/A,N/A,28%,N/A,33%,25%,N/A,N/A,N/A,56%,38%,89%,N/A,90%,87%,N/A,N/A,N/A,100%,92%,52%,N/A,52%,50%,N/A,N/A,N/A,50%,54%,N/A,88%,N/A,N/A,86%,N/A,N/A,N/A,N/A,N/A,N/A,75%,N/A,N/A,71%,N/A,N/A,N/A,N/A,N/A,N/A,88%,N/A,N/A,86%,N/A,N/A,N/A,N/A,N/A
84X488,The Equality Charter School,Fair,Good,Excellent,www.equalitycharterschool.org/,Caitlin Franco/Favrol Philemy,"0K,01,06,07,08,09,10,11,12,SE",387,N/A,Local Support and Improvement,4140 Hutchinson River Parkway East,"Bronx, NY 10475",718-517-3169,2%,55%,40%,<1%,<1%,<1%,8%,26%,76%,47%,53%,0%,74%,"Boys: JV Basketball, Varsity Basketball, Baseball, F; Girls: Volleyball, basketball, softball, cheer; Co-Ed: Flag football, soccer, senior","Girls to Women, Men of Tomorrow, Christian Youth United, Book Club, Science Club,",N/A,N/A,7%,46%,21%,0%,0%,22%,4.3,56%,88%,61%,71%,60%,N/A,60%,74%,71%,94%,87%,N/A,31%,55%,,259 (67%),2% (5),59% (152),36% (92),<1% (2),<1% (1),<1% (1),Excellent,N/A,N/A,N/A,N/A,N/A,N/A,85%,N/A,94%,73%,N/A,N/A,N/A,91%,79%,58%,72%,81%,89%,100%,88%,91%,60%,N/A,80%,90%,83%,65%,83%,100%,82%,85%,100%,N/A,80%,100%,78%,88%,92%,96%,86%,87%,100%,88%,84%,N/A,N/A,N/A,85%,77%,90%,75%,93%,74%,52%,67%,53%,50%,40%,N/A,20%,55%,52%,88%,100%,88%,87%,80%,N/A,100%,88%,84%,68%,89%,70%,66%,100%,N/A,0%,73%,63%,94%,95%,100%,95%,96%,N/A,N/A,N/A,100%,92%,92%,94%,100%,93%,93%,N/A,N/A,N/A,96%,97%,98%,98%,100%,99%,97%,N/A,N/A,N/A,100%,94%
84X539,United Charter High School for Advanced Math and Science,Good,Fair,Good,unitedcharter.org/ams-99-terrace-view-ave-bronx-ny-10463/,Robert Hiller,"09,10,11,12,SE",415,N/A,Local Support and Improvement,99 Terrace View Avenue,"Bronx, NY 10463",718-817-7683,2%,34%,60%,1%,<1%,1%,7%,14%,89%,52%,48%,0%,85%,Boys: Baseball; Basketball; Bowling; Cross Country; Football; Gymnastics; Indoor Track; Outdoor Track; Soccer; Volleyball; Girls: Basketball; Cross Country; Golf Coed; Flag Football; Golf; Gymnastics; Handball; Indoor Track; Outdoor Track; Soccer; Softball; Stunt Coed; Tennis; Volleyball; Co-Ed: Golf Coed Varsity; Stunt Coed Varsity,"Art Club; Band; Dance Club; Dungeons and Dragons Club; Fitness Club; Gaming Club; Gardening Club; LONA; Multicultural Club. Science Club, Woodworking Club",N/A,N/A,N/A (fewer than 5 teachers),42%,28%,N/A (fewer than 5 teachers),N/A (fewer than 5 teachers),28%,1,100%,71%,40%,59%,N/A,N/A,N/A,83%,50%,74%,56%,N/A,56%,71%,,,N/A,N/A,N/A,N/A,N/A,N/A,Needs Improvement,N/A,N/A,N/A,N/A,N/A,N/A,95%,N/A,92%,96%,N/A,N/A,N/A,92%,97%,91%,88%,82%,91%,100%,85%,94%,100%,N/A,N/A,94%,92%,68%,79%,86%,76%,80%,100%,N/A,N/A,75%,86%,85%,75%,82%,88%,83%,86%,83%,82%,80%,N/A,80%,71%,88%,87%,60%,95%,72%,52%,43%,49%,55%,60%,N/A,40%,73%,49%,88%,86%,86%,90%,80%,N/A,80%,86%,95%,70%,57%,67%,72%,100%,N/A,60%,86%,78%,91%,95%,100%,93%,96%,100%,N/A,N/A,100%,100%,81%,92%,100%,93%,92%,80%,N/A,N/A,96%,98%,98%,97%,100%,96%,97%,100%,N/A,N/A,96%,100%
84X553,United Charter High School for the Humanities,Good,Fair,Excellent,unitedcharter.org/hum-99-terrace-view-ave-bronx-ny-10463/,Lillian Lopez,"09,10,11,12,SE",333,N/A,Local Support and Improvement,99 Terrace View Avenue,"Bronx, NY 10463",718-817-7686,<1%,25%,72%,<1%,<1%,1%,7%,18%,92%,48%,52%,0%,70%,"Boys: Cross Country, Indoor Track, JV Baseball, JV Basketball, JV Football, outdoor Track, Varsity Baseball, Varsity Basketball, Varsity Bowling, Varsity Football, Varsity Gymnastics, Varsity Soccer, Varsity Volleyball; Girls: Flag Football, Handball, Indoor Track, JV Basketball, JV Volleyball, Outdoor Track, Varsity Basketball, Varsity Golf, Varsity Gymnastics, Varsity Soccer, Varsity Softball, Varsity Tennis, Varsity Volleyball; Co-Ed: COED Stunt and COED Varsity Golf","Anime Club, Be' HUM' tiful club, Career Club, Chess club, Cooking Club, Creative Writing Club, Dance Club, Fashion Design club, GAMING Club, GSA, Health Careers Club, Movie Club, and Student Council",N/A,N/A,N/A (fewer than 5 teachers),42%,29%,N/A (fewer than 5 teachers),N/A (fewer than 5 teachers),23%,4,100%,N/A,62%,61%,N/A,N/A,N/A,62%,69%,93%,64%,N/A,29%,72%,,,N/A,N/A,N/A,N/A,N/A,N/A,Fair,N/A,N/A,N/A,N/A,N/A,N/A,98%,N/A,94%,99%,N/A,N/A,N/A,98%,98%,91%,100%,75%,89%,N/A,79%,90%,N/A,N/A,N/A,67%,100%,71%,82%,N/A,88%,79%,N/A,N/A,N/A,67%,78%,84%,93%,80%,87%,81%,N/A,77%,83%,N/A,N/A,N/A,81%,94%,87%,50%,95%,75%,51%,N/A,50%,51%,N/A,N/A,N/A,50%,78%,94%,N/A,88%,95%,N/A,N/A,N/A,100%,100%,66%,N/A,58%,68%,N/A,N/A,N/A,40%,82%,95%,95%,N/A,98%,94%,N/A,N/A,N/A,100%,100%,96%,94%,N/A,97%,92%,N/A,N/A,N/A,100%,93%,99%,98%,N/A,100%,96%,N/A,N/A,N/A,100%,100%
84X581,South Bronx Community Charter High School,Needs Improvement,Needs Improvement,Good,www.schools.nyc.gov/schools/X581,Natalie Ferrell/John Clemente,"09,10,11,12",353,N/A,Local Support and Improvement,1110 Washington Avenue,"Bronx, NY 10456",N/A,<1%,37%,59%,2%,0%,1%,14%,20%,92%,57%,43%,<1%,79%,Boys: Basketball; football; soccer; baseball; track; wrestling; fitness; Girls: Basketball; softball; track; Co-Ed: NA,Dance; step; yearbook; gaming; student government; national honor society; school store; theater,N/A,Career Readiness and Modern Youth Apprenticeship; Future Ready NYC,0%,9%,31%,0%,0%,N/A (fewer than 5 teachers),9,64%,N/A,67%,66%,N/A,N/A,N/A,80%,50%,95%,85%,N/A,25%,56%,90 (25%),161 (46%),<1% (1),37% (90),58% (141),3% (7),0% (0),1% (3),Fair,N/A,N/A,N/A,N/A,N/A,N/A,66%,N/A,69%,67%,N/A,N/A,N/A,74%,46%,N/A,44%,71%,83%,N/A,81%,83%,N/A,N/A,N/A,75%,88%,58%,72%,N/A,70%,72%,N/A,N/A,N/A,70%,69%,78%,65%,90%,91%,88%,N/A,90%,88%,N/A,N/A,N/A,82%,83%,68%,19%,91%,69%,50%,N/A,49%,52%,N/A,N/A,N/A,45%,50%,84%,N/A,77%,88%,N/A,N/A,N/A,91%,83%,63%,N/A,67%,63%,N/A,N/A,N/A,55%,56%,92%,77%,N/A,74%,81%,N/A,N/A,N/A,80%,71%,86%,88%,N/A,90%,86%,N/A,N/A,N/A,71%,93%,90%,89%,N/A,86%,90%,N/A,N/A,N/A,N/A,100%
84X585,Legacy College Preparatory Charter School,Fair,Good,Good,legacycollegeprep.org/,Summer Schneider/Christian Toledo,"06,07,08,09,10,11,12",525,N/A,Local Support and Improvement,416 Willis Avenue,"Bronx, NY 10454",N/A,0%,37%,61%,2%,<1%,<1%,12%,22%,93%,52%,48%,0%,77%,Boys: Baseball; Soccer; Boys Basketball; Girls: Softball; Girls Basketball; Volleyball; Cheerleading; Co-Ed: Track and Field; Flag Football,Sketching; Hair Braiding; Chess Club; E-Sports Gaming; Volleyball Club; Coding Club; Games Galore; Nail Tech; Anime Club; Neighborhood Cleanup; Bracelet Club; Engineering Club; Art Lyfe; Nerd and Gaming Club; Diamond Art Club/Collage Club; Origami Club; Dodgeball/Basketball Club; Step/Kpop/Dance Club; Drill Team; Movie & Series Club,N/A,N/A,N/A (fewer than 5 teachers),44%,39%,0%,0%,11%,4,72%,N/A,77%,80%,N/A,N/A,N/A,92%,72%,96%,98%,N/A,44%,68%,97 (18%),38 (7%),0% (0),37% (40),60% (65),2% (2),0% (0),0% (0),Fair,N/A,N/A,N/A,N/A,N/A,N/A,86%,N/A,86%,86%,N/A,N/A,N/A,84%,87%,87%,88%,80%,90%,N/A,89%,91%,N/A,N/A,N/A,82%,86%,64%,83%,N/A,83%,83%,N/A,N/A,N/A,95%,79%,89%,94%,98%,85%,76%,N/A,80%,75%,N/A,N/A,N/A,80%,75%,87%,60%,N/A,70%,44%,N/A,41%,47%,N/A,N/A,N/A,52%,46%,86%,N/A,82%,88%,N/A,N/A,N/A,87%,76%,65%,N/A,63%,66%,N/A,N/A,N/A,80%,56%,94%,90%,N/A,88%,92%,N/A,N/A,N/A,91%,91%,87%,85%,N/A,84%,85%,N/A,N/A,N/A,87%,86%,93%,92%,N/A,89%,95%,N/A,N/A,N/A,95%,91%
84X597,Urban Assembly Charter School for Computer Science,Good,Excellent,Excellent,www.compscihigh.org/,David Noah/Iris Adler,"09,10,11,12",494,N/A,Local Support and Improvement,447 Wales Avenue,"Bronx, NY 10455",N/A,4%,33%,60%,1%,<1%,1%,6%,24%,90%,43%,57%,0%,92%,"Boys: Basketball, Flag Football, Volleyball, Track, Soccer, Cross Country; Girls: Basketball, Softball, Volleyball, Track, Cross Country, Soccer; Co-Ed: Soccer","Internships, Dance, Music, Art, Robotics, Newspaper, Anime, Gaming, Yearbook, Gardening, Student Government,",N/A,Career Readiness and Modern Youth Apprenticeship; Future Ready NYC,N/A,N/A,N/A,N/A,N/A,N/A,5,86%,85%,96%,95%,N/A,N/A,83%,82%,95%,100%,100%,N/A,30%,73%,181 (37%),240 (49%),3% (15),33% (149),60% (272),1% (5),<1% (1),1% (6),Fair,N/A,N/A,N/A,N/A,N/A,N/A,92%,N/A,98%,89%,N/A,N/A,N/A,90%,93%,86%,89%,86%,96%,100%,94%,97%,N/A,N/A,83%,100%,96%,82%,95%,83%,95%,96%,N/A,N/A,100%,89%,97%,92%,93%,93%,96%,95%,100%,93%,96%,100%,N/A,83%,85%,95%,91%,71%,96%,84%,64%,50%,63%,67%,40%,N/A,50%,54%,70%,94%,93%,92%,95%,100%,N/A,100%,92%,94%,86%,86%,87%,86%,80%,N/A,67%,92%,88%,97%,96%,100%,96%,95%,N/A,N/A,N/A,N/A,92%,92%,94%,100%,96%,93%,N/A,N/A,N/A,N/A,92%,98%,95%,N/A,93%,95%,N/A,N/A,N/A,N/A,95%
84X611,AECI II: NYC Charter High School for Computer Engineering and Innovation,Good,Good,Good,www.schools.nyc.gov/schools/X611,Santiago Taveras,"09,10,11,12",447,N/A,Local Support and Improvement,116 East 169 Street,"Bronx, NY 10452",N/A,<1%,22%,76%,<1%,0%,0%,13%,18%,94%,41%,59%,0%,88%,Boys: N/A; Girls: N/A; Co-Ed: N/A,N/A,N/A,N/A,0%,22%,48%,N/A (fewer than 5 teachers),0%,20%,N/A,N/A,N/A,96%,94%,N/A,N/A,N/A,98%,97%,100%,97%,N/A,7%,69%,,,N/A,N/A,N/A,N/A,N/A,N/A,Fair,N/A,N/A,N/A,N/A,N/A,N/A,96%,N/A,100%,94%,N/A,N/A,N/A,100%,93%,83%,94%,80%,91%,N/A,89%,92%,N/A,N/A,N/A,76%,89%,81%,92%,N/A,91%,93%,N/A,N/A,N/A,90%,93%,89%,92%,92%,89%,86%,N/A,91%,84%,N/A,N/A,N/A,88%,87%,88%,60%,N/A,76%,50%,N/A,54%,50%,N/A,N/A,N/A,40%,44%,92%,N/A,93%,93%,N/A,N/A,N/A,93%,92%,78%,N/A,82%,78%,N/A,N/A,N/A,77%,85%,93%,87%,N/A,89%,86%,N/A,N/A,N/A,89%,87%,83%,77%,N/A,82%,76%,N/A,N/A,N/A,82%,86%,94%,94%,N/A,93%,95%,N/A,N/A,N/A,98%,95%
84X614,Dream Charter School Mott Haven,Excellent,,Good,wearedream.org/,Jamie Platzer/Crystal Lane,"0K,01,02,03,04,05,06,07,08,09,10,11,12",499,N/A,Local Support and Improvement,20 Bruckner Boulevard,"Bronx, NY 10454",N/A,<1%,42%,54%,<1%,<1%,1%,3%,26%,90%,51%,49%,0%,87%,Boys: N/A; Girls: N/A; Co-Ed: N/A,"Journalism; Model UN; Financial Literacy; Theater; Entrepreneur; Culinary Club, Student Government Association",N/A,N/A,6%,41%,33%,0%,0%,14%,2,88%,N/A,100%,96%,N/A,N/A,N/A,N/A,88%,87%,90%,N/A,73%,79%,399 (80%),,<1% (1),43% (170),54% (216),<1% (3),<1% (1),<1% (3),Needs Improvement,N/A,N/A,N/A,N/A,N/A,N/A,98%,N/A,96%,98%,N/A,N/A,N/A,98%,98%,N/A,96%,N/A,100%,N/A,100%,100%,N/A,N/A,N/A,N/A,100%,N/A,93%,N/A,N/A,96%,N/A,N/A,N/A,N/A,88%,N/A,90%,93%,N/A,83%,N/A,N/A,88%,N/A,N/A,N/A,N/A,N/A,86%,52%,89%,N/A,77%,N/A,60%,80%,N/A,N/A,N/A,N/A,62%,100%,N/A,100%,100%,N/A,N/A,N/A,N/A,100%,90%,N/A,80%,92%,N/A,N/A,N/A,N/A,75%,94%,88%,N/A,89%,89%,N/A,N/A,N/A,86%,86%,90%,92%,N/A,91%,93%,N/A,N/A,N/A,93%,93%,94%,93%,N/A,91%,95%,N/A,N/A,N/A,85%,96%
84X617,KIPP Bronx Charter School III,Good,,,www.schools.nyc.gov/schools/X617,Diamond Graham/Kate Baughman,"0K,01,02,03,04,05,06,07,08,09,10,11,12",1466,N/A,Local Support and Improvement,501 Gerard Avenue,"Bronx, NY 10451",N/A,<1%,41%,56%,<1%,<1%,1%,5%,22%,88%,50%,50%,0%,92%,Boys: N/A; Girls: N/A; Co-Ed: N/A,N/A,N/A,N/A,4%,33%,33%,0%,0%,24%,N/A,N/A,N/A,82%,88%,N/A,N/A,N/A,N/A,86%,N/A,N/A,N/A,36%,N/A,,,N/A,N/A,N/A,N/A,N/A,N/A,Fair,N/A,N/A,N/A,N/A,N/A,N/A,95%,N/A,95%,94%,N/A,N/A,N/A,95%,95%,91%,89%,N/A,94%,N/A,100%,92%,N/A,N/A,N/A,N/A,100%,N/A,89%,N/A,92%,88%,N/A,N/A,N/A,N/A,100%,N/A,N/A,N/A,N/A,91%,N/A,83%,96%,N/A,N/A,N/A,N/A,75%,91%,70%,N/A,N/A,51%,N/A,46%,54%,N/A,N/A,N/A,N/A,38%,89%,N/A,83%,92%,N/A,N/A,N/A,N/A,86%,87%,N/A,77%,92%,N/A,N/A,N/A,N/A,88%,N/A,88%,N/A,86%,91%,N/A,N/A,N/A,100%,100%,N/A,91%,N/A,89%,92%,N/A,N/A,N/A,100%,79%,N/A,89%,N/A,84%,93%,N/A,N/A,N/A,80%,100%
84X627,Capital Preparatory Bronx Charter School,,Fair,Fair,www.capitalprepbronx.org/,Kashani Stokley/Angela Logan,"06,07,08,09,10,11,SE",206,N/A,Local Support and Improvement,755 Co-Op City Boulevard,"Bronx, NY 10475",N/A,<1%,83%,13%,0%,<1%,2%,<1%,20%,68%,43%,57%,0%,53%,Boys: Boys Varsity Football; Boys Varsity Basketball; Boys JV Basketball; Girls: Girls Varsity Basketball; Girls JV Basketball; Girls Varsity Volleyball; Co-Ed: Bowling; Varsity Cheerleading; Cross Country; Ski/Snowboard; Indoor Track; Varsity Soccer; Flag Football; Outdoor Track; Swimming,N/A,N/A,N/A,N/A (fewer than 5 teachers),52%,31%,0%,N/A (fewer than 5 teachers),N/A (fewer than 5 teachers),1,74%,N/A,45%,40%,N/A,N/A,50%,N/A,36%,96%,87%,N/A,N/A,N/A,44 (21%),190 (92%),<1% (1),82% (156),14% (26),0% (0),<1% (1),2% (4),Fair,N/A,N/A,N/A,N/A,N/A,N/A,N/A,N/A,N/A,N/A,N/A,N/A,N/A,N/A,N/A,N/A,N/A,76%,86%,N/A,88%,82%,N/A,N/A,67%,N/A,72%,51%,65%,N/A,64%,67%,N/A,N/A,100%,N/A,59%,80%,96%,92%,69%,63%,N/A,62%,63%,N/A,N/A,N/A,N/A,72%,94%,80%,93%,59%,35%,N/A,33%,44%,N/A,N/A,67%,N/A,43%,83%,N/A,84%,86%,N/A,N/A,67%,N/A,82%,52%,N/A,52%,53%,N/A,N/A,67%,N/A,50%,90%,78%,N/A,78%,75%,N/A,N/A,N/A,N/A,67%,82%,86%,N/A,88%,75%,N/A,N/A,N/A,N/A,93%,85%,78%,N/A,77%,81%,N/A,N/A,N/A,N/A,73%
84X635,Earl Monroe New Renaissance Basketball Charter School,Fair,,Excellent,www.schools.nyc.gov/schools/X635,Kern Mojica,"09,10,11,12",363,N/A,Local Support and Improvement,1617 Parkview Avenue,"Bronx, NY 10461",917-873-6049,1%,47%,47%,<1%,<1%,4%,3%,21%,80%,33%,67%,0%,95%,Boys: N/A; Girls: N/A; Co-Ed: N/A,N/A,N/A,N/A,N/A,N/A,N/A,N/A,N/A,N/A,N/A,N/A,N/A,93%,94%,N/A,N/A,N/A,N/A,85%,83%,70%,N/A,9%,N/A,,,N/A,N/A,N/A,N/A,N/A,N/A,Fair,N/A,N/A,N/A,N/A,N/A,N/A,94%,N/A,91%,98%,N/A,N/A,N/A,94%,95%,N/A,100%,N/A,100%,N/A,100%,100%,N/A,N/A,N/A,N/A,100%,N/A,99%,N/A,98%,100%,N/A,N/A,N/A,N/A,95%,N/A,60%,70%,N/A,98%,N/A,95%,100%,N/A,N/A,N/A,N/A,95%,77%,20%,N/A,N/A,89%,N/A,93%,82%,N/A,N/A,N/A,N/A,85%,96%,N/A,98%,94%,N/A,N/A,N/A,N/A,90%,92%,N/A,93%,91%,N/A,N/A,N/A,N/A,85%,91%,93%,N/A,94%,93%,N/A,N/A,N/A,80%,100%,93%,91%,N/A,92%,88%,N/A,N/A,N/A,80%,93%,97%,97%,N/A,100%,95%,N/A,N/A,N/A,N/A,100%
84X640,Family Life Academy Charter Schools High School,,,,www.schools.nyc.gov/schools/X640,Jose Martinez,"09,10,11",425,N/A,Local Support and Improvement,1401 Inwood Avenue,"Bronx, NY 10452",N/A,<1%,24%,76%,<1%,<1%,0%,18%,20%,94%,52%,48%,0%,N/A,Boys: N/A; Girls: N/A; Co-Ed: N/A,N/A,N/A,N/A,N/A (fewer than 5 teachers),35%,33%,0%,0%,23%,N/A,N/A,N/A,N/A,N/A,N/A,N/A,N/A,N/A,N/A,N/A,N/A,N/A,N/A,N/A,,,N/A,N/A,N/A,N/A,N/A,N/A,Fair,N/A,N/A,N/A,N/A,N/A,N/A,N/A,N/A,N/A,N/A,N/A,N/A,N/A,N/A,N/A,N/A,N/A,N/A,N/A,N/A,N/A,N/A,N/A,N/A,N/A,N/A,N/A,N/A,N/A,N/A,N/A,N/A,N/A,N/A,N/A,N/A,N/A,N/A,N/A,N/A,N/A,N/A,N/A,N/A,N/A,N/A,N/A,N/A,N/A,N/A,87%,53%,N/A,N/A,N/A,N/A,N/A,N/A,N/A,N/A,N/A,N/A,N/A,N/A,N/A,N/A,N/A,N/A,N/A,N/A,N/A,N/A,N/A,N/A,N/A,N/A,N/A,N/A,N/A,N/A,N/A,N/A,N/A,N/A,N/A,N/A,N/A,N/A,N/A,N/A,N/A,N/A,N/A,N/A,N/A,N/A,N/A,N/A,N/A,N/A,N/A,N/A,N/A,N/A,N/A,N/A,N/A,N/A,N/A,N/A,N/A
84X648,Girls Preparatory Charter School of New York,,,,www.schools.nyc.gov/schools/X648,,"02,07,08,09,10,11,SE",83,N/A,Local Support and Improvement,1160 Beach Avenue,"Bronx, NY 10472",N/A,2%,27%,67%,0%,1%,1%,14%,22%,92%,81%,19%,0%,70%,Boys: N/A; Girls: N/A; Co-Ed: N/A,N/A,N/A,N/A,N/A,N/A,N/A,N/A,N/A,N/A,N/A,N/A,N/A,75%,71%,N/A,N/A,N/A,100%,82%,N/A,N/A,N/A,N/A,N/A,,,N/A,N/A,N/A,N/A,N/A,N/A,Fair,N/A,N/A,N/A,N/A,N/A,N/A,N/A,N/A,N/A,N/A,N/A,N/A,N/A,N/A,N/A,N/A,N/A,N/A,88%,N/A,88%,88%,N/A,N/A,N/A,100%,92%,N/A,90%,N/A,84%,92%,N/A,N/A,N/A,100%,89%,N/A,N/A,N/A,N/A,70%,N/A,71%,69%,N/A,N/A,N/A,89%,77%,N/A,N/A,N/A,N/A,28%,N/A,33%,25%,N/A,N/A,N/A,56%,38%,89%,N/A,90%,87%,N/A,N/A,N/A,100%,92%,52%,N/A,52%,50%,N/A,N/A,N/A,50%,54%,N/A,88%,N/A,N/A,86%,N/A,N/A,N/A,N/A,N/A,N/A,75%,N/A,N/A,71%,N/A,N/A,N/A,N/A,N/A,N/A,88%,N/A,N/A,86%,N/A,N/A,N/A,N/A,N/A
84X649,Democracy Preparatory Endurance Charter School,,,,democracyprep.org/ny/bpms/,,"PK,0K,01,02,03,04,05,06,07,09,10,11,12",385,N/A,Local Support and Improvement,1000 Westchester Avenue,"Bronx, NY 10459",N/A,<1%,56%,41%,1%,0%,1%,10%,21%,88%,55%,45%,0%,67%,Boys: JV basketball; flag football; varsity soccer; varsity basketball; baseball; Girls: JV basketball; soccer; volleyball; varsity basketball; softball; cheer; Co-Ed: flag football; fencing,"Men's Leadership Academy; Girls INC.; Magazine Club; ELL Club ; Open Door: Homework Club; Gamers Club; Music Academy & House Band; Theater Productions; Keyboard Club, Dance Team",N/A,N/A,N/A (fewer than 5 teachers),45%,22%,0%,0%,9%,3,51%,N/A,78%,82%,N/A,N/A,N/A,92%,79%,96%,96%,N/A,79%,65%,167 (43%),210 (55%),<1% (1),61% (138),36% (82),1% (3),0% (0),1% (3),Fair,N/A,N/A,N/A,N/A,N/A,N/A,79%,N/A,81%,77%,N/A,N/A,N/A,88%,69%,69%,59%,79%,90%,N/A,90%,91%,N/A,N/A,N/A,83%,80%,66%,89%,N/A,87%,92%,N/A,N/A,N/A,83%,92%,89%,100%,96%,78%,79%,N/A,81%,78%,N/A,N/A,N/A,88%,81%,83%,40%,93%,69%,43%,N/A,43%,46%,N/A,N/A,N/A,60%,59%,86%,N/A,83%,88%,N/A,N/A,N/A,92%,84%,64%,N/A,66%,60%,N/A,N/A,N/A,76%,59%,N/A,88%,N/A,88%,89%,N/A,N/A,N/A,100%,100%,N/A,86%,N/A,88%,89%,N/A,N/A,N/A,100%,89%,N/A,88%,N/A,92%,91%,N/A,N/A,N/A,100%,100%
84X703,Bronx Preparatory Charter School,Fair,,,democracyprep.org/ny/,Cassius Gil/Nikita Philpott,"06,07,08,09,10,11,12",505,N/A,Local Support and Improvement,3872 Third Avenue,"Bronx, NY 10457",718-294-0841,<1%,54%,45%,<1%,0%,<1%,4%,14%,91%,55%,45%,0%,63%,Boys: JV basketball; flag football; varsity soccer; varsity basketball; baseball; Girls: JV basketball; soccer; volleyball; varsity basketball; softball; cheer; Co-Ed: flag football; fencing,Poetry Club; Chess Club; Cooking Club; Anime Club; Student Council; Dance team; GIRLUP; MSA: Muslim Student Association; Korean Honor Society; 90s club; Korean Dance & Drum; Speech & Debate; Music Academy & House Band; Film Club,N/A,N/A,7%,42%,14%,0%,0%,16%,8.5,64%,N/A,61%,72%,N/A,N/A,N/A,77%,61%,93%,79%,N/A,83%,72%,138 (27%),273 (54%),<1% (2),51% (158),47% (144),0% (0),0% (0),<1% (2),Good,N/A,N/A,N/A,N/A,N/A,N/A,85%,N/A,90%,78%,N/A,N/A,N/A,86%,82%,71%,N/A,N/A,85%,N/A,81%,88%,N/A,N/A,N/A,92%,90%,N/A,78%,N/A,82%,73%,N/A,N/A,N/A,69%,76%,N/A,86%,93%,N/A,85%,N/A,92%,75%,N/A,N/A,N/A,N/A,N/A,85%,59%,94%,N/A,38%,N/A,38%,38%,N/A,N/A,N/A,67%,56%,79%,N/A,77%,81%,N/A,N/A,N/A,86%,90%,52%,N/A,54%,48%,N/A,N/A,N/A,50%,60%,N/A,84%,N/A,90%,76%,N/A,N/A,N/A,N/A,82%,N/A,87%,N/A,93%,78%,N/A,N/A,N/A,N/A,82%,N/A,91%,N/A,92%,88%,N/A,N/A,N/A,N/A,86%
84X704,KIPP Academy Charter School,Excellent,,,www.schools.nyc.gov/schools/X704,Anissa Jones/Laura Reyes-Diaz,"0K,01,02,03,04,05,06,07,08,09,10,11",278,N/A,Local Support and Improvement,250 East 156 Street,"Bronx, NY 10451",718-665-3555,0%,46%,50%,<1%,<1%,1%,2%,14%,85%,50%,50%,0%,100%,Boys: N/A; Girls: N/A; Co-Ed: N/A,N/A,N/A,Future Ready NYC,5%,34%,30%,0%,0%,21%,N/A,N/A,N/A,N/A,N/A,N/A,N/A,N/A,N/A,N/A,N/A,N/A,N/A,57%,67%,,,N/A,N/A,N/A,N/A,N/A,N/A,Needs Improvement,N/A,N/A,N/A,N/A,N/A,N/A,86%,N/A,80%,91%,N/A,N/A,N/A,84%,87%,N/A,67%,N/A,100%,N/A,N/A,N/A,N/A,N/A,N/A,N/A,N/A,N/A,100%,N/A,N/A,N/A,N/A,N/A,N/A,N/A,N/A,N/A,N/A,N/A,N/A,80%,N/A,N/A,N/A,N/A,N/A,N/A,N/A,N/A,93%,80%,N/A,N/A,50%,N/A,N/A,N/A,N/A,N/A,N/A,N/A,N/A,100%,N/A,N/A,N/A,N/A,N/A,N/A,N/A,N/A,83%,N/A,N/A,N/A,N/A,N/A,N/A,N/A,N/A,N/A,90%,N/A,100%,80%,N/A,N/A,N/A,N/A,N/A,N/A,70%,N/A,80%,60%,N/A,N/A,N/A,N/A,N/A,N/A,90%,N/A,100%,80%,N/A,N/A,N/A,N/A,N/A
