dbn,school_name,hs_sd_1ip,hs_sd_1ssc,hs_sd_1rf,hs_sd_2w,hs_sd_2p,hs_sp_2g,hs_sd_2e,hs_sd_2am,hs_sd_2as,hs_sd_2a,hs_sd_2l,hs_sd_2n,hs_sd_3as,hs_sd_3bl,hs_sd_3hs,hs_sd_3na,hs_sd_3pi,hs_sd_3wh,hs_sd_3ell,hs_sd_3iep,hs_sd_3eni,hs_sd_3f,hs_sd_3m,hs_sd_3nb,hs_sd_4qvar,hs_sd_4spt,hs_sd_4ec,hs_sd_4art,hs_sd_4ps,hs_sd_5as,hs_sd_5bl,hs_sd_5hs,hs_sd_5na,hs_sd_5pi,hs_sd_5wh,hs_sd_5py,hs_sd_5t3,hs_sd_6q1a,hs_sd_6q1b,hs_sd_6q1h,hs_sd_6q1n,hs_sd_6q1p,hs_sd_6q1w,hs_sd_6q1e,hs_sd_6q1i,hs_sd_6q2,hs_sd_6q3,hs_ip_1crs,hs_ip_1pc,hs_ip_1ce,hs_ip_2ap,hs_ip_2nap,hs_ip_2ra,hs_ip_2rb,hs_ip_2rh,hs_ip_2rn,hs_ip_2rp,hs_ip_2rw,hs_ip_3mv,hs_ip_3sef,hs_ip_3sep,hs_ip_3sen,hs_ip_3rsf,hs_ip_3rsp,hs_ip_3rsn,hs_ip_4gr,hs_ip_4gra,hs_ip_4grb,hs_ip_4grh,hs_ip_4grn,hs_ip_4grp,hs_ip_4grw,hs_ip_4grf,hs_ip_4grm,hs_ip_4gre,hs_ip_4gri,hs_ip_5q,hs_ip_5q1,hs_ip_5q1a,hs_ip_5q1b,hs_ip_5q1h,hs_ip_5q1n,hs_ip_5q1p,hs_ip_5q1w,hs_ip_5q1e,hs_ip_5q1i,hs_ssc_1qp,hs_ssc_1q1,hs_ssc_1q1a,hs_ssc_1q1b,hs_ssc_1q1h,hs_ssc_1q1n,hs_ssc_1q1p,hs_ssc_1q1w,hs_ssc_1q1e,hs_ssc_1q1i,hs_ssc_2qp,hs_ssc_2q1,hs_ssc_2q2,hs_ssc_3qp,hs_ssc_3q1,hs_ssc_3q1a,hs_ssc_3q1b,hs_ssc_3q1h,hs_ssc_3q1n,hs_ssc_3q1p,hs_ssc_3q1w,hs_ssc_3q1e,hs_ssc_3q1i,hs_ssc_4sa,hs_ssc_4sa90,hs_ssc_4ta,hs_ssc_5qp,hs_ssc_5q1,hs_ssc_5q1a,hs_ssc_5q1b,hs_ssc_5q1h,hs_ssc_5q1n,hs_ssc_5q1p,hs_ssc_5q1w,hs_ssc_5q1e,hs_ssc_5q1i,hs_ssc_5q2,hs_ssc_5q2a,hs_ssc_5q2b,hs_ssc_5q2h,hs_ssc_5q2n,hs_ssc_5q2p,hs_ssc_5q2w,hs_ssc_5q2e,hs_ssc_5q2i,hs_ssc_5q3,hs_ssc_5q3a,hs_ssc_5q3b,hs_ssc_5q3h,hs_ssc_5q3n,hs_ssc_5q3p,hs_ssc_5q3w,hs_ssc_5q3e,hs_ssc_5q3i,hs_rf_1qp,hs_rf_1q1,hs_rf_1q1a,hs_rf_1q1b,hs_rf_1q1h,hs_rf_1q1n,hs_rf_1q1p,hs_rf_1q1w,hs_rf_1q1e,hs_rf_1q1i,hs_rf_2qp,hs_rf_2q1,hs_rf_2q1a,hs_rf_2q1b,hs_rf_2q1h,hs_rf_2q1n,hs_rf_2q1p,hs_rf_2q1w,hs_rf_2q1e,hs_rf_2q1i,hs_rf_3qp,hs_rf_3q1,hs_rf_3q1a,hs_rf_3q1b,hs_rf_3q1h,hs_rf_3q1n,hs_rf_3q1p,hs_rf_3q1w,hs_rf_3q1e,hs_rf_3q1i
01M292,Orchard Collegiate Academy,,,,www.schools.nyc.gov/schools/M292,Miles Doyle,"09,10,11,12,SE",269,Ed. Opt.,,220 Henry Street,"Manhattan, NY 10002",212-406-9411,16%,21%,56%,1%,1%,4%,6%,25%,,47%,53%,0%,84%,Boys: VOLLEYBALL; Girls: VOLLEYBALL; Co-Ed: N/A,N/A,"Guitar, Drawing, Graphic Design, Mixed Media, Studio Art, Concert Band, Music Technology","NYSED ""Local Support and Improvement""; Community School",20%,N/A (fewer than 5 teachers),N/A (fewer than 5 teachers),0%,0%,48%,8.1,80%,,,,,,,,,,,,32%,77%,49 (18%),39 (14%),23% (14),17% (10),55% (33),0% (0),3% (2),2% (1),Good,52%,N/A,N/A,97%,N/A,N/A,91%,N/A,N/A,92%,N/A,N/A,N/A,100%,83%,N/A,90%,,,,,,,,,,,,92%,94%,90%,90%,N/A,N/A,100%,100%,88%,,,,,,,,,,,,,,82%,,97%,,54%,64%,38%,56%,N/A,N/A,50%,80%,55%,94%,92%,93%,94%,N/A,N/A,100%,92%,89%,,,,,,,,,,,81%,92%,100%,77%,N/A,N/A,N/A,N/A,64%,,71%,50%,82%,75%,N/A,N/A,N/A,N/A,71%,,86%,92%,100%,82%,N/A,N/A,N/A,N/A,77%
01M448,University Neighborhood High School,,,,universityneighborhoodhighschool.org/,Matthew Willie,"09,10,11,12,SE",485,"Ed. Opt., Language Criteria, Screened",,200 Monroe Street,"Manhattan, NY 10002",212-962-4341,31%,16%,47%,<1%,0%,6%,12%,21%,,49%,51%,0%,91%,"Boys: HANDBALL,BASKETBALL,BOWLING; Girls: SOFTBALL,BADMINTON,BOWLING,VOLLEYBALL; Co-Ed: N/A","Dance Club, Website Club,Music and Band, Fitness Club, Art Club, Newspaper Club, Chess Club, Spanish Club, Chinese Club, Korean Club, Science Club, Student Government, SAT and ACT Prep, SciFi Club , Debate Club, Black Student Union, Sisterhood Club, Coding Club ,Debate Club, Knitting Club ,SAGA, Deloitte Academy, National Honors Society, Mentoring Program, Peer Mediation, Internships , Saturday School, Basketball Team (Boys and Girls), Handball Team, Bowling Team, Softball Team, Soccer Club Team, Saturday School, Photography Club, Yearbook Club, Green Team, Fencing Club","Mixed Media, Core Music, Modern Dance, Studio Art, Piano Keyboard, Mixed Choir, Drawing","NYSED ""Local Support and Improvement""; CS for All; Respect for All",15%,N/A (fewer than 5 teachers),15%,0%,0%,51%,4.9,69%,,,,,,,,,,,,88%,80%,257 (53%),222 (46%),35% (110),16% (49),44% (140),<1% (2),0% (0),4% (14),Good,72%,28%,0%,93%,N/A,N/A,98%,98%,94%,100%,N/A,N/A,N/A,98%,98%,97%,100%,,,,,,,,,,,,94%,97%,94%,94%,N/A,N/A,86%,97%,90%,,,,,,,,,,,,,,88%,,97%,,65%,68%,62%,61%,N/A,N/A,86%,68%,64%,97%,98%,95%,97%,N/A,N/A,100%,100%,94%,,,,,,,,,,,91%,93%,96%,87%,N/A,N/A,90%,100%,100%,,75%,74%,79%,75%,N/A,N/A,80%,91%,83%,,94%,97%,93%,91%,N/A,N/A,100%,100%,100%
01M450,East Side Community School,,,,www.eschs.org,Mark Federman,"06,07,08,09,10,11,12,SE",389,Screened With Assessment,,420 East 12 Street,"Manhattan, NY 10009",212-460-8467,8%,13%,56%,<1%,<1%,20%,1%,29%,,46%,54%,0%,86%,"Boys: SOCCER,BASEBALL,BASKETBALL; Girls: BASKETBALL,SOFTBALL,SOCCER,VOLLEYBALL; Co-Ed: N/A","Skateboarding, Chess, Debate, Model U.N., School Newspaper, Science, Student Council,National Honors Society, College Now, Brotherhood, Sisterhood, Morgan Stanley Mentoring, Baruch STEP, Asian American, Biobus Science Explorers, GayStraight Alliance, Asian Students Association, Green Team, Literacy Leaders, Activist/Upstander, Principal's Book Club, Coding, Film","Studio Art, Musical Theater, Computer Art / Digital Art, Fashion and Textile Design, Visual Art, Digital Photography","NYSED ""Local Support and Improvement""; AP for All; Consortium; DYCD: Beacon; DYCD: COMPASS/SONYC; PROSE",N/A (fewer than 5 teachers),17%,32%,0%,0%,40%,22.1,80%,,,,,,,,,,,,100%,89%,50 (13%),185 (48%),10% (25),14% (35),54% (137),0% (0),<1% (2),19% (47),Needs Improvement,83%,N/A,N/A,96%,0%,4%,98%,N/A,N/A,98%,N/A,N/A,100%,100%,95%,N/A,96%,,,,,,,,,,,,88%,90%,86%,90%,N/A,N/A,89%,100%,86%,,,,,,,,,,,,,,94%,,95%,,67%,61%,68%,65%,N/A,N/A,75%,64%,68%,94%,95%,89%,95%,N/A,N/A,95%,100%,92%,,,,,,,,,,,89%,85%,82%,92%,N/A,N/A,87%,N/A,92%,,86%,65%,87%,89%,N/A,N/A,83%,N/A,94%,,93%,100%,87%,94%,N/A,N/A,95%,N/A,95%
01M539,"New Explorations into Science, Technology and Math High School",,,,nestmk12.net/,Meaghan Lynch,"0K,01,02,03,04,05,06,07,08,09,10,11,12,SE",620,Screened With Assessment,,111 Columbia Street,"Manhattan, NY 10002",212-677-5190,31%,9%,16%,<1%,<1%,39%,<1%,19%,,51%,49%,0%,85%,"Boys: FENCING,SOCCER,INDOOR TRACK,BASKETBALL; Girls: VOLLEYBALL,SOCCER,SOFTBALL,BASKETBALL,INDOOR TRACK,FENCING,BADMINTON,TABLE TENNIS; Co-Ed: N/A","School Newspaper, National Honor Society (NHS), Peer Leaders Club, Student Government, Yearbook, Asian Culture Club, Black Student Union (BSU), Fashion Club, Feminism Club, Gender & Sexuality Alliance (GSA), Genealogy Club, Jewish Student Union, Latino & Hispanic Student Union (LHSU), Mediterranean Culture Club, Muslim Student Association (MSA), Coding Club, Debate Club, Investment Club, Literary Magazine Club, Math Team, Model UN, Next Generation Politics, Robotics Club, Science Olympiad Team Science Research Club, A Capella Project, Anime Club, Art Club, Film Club, Improv Troupe, Jazz Combo Club, Tech Crew, Advertising & Marketing Club, Key Club, Nature Club, Red Cross Club, WE Club, Blog & Podcast Club, Tabletop Gaming Club","Studio Art, Theater Survey / Introduction to Theater, Concert Band, Theater / Play Production, Guitar, Filmmaking / Video, Jazz Ensemble","NYSED ""Local Support and Improvement""; DYCD: COMPASS/SONYC; G & T",18%,6%,7%,0%,0%,65%,3.2,88%,,,,,,,,,,,,100%,83%,451 (73%),328 (53%),30% (167),8% (44),16% (86),<1% (4),<1% (2),40% (223),Fair,81%,19%,0%,96%,0%,4%,100%,100%,95%,100%,N/A,N/A,100%,100%,99%,N/A,97%,,,,,,,,,,,,94%,94%,90%,88%,N/A,N/A,96%,N/A,90%,,,,,,,,,,,,,,93%,,95%,,57%,56%,58%,55%,N/A,N/A,60%,N/A,60%,93%,93%,85%,91%,N/A,N/A,96%,N/A,91%,,,,,,,,,,,92%,95%,97%,82%,N/A,N/A,90%,100%,91%,,86%,90%,80%,88%,N/A,N/A,84%,88%,80%,,94%,94%,93%,84%,N/A,N/A,96%,100%,94%
01M696,Bard High School Early College,,,,bhsec.bard.edu/manhattan/,Christina Canty,"09,10,11,12",565,Screened With Assessment,,525 East Houston Street,"Manhattan, NY 10002",212-995-8479,21%,17%,22%,<1%,<1%,35%,<1%,15%,,58%,42%,0%,87%,"Boys: BASEBALL,CROSS COUNTRY,BASKETBALL,SOCCER,OUTDOOR TRACK,TENNIS; Girls: SOCCER,CROSS COUNTRY,TENNIS,BASKETBALL,VOLLEYBALL,OUTDOOR TRACK; Co-Ed: N/A","Anime Club, Art Magazine, East Asian Culture Club, Bardvark Student Newspaper, Black Students Alliance, African Students Organization, Debate Team, Diversity Initiative, Eco Club, GSA, Literary Magazine, Model UN, Robotics, Science Olympiad, Math Team, Itching to Stitch, Muslim Students Alliance, Philosophy Club, Quiz Bowl, Step Team, Student Union, Table Tennis, Theater Production, Winter and Spring Concerts, Yearbook, BuildON Malawi, CheerNastics, Swim Club, Poetry Club, Photography Club, Fitness Club, Scrap Art Magazine, Bollywood, Sailing Mentorships, Best Buddies, Chess Club, Cooking Club, Animal Rights Club, Theatre Club, Model Congress, Lend A Hand, Music Club, Indoor Track Club, Latin American Student Organization, Public Speaking Club, Youth Progressive Policy Group, Y2 Committee, Jewish Student Alliance, Students Taking Action for Gender Equity","Digital Photography, Acting, Music, Guitar, Visual Art, Painting, Studio Art, Mixed Media, Choreography / Dance Composition, Dance Improvisation, and more","NYSED ""Local Support and Improvement""; NYC Math; PROSE",26%,N/A (fewer than 5 teachers),12%,0%,0%,51%,0.2,86%,,,,,,,,,,,,100%,96%,,279 (49%),21% (115),17% (96),22% (121),<1% (2),<1% (3),35% (196),Fair,76%,N/A,N/A,92%,N/A,N/A,99%,98%,100%,97%,N/A,N/A,100%,99%,99%,N/A,100%,,,,,,,,,,,,95%,96%,90%,94%,N/A,N/A,96%,N/A,92%,,,,,,,,,,,,,,92%,,95%,,48%,51%,32%,49%,N/A,N/A,58%,N/A,62%,94%,99%,89%,95%,N/A,N/A,92%,N/A,84%,,,,,,,,,,,90%,92%,88%,90%,N/A,N/A,90%,N/A,95%,,78%,78%,75%,78%,N/A,N/A,78%,N/A,91%,,93%,100%,83%,91%,N/A,N/A,93%,N/A,96%
02M047,47 The American Sign Language and English Secondary School,,,,47aslhs.net,Watfa Shama,"09,10,11,12,SE",199,Screened,,223 East 23 Street,"Manhattan, NY 10010",917-326-6668,2%,15%,79%,<1%,0%,4%,4%,27%,,61%,39%,0%,68%,Boys: BASKETBALL; Girls: VOLLEYBALL; Co-Ed: STUNT,"Anime, Boardgames, Crochet, Dungeons and Dragons, Fashion, Fitness, Gender & Sexuality Alliance, Literary Magazine, National Honor Society, Performing Arts, Student Equity, and Student Government","Studio Art, Computer Art / Digital Art, Dance Survey / Introduction to Dance","NYSED ""Local Support and Improvement""; AP for All; CS for All; NYC Math; Respect for All",N/A (fewer than 5 teachers),N/A (fewer than 5 teachers),N/A (fewer than 5 teachers),0%,0%,69%,15.2,49%,,,,,,,,,,,,97%,79%,90 (45%),69 (35%),<1% (1),16% (19),78% (94),0% (0),0% (0),4% (5),Good,71%,N/A,N/A,96%,N/A,N/A,98%,N/A,100%,98%,N/A,N/A,N/A,100%,96%,N/A,94%,,,,,,,,,,,,91%,N/A,86%,91%,N/A,N/A,83%,100%,88%,,,,,,,,,,,,,,82%,,97%,,51%,N/A,38%,52%,N/A,N/A,50%,67%,51%,94%,N/A,91%,95%,N/A,N/A,100%,100%,93%,,,,,,,,,,,96%,N/A,N/A,95%,N/A,N/A,N/A,N/A,100%,,86%,N/A,N/A,95%,N/A,N/A,N/A,N/A,83%,,85%,N/A,N/A,94%,N/A,N/A,N/A,N/A,83%
02M135,The Urban Assembly School for Emergency Management,,,,www.uasem.org,Rasheed Bility,"09,10,11,12,SE",300,Ed. Opt.,,411 Pearl Street,"Manhattan, NY 10038",212-225-0998,3%,35%,56%,<1%,2%,3%,6%,22%,,63%,37%,0%,80%,Boys: N/A; Girls: N/A; Co-Ed: N/A,"Broadway Shows, American Heart Association, College Trips/Tours, Gay/Straight Alliance (GSA), Hands to Heart CPR Team, Student Government, National Honor Society, UA Basketball, Regents Tutoring, Office Hours, Lip Sync Battle, Multicultural Celebration Day, Field Day, Roller Skating Trips, Career Week, Senior Decision Day, City Meals on Wheels Community Service, Saturday Academy, Students v.s. Staff Basketball Game, AMC Movie Trips, Pi Your Favorite Staff Member Day, Stop & Shop Food Pantry, Black History Month Celebrations, Family Game Night, Thanksgiving Potluck",Visual Art,"NYSED ""Local Support and Improvement""; Career & Technical Education; Future Ready NYC; NYC Math; Respect for All",N/A (fewer than 5 teachers),N/A (fewer than 5 teachers),44%,0%,0%,48%,2.1,64%,,,,,,,,,,,,46%,60%,66 (22%),56 (19%),4% (5),31% (35),56% (63),2% (2),2% (2),4% (4),Good,96%,N/A,N/A,94%,N/A,N/A,96%,N/A,N/A,97%,N/A,N/A,N/A,100%,92%,N/A,90%,,,,,,,,,,,,92%,88%,95%,94%,N/A,N/A,100%,93%,95%,,,,,,,,,,,,,,84%,,97%,,52%,67%,57%,49%,N/A,N/A,80%,61%,56%,90%,78%,87%,89%,N/A,N/A,100%,90%,93%,,,,,,,,,,,85%,N/A,87%,84%,N/A,N/A,N/A,100%,71%,,82%,N/A,100%,78%,N/A,N/A,N/A,86%,75%,,89%,100%,85%,85%,N/A,N/A,N/A,100%,75%
02M139,Stephen T. Mather Building Arts & Craftsmanship High School,,,,MatherHSNYC.org,Christopher Mayer,"09,10,11,12,SE",368,Ed. Opt.,,439 West 49th Street,"Manhattan, NY 10019",212-399-3520,3%,29%,64%,<1%,<1%,4%,5%,28%,,47%,53%,<1%,91%,Boys: N/A; Girls: N/A; Co-Ed: N/A,"Music Studio, Love is Love Club, Photography Club, Muslim Student Alliance, Student Dispatch Newsletter, Carpentry Club, Horticulture, Rewards Trips, Crochet Club, Cooking Club, Board Games Club, Urban Culture Club, and more...","Visual Art, Architecture","NYSED ""Local Support and Improvement""; AP for All; Career & Technical Education; NYC Math; Project Pivot; PROSE",N/A (fewer than 5 teachers),20%,14%,0%,0%,54%,2.5,71%,,,,,,,,,,,,88%,38%,87 (24%),112 (30%),3% (6),23% (41),69% (121),<1% (1),0% (0),4% (7),Good,99%,N/A,N/A,95%,N/A,N/A,84%,N/A,81%,86%,N/A,N/A,N/A,85%,84%,N/A,83%,,,,,,,,,,,,88%,70%,91%,89%,N/A,N/A,92%,75%,89%,,,,,,,,,,,,,,81%,,97%,,64%,60%,70%,62%,N/A,N/A,58%,60%,65%,95%,100%,94%,95%,N/A,N/A,100%,90%,93%,,,,,,,,,,,85%,N/A,81%,87%,N/A,N/A,88%,N/A,87%,,75%,N/A,69%,80%,N/A,N/A,62%,N/A,87%,,88%,N/A,88%,88%,N/A,N/A,88%,N/A,90%
02M260,The Clinton School,,,,theclintonschool.net,Jonathan Levin,"06,07,08,09,10,11,12,SE",504,"D75 Special Education Inclusive Services, Screened",,10 East 15th Street,"Manhattan, NY 10003",212-524-4360,12%,2%,14%,<1%,0%,57%,<1%,18%,,65%,35%,0%,73%,"Boys: SOCCER,BASKETBALL; Girls: SOCCER,VOLLEYBALL,CROSS COUNTRY,BASKETBALL; Co-Ed: N/A","Intramural Sports, Public Forum Debate Club, Community Service Club, The Social Justice Club, The Green Initiative Club, Love Will Save This Place Club, Yearbook Club, Clinton Soup, Clinton TV, Student Council, Gender Equality Club, The Clinton School Post, Pre-Med Club, Kpop Dance Crew (KPDC), Gender and Sexuality Alliance (GSA), Model United Nations, The Clinton Theatre Company, Film Club, Courageous Conversations, The Clinton Band, Students of Color Matter, Art History Club, Japanese Media Club, Jewelry Making Club, Study Club, Peer Tutoring, Dungeons and Dragons, Chess Club, Bracelet Making Club, Board Game Club, Book Club, The Jewish Student Union (JSU), Prom Committee","Studio Art, Digital Photography, Filmmaking / Video","NYSED ""Local Support and Improvement""; Competency Collaborative; DYCD: COMPASS/SONYC",11%,9%,11%,N/A (fewer than 5 teachers),0%,64%,12.1,89%,,,,,,,,,,,,91%,84%,,127 (25%),12% (44),2% (8),15% (56),<1% (1),0% (0),59% (222),Needs Improvement,83%,N/A,N/A,94%,0%,6%,99%,N/A,N/A,100%,N/A,N/A,100%,99%,100%,N/A,95%,,,,,,,,,,,,89%,91%,90%,91%,N/A,N/A,87%,N/A,81%,,,,,,,,,,,,,,91%,,96%,,52%,60%,67%,49%,N/A,N/A,53%,N/A,47%,85%,95%,100%,82%,N/A,N/A,84%,N/A,86%,,,,,,,,,,,73%,80%,N/A,58%,N/A,N/A,71%,N/A,67%,,58%,49%,N/A,71%,N/A,N/A,56%,N/A,79%,,79%,82%,N/A,71%,N/A,N/A,79%,N/A,79%
02M280,Manhattan Early College School for Advertising,,,,meca-nyc.org,Sarah Kaplan,"09,10,11,12,SE",392,Ed. Opt.,,411 Pearl Street,"Manhattan, NY 10038",212-225-0880,10%,32%,51%,1%,1%,4%,4%,19%,,54%,46%,0%,71%,Boys: N/A; Girls: N/A; Co-Ed: N/A,"ReAct, job shadowing, paid internships, SYEP, Model UN, GSA, Black Student Union, MECA's Got Talent, Book Club, photography club, culinary club","Graphic Design, Advertising Art, Filmmaking / Video","NYSED ""Local Support and Improvement""; Career & Technical Education; NYC Math",N/A (fewer than 5 teachers),21%,N/A (fewer than 5 teachers),0%,0%,58%,5.2,71%,,,,,,,,,,,,84%,90%,88 (22%),163 (42%),12% (31),29% (75),52% (134),<1% (2),1% (3),4% (10),Fair,93%,N/A,N/A,92%,N/A,N/A,95%,93%,90%,98%,N/A,N/A,N/A,94%,96%,91%,85%,,,,,,,,,,,,81%,N/A,90%,86%,N/A,N/A,N/A,N/A,N/A,,,,,,,,,,,,,,83%,,97%,,55%,N/A,50%,75%,N/A,N/A,N/A,N/A,N/A,86%,N/A,78%,100%,N/A,N/A,N/A,N/A,N/A,,,,,,,,,,,83%,100%,92%,77%,N/A,N/A,N/A,N/A,92%,,69%,100%,64%,68%,N/A,N/A,N/A,N/A,75%,,83%,100%,93%,76%,N/A,N/A,N/A,N/A,91%
02M282,Urban Assembly Maker Academy,,,,www.uamaker.nyc,Amy Piller,"09,10,11,12,SE",525,Ed. Opt.,,411 Pearl Street,"Manhattan, NY 10038",212-225-0890,10%,30%,47%,<1%,0%,11%,5%,23%,,34%,66%,<1%,86%,"Boys: WRESTLING,BASKETBALL,BASEBALL,VOLLEYBALL,LACROSSE,OUTDOOR TRACK,SOCCER,CROSS COUNTRY,INDOOR TRACK; Girls: INDOOR TRACK,FLAG FOOTBALL,BOWLING,BASKETBALL,VOLLEYBALL,SOFTBALL,OUTDOOR TRACK,SOCCER,BADMINTON,CROSS COUNTRY; Co-Ed: STUNT","After School Clubs include: Maker Eats/Cooking Club, Photography, Community Service, Internships, Video Game Club, Dungeons & Dragons, Tutoring, Chess, Student Leadership, Design Team, Yearbook, Tech Club, Fitness, Anime, Food Justice Collective","Visual Art, Mixed Media, Computer Art / Digital Art, Graphic Design","NYSED ""Local Support and Improvement""; AP for All; Career & Technical Education; Competency Collaborative; NYC Math; PROSE",11%,28%,13%,0%,0%,41%,2.2,70%,,,,,,,,,,,,95%,62%,101 (19%),265 (50%),11% (36),31% (103),44% (146),<1% (1),0% (0),11% (38),Fair,91%,N/A,N/A,91%,0%,9%,95%,N/A,96%,98%,N/A,N/A,N/A,98%,94%,N/A,89%,,,,,,,,,,,,89%,87%,94%,85%,N/A,N/A,95%,100%,93%,,,,,,,,,,,,,,87%,,97%,,58%,72%,55%,53%,N/A,N/A,64%,72%,70%,95%,97%,95%,95%,N/A,N/A,90%,94%,95%,,,,,,,,,,,82%,88%,81%,85%,N/A,N/A,77%,N/A,82%,,76%,80%,72%,84%,N/A,N/A,81%,N/A,82%,,88%,94%,82%,89%,N/A,N/A,92%,N/A,91%
02M288,Food and Finance High School,,,,www.foodfinancehs.org,Erika Hurtado,"09,10,11,12,SE",432,Ed. Opt.,,525 West 50th Street,"Manhattan, NY 10019",212-586-2943,3%,36%,55%,<1%,<1%,4%,4%,25%,,59%,41%,0%,75%,Boys: N/A; Girls: N/A; Co-Ed: N/A,"Pass the Spatula (Student Magazine) Baking Club, GSA, Anime, Culinary Competition, National Honors Society, Step Team, Visiting chef program, Cornell nutrition, Entrepreneurship, Internship, Student government, Yearbook, Youth Equity Leadership","Core Music, Concert Band","NYSED ""Local Support and Improvement""; AP for All; Career & Technical Education; Future Ready NYC; NYC Math",N/A (fewer than 5 teachers),22%,25%,0%,0%,34%,2.1,78%,,,,,,,,,,,,84%,67%,271 (63%),126 (29%),3% (11),37% (119),56% (180),<1% (2),0% (0),4% (12),Good,96%,N/A,N/A,94%,0%,6%,90%,N/A,77%,96%,N/A,N/A,N/A,91%,87%,N/A,100%,,,,,,,,,,,,84%,82%,82%,84%,N/A,N/A,92%,90%,75%,,,,,,,,,,,,,,87%,,95%,,41%,46%,49%,37%,N/A,N/A,43%,50%,39%,93%,100%,90%,91%,N/A,N/A,100%,100%,92%,,,,,,,,,,,82%,N/A,85%,86%,N/A,N/A,67%,N/A,87%,,81%,N/A,80%,88%,N/A,N/A,58%,N/A,87%,,87%,N/A,87%,92%,N/A,N/A,83%,N/A,93%
02M294,Essex Street Academy,,,,www.essexstreetacademy.org,Wallace Simpson,"09,10,11,12,SE",353,Open,,350 Grand Street,"Manhattan, NY 10002",212-475-4773,7%,21%,46%,<1%,<1%,23%,2%,27%,,58%,42%,0%,84%,Boys: N/A; Girls: N/A; Co-Ed: N/A,"Black Student Union, Boxing / Martial Arts, Big Sibs, Community Service, Dance Club, Fitness Club, Senior Activities, Junior Fundraising, GSA, Mock Trial, Music Club, Art and Literary Magazine, Newspaper Club, Running Club, Strength Training Club, Student Government, Theater Club, Video Game Club, Yearbook, Photography, Fashion Club, Sewing Club, Knitting Club, Film Club, French Club, ESA Student Ambassadors","Visual Art, Theater Survey / Introduction to Theater, Studio Art, Music, Mixed Media, Core Music, Theater","NYSED ""Local Support and Improvement""; Consortium; Project Pivot; PROSE",17%,17%,N/A (fewer than 5 teachers),N/A (fewer than 5 teachers),N/A (fewer than 5 teachers),57%,7.8,87%,,,,,,,,,,,,93%,78%,,161 (46%),9% (16),22% (37),46% (78),<1% (1),<1% (1),18% (31),Fair,78%,N/A,N/A,93%,0%,7%,96%,N/A,N/A,92%,N/A,N/A,N/A,97%,95%,N/A,95%,,,,,,,,,,,,93%,80%,91%,93%,N/A,N/A,95%,60%,94%,,,,,,,,,,,,,,84%,,95%,,66%,75%,63%,66%,N/A,N/A,68%,50%,61%,91%,94%,94%,91%,N/A,N/A,91%,67%,90%,,,,,,,,,,,88%,80%,96%,85%,N/A,N/A,85%,N/A,79%,,79%,100%,84%,76%,N/A,N/A,76%,N/A,82%,,94%,100%,96%,93%,N/A,N/A,92%,N/A,89%
02M296,High School of Hospitality Management,,,,hshm.info,Yves Mompoint Jr,"09,10,11,12,SE",210,"D75 Special Education Inclusive Services, Ed. Opt.",,525 West 50th Street,"Manhattan, NY 10019",212-586-0963,4%,18%,76%,<1%,0%,<1%,9%,22%,,70%,30%,0%,77%,"Boys: BASEBALL,VOLLEYBALL,SOCCER,BASKETBALL,TENNIS,BOWLING; Girls: BASKETBALL,VOLLEYBALL; Co-Ed: N/A","College Readiness Mentors, Culinary Art, Dance, Digital Learning, Hydroponics Program, Guitar Club, Makers Club, National Honor Society, ScriptEd, Yearbook Club, Student Government, Explorers, College Now, Advisory, Baby Program, Weight Lifting, and Cosmetics","Studio Art, Visual Art","NYSED ""Local Support and Improvement""; AP for All; Career Readiness and Modern Youth Apprenticeship; CS for All; Future Ready NYC; NYC Math; Pathways Advising",N/A (fewer than 5 teachers),N/A (fewer than 5 teachers),N/A (fewer than 5 teachers),0%,0%,65%,11,100%,,,,,,,,,,,,23%,52%,46 (22%),51 (24%),4% (3),15% (11),78% (57),1% (1),0% (0),1% (1),Good,93%,N/A,N/A,59%,0%,41%,75%,N/A,N/A,80%,N/A,N/A,N/A,84%,N/A,N/A,70%,,,,,,,,,,,,94%,100%,93%,93%,N/A,N/A,N/A,100%,100%,,,,,,,,,,,,,,73%,,97%,,51%,67%,65%,44%,N/A,N/A,N/A,67%,43%,87%,100%,88%,85%,N/A,N/A,N/A,100%,86%,,,,,,,,,,,84%,N/A,80%,82%,N/A,N/A,N/A,N/A,N/A,,70%,N/A,71%,76%,N/A,N/A,N/A,N/A,N/A,,85%,N/A,100%,83%,N/A,N/A,N/A,N/A,N/A
02M298,Pace High School,,,,www.pacehsnyc.org,Eric Glatz,"09,10,11,12,SE",530,Ed. Opt.,,100 Hester Street,"Manhattan, NY 10002",212-334-4663,10%,30%,50%,<1%,2%,5%,5%,20%,,54%,46%,0%,78%,"Boys: BASKETBALL,VOLLEYBALL,CROSS COUNTRY; Girls: BASKETBALL,SOFTBALL,VOLLEYBALL,OUTDOOR TRACK,CROSS COUNTRY; Co-Ed: N/A","Journalism, Clubs, Independent Soccer League, LEAP On Stage, Student Government Organization, Liberty Partnership Program, Latin Dance, Cheerleading, Academic Tutorials, and more","Studio Art, Dance Improvisation, Acting","NYSED ""Local Support and Improvement""; AP for All; Competency Collaborative; NYC Math",N/A (fewer than 5 teachers),18%,20%,0%,0%,47%,7.9,80%,,,,,,,,,,,,75%,63%,121 (23%),334 (63%),11% (39),30% (105),47% (166),1% (4),3% (11),7% (24),Fair,91%,9%,0%,96%,0%,4%,88%,N/A,88%,84%,N/A,N/A,N/A,92%,84%,N/A,78%,,,,,,,,,,,,89%,94%,93%,86%,N/A,N/A,77%,89%,76%,,,,,,,,,,,,,,80%,,96%,,55%,70%,52%,52%,N/A,N/A,54%,56%,51%,92%,88%,91%,94%,N/A,N/A,93%,100%,89%,,,,,,,,,,,86%,N/A,67%,88%,N/A,N/A,N/A,N/A,83%,,86%,N/A,89%,81%,N/A,N/A,N/A,N/A,100%,,86%,N/A,67%,94%,N/A,N/A,N/A,N/A,83%
02M300,"Urban Assembly School of Design and Construction, The",,,,uasdc.org,Meredith Matson,"09,10,11,12,SE",225,Ed. Opt.,,525 West 50th Street,"Manhattan, NY 10019",212-586-0981,<1%,25%,66%,1%,<1%,5%,5%,27%,,34%,66%,0%,81%,Boys: N/A; Girls: N/A; Co-Ed: N/A,"Student Government Association, National Honor Society, After-school clubs - art, coding, cooking, video games, anime, etc","Drawing, Three-Dimensional Art, Illustration, Studio Art, Ceramics, Portfolio Development, Art History, Visual Art","NYSED ""Local Support and Improvement""; AP for All; NYC Math; PROSE",N/A (fewer than 5 teachers),31%,19%,0%,0%,23%,0.2,81%,,,,,,,,,,,,53%,48%,63 (28%),110 (49%),1% (2),23% (31),69% (94),0% (0),1% (2),5% (7),Good,98%,N/A,N/A,95%,N/A,N/A,75%,N/A,N/A,72%,N/A,N/A,N/A,78%,74%,N/A,88%,,,,,,,,,,,,94%,N/A,94%,92%,N/A,N/A,100%,N/A,83%,,,,,,,,,,,,,,82%,,97%,,61%,N/A,59%,63%,N/A,N/A,50%,80%,62%,93%,N/A,94%,93%,N/A,N/A,100%,100%,85%,,,,,,,,,,,95%,N/A,N/A,100%,N/A,N/A,N/A,N/A,N/A,,89%,N/A,N/A,93%,N/A,N/A,N/A,N/A,N/A,,89%,N/A,N/A,92%,N/A,N/A,N/A,N/A,N/A
02M303,"Facing History School, The",,,,www.facinghistoryschool.org,Dana Panagot,"09,10,11,12,SE",309,"D75 Special Education Inclusive Services, Ed. Opt.",,525 West 50th Street,"Manhattan, NY 10019",212-757-2680,1%,27%,68%,0%,0%,3%,10%,29%,,49%,51%,0%,82%,Boys: N/A; Girls: N/A; Co-Ed: N/A,"After school clubs: music production, student government, chess club, Kpop club, cooking club, Gender and Sexuality Alliance (GSA), barletics, & more! , Community events: field days, Thanksgiving potluck, Valentine's Day candy grams, game days, movie days, spirit weeks, award ceremonies & more!, Field trips: Outward Bound rock climbing, Tenement Museum, Riverside Park ice skating, Museum of City of New York, & more!","Studio Art, Computer Art / Digital Art","NYSED ""Local Support and Improvement""; AP for All; Community School; Consortium; PROSE",0%,26%,23%,0%,0%,48%,12.1,81%,,,,,,,,,,,,58%,67%,45 (15%),122 (39%),1% (3),26% (55),68% (143),0% (0),0% (0),3% (6),Good,87%,N/A,N/A,95%,N/A,N/A,92%,N/A,90%,91%,N/A,N/A,N/A,96%,87%,N/A,87%,,,,,,,,,,,,88%,N/A,98%,87%,N/A,N/A,N/A,93%,90%,,,,,,,,,,,,,,78%,,96%,,60%,N/A,60%,59%,N/A,N/A,N/A,69%,64%,93%,N/A,79%,97%,N/A,N/A,N/A,100%,87%,,,,,,,,,,,88%,N/A,92%,84%,N/A,N/A,N/A,N/A,95%,,88%,N/A,85%,89%,N/A,N/A,N/A,N/A,90%,,85%,N/A,92%,80%,N/A,N/A,N/A,N/A,95%
02M305,"Urban Assembly Academy of Government and Law, The",,,,www.uaagl.org,Andrea Brand,"09,10,11,12",290,Ed. Opt.,,350 Grand Street,"Manhattan, NY 10002",212-505-0745,9%,36%,51%,<1%,0%,3%,5%,19%,,61%,39%,<1%,84%,Boys: N/A; Girls: N/A; Co-Ed: N/A,"AGL Law Team, Moot Court, Mock Trial, Law Themed Trips and Experiences, National Honor Society (NHS), Student Government, Intramural Boys Basketball, Intramural Girls Basketball, Intramural CoEd Volleyball, Intramural Girls Volleyball, Art Club, Intramural Soccer, Annual AGL Multicultural Day, AGL Eagle Event Days, Field Day, Senior Celebrations, Career Exploration Days","Three-Dimensional Art, Studio Art, Visual Art","NYSED ""Local Support and Improvement""; AP for All; CS for All; Future Ready NYC; NYC Math; Project Pivot",0%,25%,N/A (fewer than 5 teachers),0%,0%,63%,2,79%,,,,,,,,,,,,40%,70%,152 (52%),111 (38%),9% (16),37% (66),52% (93),1% (2),0% (0),2% (3),Good,98%,N/A,N/A,98%,N/A,N/A,90%,N/A,93%,89%,N/A,N/A,N/A,90%,90%,N/A,93%,,,,,,,,,,,,88%,75%,91%,90%,N/A,N/A,60%,80%,84%,,,,,,,,,,,,,,80%,,97%,,58%,43%,60%,62%,N/A,N/A,40%,50%,71%,93%,95%,94%,94%,N/A,N/A,80%,100%,94%,,,,,,,,,,,91%,90%,90%,92%,N/A,N/A,N/A,100%,100%,,94%,100%,93%,95%,N/A,N/A,N/A,100%,90%,,95%,100%,96%,93%,N/A,N/A,N/A,100%,100%
02M308,Lower Manhattan Arts Academy,,,,lomahs.nyc,Joel Lowy,"09,10,11,12,SE",316,Ed. Opt.,,350 Grand Street,"Manhattan, NY 10002",212-505-0143,9%,30%,59%,<1%,<1%,2%,6%,28%,,65%,35%,0%,71%,Boys: N/A; Girls: N/A; Co-Ed: N/A,"Clubs: Girls Who Code, Step and Cheer, Swimming, LGBTQIA+ Society, Student Council, Gaming, Basketball, Fitness","Visual Art, Acting, Music, Dance, Studio Art, Core Music, Musical Theater, Concert Band","NYSED ""Local Support and Improvement""; AP for All; NYC Math; Project Pivot",N/A (fewer than 5 teachers),N/A (fewer than 5 teachers),N/A (fewer than 5 teachers),0%,0%,62%,0.9,73%,,,,,,,,,,,,85%,39%,95 (30%),118 (37%),11% (20),32% (57),53% (94),<1% (1),<1% (1),3% (5),Good,79%,N/A,N/A,94%,N/A,N/A,85%,N/A,85%,89%,N/A,N/A,N/A,83%,90%,N/A,72%,,,,,,,,,,,,88%,91%,91%,87%,N/A,N/A,N/A,100%,84%,,,,,,,,,,,,,,79%,,95%,,38%,59%,35%,35%,N/A,N/A,N/A,38%,27%,93%,96%,89%,93%,N/A,N/A,N/A,88%,88%,,,,,,,,,,,84%,N/A,75%,86%,N/A,N/A,N/A,N/A,87%,,80%,N/A,82%,83%,N/A,N/A,N/A,N/A,81%,,78%,N/A,59%,90%,N/A,N/A,N/A,N/A,69%
02M316,"Urban Assembly School of Business for Young Women, the",,,,www.uasbfyw.org,Patricia Minaya,"09,10,11,12,SE",83,Ed. Opt.,,26 Broadway,"Manhattan, NY 10004",212-668-0169,5%,42%,47%,1%,0%,4%,12%,19%,,100%,0%,0%,98%,Boys: N/A; Girls: N/A; Co-Ed: N/A,"Drama Club, Art Club, Tennis Club, Flamenco Vivo, Photography Club, PodCast Club, PSAL Sports Basketball, Volleyball, Softball",Studio Art,"NYSED ""Local Support and Improvement""; AP for All",N/A (fewer than 5 teachers),N/A (fewer than 5 teachers),N/A (fewer than 5 teachers),N/A (fewer than 5 teachers),N/A (fewer than 5 teachers),78%,18.2,89%,,,,,,,,,,,,24%,62%,43 (52%),31 (37%),5% (3),40% (23),53% (30),0% (0),0% (0),2% (1),Good,81%,N/A,N/A,100%,0%,0%,96%,N/A,N/A,94%,N/A,N/A,N/A,96%,N/A,N/A,N/A,,,,,,,,,,,,98%,N/A,100%,96%,N/A,N/A,N/A,100%,100%,,,,,,,,,,,,,,81%,,97%,,85%,N/A,94%,78%,N/A,N/A,N/A,100%,100%,98%,N/A,100%,96%,N/A,N/A,N/A,100%,100%,,,,,,,,,,,100%,N/A,100%,100%,N/A,N/A,N/A,100%,100%,,85%,N/A,86%,86%,N/A,N/A,N/A,100%,100%,,100%,N/A,100%,100%,N/A,N/A,N/A,100%,100%
02M374,Gramercy Arts High School,,,,www.gramercyhs.org,Pamela Mudzingwa Makin,"09,10,11,12,SE",508,"Audition, Screened With Assessment",,40 Irving Place,"Manhattan, NY 10003",212-253-7076,5%,32%,50%,<1%,<1%,9%,3%,17%,,69%,31%,<1%,64%,Boys: N/A; Girls: N/A; Co-Ed: N/A,"Spring Musical, Fall Play, Gay Straight Alliance, Open Visual Arts Studio, Newspaper, Anime, Gaming","Illustration, Graphic Design, Computer Art / Digital Art, Theater, Cartooning, Portfolio Development, Photography, Acting, Theater Survey / Introduction to Theater, Career Development / Industry Prep, and more","NYSED ""Local Support and Improvement""; NYC Math",14%,N/A (fewer than 5 teachers),16%,0%,0%,51%,4.2,62%,,,,,,,,,,,,99%,65%,213 (42%),186 (37%),5% (16),31% (101),54% (175),<1% (1),0% (0),9% (29),Fair,87%,N/A,N/A,100%,0%,0%,98%,N/A,97%,98%,N/A,N/A,N/A,97%,100%,N/A,100%,,,,,,,,,,,,88%,100%,81%,88%,N/A,N/A,97%,88%,83%,,,,,,,,,,,,,,85%,,97%,,37%,36%,31%,36%,N/A,N/A,52%,33%,39%,92%,100%,89%,93%,N/A,N/A,88%,89%,90%,,,,,,,,,,,88%,83%,92%,95%,N/A,N/A,93%,N/A,93%,,80%,67%,100%,80%,N/A,N/A,64%,N/A,93%,,94%,100%,92%,95%,N/A,N/A,93%,N/A,86%
02M376,NYC iSchool,,,,nycischool.org,Cara Tait,"09,10,11,12",452,Screened With Assessment,,131 Avenue Of The Americas,"Manhattan, NY 10013",917-237-7300,9%,13%,38%,<1%,0%,37%,2%,25%,,58%,42%,0%,93%,Boys: N/A; Girls: N/A; Co-Ed: N/A,"Black Student Union, Coding Club, Anime Club, Creative Writing Club, Gender & Sexuality Alliance (GSA), iCare Community Service Club, iNews Club, Model UN, Rock Band, Social Activism Club, Vertical farming, and Theatre Club. Clubs are subject to change per year based on student interest.","Core Music, Drawing, Painting, Studio Art, Graphic Design, Visual Art, Theater / Play Production, Illustration, Printmaking, Jazz Ensemble","NYSED ""Local Support and Improvement""; Competency Collaborative; PROSE",N/A (fewer than 5 teachers),N/A (fewer than 5 teachers),22%,0%,0%,57%,1.2,81%,,,,,,,,,,,,71%,85%,124 (27%),331 (73%),10% (35),13% (45),35% (125),<1% (2),0% (0),38% (134),Fair,46%,N/A,N/A,90%,0%,10%,97%,N/A,N/A,96%,N/A,N/A,98%,97%,98%,N/A,100%,,,,,,,,,,,,93%,94%,84%,95%,N/A,N/A,94%,100%,90%,,,,,,,,,,,,,,92%,,95%,,70%,76%,69%,67%,N/A,N/A,74%,63%,71%,95%,97%,94%,93%,N/A,N/A,96%,100%,94%,,,,,,,,,,,88%,100%,89%,88%,N/A,N/A,88%,60%,88%,,75%,80%,74%,77%,N/A,N/A,73%,60%,79%,,92%,100%,96%,91%,N/A,N/A,90%,67%,90%
02M392,Manhattan Business Academy,,,,manhattanbusinessacademy.org,Karen Polsonetti,"09,10,11,12,SE",381,Ed. Opt.,,351 West 18 Street,"Manhattan, NY 10011",212-647-1983,4%,27%,63%,2%,0%,3%,9%,23%,,47%,53%,0%,86%,"Boys: BASEBALL,BASKETBALL,VOLLEYBALL,SOCCER,BOWLING,WRESTLING; Girls: BOWLING,SOFTBALL,TENNIS,VOLLEYBALL,BASKETBALL; Co-Ed: N/A","Art Club, Business Club, CHILL Snowboarding Club, Hudson Sailing Club, Dance Team, Fitness Club, Guitar Club, National Honor Society, Peer Mediation","Graphic Design, Mixed Media, Visual Art, Illustration","NYSED ""Local Support and Improvement""; AP for All; Project Pivot; Respect for All",16%,16%,N/A (fewer than 5 teachers),N/A (fewer than 5 teachers),N/A (fewer than 5 teachers),56%,14.2,81%,,,,,,,,,,,,39%,68%,36 (9%),93 (24%),3% (4),27% (37),65% (90),3% (4),0% (0),3% (4),Good,95%,N/A,N/A,97%,N/A,N/A,93%,N/A,91%,93%,N/A,N/A,N/A,95%,91%,92%,80%,,,,,,,,,,,,93%,85%,91%,94%,N/A,N/A,100%,88%,86%,,,,,,,,,,,,,,85%,,96%,,63%,71%,59%,65%,N/A,N/A,50%,68%,59%,94%,100%,95%,95%,N/A,N/A,90%,84%,90%,,,,,,,,,,,90%,N/A,80%,91%,N/A,N/A,N/A,100%,100%,,75%,N/A,80%,74%,N/A,N/A,N/A,100%,100%,,90%,N/A,90%,89%,N/A,N/A,N/A,80%,100%
02M393,Business Of Sports School,,,,nycboss.org,Joshua Solomon,"09,10,11,12,SE",434,Ed. Opt.,,439 West 49th Street,"Manhattan, NY 10019",212-246-2183,2%,35%,59%,<1%,0%,2%,10%,25%,,28%,72%,0%,88%,"Boys: OUTDOOR TRACK,BOWLING,BASKETBALL,HANDBALL,BASEBALL,TABLE TENNIS,VOLLEYBALL,SOCCER; Girls: SOFTBALL,FLAG FOOTBALL,BASKETBALL,VOLLEYBALL,SOCCER,OUTDOOR TRACK; Co-Ed: N/A",N/A,Visual Art,"NYSED ""Local Support and Improvement""; AP for All; Career & Technical Education; NYC Math; Project Pivot",N/A (fewer than 5 teachers),32%,24%,0%,0%,32%,14.2,95%,,,,,,,,,,,,91%,62%,122 (28%),213 (49%),2% (5),30% (85),65% (184),<1% (2),0% (0),<1% (2),Fair,98%,N/A,N/A,93%,0%,7%,92%,N/A,89%,93%,N/A,N/A,N/A,90%,93%,100%,90%,,,,,,,,,,,,91%,88%,93%,90%,N/A,N/A,N/A,87%,89%,,,,,,,,,,,,,,80%,,95%,,49%,44%,52%,47%,N/A,N/A,N/A,64%,57%,89%,100%,87%,90%,N/A,N/A,N/A,82%,86%,,,,,,,,,,,87%,N/A,83%,89%,N/A,N/A,N/A,88%,85%,,76%,N/A,78%,72%,N/A,N/A,N/A,75%,84%,,85%,N/A,83%,86%,N/A,N/A,N/A,75%,95%
02M399,The High School For Language And Diplomacy,,,,hsflad.enschool.org/,Lisa Wang,"09,10,11,12,SE",151,Ed. Opt.,,40 Irving Place,"Manhattan, NY 10003",212-253-2480,10%,23%,60%,0%,<1%,7%,8%,21%,,53%,47%,0%,45%,Boys: N/A; Girls: N/A; Co-Ed: N/A,"LAD Dance Team, Educators Rising Future Teachers Program, Debate Club, Film Club, Anime Club, Gaming Club, Fitness Club, Dramatic Arts and Talent Show, Stage Crew, Student Government, Yearbook Commitee, National Honor Society, Student Equity Team, Arts & Media Club, Peer Tutoring Program, Peer Mediators Program, Student Podcast Crew, Senior Council, LADirature StudentLed Publication,","Dramatic Literature, Illustration, Filmmaking / Video","NYSED ""Local Support and Improvement""; AP for All; Future Ready NYC; NYC Math; Pathways Advising",N/A (fewer than 5 teachers),N/A (fewer than 5 teachers),N/A (fewer than 5 teachers),0%,0%,53%,1.1,93%,,,,,,,,,,,,32%,49%,51 (34%),62 (41%),11% (10),23% (21),59% (54),0% (0),1% (1),5% (5),Good,N/A,68%,N/A,96%,N/A,N/A,85%,N/A,N/A,89%,N/A,N/A,N/A,94%,75%,73%,73%,,,,,,,,,,,,87%,75%,100%,91%,N/A,N/A,N/A,100%,91%,,,,,,,,,,,,,,75%,,94%,,52%,56%,33%,54%,N/A,N/A,N/A,83%,82%,97%,100%,100%,98%,N/A,N/A,N/A,83%,100%,,,,,,,,,,,87%,N/A,N/A,83%,N/A,N/A,N/A,N/A,N/A,,80%,N/A,N/A,50%,N/A,N/A,N/A,N/A,N/A,,93%,N/A,N/A,100%,N/A,N/A,N/A,N/A,N/A
02M400,High School for Environmental Studies,,,,www.envirostudies.org,Heather Deflorio,"09,10,11,12,SE",1075,"Ed. Opt., Screened",,444 West 56 Street,"Manhattan, NY 10019",212-262-8113,12%,13%,57%,<1%,<1%,14%,5%,17%,,53%,47%,<1%,84%,"Boys: HANDBALL,TENNIS,VOLLEYBALL,BASKETBALL,BASEBALL,CROSS COUNTRY,SOCCER; Girls: SOFTBALL,BASKETBALL,VOLLEYBALL,CROSS COUNTRY,SOCCER,TENNIS,HANDBALL; Co-Ed: N/A","Anime, Art, Badminton, Black Student Association, Drama, Envirothon, Environmental Media Studio, Feminist Club, Gender-Sexuality Alliance (GSA), Drama, Gamers, Generation Z Club, Girls Who Code, Glee, Green Team, Hiking, Hydroponics, Internship, J Club, Latino Students Union, K-Pop, MakerSpace, Media Club, Model UN, Music, Muslim Student Association, National Honor Society, Photography, Rooftop, Science Research, Student Government, Sustainability, Table Tennis, Weight Training, Yearbook","Theater Survey / Introduction to Theater, Core Music, Art History, Filmmaking / Video, Ceramics, Theater / Play Production, Musical Theater, Visual Art","NYSED ""Local Support and Improvement""; CS for All",14%,10%,18%,0%,0%,54%,2.2,86%,,,,,,,,,,,,71%,67%,376 (35%),450 (42%),17% (115),10% (69),52% (347),<1% (4),<1% (3),17% (110),Fair,99%,N/A,N/A,96%,0%,4%,89%,97%,67%,89%,N/A,N/A,100%,95%,82%,84%,74%,,,,,,,,,,,,84%,83%,92%,85%,N/A,N/A,81%,88%,83%,,,,,,,,,,,,,,85%,,96%,,40%,45%,44%,40%,N/A,N/A,42%,56%,43%,91%,89%,88%,92%,N/A,N/A,92%,91%,87%,,,,,,,,,,,84%,83%,86%,86%,N/A,N/A,82%,100%,65%,,77%,64%,62%,81%,N/A,N/A,88%,83%,89%,,85%,84%,80%,86%,N/A,N/A,82%,100%,79%
02M407,Institute for Collaborative Education,,,,iceschoolnyc.org,Peter Karp,"06,07,08,09,10,11,12",280,Screened With Assessment,,345 East 15th Street,"Manhattan, NY 10003",212-475-7972,7%,23%,20%,<1%,<1%,44%,1%,25%,,48%,51%,<1%,76%,"Boys: BASEBALL,TABLE TENNIS,BASKETBALL,SOCCER; Girls: SOCCER,BASKETBALL,INDOOR TRACK,SOFTBALL,VOLLEYBALL; Co-Ed: N/A","Music, Video Game club, chorus, community service, model UN, green team, skittles","Illustration, Photography, Jazz Ensemble, Mixed Media, Theater / Play Production, Music Theory / Musicianship","NYSED ""Local Support and Improvement""; Consortium; DYCD: COMPASS/SONYC; PROSE",N/A (fewer than 5 teachers),N/A (fewer than 5 teachers),19%,0%,0%,50%,11.6,88%,,,,,,,,,,,,44%,77%,,224 (80%),8% (17),23% (51),20% (45),<1% (1),<1% (1),43% (97),Fair,78%,6%,16%,84%,0%,16%,96%,N/A,N/A,88%,N/A,N/A,100%,93%,97%,N/A,93%,,,,,,,,,,,,83%,88%,85%,79%,N/A,N/A,83%,N/A,76%,,,,,,,,,,,,,,91%,,95%,,56%,39%,60%,41%,N/A,N/A,61%,N/A,57%,92%,96%,88%,87%,N/A,N/A,95%,N/A,96%,,,,,,,,,,,85%,83%,75%,82%,N/A,N/A,88%,N/A,80%,,85%,75%,75%,94%,N/A,N/A,83%,N/A,90%,,90%,83%,78%,85%,N/A,N/A,95%,N/A,85%
02M408,Professional Performing Arts High School,,,,www.ppasnyc.org,Keith Ryan,"06,07,08,09,10,11,12,SE",445,Audition,,328 West 48 Street,"Manhattan, NY 10036",212-247-8652,7%,21%,29%,<1%,0%,40%,<1%,18%,,77%,23%,0%,73%,Boys: N/A; Girls: N/A; Co-Ed: N/A,N/A,"Voice and Diction, Acting, Musical Theater, Ballet, Choreography / Dance Composition, Theater History, Mixed Choir, Music, Music Theory / Musicianship, Modern Dance, and more","NYSED ""Local Support and Improvement""; AP for All; DYCD: COMPASS/SONYC; NYC Math",N/A (fewer than 5 teachers),16%,N/A (fewer than 5 teachers),0%,0%,72%,0,91%,,,,,,,,,,,,100%,71%,148 (33%),103 (23%),7% (16),17% (39),25% (57),<1% (2),0% (0),44% (100),Needs Improvement,64%,36%,0%,87%,0%,13%,100%,N/A,100%,100%,N/A,N/A,100%,100%,100%,N/A,100%,,,,,,,,,,,,89%,91%,97%,89%,N/A,N/A,90%,N/A,91%,,,,,,,,,,,,,,89%,,96%,,42%,73%,44%,33%,N/A,N/A,44%,N/A,43%,89%,100%,89%,92%,N/A,N/A,89%,N/A,89%,,,,,,,,,,,68%,N/A,79%,63%,N/A,N/A,78%,N/A,74%,,81%,N/A,86%,85%,N/A,N/A,80%,N/A,91%,,77%,N/A,86%,59%,N/A,N/A,88%,N/A,77%
02M411,Baruch College Campus High School,,,,www.bcchsnyc.net,Alicia Perez Katz,"09,10,11,SE",486,Screened,,55 East 25 Street,"Manhattan, NY 10010",212-683-7440,29%,8%,26%,<1%,<1%,33%,2%,18%,,56%,44%,0%,75%,"Boys: SOCCER,BASEBALL,WRESTLING,BASKETBALL; Girls: SOCCER,SOFTBALL,BASKETBALL,FENCING,VOLLEYBALL; Co-Ed: N/A","Affinity Groups: Black & Latinx Student Union, Asian Affinity Club, GSA, NOW, Equity Team, Chinese Culture, Media Clubs: School Newspaper, Media Team, Tech Team, Film Club, Service Clubs: Key Club, Lorax Environmental Club, Cookies for Cancer, NHS, SAP Board, Academic/Arts Clubs: Math tutors, Art club, Drama club, Philosophy Club, Peer Tutoring, Career clubs: Rock the Street Wall Street","Studio Art, Playwriting, Mixed Media, Visual Art","NYSED ""Local Support and Improvement""; AP for All; CS for All",N/A (fewer than 5 teachers),N/A (fewer than 5 teachers),N/A (fewer than 5 teachers),0%,0%,70%,19.5,83%,,,,,,,,,,,,92%,97%,277 (57%),284 (58%),31% (104),6% (21),20% (66),<1% (1),<1% (1),39% (130),Fair,96%,N/A,N/A,74%,0%,26%,99%,100%,N/A,94%,N/A,N/A,100%,100%,98%,N/A,96%,,,,,,,,,,,,94%,93%,88%,94%,N/A,N/A,95%,100%,95%,,,,,,,,,,,,,,93%,,96%,,66%,64%,33%,61%,N/A,N/A,74%,40%,66%,96%,99%,78%,94%,N/A,N/A,96%,100%,91%,,,,,,,,,,,84%,85%,75%,95%,N/A,N/A,81%,N/A,95%,,62%,42%,88%,70%,N/A,N/A,64%,N/A,86%,,87%,88%,88%,95%,N/A,N/A,83%,N/A,90%
02M412,N.Y.C. Lab School for Collaborative Studies,,,,www.nyclabschool.org,Brooke Jackson,"09,10,11,12,SE",462,"ASD/ACES Program, Screened",,333 West 17 Street,"Manhattan, NY 10011",212-691-6119,25%,6%,16%,<1%,<1%,48%,<1%,26%,,44%,56%,0%,80%,"Boys: BASEBALL,CROSS COUNTRY,BASKETBALL,INDOOR TRACK,OUTDOOR TRACK,SOCCER; Girls: FLAG FOOTBALL,TENNIS,INDOOR TRACK,SOFTBALL,SOCCER,CROSS COUNTRY,GOLF,OUTDOOR TRACK,BASKETBALL,VOLLEYBALL; Co-Ed: GOLF","Our clubs are created and led by students. New club proposals are always welcome. Club offerings include: Black Student Union, Asian Culture Club, La Alianza, GSA, Muslim Student Association, Neurodiversity Student Association, Music Club, Student Government, Model UN, Bike Club, Video Game Club, Green Team, Coding Club, Chess Club, Lab Theater Company, Body Positivity, SALT Photography, Hudson River Community Sailing, Lab Report Newspaper","Studio Art, Core Music, Visual Art, Fashion and Textile Design, Concert Band, Piano Keyboard","NYSED ""Local Support and Improvement""; Competency Collaborative; CS for All; NYC Math; PROSE",N/A (fewer than 5 teachers),N/A (fewer than 5 teachers),13%,0%,0%,75%,17.1,89%,,,,,,,,,,,,99%,87%,244 (53%),217 (47%),25% (90),4% (15),13% (46),<1% (1),<1% (2),53% (189),Fair,97%,N/A,N/A,98%,N/A,N/A,99%,100%,N/A,100%,N/A,N/A,99%,100%,99%,N/A,96%,,,,,,,,,,,,86%,85%,82%,91%,N/A,N/A,87%,N/A,83%,,,,,,,,,,,,,,93%,,95%,,62%,63%,47%,62%,N/A,N/A,63%,N/A,61%,97%,98%,100%,98%,N/A,N/A,95%,N/A,95%,,,,,,,,,,,85%,96%,86%,81%,N/A,N/A,90%,N/A,77%,,86%,74%,100%,81%,N/A,N/A,91%,N/A,92%,,93%,95%,100%,88%,N/A,N/A,96%,N/A,90%
02M413,School of the Future High School,,,,www.sof.edu,Stacy Goldstein,"06,07,08,09,10,11,12,SE",441,Screened With Assessment,,127 East 22 Street,"Manhattan, NY 10010",212-475-8086,20%,12%,20%,<1%,<1%,39%,2%,23%,,46%,54%,0%,65%,"Boys: VOLLEYBALL,BASKETBALL,BASEBALL,SOCCER; Girls: SOCCER,SOFTBALL,BASKETBALL,VOLLEYBALL,HANDBALL; Co-Ed: N/A","Model United Nations, Student Council, Pride/GSA, Key Club, Global Glimpse, Robotics Team, Black Student Union, Asian Student Association, Latine Heritage Club, Chess Club, Science Club, Drawing Club, Book Club, Anime Club, Games Club, Literature Magazine, Chorus, Drama Club, Debate Club, Prom Committee, Dance Club, Yearbook Committee, Trivia Club, Badminton Club, Afterschool Tutoring, SOF Green Team, Ski & Snowboard Club, The MOTH Storytellers, Operation Smile, Recording Studio Club, Science Olympiad, Social Justice Club","Visual Art, Theater, Computer Art / Digital Art, Music, Music Technology, Drawing, Theater History, Filmmaking / Video, Improvisation, Theater / Play Production","NYSED ""Local Support and Improvement""; AP for All; Competency Collaborative; Consortium; DYCD: COMPASS/SONYC",N/A (fewer than 5 teachers),14%,10%,N/A (fewer than 5 teachers),N/A (fewer than 5 teachers),71%,16.1,84%,,,,,,,,,,,,99%,82%,149 (34%),287 (65%),21% (68),13% (44),20% (64),<1% (2),0% (0),37% (119),Fair,98%,N/A,N/A,99%,N/A,N/A,98%,100%,N/A,96%,N/A,N/A,98%,98%,98%,N/A,91%,,,,,,,,,,,,74%,76%,68%,78%,N/A,N/A,73%,67%,74%,,,,,,,,,,,,,,93%,,99%,,50%,51%,48%,57%,N/A,N/A,47%,14%,55%,90%,94%,90%,92%,N/A,N/A,88%,71%,90%,,,,,,,,,,,75%,75%,84%,80%,N/A,N/A,72%,N/A,72%,,77%,70%,79%,80%,N/A,N/A,78%,N/A,90%,,83%,75%,84%,86%,N/A,N/A,82%,N/A,80%
02M414,N.Y.C. Museum School,,,,www.nycmuseumschool.org,Andre Rodrigues,"09,10,11,12,SE",483,Screened,,333 West 17 Street,"Manhattan, NY 10011",212-675-6206,20%,9%,25%,<1%,<1%,41%,2%,20%,,53%,47%,0%,73%,Boys: N/A; Girls: N/A; Co-Ed: N/A,"Archive Literary and Arts Magazine, Hudson River Community Sailing, Chorus, Guitar Club, Japanese Club, Running Club, Dance Club, Sustainability Club, League of Colors (GSA), Student Government, Student Activities Council, Computer Building Club, Natural Hair Club, Black Student Union, AAPI Club, Fashion & Design Club, Women's Empowerment Club, Debate Club, Social Justice Club, Sports, Statistics Club, Dungeons & Dragons Club, Drama Club, International Cooking Club, Video Game Design Club, K-Pop Club, Red Cross Club, Photoshop Club, Video Game Club","Studio Art, Acting, Mixed Media, Photography","NYSED ""Local Support and Improvement""; AP for All; NYC Math",N/A (fewer than 5 teachers),N/A (fewer than 5 teachers),19%,0%,N/A (fewer than 5 teachers),53%,2.2,94%,,,,,,,,,,,,80%,87%,262 (54%),240 (50%),23% (73),9% (27),18% (56),0% (0),<1% (2),45% (142),Needs Improvement,95%,N/A,N/A,100%,0%,0%,100%,100%,N/A,100%,N/A,N/A,100%,100%,100%,N/A,100%,,,,,,,,,,,,93%,94%,88%,99%,N/A,N/A,93%,N/A,90%,,,,,,,,,,,,,,97%,,97%,,44%,49%,38%,28%,N/A,N/A,53%,N/A,40%,93%,98%,92%,91%,N/A,N/A,92%,N/A,81%,,,,,,,,,,,78%,93%,62%,70%,N/A,N/A,72%,N/A,68%,,70%,59%,75%,55%,N/A,N/A,80%,N/A,85%,,86%,93%,88%,74%,N/A,N/A,83%,N/A,77%
02M416,Eleanor Roosevelt High School,,,,www.erhsnyc.org,Dimitri Saliani,"09,10,11,12,SE",541,Screened,,411 East 76 Street,"Manhattan, NY 10021",212-772-1220,21%,7%,20%,<1%,<1%,48%,<1%,15%,,58%,42%,0%,85%,"Boys: BASEBALL,SOCCER,BASKETBALL,OUTDOOR TRACK,TENNIS; Girls: OUTDOOR TRACK,VOLLEYBALL,FLAG FOOTBALL,TABLE TENNIS,BASKETBALL,SOFTBALL,CROSS COUNTRY,TENNIS,SOCCER; Co-Ed: GOLF","Art 4 Heart, Black, Indigenous, and People of Color (BIPOC) Student Union (BSU), Asian Club, Badminton Club, Chess Club, Culinary Club, Debate Club, ElRo Naturalist Club, ElRo PawPrint, ElRo Day Planning Committee, Film and Photography Club, Finance and Investment Club, Gaming Club, GenderSexuality Alliance (GSA), Girls Lead Our World (GLOW), Green Team, Habitat for Humanity, High School Democrats of America, Jazz Ensemble, Law Team, Life Skills Club, Math Club, Model United Nations, Pawcast, Ping Pong Club, PreMed Club, Red Cross, Stargazer Magazine, STEM Club, Student Government, Tech Club, Yearbook","Digital Photography, Guitar, Ceramics, Concert Band, Mixed Media, Computer Art / Digital Art, Acting, Fashion and Textile Design, Art History, Music Technology","NYSED ""Local Support and Improvement""; CS for All",18%,N/A (fewer than 5 teachers),N/A (fewer than 5 teachers),0%,0%,74%,15.2,94%,,,,,,,,,,,,100%,96%,404 (75%),294 (54%),22% (94),6% (26),17% (73),<1% (2),<1% (1),52% (226),Fair,84%,N/A,N/A,91%,N/A,N/A,99%,100%,N/A,N/A,N/A,N/A,99%,100%,98%,N/A,96%,,,,,,,,,,,,94%,93%,80%,97%,N/A,N/A,95%,N/A,94%,,,,,,,,,,,,,,94%,,97%,,56%,57%,48%,42%,N/A,N/A,59%,N/A,49%,91%,95%,85%,80%,N/A,N/A,93%,N/A,88%,,,,,,,,,,,87%,86%,93%,81%,N/A,N/A,89%,N/A,90%,,69%,68%,73%,69%,N/A,N/A,72%,N/A,88%,,94%,92%,88%,91%,N/A,N/A,94%,N/A,96%
02M418,Millennium High School,,,,www.millenniumhs.org,Colin Mcevoy,"09,10,11,12,SE",665,"D75 Special Education Inclusive Services, Screened",,75 Broad Street,"Manhattan, NY 10004",212-825-9008,47%,5%,16%,0%,<1%,28%,2%,16%,,55%,45%,0%,61%,Boys: N/A; Girls: N/A; Co-Ed: N/A,"The Student Life Program at Millennium consists of 25+ activities that support leadership development, creative expression, social responsibility, healthy lifestyles, civic engagement, and cultural awareness. All extracurricular activities are created based on student interest., , Current (20222023) club offerings include: Art Loft, ASL (American Sign Language), ASU (Asian Student Union), Best Buddies, BLSU (Black Latinx Student Union), Brains & Gains (Workout), Chinese Culture Club, Cooking Club, Design Club, Drama Club, Fitness Club, Girl Rising, Green Team/Sustainability Team, GSA (Gay Straight Alliance), Jewish Student Union, Key Club, LGBTQ+ Open Art Space, Literary Magazine - Flux, Math Team, Mouse Squad, MSA (Muslim Student Association), Newspaper - The Phoenix, PreMed Club, Podcast Club, Red Cross Club, Sound Lab, Student Activities, Video Game Club, Wellness Club, Yearbook, and Young Entrepreneurs Club., , The MHS Student Senate is our representative student government organization. Senior Officers plan and coordinate communitybuilding and celebratory class events.","Studio Art, Photography, Graphic Design, Mixed Media, Art History, Music Theory / Musicianship","NYSED ""Local Support and Improvement""",21%,N/A (fewer than 5 teachers),0%,0%,0%,70%,11.2,88%,,,,,,,,,,,,99%,89%,229 (34%),321 (48%),52% (232),2% (11),13% (59),0% (0),<1% (2),28% (123),Needs Improvement,100%,0%,0%,100%,0%,0%,97%,99%,N/A,94%,N/A,N/A,96%,98%,96%,N/A,93%,,,,,,,,,,,,94%,94%,100%,88%,N/A,N/A,95%,100%,90%,,,,,,,,,,,,,,96%,,96%,,44%,46%,33%,40%,N/A,N/A,44%,83%,42%,93%,95%,80%,96%,N/A,N/A,88%,100%,90%,,,,,,,,,,,81%,83%,91%,76%,N/A,N/A,76%,N/A,75%,,69%,63%,55%,85%,N/A,N/A,73%,N/A,93%,,83%,87%,91%,80%,N/A,N/A,79%,N/A,74%
02M419,Landmark High School,,,,www.landmarkhs.org/,Susanna Tenny,"09,10,11,12,SE",329,Ed. Opt.,,351 West 18 Street,"Manhattan, NY 10011",212-647-7410,2%,28%,58%,2%,0%,5%,8%,28%,,55%,45%,0%,76%,Boys: N/A; Girls: N/A; Co-Ed: N/A,"Studentled clubs including: Dance, Fashion, Fitness, Gender Sexuality Alliance, Guitar, Immigrants and Allies, Mural Painting, Peer tutoring, Poetry, Social Media, Student Council, Theater, Chorus, , Paid internships through CareerReady","Studio Art, Fashion and Textile Design, Filmmaking / Video, Mixed Media, Music Technology, Graphic Design, Guitar, Digital Photography, Improvisation, Visual Art, and more","NYSED ""Local Support and Improvement""; AP for All; Career Readiness and Modern Youth Apprenticeship; Consortium; Project Pivot; PROSE",N/A (fewer than 5 teachers),N/A (fewer than 5 teachers),N/A (fewer than 5 teachers),0%,0%,59%,4.1,72%,,,,,,,,,,,,70%,53%,86 (26%),172 (52%),2% (5),30% (60),59% (118),2% (5),0% (0),4% (9),Fair,84%,N/A,N/A,94%,0%,6%,79%,N/A,82%,79%,N/A,N/A,N/A,84%,73%,73%,70%,,,,,,,,,,,,84%,N/A,89%,83%,N/A,N/A,71%,86%,83%,,,,,,,,,,,,,,79%,,95%,,47%,N/A,58%,48%,N/A,N/A,25%,50%,61%,92%,N/A,90%,96%,N/A,N/A,63%,100%,89%,,,,,,,,,,,91%,N/A,100%,79%,N/A,N/A,N/A,N/A,100%,,91%,N/A,92%,93%,N/A,N/A,N/A,N/A,93%,,87%,N/A,100%,77%,N/A,N/A,N/A,N/A,92%
02M420,High School for Health Professions and Human Services,,,,hphsnyc.org,Robert Gentile,"09,10,11,12,SE",1589,"Ed. Opt., Screened",,345 East 15th Street,"Manhattan, NY 10003",212-780-9175,19%,16%,54%,2%,1%,8%,5%,16%,,72%,28%,0%,81%,"Boys: SOCCER,BASEBALL,BASKETBALL,HANDBALL; Girls: FLAG FOOTBALL,HANDBALL,OUTDOOR TRACK,SOCCER,INDOOR TRACK,CROSS COUNTRY,BASKETBALL,SOFTBALL,VOLLEYBALL; Co-Ed: N/A","Pride Alliance (GSA), Cheerleading, African Dance Team, Drama Club, Girl Up, American Sign Language Club, Muslim Student Alliance (MSA), Guitar Club, Christian Student Group, Gaming Club, Glee Club, Weight Training Club, Book Club, Black Student Union (BSU), La Causa, Art Club, Photography Club, Volleyball Club, Basketball Club, Environmental Club, Super Hero Club, Model UN, Debate Team, Chess Club, Badminton Club, La Fuerza, Culinary Club, Personal Finance/Financial Literacy Club, Movie Appreciation Club, UNICEF Club, CDI Men's Group, CDI Women's Group, SAT Prep Class, National Honor Society, Yearbook Club, Prom Committee, Student Government, Bridge Program","Core Music, Studio Art, Illustration, Art History, Visual Art, Dramatic Literature","NYSED ""Local Support and Improvement""; AP for All; Future Ready NYC",18%,10%,10%,0%,0%,54%,14.1,86%,,,,,,,,,,,,89%,85%,617 (39%),750 (47%),22% (239),13% (142),53% (587),2% (17),2% (20),9% (102),Fair,96%,N/A,N/A,93%,0%,7%,95%,98%,96%,93%,N/A,N/A,97%,96%,91%,81%,87%,,,,,,,,,,,,85%,83%,83%,87%,82%,71%,85%,90%,84%,,,,,,,,,,,,,,91%,,96%,,36%,38%,33%,34%,15%,25%,45%,46%,38%,91%,91%,86%,93%,85%,100%,94%,93%,92%,,,,,,,,,,,73%,74%,74%,71%,N/A,N/A,80%,100%,87%,,67%,60%,79%,67%,N/A,N/A,60%,60%,81%,,78%,80%,84%,74%,N/A,N/A,85%,80%,89%
02M422,Quest to Learn,,,,q2l.org,Marina Galazidis,"06,07,08,09,10,11,12,SE",277,"Ed. Opt., For Continuing 8th Graders",,351 West 18 Street,"Manhattan, NY 10011",212-488-3645,9%,25%,45%,1%,<1%,16%,4%,30%,,35%,65%,0%,69%,Boys: N/A; Girls: N/A; Co-Ed: N/A,"Art, Coding, Fitness, Guitar, Percussion, Homework Help, Leadership, Peer Mediation, Peer Tutoring, School Newspaper, Science Club, Student Council, Theater, Video Game Club, Yearbook, Dance, Chinese Culture Club, Spanish Language Club","Visual Art, Graphic Design, Studio Art","NYSED ""Local Support and Improvement""; 21st Century Community Learning Center; AP for All; Community School; DYCD: COMPASS/SONYC; Project Pivot",N/A (fewer than 5 teachers),12%,12%,0%,0%,65%,1.9,85%,,,,,,,,,,,,49%,61%,38 (14%),91 (33%),8% (10),28% (33),44% (52),<1% (1),0% (0),19% (23),Good,80%,N/A,N/A,94%,0%,6%,85%,N/A,73%,83%,N/A,N/A,N/A,75%,89%,N/A,83%,,,,,,,,,,,,75%,83%,68%,77%,N/A,N/A,80%,71%,78%,,,,,,,,,,,,,,82%,,94%,,52%,65%,37%,55%,N/A,N/A,61%,13%,59%,83%,100%,78%,78%,N/A,N/A,94%,50%,80%,,,,,,,,,,,79%,79%,78%,78%,N/A,N/A,85%,N/A,76%,,84%,79%,82%,82%,N/A,N/A,87%,N/A,91%,,82%,79%,80%,82%,N/A,N/A,85%,N/A,83%
02M425,Leadership and Public Service High School,,,,leadershipnyc.org,Philip Santos,"09,10,11,12,SE",277,Ed. Opt.,,90 Trinity Place,"Manhattan, NY 10006",212-346-0007,8%,22%,63%,1%,<1%,4%,6%,14%,,58%,42%,0%,76%,"Boys: BASKETBALL; Girls: BASKETBALL,SOFTBALL; Co-Ed: N/A","Cooking, Dungeons & Dragons Student Government, Model UN, National Honor Society, Anime, Gaming, Gay Straight Alliance, and Futures & Options Internship Program","Portfolio Development, Visual Art, Mixed Media","NYSED ""Local Support and Improvement""; AP for All; NYC Math",N/A (fewer than 5 teachers),N/A (fewer than 5 teachers),35%,0%,0%,35%,12.2,75%,,,,,,,,,,,,89%,60%,64 (23%),149 (54%),10% (18),22% (40),61% (112),1% (2),<1% (1),4% (7),Fair,74%,N/A,N/A,90%,N/A,N/A,84%,N/A,87%,84%,N/A,N/A,N/A,87%,82%,N/A,62%,,,,,,,,,,,,97%,100%,97%,96%,N/A,N/A,83%,100%,100%,,,,,,,,,,,,,,81%,,95%,,48%,48%,52%,46%,N/A,N/A,50%,80%,62%,93%,86%,100%,93%,N/A,N/A,75%,80%,91%,,,,,,,,,,,77%,N/A,78%,76%,N/A,N/A,N/A,N/A,80%,,77%,N/A,88%,78%,N/A,N/A,N/A,N/A,100%,,77%,N/A,88%,72%,N/A,N/A,N/A,N/A,80%
02M427,Manhattan Academy For Arts & Language,,,,maalnyc.org,Siv Boletsis,"09,10,11,12,SE",248,Language Criteria,,111 East 33rd Street,"Manhattan, NY 10016",212-576-0502,1%,2%,93%,0%,0%,3%,71%,6%,,50%,50%,0%,73%,Boys: N/A; Girls: N/A; Co-Ed: N/A,"Photography, Robotics, Art, Chess, Drama, Rainbow","Studio Art, Photography, Movement / Dance, Visual Art","NYSED ""Local Support and Improvement""; AP for All; Competency Collaborative; Dual Language or TBE; NYC Math; PROSE",N/A (fewer than 5 teachers),0%,40%,0%,0%,33%,13.2,80%,,,,,,,,,,,,52%,34%,40 (16%),55 (22%),3% (2),3% (2),89% (65),0% (0),0% (0),5% (4),N/A,63%,N/A,N/A,94%,N/A,N/A,81%,N/A,N/A,81%,N/A,N/A,N/A,85%,76%,83%,N/A,,,,,,,,,,,,81%,N/A,N/A,81%,N/A,N/A,83%,82%,86%,,,,,,,,,,,,,,83%,,96%,,65%,N/A,N/A,67%,N/A,N/A,33%,61%,100%,91%,N/A,N/A,91%,N/A,N/A,83%,87%,100%,,,,,,,,,,,94%,N/A,N/A,94%,N/A,N/A,83%,97%,83%,,67%,N/A,N/A,68%,N/A,N/A,33%,68%,33%,,96%,N/A,N/A,96%,N/A,N/A,100%,98%,67%
02M432,Murray Hill Academy,,,,www.mhacademy.net,Yvette Sy,"09,10,11,12,SE",237,Ed. Opt.,,111 East 33rd Street,"Manhattan, NY 10016",212-696-0195,14%,28%,46%,<1%,2%,9%,3%,20%,,49%,51%,0%,77%,Boys: N/A; Girls: N/A; Co-Ed: N/A,"Full Service Health Clinic (Gotham Health), Robotics Club, Book Club, Cheerleading Team, Chess Club, Chinese Culture Club, Meditation Club, LGBTQ+ Club, Cooking Club, Art Club, Girls Inc, Green Team, STEP Team, Black Student Union, Open Gym, Yearbook, College Application Supports, School Newspaper (The Paw Print), Muslim Student Union and BringChange2Mind (Mental Health) Club, Paid Internships, 12th grade Capstone Project with L+M Real Estate Development Company in Midtown Manhattan,","Drawing, Theater, Filmmaking / Video, Choreography / Dance Composition","NYSED ""Local Support and Improvement""; AP for All; NYC Math; Pathways Advising; PROSE",N/A (fewer than 5 teachers),0%,N/A (fewer than 5 teachers),0%,0%,60%,3.6,100%,,,,,,,,,,,,28%,56%,106 (45%),80 (34%),9% (11),29% (35),46% (56),2% (2),2% (3),11% (13),Good,69%,31%,0%,97%,N/A,N/A,83%,N/A,N/A,80%,N/A,N/A,N/A,88%,78%,N/A,75%,,,,,,,,,,,,89%,88%,97%,92%,N/A,N/A,93%,N/A,89%,,,,,,,,,,,,,,80%,,97%,,61%,77%,54%,63%,N/A,N/A,54%,N/A,70%,93%,94%,97%,95%,N/A,N/A,93%,N/A,93%,,,,,,,,,,,68%,N/A,60%,60%,N/A,N/A,N/A,N/A,60%,,68%,N/A,100%,50%,N/A,N/A,N/A,N/A,80%,,73%,N/A,80%,64%,N/A,N/A,N/A,N/A,60%
02M437,Hudson High School of Learning Technologies,,,,www.hudsonhs.com/admissions.html,Michael Wilson,"09,10,11,12,SE",227,"D75 Special Education Inclusive Services, Open",,351 West 18 Street,"Manhattan, NY 10011",212-488-3330,7%,30%,57%,0%,0%,6%,5%,21%,,33%,67%,0%,66%,Boys: N/A; Girls: N/A; Co-Ed: N/A,"MANGA, Robotics, Coding, Student Choir, Yearbook, GSA, Student Government, Art, Photography, Dance, Video Gaming, and Running Club.",Music Technology,"NYSED ""Local Support and Improvement""; AP for All; NYC Math; Project Pivot",N/A (fewer than 5 teachers),N/A (fewer than 5 teachers),N/A (fewer than 5 teachers),0%,0%,56%,4.2,72%,,,,,,,,,,,,64%,69%,118 (52%),37 (16%),9% (12),26% (35),56% (76),0% (0),0% (0),9% (12),Fair,70%,N/A,N/A,94%,N/A,N/A,92%,N/A,96%,93%,N/A,N/A,N/A,91%,93%,N/A,77%,,,,,,,,,,,,86%,82%,71%,92%,N/A,N/A,100%,57%,84%,,,,,,,,,,,,,,82%,,97%,,47%,36%,45%,44%,N/A,N/A,70%,60%,52%,92%,80%,87%,94%,N/A,N/A,100%,100%,91%,,,,,,,,,,,93%,N/A,N/A,100%,N/A,N/A,N/A,N/A,100%,,67%,N/A,N/A,67%,N/A,N/A,N/A,N/A,80%,,87%,N/A,N/A,100%,N/A,N/A,N/A,N/A,80%
02M438,International High School at Union Square,,,,www.ihs-us.org,Vadewatie Ramsuchit,"09,10,11,12",340,Language Criteria,,40 Irving Place,"Manhattan, NY 10003",212-533-2560,7%,12%,74%,<1%,<1%,5%,93%,2%,,45%,55%,0%,92%,Boys: N/A; Girls: N/A; Co-Ed: N/A,"Alianza, Peer Tutoring, Art Club, French Heritage Club, Hispanic Heritage, Arts Club (Talent Show) Global Kids (Drumming), City Wide Global Kids, Student Government, Glasswing, KCulture Club, Gaming Club, Music Club, LGBTQ Club, Saturday Academy, Dream Team Club","Visual Art, Studio Art, Filmmaking / Video","NYSED ""Local Support and Improvement""; AP for All; Competency Collaborative; Consortium; DYCD: COMPASS/SONYC",N/A (fewer than 5 teachers),N/A (fewer than 5 teachers),19%,0%,0%,58%,8.1,81%,,,,,,,,,,,,28%,56%,,142 (42%),11% (17),19% (29),65% (100),0% (0),0% (0),5% (8),N/A,100%,0%,0%,N/A,N/A,N/A,82%,N/A,N/A,78%,N/A,N/A,N/A,92%,73%,81%,N/A,,,,,,,,,,,,90%,96%,88%,90%,N/A,N/A,92%,89%,N/A,,,,,,,,,,,,,,85%,,96%,,65%,86%,69%,62%,N/A,N/A,83%,64%,100%,96%,100%,97%,95%,N/A,N/A,100%,95%,100%,,,,,,,,,,,87%,73%,100%,88%,N/A,N/A,86%,89%,N/A,,84%,60%,80%,87%,N/A,N/A,100%,84%,N/A,,92%,100%,100%,90%,N/A,N/A,83%,92%,N/A
02M439,Manhattan Village Academy,,,,www.schools.nyc.gov/schools/M439,Christina White,"09,10,11,12,SE",430,Screened,,43 West 22 Street,"Manhattan, NY 10010",212-242-8752,15%,15%,57%,<1%,<1%,12%,3%,21%,,55%,45%,0%,62%,"Boys: BASEBALL,BASKETBALL,SOCCER; Girls: SOCCER,BASKETBALL,SOFTBALL; Co-Ed: N/A","Art Club, Architecture Club, Anime Club, Book Club, Bring Change to Mind, Crafts Club, Creative Writing Club, Film Club, Fraternity, MVA Band, MVA Senior Class Fundraising Committee, National Honor Society, PM School & Saturday Academy, Spirit Week, Student Ambassadors, Student Council, Video Game Club, Yearbook Committee","Core Music, Concert Band","NYSED ""Local Support and Improvement""; AP for All",N/A (fewer than 5 teachers),N/A (fewer than 5 teachers),N/A (fewer than 5 teachers),0%,0%,63%,4.1,100%,,,,,,,,,,,,95%,91%,246 (57%),223 (52%),17% (52),15% (46),53% (160),<1% (1),<1% (1),14% (42),Fair,96%,N/A,N/A,94%,N/A,N/A,99%,100%,100%,99%,N/A,N/A,N/A,100%,98%,N/A,100%,,,,,,,,,,,,94%,91%,95%,96%,N/A,N/A,95%,N/A,86%,,,,,,,,,,,,,,93%,,96%,,60%,73%,64%,51%,N/A,N/A,63%,N/A,47%,96%,96%,100%,97%,N/A,N/A,95%,N/A,95%,,,,,,,,,,,81%,89%,84%,85%,N/A,N/A,72%,N/A,80%,,69%,78%,75%,74%,N/A,N/A,44%,N/A,85%,,87%,83%,85%,92%,N/A,N/A,72%,N/A,89%
02M449,Vanguard High School,,,,www.vanguardhighschool.org,Rita Doyle,"09,10,11,12,SE",426,Ed. Opt.,,317 East 67 Street,"Manhattan, NY 10065",212-517-5175,3%,26%,60%,<1%,<1%,8%,5%,24%,,50%,50%,0%,81%,Boys: N/A; Girls: N/A; Co-Ed: N/A,N/A,"Illustration, Music Technology, Digital Photography, Graphic Design, Music, Visual Art","NYSED ""Local Support and Improvement""; Consortium; CS for All; PROSE",15%,15%,21%,0%,0%,41%,4.1,74%,,,,,,,,,,,,49%,54%,30 (7%),116 (27%),6% (9),26% (40),59% (91),0% (0),0% (0),7% (10),Fair,91%,N/A,N/A,84%,0%,16%,83%,N/A,86%,77%,N/A,N/A,N/A,88%,79%,N/A,79%,,,,,,,,,,,,93%,100%,96%,93%,N/A,N/A,83%,100%,88%,,,,,,,,,,,,,,78%,,94%,,55%,58%,60%,49%,N/A,N/A,84%,46%,59%,93%,100%,92%,93%,N/A,N/A,90%,100%,91%,,,,,,,,,,,86%,N/A,82%,88%,N/A,N/A,83%,N/A,94%,,89%,N/A,92%,88%,N/A,N/A,100%,N/A,83%,,91%,N/A,92%,88%,N/A,N/A,100%,N/A,94%
02M459,Manhattan International High School,,,,www.mihsnyc.org,Gladys Rodriguez,"09,10,11,12",358,Language Criteria,,317 East 67 Street,"Manhattan, NY 10065",212-517-6728,11%,22%,54%,0%,<1%,12%,77%,3%,,48%,52%,0%,84%,"Boys: VOLLEYBALL,BASKETBALL,SOCCER; Girls: SOCCER,BASKETBALL,VOLLEYBALL; Co-Ed: N/A","Art, Book, Cooking, French, Chinese, NYPD Explorers, Photo/ Video, Restorative Justice, Theater, Student Government, Participatory Budgeting, Mouse Tech Squad, Yearbook and Robotics AfterSchool: Tutoring, Big Brother/ Big Sister, Computer Lab, SAT, Fitness, Student Leadership, and onsite YMCA (Rowe Scholars, Community Service, Internships, Learn to Earn, Y Swear, Swimming, Global Teens, SAT Prep, Biking, College RoadTrips and Rallies). , Saturday Academy: Literacy Program, Regents, and Math Tutoring Arts Program: Theater and Visual Arts Summer Program: John Jay Upward Bound, Apple Engineering Technology Camp, Studio Institute's Teen Apprenticeship Program, CollegeNow Summer","Studio Art, Filmmaking / Video, Visual Art","NYSED ""Local Support and Improvement""; Career Readiness and Modern Youth Apprenticeship; Competency Collaborative; Consortium; CS for All; Future Ready NYC; PROSE",29%,N/A (fewer than 5 teachers),N/A (fewer than 5 teachers),0%,0%,33%,11.1,83%,,,,,,,,,,,,28%,47%,55 (15%),248 (69%),11% (28),24% (62),50% (128),0% (0),<1% (2),14% (35),N/A,86%,N/A,N/A,N/A,N/A,75%,68%,N/A,57%,77%,N/A,N/A,60%,79%,57%,67%,N/A,,,,,,,,,,,,90%,85%,83%,93%,N/A,N/A,96%,90%,N/A,,,,,,,,,,,,,,87%,,97%,,68%,67%,71%,65%,N/A,N/A,70%,66%,N/A,95%,90%,93%,97%,N/A,N/A,97%,96%,N/A,,,,,,,,,,,89%,88%,89%,88%,N/A,N/A,93%,90%,N/A,,83%,81%,86%,81%,N/A,N/A,88%,84%,N/A,,93%,94%,91%,93%,N/A,N/A,96%,93%,N/A
02M475,Stuyvesant High School,,,,stuy.edu,Seung Yu,"09,10,11,12",3331,Test,,345 Chambers Street,"Manhattan, NY 10282",212-312-4800,71%,2%,4%,<1%,<1%,17%,<1%,1%,,45%,55%,0%,94%,"Boys: SOCCER,INDOOR TRACK,CROSS COUNTRY,OUTDOOR TRACK,TENNIS,GYMNASTICS,BASKETBALL,LACROSSE,BASEBALL,BADMINTON,BOWLING,FOOTBALL,VOLLEYBALL,FENCING,HANDBALL,TABLE TENNIS,WRESTLING,SWIMMING; Girls: LACROSSE,BADMINTON,OUTDOOR TRACK,GOLF,SOFTBALL,SWIMMING,BASKETBALL,VOLLEYBALL,INDOOR TRACK,BOWLING,SOCCER,CROSS COUNTRY,GYMNASTICS,HANDBALL,TABLE TENNIS,TENNIS,FENCING; Co-Ed: STUNT,GOLF,CRICKET",N/A,"Art History, Core Music, Concert Band, Female Choir, Music, String Orchestra, Symphonic Orchestra, Painting, Music Theory / Musicianship, Male Choir, and more","NYSED ""Local Support and Improvement""; CS for All",19%,4%,10%,0%,0%,62%,3.1,96%,,,,,,,,,,,,99%,98%,2280 (68%),1895 (57%),72% (1974),2% (48),3% (95),<1% (22),<1% (17),18% (480),Needs Improvement,82%,N/A,N/A,57%,0%,43%,99%,99%,N/A,97%,N/A,N/A,100%,99%,99%,N/A,N/A,,,,,,,,,,,,97%,97%,93%,96%,94%,83%,96%,N/A,96%,,,,,,,,,,,,,,97%,,96%,,45%,45%,37%,41%,38%,22%,48%,N/A,54%,95%,96%,93%,97%,94%,74%,93%,N/A,89%,,,,,,,,,,,86%,89%,77%,86%,83%,70%,80%,N/A,82%,,62%,64%,62%,63%,50%,45%,56%,N/A,93%,,91%,94%,88%,89%,67%,91%,84%,N/A,93%
02M489,High School of Economics and Finance,,,,www.ecoandfin.org,Michael Stanzione,"09,10,11,12,SE",680,Ed. Opt.,,100 Trinity Place,"Manhattan, NY 10006",212-346-0708,21%,17%,51%,1%,<1%,8%,3%,16%,,45%,55%,0%,79%,"Boys: HANDBALL,CROSS COUNTRY,BOWLING,OUTDOOR TRACK,BASKETBALL; Girls: SOFTBALL,FLAG FOOTBALL,CROSS COUNTRY,TENNIS,BOWLING,BASKETBALL,OUTDOOR TRACK; Co-Ed: N/A","Financial Women's Association, National Honor Society, Student Government, Cooking Club, Debate Club, Model United Nations, Big Brother Big Sister, Young Professionals Mentoring Program (YPMP), Pride Club (LGBTQIA+), LitMag (Literary Magazine), Panther Prophet (School Newspaper), KMPG Mentoring Program, Book Clubs, Liberty Partnership Program, NAF Academy of Finance, Futures & Options, Exploring Careers, Investment Club, Green Team Environmental Sustainability Club, Global Glimpse, Atlantic Theater Company, Wendy Wasserstein Open Door Scholars, Mindfulness Club, Yearbook, Art Club, Federal Reserve Challenge, December Fest/MADfest (Music Art Dance), Weightlifting Club, Theater Art and Dance (TADA), Trinity Commons, Board Game Club, Chess, Discussion and Support Group, EuroChallenge, Students Demand Action, Write On, La Familia, Sister Zone, Muslim Club, Soccer Club, Ping Pong Club, Rock the Wall Street","Studio Art, Theater / Play Production, Mixed Media, Visual Art","NYSED ""Local Support and Improvement""; AP for All; NYC Math",13%,N/A (fewer than 5 teachers),11%,0%,0%,60%,16.2,81%,,,,,,,,,,,,62%,85%,179 (26%),240 (35%),26% (90),17% (59),45% (154),1% (4),1% (4),9% (31),Fair,97%,N/A,N/A,98%,N/A,N/A,91%,92%,86%,90%,N/A,N/A,100%,96%,86%,90%,79%,,,,,,,,,,,,85%,75%,88%,89%,N/A,N/A,91%,88%,74%,,,,,,,,,,,,,,89%,,96%,,45%,48%,43%,43%,N/A,N/A,46%,41%,47%,92%,93%,90%,93%,N/A,N/A,91%,94%,92%,,,,,,,,,,,78%,79%,89%,77%,N/A,N/A,62%,N/A,90%,,59%,57%,89%,57%,N/A,N/A,38%,N/A,78%,,76%,83%,78%,68%,N/A,N/A,62%,N/A,67%
02M500,Unity Center for Urban Technologies,,,,www.schools.nyc.gov/schools/M500,Fausto De La Rosa,"09,10,11,12,SE",244,Ed. Opt.,,111 East 33rd Street,"Manhattan, NY 10016",212-576-0530,14%,16%,61%,2%,<1%,6%,7%,17%,,40%,60%,0%,72%,"Boys: BASKETBALL,BASEBALL; Girls: SOFTBALL,VOLLEYBALL,BASKETBALL; Co-Ed: N/A",N/A,"Graphic Design, Visual Art, Art History","NYSED ""Local Support and Improvement""; AP for All; NYC Math",0%,N/A (fewer than 5 teachers),59%,0%,0%,N/A (fewer than 5 teachers),16.1,88%,,,,,,,,,,,,92%,67%,197 (81%),138 (57%),14% (30),16% (33),61% (127),1% (3),<1% (2),6% (12),Good,93%,N/A,N/A,92%,N/A,N/A,95%,N/A,88%,97%,N/A,N/A,N/A,95%,96%,N/A,91%,,,,,,,,,,,,99%,97%,100%,99%,N/A,N/A,100%,90%,96%,,,,,,,,,,,,,,84%,,94%,,97%,97%,96%,97%,N/A,N/A,100%,90%,93%,98%,97%,100%,97%,N/A,N/A,100%,90%,96%,,,,,,,,,,,99%,97%,100%,99%,N/A,N/A,100%,100%,97%,,95%,97%,93%,95%,N/A,N/A,100%,100%,94%,,96%,97%,97%,96%,N/A,N/A,89%,91%,94%
02M507,Urban Assembly Gateway School for Technology,,,,www.uagateway.org,Kristina Dvorakovskaya,"09,10,11,12,SE",425,Ed. Opt.,,439 West 49th Street,"Manhattan, NY 10019",212-246-1041,6%,20%,61%,2%,0%,11%,4%,28%,,18%,82%,0%,85%,Boys: N/A; Girls: N/A; Co-Ed: N/A,"Music Club, Gamer Haven, Unity Club, Creative Writing, Art Club, Paint Club, Smash Bros, Dungeons & Dragons, Anime, Yearbook, Volleyball Club, Knitting, Volunteer Club, Restorative Justice, Pokemon Go, Fitness Club, Opening Act, Chess, Yoga, TikTok, Music Production, Board Game club, and anything you want to start!",Mixed Media,"NYSED ""Local Support and Improvement""; Career & Technical Education; NYC Math; Project Pivot",16%,13%,21%,0%,0%,47%,6.1,74%,,,,,,,,,,,,88%,72%,111 (26%),221 (52%),5% (13),21% (49),61% (144),2% (4),0% (0),11% (26),Fair,95%,N/A,N/A,92%,0%,8%,92%,N/A,94%,91%,N/A,N/A,N/A,91%,92%,N/A,78%,,,,,,,,,,,,90%,86%,87%,92%,100%,N/A,92%,81%,89%,,,,,,,,,,,,,,87%,,95%,,70%,81%,70%,69%,80%,N/A,76%,63%,74%,94%,100%,92%,94%,100%,N/A,95%,88%,94%,,,,,,,,,,,93%,88%,91%,94%,N/A,N/A,96%,100%,91%,,93%,81%,100%,91%,N/A,N/A,92%,83%,96%,,94%,100%,91%,95%,N/A,N/A,92%,100%,91%
02M519,Talent Unlimited High School,,,,tuhs.nyc,William Gagstetter,"09,10,11,12,SE",436,Audition,,317 East 67 Street,"Manhattan, NY 10065",212-737-1530,3%,21%,55%,1%,0%,17%,2%,16%,,71%,29%,0%,85%,Boys: N/A; Girls: N/A; Co-Ed: N/A,"Equity Team, Asian Culture Club, Chess Club, Dungeon and Dragons Club, Dance Team, LGBTQ Pride Think Tank, Student Government (SGO), Newspaper Club, HOSA, Music Production Club, Piano Lab, Gospel Choir, Anointed Voices, Debate Club, SAT Prep, American Sign Language","Musical Theater, Music Theory / Musicianship, Ballet, Acting, String Orchestra, Theater / Play Production, Repertory Workshop / Dance Company, Dance, Technical Theater / Set Construction, Chamber Music, and more","NYSED ""Local Support and Improvement""; AP for All",20%,N/A (fewer than 5 teachers),N/A (fewer than 5 teachers),0%,0%,57%,3.9,89%,,,,,,,,,,,,91%,82%,402 (92%),187 (43%),3% (13),21% (91),54% (231),1% (5),0% (0),16% (70),Fair,92%,N/A,N/A,93%,0%,7%,95%,N/A,92%,95%,N/A,N/A,100%,96%,95%,N/A,83%,,,,,,,,,,,,92%,83%,91%,91%,N/A,N/A,91%,N/A,88%,,,,,,,,,,,,,,87%,,95%,,46%,71%,50%,41%,N/A,N/A,30%,N/A,52%,90%,100%,84%,92%,N/A,N/A,91%,N/A,86%,,,,,,,,,,,81%,80%,83%,79%,N/A,N/A,85%,N/A,59%,,82%,80%,96%,75%,N/A,N/A,85%,N/A,88%,,86%,80%,88%,81%,N/A,N/A,96%,N/A,76%
02M520,Murry Bergtraum High School for Business Careers,,,,www.schools.nyc.gov/schools/M520,Joyell Simmons,"09,10,11,12,SE",102,"Ed. Opt., Open",,411 Pearl Street,"Manhattan, NY 10038",212-964-9610,6%,50%,37%,3%,0%,3%,2%,12%,,54%,46%,0%,63%,Boys: N/A; Girls: N/A; Co-Ed: N/A,N/A,Mixed Media,"NYSED ""Local Support and Improvement""; AP for All",N/A (fewer than 5 teachers),N/A (fewer than 5 teachers),N/A (fewer than 5 teachers),0%,0%,33%,3.9,93%,,,,,,,,,,,,N/A,N/A,67 (66%),54 (53%),8% (6),49% (37),35% (26),3% (2),0% (0),4% (3),N/A,N/A,83%,N/A,94%,N/A,N/A,N/A,N/A,N/A,N/A,N/A,N/A,N/A,N/A,N/A,N/A,N/A,,,,,,,,,,,,93%,N/A,100%,86%,N/A,N/A,N/A,N/A,N/A,,,,,,,,,,,,,,80%,,95%,,71%,N/A,75%,57%,N/A,N/A,N/A,N/A,N/A,81%,N/A,71%,86%,N/A,N/A,N/A,N/A,N/A,,,,,,,,,,,93%,N/A,100%,83%,N/A,N/A,N/A,N/A,N/A,,93%,N/A,93%,92%,N/A,N/A,N/A,N/A,N/A,,93%,N/A,100%,83%,N/A,N/A,N/A,N/A,N/A
02M529,Jacqueline Kennedy Onassis High School,,,,JKOhighschool.org,Manuel Urena,"09,10,11,12,SE",247,Ed. Opt.,,120 West 46 Street,"Manhattan, NY 10036",212-391-0041,4%,21%,66%,<1%,<1%,7%,6%,21%,,60%,40%,0%,71%,Boys: N/A; Girls: N/A; Co-Ed: N/A,"After School Tutoring, Big Brothers/Big Sisters Work Place Mentoring Program, BSU, Coding Club, Creative Writing Club, Dance, Game Club, Helping Hands Society, LUCHA, Marsh and McLennan Mentoring Program, Morgan Stanley Mentoring Program, National Honor Society, Pickleball, Senior Council, Smash Arts Tech Team, Student Government, Journalism Club, Chess Club, Music Club, Fitness Club","Studio Art, Mixed Media, Fashion and Textile Design, Visual Art, Music","NYSED ""Local Support and Improvement""; AP for All; NYC Math",N/A (fewer than 5 teachers),N/A (fewer than 5 teachers),25%,0%,0%,35%,4.1,80%,,,,,,,,,,,,60%,43%,208 (84%),148 (60%),4% (9),21% (45),68% (148),<1% (2),<1% (1),6% (14),Fair,96%,N/A,N/A,93%,N/A,N/A,81%,N/A,N/A,80%,N/A,N/A,N/A,93%,63%,N/A,50%,,,,,,,,,,,,93%,78%,91%,95%,N/A,N/A,88%,100%,87%,,,,,,,,,,,,,,82%,,97%,,50%,33%,53%,54%,N/A,N/A,44%,36%,63%,92%,100%,84%,93%,N/A,N/A,100%,100%,86%,,,,,,,,,,,85%,N/A,100%,90%,N/A,N/A,N/A,N/A,100%,,91%,N/A,100%,95%,N/A,N/A,N/A,N/A,100%,,94%,N/A,100%,95%,N/A,N/A,N/A,N/A,100%
02M531,Repertory Company High School for Theatre Arts,,,,www.repertorycompanyhs.org,Michael Fram,"09,10,11,SE",225,Audition,,123 West 43 Street,"Manhattan, NY 10036",212-382-1875,2%,29%,47%,1%,<1%,19%,1%,24%,,78%,21%,<1%,78%,Boys: N/A; Girls: N/A; Co-Ed: N/A,Mainstage musical and play productions; Gender-Sexuality Alliance; CORE (Coalition on Racial Equity); Black/Latinx/Jewish/AAPI Student Unions; Tech Crew,"Choreography / Dance Composition, Playwriting, Musical Theater, Theater History, Technical Theater / Set Construction, Theater / Play Production, Music Theory / Musicianship, Acting, Dramatic Literature, Mixed Choir, and more","NYSED ""Local Support and Improvement""; AP for All; Competency Collaborative",N/A (fewer than 5 teachers),N/A (fewer than 5 teachers),N/A (fewer than 5 teachers),0%,0%,67%,7.7,67%,,,,,,,,,,,,94%,83%,91 (40%),104 (46%),3% (5),29% (43),44% (65),1% (2),<1% (1),21% (31),Fair,100%,0%,0%,58%,0%,42%,100%,N/A,100%,100%,N/A,N/A,N/A,100%,N/A,N/A,100%,,,,,,,,,,,,83%,N/A,77%,87%,N/A,N/A,91%,N/A,70%,,,,,,,,,,,,,,87%,,97%,,55%,N/A,56%,59%,N/A,N/A,50%,N/A,48%,91%,N/A,72%,98%,N/A,N/A,100%,N/A,71%,,,,,,,,,,,89%,N/A,93%,79%,N/A,N/A,94%,N/A,83%,,82%,N/A,94%,74%,N/A,N/A,75%,N/A,92%,,93%,N/A,100%,84%,N/A,N/A,94%,N/A,100%
02M533,Union Square Academy for Health Sciences,,,,Unionsquareacademy.org,Bernardo Ascona,"09,10,11,12,SE",456,Ed. Opt.,,40 Irving Place,"Manhattan, NY 10003",212-253-3110,12%,18%,60%,2%,0%,6%,6%,14%,,71%,29%,0%,75%,Boys: N/A; Girls: N/A; Co-Ed: N/A,"Anime Club, Board Game Club, Chess Club, Cinema Club, Creative Wellness Club, Equity Team, Game Club, Basketball Club, Hip Hop Dance Team, Key Club, Photography Club, Step Team, Student Government, Track Club, Video Game Club,",Core Music,"NYSED ""Local Support and Improvement""; AP for All; Career & Technical Education; CS for All; NYC Math",15%,N/A (fewer than 5 teachers),27%,0%,0%,38%,11.2,76%,,,,,,,,,,,,94%,71%,238 (52%),159 (35%),10% (28),18% (49),63% (170),3% (7),0% (0),6% (16),Good,84%,N/A,N/A,92%,N/A,N/A,95%,N/A,85%,97%,N/A,N/A,N/A,96%,91%,91%,91%,,,,,,,,,,,,86%,88%,80%,87%,N/A,N/A,82%,100%,96%,,,,,,,,,,,,,,93%,,96%,,52%,69%,59%,47%,N/A,N/A,46%,43%,62%,94%,94%,92%,94%,N/A,N/A,77%,92%,100%,,,,,,,,,,,75%,69%,77%,80%,N/A,N/A,76%,75%,83%,,63%,51%,66%,68%,N/A,N/A,61%,61%,66%,,79%,79%,75%,80%,N/A,N/A,87%,79%,79%
02M534,Harvest Collegiate High School,,,,harvestcollegiate.org,Catherine Burch,"09,10,11,12,SE",394,"D75 Special Education Inclusive Services, Open",,34 West 14 Street,"Manhattan, NY 10011",212-242-3384,6%,20%,58%,1%,0%,11%,6%,24%,,53%,47%,0%,81%,Boys: N/A; Girls: N/A; Co-Ed: N/A,"Extracurriculars-over twenty ACTIVE CLUBS, many studentstarted including Advisory Representatives (student government), Ambassadors, Art, Asian Affinity, Black Student Union, Chess, Circlekeepers, Coding, Climate Justice, General Film, Girls Inc., Knitting, published Literary Magazine, Model United Nations, My Brother's Keeper, Rock Band, Art, Basketball, Broadway Junior/Musical Theater, Knitting, Sailing and boat building, Sage healing, Yearbook.","Music, Studio Art, Graphic Design, Concert Band, Illustration, Ceramics, Jazz Ensemble, Musical Theater, Visual Art","NYSED ""Local Support and Improvement""; AP for All; Competency Collaborative; Consortium; Future Ready NYC; PROSE",N/A (fewer than 5 teachers),21%,21%,N/A (fewer than 5 teachers),0%,40%,10.7,84%,,,,,,,,,,,,66%,72%,100 (25%),208 (53%),8% (24),20% (60),56% (169),<1% (2),0% (0),12% (37),Needs Improvement,60%,30%,10%,67%,0%,33%,86%,N/A,N/A,85%,N/A,N/A,N/A,90%,81%,N/A,80%,,,,,,,,,,,,90%,88%,86%,95%,N/A,N/A,80%,83%,88%,,,,,,,,,,,,,,81%,,93%,,56%,39%,63%,53%,N/A,N/A,67%,50%,52%,92%,83%,79%,95%,N/A,N/A,94%,67%,86%,,,,,,,,,,,85%,89%,78%,85%,N/A,N/A,90%,N/A,88%,,88%,89%,89%,89%,N/A,N/A,89%,N/A,88%,,88%,100%,78%,85%,N/A,N/A,90%,N/A,88%
02M542,Manhattan Bridges High School,,,,sites.google.com/manhattanbridgeshs.org/mbhs/home,George Lock,"09,10,11,12,SE",458,Screened: Language & Academics,,525 West 50th Street,"Manhattan, NY 10019",212-757-5274,0%,<1%,>99%,0%,0%,0%,38%,10%,,45%,55%,0%,87%,Boys: N/A; Girls: N/A; Co-Ed: N/A,"Chess Club, Robotics Club, Gaming Club, Ping Pong Club, Creative Writing Club, ""You Go Girl"" Club, Green Team Club, Journalism, Student Government, Running Club, Travel Club, MOUSE Squad, Computer Science, Engineering, Graphic Design, Architecture Design, NYPD Explorers, Cornell University Hydroponics & Aquaponics, Internships, Community Service Hours, Game Design, Web Design, Theater, Music Program","Computer Art / Digital Art, Theater / Play Production, Social / Ballroom Dance, Visual Art","NYSED ""Local Support and Improvement""; Career Readiness and Modern Youth Apprenticeship; Dual Language or TBE",N/A (fewer than 5 teachers),N/A (fewer than 5 teachers),58%,0%,0%,24%,4.7,85%,,,,,,,,,,,,99%,64%,194 (42%),118 (26%),0% (0),0% (0),100% (236),0% (0),0% (0),0% (0),Good,96%,N/A,N/A,93%,N/A,N/A,95%,N/A,N/A,95%,N/A,N/A,N/A,93%,98%,92%,N/A,,,,,,,,,,,,92%,N/A,N/A,92%,N/A,N/A,N/A,88%,83%,,,,,,,,,,,,,,90%,,96%,,59%,N/A,N/A,59%,N/A,N/A,N/A,62%,74%,95%,N/A,N/A,95%,N/A,N/A,N/A,95%,93%,,,,,,,,,,,87%,N/A,N/A,86%,N/A,N/A,N/A,82%,93%,,78%,N/A,N/A,78%,N/A,N/A,N/A,79%,80%,,89%,N/A,N/A,88%,N/A,N/A,N/A,86%,86%
02M543,New Design High School,,,,www.newdesignhigh.com,Scott Conti,"09,10,11,12,SE",449,Ed. Opt.,,350 Grand Street,"Manhattan, NY 10002",212-475-4148,6%,31%,59%,<1%,<1%,2%,4%,27%,,69%,31%,0%,88%,"Boys: BADMINTON,WRESTLING,HANDBALL,VOLLEYBALL,BASKETBALL,BASEBALL,BOWLING; Girls: BASKETBALL,TABLE TENNIS,TENNIS,BADMINTON,SOFTBALL,BOWLING,VOLLEYBALL,SWIMMING,WRESTLING; Co-Ed: N/A","Music Production, Fashion Design","Mixed Media, Fashion and Textile Design, Art History, Portfolio Development, Drawing, Visual Art, Digital Photography, Music Enterprise, Management, and Careers, Computer Art / Digital Art, Choreography / Dance Composition, and more","NYSED ""Local Support and Improvement""; AP for All; Project Pivot",N/A (fewer than 5 teachers),N/A (fewer than 5 teachers),13%,0%,0%,70%,20.2,87%,,,,,,,,,,,,27%,66%,91 (20%),101 (22%),9% (14),28% (44),59% (91),0% (0),0% (0),3% (4),Fair,89%,11%,0%,91%,0%,9%,95%,N/A,96%,94%,N/A,N/A,N/A,95%,96%,N/A,87%,,,,,,,,,,,,91%,87%,93%,90%,N/A,N/A,67%,89%,93%,,,,,,,,,,,,,,85%,,97%,,57%,53%,52%,59%,N/A,N/A,57%,58%,60%,92%,95%,91%,91%,N/A,N/A,100%,100%,90%,,,,,,,,,,,87%,86%,84%,89%,N/A,N/A,N/A,N/A,86%,,75%,43%,80%,76%,N/A,N/A,N/A,N/A,80%,,91%,100%,91%,92%,N/A,N/A,N/A,N/A,95%
02M545,High School for Dual Language and Asian Studies,,,,www.schools.nyc.gov/schools/M545,Meesun John,"09,10,11,12,SE",373,Screened: Language & Academics,,350 Grand Street,"Manhattan, NY 10002",212-475-4097,91%,1%,3%,<1%,<1%,3%,11%,5%,,50%,50%,0%,46%,Boys: N/A; Girls: N/A; Co-Ed: N/A,N/A,"Studio Art, Visual Art","NYSED ""Local Support and Improvement""; Dual Language or TBE; DYCD: COMPASS/SONYC; Project Pivot",57%,N/A (fewer than 5 teachers),N/A (fewer than 5 teachers),0%,0%,30%,2.1,65%,,,,,,,,,,,,100%,94%,150 (40%),174 (47%),90% (212),1% (3),3% (7),<1% (1),<1% (1),4% (9),Needs Improvement,100%,0%,0%,100%,0%,0%,99%,99%,N/A,N/A,N/A,N/A,N/A,100%,97%,97%,N/A,,,,,,,,,,,,93%,94%,N/A,82%,N/A,N/A,100%,87%,94%,,,,,,,,,,,,,,98%,,98%,,34%,35%,20%,30%,N/A,N/A,25%,49%,47%,94%,94%,60%,90%,N/A,N/A,100%,95%,100%,,,,,,,,,,,93%,93%,N/A,N/A,N/A,N/A,N/A,N/A,N/A,,72%,71%,N/A,N/A,N/A,N/A,N/A,N/A,N/A,,95%,93%,N/A,N/A,N/A,N/A,N/A,N/A,N/A
02M546,Academy for Software Engineering,,,,www.schools.nyc.gov/schools/M546,Shawn Raeke,"09,10,11,12,SE",412,Open,,40 Irving Place,"Manhattan, NY 10003",212-253-3299,15%,26%,50%,1%,<1%,5%,7%,25%,,16%,84%,0%,67%,"Boys: BASEBALL,HANDBALL,VOLLEYBALL,BASKETBALL,SOCCER; Girls: SOFTBALL,BASKETBALL,VOLLEYBALL; Co-Ed: N/A","AFSE Spectrum GSA, Anime, Basketball, Content Creator, Crafting, Fitness, Green Team, HERstory Girls Club, Performing Arts, Ping Pong, Poetry, Video Game, Student Ambassadors, Student Incentive Programs, Student Government, Yearbook","Three-Dimensional Art, Visual Art, Computer Art / Digital Art, Music Technology","NYSED ""Local Support and Improvement""; AP for All; Career & Technical Education; Career Readiness and Modern Youth Apprenticeship; Competency Collaborative; Future Ready NYC; PROSE",16%,N/A (fewer than 5 teachers),16%,0%,0%,50%,6,81%,,,,,,,,,,,,41%,78%,195 (47%),129 (31%),13% (34),30% (77),47% (121),1% (3),1% (3),7% (17),Fair,93%,7%,0%,91%,0%,9%,93%,94%,91%,92%,N/A,N/A,N/A,89%,94%,N/A,94%,,,,,,,,,,,,80%,74%,85%,78%,100%,N/A,83%,80%,71%,,,,,,,,,,,,,,82%,,95%,,50%,43%,44%,53%,40%,N/A,67%,83%,60%,88%,89%,85%,88%,80%,N/A,92%,94%,82%,,,,,,,,,,,84%,81%,88%,85%,N/A,N/A,100%,100%,88%,,71%,60%,72%,73%,N/A,N/A,100%,100%,76%,,87%,80%,85%,90%,N/A,N/A,100%,100%,89%
02M551,Urban Assembly New York Harbor School,,,,www.newyorkharborschool.org,Jeffrey Chetirko,"09,10,11,12,SE",496,"Ed. Opt., Open",,"10 South Street, Slip 7","Manhattan, NY 10004",212-458-0800,5%,19%,43%,<1%,0%,28%,3%,27%,,33%,67%,<1%,90%,Boys: BASEBALL; Girls: SOFTBALL; Co-Ed: N/A,"Boat Building, Sailing, Rowing, Marine Engineering, Welding, Compost Club, Debate Club, Chess Club, Fishing, Garden Club, Gay/Straight Alliance (GSA), Harbor Corps, Harbor SEALS, Student Council, Waterfront Club, Basketball, Soccer, Swimming, Media Club, Regents Tutoring, Cheerleading",Visual Art,"NYSED ""Local Support and Improvement""; AP for All; Career & Technical Education; NYC Math; PROSE",N/A (fewer than 5 teachers),N/A (fewer than 5 teachers),N/A (fewer than 5 teachers),0%,0%,66%,8.2,88%,,,,,,,,,,,,66%,62%,90 (18%),239 (48%),5% (14),18% (51),43% (121),1% (3),0% (0),29% (82),Fair,93%,7%,0%,97%,N/A,N/A,94%,N/A,91%,94%,N/A,N/A,96%,97%,93%,N/A,84%,,,,,,,,,,,,86%,82%,90%,87%,N/A,N/A,88%,88%,89%,,,,,,,,,,,,,,89%,,95%,,45%,50%,36%,49%,N/A,N/A,43%,33%,48%,88%,95%,88%,90%,N/A,N/A,85%,100%,90%,,,,,,,,,,,84%,91%,80%,84%,N/A,N/A,82%,N/A,85%,,87%,73%,93%,89%,N/A,N/A,86%,N/A,93%,,88%,91%,73%,93%,N/A,N/A,92%,N/A,90%
02M580,Richard R. Green High School of Teaching,,,,rrghst.org,Joan Weaver,"09,10,11,12,SE",325,Ed. Opt.,,7 Beaver Street,"Manhattan, NY 10004",646-826-8174,15%,21%,44%,<1%,1%,15%,3%,16%,,62%,38%,0%,79%,"Boys: SOCCER,VOLLEYBALL,BASKETBALL; Girls: VOLLEYBALL,SOFTBALL,BASKETBALL; Co-Ed: N/A","Chess Club, Drama, Book Club, Fashion, Game Club, Cooking Club, Badminton, Mural Club, United Girls, Student Council, CFES College For Every Student, College MAP, Photography","Studio Art, Art History, Music History, Visual Art","NYSED ""Local Support and Improvement""; AP for All; Community School; CS for All",N/A (fewer than 5 teachers),N/A (fewer than 5 teachers),N/A (fewer than 5 teachers),0%,0%,73%,6.1,91%,,,,,,,,,,,,38%,70%,119 (37%),100 (31%),17% (25),19% (28),36% (53),0% (0),2% (3),22% (32),Good,90%,N/A,N/A,98%,N/A,N/A,88%,N/A,87%,87%,N/A,N/A,N/A,88%,86%,N/A,82%,,,,,,,,,,,,92%,87%,87%,96%,N/A,N/A,97%,100%,90%,,,,,,,,,,,,,,87%,,96%,,46%,50%,43%,46%,N/A,N/A,50%,57%,51%,91%,91%,93%,91%,N/A,N/A,97%,100%,91%,,,,,,,,,,,83%,79%,88%,80%,N/A,N/A,100%,N/A,80%,,82%,74%,88%,80%,N/A,N/A,85%,N/A,100%,,94%,95%,94%,100%,N/A,N/A,100%,N/A,90%
02M600,The High School of Fashion Industries,,,,hsfi.nyc,Daryl Blank,"09,10,11,12,SE",1606,"Audition, D75 Special Education Inclusive Services",,225 West 24 Street,"Manhattan, NY 10011",212-255-1235,4%,30%,59%,<1%,<1%,5%,3%,19%,,88%,12%,0%,93%,"Boys: BASKETBALL,BOWLING,BADMINTON,VOLLEYBALL; Girls: CROSS COUNTRY,BOWLING,INDOOR TRACK,BASKETBALL,OUTDOOR TRACK,WRESTLING,SOCCER,VOLLEYBALL,SOFTBALL,BADMINTON; Co-Ed: STUNT","9th Grade Sewing, Animal Welfare, Animation Club, Anime, Art Gallery, Asian Culture, Black and Latina Empowerment Club, Black Student Union, Cooking, Creative Underground, Creative Writing, Crochet, DJ, Fashion Art Portfolio, Fashion Cares, Fashion Films, Fashion With A Purpose, Gaming, Girls Empower, Yoga, Guitar, Hair, Iconoclan Dance Team, Intersectional Feminist, Italian, Jewelry Making, Joy Activists, Kings Queen Drag, KPop, KPop Dance Cover Group, Latin Groove Dance Team, Life/ figure drawing, Modeling, Documentary, Muslim Student Association Club, Christian Club, African American, Puerto Rican, and Latino Studies Club Nail Painting, National Honor Society, Patternmaking, Podcast, Pokemon, Portfolio Development, Red Cross, RIF RAF Book Club, RISC/ Sculpture Club, Rock Band & Song Club, Students for Success, Study Abroad, Stunts, The Green Team, Vlogging, National Honors Society, Student Government, Skate Boarding Club, Sailing Club, and The Rainbow Project Club.","Fashion and Textile Design, Computer Art / Digital Art, Portfolio Development, Photography, Mixed Media, Graphic Design, Studio Art, Painting, Illustration, Drawing, and more","NYSED ""Local Support and Improvement""; Career & Technical Education; Career Readiness and Modern Youth Apprenticeship; DYCD: COMPASS/SONYC; Future Ready NYC; Project Pivot; Respect for All",11%,9%,12%,0%,N/A (fewer than 5 teachers),59%,13.1,78%,,,,,,,,,,,,88%,65%,237 (15%),453 (28%),5% (30),29% (185),58% (366),<1% (6),<1% (1),6% (36),Fair,97%,N/A,N/A,97%,0%,3%,90%,95%,89%,89%,N/A,N/A,89%,91%,77%,79%,74%,,,,,,,,,,,,90%,94%,92%,88%,75%,N/A,91%,88%,88%,,,,,,,,,,,,,,89%,,96%,,46%,50%,47%,45%,22%,N/A,56%,54%,48%,94%,90%,95%,93%,78%,N/A,93%,87%,91%,,,,,,,,,,,87%,92%,80%,89%,N/A,N/A,88%,89%,84%,,68%,67%,70%,67%,N/A,N/A,64%,56%,84%,,86%,92%,85%,87%,N/A,N/A,84%,78%,84%
02M605,Humanities Preparatory Academy,,,,www.humanitiesprep.org,Jeannie Ferrari,"09,10,11,12,SE",257,Screened,,351 West 18 Street,"Manhattan, NY 10011",212-929-4433,10%,16%,53%,0%,0%,18%,5%,24%,,51%,49%,0%,76%,Boys: N/A; Girls: N/A; Co-Ed: N/A,"Visual Arts Club, Debate Team, Chess and Games of Strategy Club, I-CAN Disability Awareness Club, LGBTQ Alliance, Robotics Team, Finance and Business Club, Music Club, Dance Club, Theater Group, Student Council, School Newspaper, Yearbook Committee, Martial Arts Club, Fitness Club, Asian Diaspora Club, Book Club","Mixed Media, Music, Art History","NYSED ""Local Support and Improvement""; AP for All; Consortium; Project Pivot; PROSE",N/A (fewer than 5 teachers),N/A (fewer than 5 teachers),N/A (fewer than 5 teachers),0%,0%,48%,11.1,86%,,,,,,,,,,,,40%,73%,83 (32%),145 (56%),11% (20),16% (30),48% (89),0% (0),0% (0),21% (39),Fair,82%,18%,0%,94%,N/A,N/A,97%,N/A,N/A,100%,N/A,N/A,N/A,100%,94%,N/A,100%,,,,,,,,,,,,83%,70%,94%,88%,N/A,N/A,71%,67%,91%,,,,,,,,,,,,,,86%,,95%,,66%,90%,71%,60%,N/A,N/A,69%,50%,67%,94%,100%,88%,95%,N/A,N/A,97%,83%,88%,,,,,,,,,,,84%,80%,N/A,78%,N/A,N/A,89%,N/A,71%,,77%,40%,N/A,67%,N/A,N/A,100%,N/A,86%,,84%,100%,N/A,78%,N/A,N/A,100%,N/A,86%
02M615,Chelsea Career and Technical Education High School,,,,www.ChelseaCTE.org,Jaivelle Reed,"09,10,11,12,SE",422,"D75 Special Education Inclusive Services, Ed. Opt., Screened",,131 Avenue Of The Americas,"Manhattan, NY 10013",212-925-1080,12%,25%,56%,1%,<1%,4%,5%,27%,,31%,69%,0%,74%,"Boys: CROSS COUNTRY,BASKETBALL,BOWLING,BASEBALL,HANDBALL,INDOOR TRACK; Girls: INDOOR TRACK,BOWLING,BASKETBALL,SOFTBALL,CROSS COUNTRY; Co-Ed: N/A","Video Game Club, GSA, Performing Arts Club, Fine Arts, Advanced Music, Film-Making Club, National Technical Honor Society, Student Government, Chelsea E-Blast (School Newsletter)","Graphic Design, Mixed Media","NYSED ""Local Support and Improvement""; AP for All; Career & Technical Education; Career Readiness and Modern Youth Apprenticeship; CS for All; Future Ready NYC; NYC Math; Respect for All",15%,24%,18%,0%,0%,44%,6.1,94%,,,,,,,,,,,,67%,70%,145 (34%),179 (42%),15% (39),22% (58),56% (148),2% (6),1% (3),4% (10),Fair,85%,N/A,N/A,93%,0%,7%,97%,N/A,96%,98%,N/A,N/A,N/A,94%,99%,N/A,100%,,,,,,,,,,,,89%,85%,94%,89%,N/A,N/A,75%,100%,87%,,,,,,,,,,,,,,85%,,96%,,53%,63%,47%,52%,N/A,N/A,58%,38%,54%,91%,97%,91%,89%,N/A,N/A,92%,100%,88%,,,,,,,,,,,84%,69%,78%,92%,N/A,N/A,83%,N/A,87%,,77%,67%,79%,84%,N/A,N/A,50%,N/A,83%,,87%,75%,83%,92%,N/A,N/A,83%,N/A,88%
02M630,Art and Design High School,,,,www.artanddesignhs.org/,Maximillian Re Sugiura,"09,10,11,12,SE",1464,Audition,,231-249 East 56 Street,"Manhattan, NY 10022",212-752-4340,10%,14%,41%,<1%,<1%,27%,1%,23%,,67%,33%,<1%,88%,"Boys: BASEBALL,FENCING,HANDBALL,VOLLEYBALL,SOCCER,BASKETBALL,BOWLING; Girls: TABLE TENNIS,SOCCER,SOFTBALL,BASKETBALL,VOLLEYBALL; Co-Ed: N/A","African Studies, Animation, Art & Design Newscast, Art and Design Podcast, Circuit Training, Cartooning, Cartoonime, Cheer Squad, Chess, AND Creative Agency, 3D Printing/Sculpture, Dance, Debate, Drama, Draw-A-Thon, Dungeons & Dragons, The expAND Club, Fashion Design, Fashion Show, Film Festival, Game Design, Girl Hack, Gender & Sexuality Alliance (GSA), Green Team, Literacy Arts Journal, Men of Impact, Murals, Mythical Club, Newspaper, National Honor Society, Painting, Philosophy, Sewing, Student Exhibitions in Kenny Gallery, Step Team, Tech Team, Yearbook, WE Program, Womens United and a range of paid Work-Based Learning (WBL) opportunities","Drawing, Cartooning, Illustration, Visual Art, Filmmaking / Video, Graphic Design, Fashion and Textile Design, Architecture, Photography, Mixed Media, and more","NYSED ""Local Support and Improvement""; AP for All; Career & Technical Education",12%,13%,11%,0%,0%,60%,4.1,91%,,,,,,,,,,,,96%,74%,526 (36%),589 (40%),11% (99),14% (127),40% (358),<1% (6),<1% (3),25% (228),Fair,98%,N/A,N/A,94%,0%,6%,97%,97%,96%,96%,N/A,N/A,99%,98%,96%,N/A,92%,,,,,,,,,,,,88%,87%,84%,91%,N/A,N/A,85%,89%,85%,,,,,,,,,,,,,,89%,,96%,,42%,48%,44%,39%,N/A,N/A,43%,44%,40%,92%,95%,93%,92%,N/A,N/A,89%,100%,90%,,,,,,,,,,,88%,87%,87%,89%,N/A,N/A,86%,83%,85%,,82%,75%,87%,82%,N/A,N/A,81%,40%,90%,,89%,87%,92%,88%,N/A,N/A,89%,60%,87%
02M655,The High School for Climate Justice,,,,www.climatejustice.nyc,Kimberly Swanson,"09,10,11,12,SE",310,Ed. Opt.,,320 East 96 Street,"Manhattan, NY 10128",212-348-1694,7%,23%,55%,2%,<1%,5%,8%,24%,,48%,52%,0%,83%,"Boys: BASEBALL,SOCCER,BASKETBALL; Girls: SOFTBALL,VOLLEYBALL,SOCCER; Co-Ed: N/A","Anime Club, Art Club, Band/Choir Club, Big Brother/Big Sister, Bike Club, Center for Urban Pedagogy (CUP) Program, Chess Club, Crochet Club, Culture Club, Dance Club, Explore Urban Spaces Club, Fashion Club, Film Club, Gender & Sexuality Alliance (GSA), Music Production Club, Philosophy Club, Podcasting Club, Pono sanctuary Visits, Resilient Schools Consortium, SAT Prep & Tutoring, Student Council. Fall Outdoor Social, Halloween Festival, Thanksgiving Pie Party, Winter Concert & Cocoa, Ice Skating and Spring Field Day",Concert Band,"NYSED ""Local Support and Improvement""; NYC Math",19%,N/A (fewer than 5 teachers),N/A (fewer than 5 teachers),0%,0%,56%,8.2,89%,,,,,,,,,,,,70%,41%,126 (41%),56 (18%),11% (15),24% (33),56% (77),<1% (1),<1% (1),4% (5),Good,93%,N/A,N/A,89%,0%,11%,90%,N/A,95%,88%,N/A,N/A,N/A,90%,90%,N/A,91%,,,,,,,,,,,,79%,67%,83%,83%,N/A,N/A,90%,74%,71%,,,,,,,,,,,,,,78%,,95%,,54%,55%,48%,61%,N/A,N/A,50%,65%,73%,91%,95%,96%,87%,N/A,N/A,100%,100%,85%,,,,,,,,,,,86%,N/A,91%,84%,N/A,N/A,N/A,83%,93%,,74%,N/A,64%,71%,N/A,N/A,N/A,80%,73%,,95%,N/A,100%,94%,N/A,N/A,N/A,100%,100%
03M291,West End Secondary School,,,,www.westendsecondary.com/,Jessica Jenkins,"06,07,08,09,10,11,12,SE",394,Screened,,227-243 West 61st Street,"Manhattan, NY 10023",212-245-1506,8%,10%,22%,0%,<1%,55%,2%,20%,,53%,47%,0%,76%,"Boys: INDOOR TRACK,OUTDOOR TRACK,BASKETBALL; Girls: VOLLEYBALL,INDOOR TRACK,OUTDOOR TRACK; Co-Ed: N/A","Student Council , Chess, Rock climbing, Debate, WESS Talks, Black Student Union (BSU), Gay Straight Alliance (GSA), Model UN, Mindfullness , National Honor Society, Social Justice Club, WESS Side Stories (Newspaper), WESS Player (theater)","Music, Visual Art, Studio Art, Core Music, Dramatic Literature","NYSED ""Local Support and Improvement""; AP for All; DYCD: COMPASS/SONYC",N/A (fewer than 5 teachers),N/A (fewer than 5 teachers),12%,0%,0%,69%,8.2,80%,,,,,,,,,,,,98%,73%,389 (99%),67 (17%),8% (33),10% (38),22% (87),0% (0),<1% (2),56% (216),Fair,95%,5%,0%,90%,0%,10%,100%,N/A,N/A,100%,N/A,N/A,100%,100%,100%,N/A,100%,,,,,,,,,,,,82%,82%,79%,81%,N/A,N/A,85%,80%,78%,,,,,,,,,,,,,,91%,,96%,,56%,50%,36%,50%,N/A,N/A,61%,20%,60%,90%,91%,92%,89%,N/A,N/A,89%,100%,87%,,,,,,,,,,,87%,83%,93%,90%,N/A,N/A,85%,100%,84%,,83%,80%,96%,83%,N/A,N/A,80%,100%,93%,,90%,83%,96%,92%,N/A,N/A,90%,100%,92%
03M307,"Urban Assembly School for Media Studies, The",,,,UAMHighSchool.org,Cordelia Veve,"09,10,11,12,SE",319,"ASD/ACES Program, Ed. Opt.",,122 Amsterdam Avenue,"Manhattan, NY 10023",212-501-1110,2%,29%,65%,<1%,0%,3%,6%,20%,,50%,50%,0%,81%,Boys: N/A; Girls: N/A; Co-Ed: N/A,N/A,"Mixed Media, Fashion and Textile Design, Visual Art","NYSED ""Local Support and Improvement""; AP for All; Career Readiness and Modern Youth Apprenticeship; NYC Math; Project Pivot; PROSE",N/A (fewer than 5 teachers),N/A (fewer than 5 teachers),17%,0%,0%,57%,14.7,73%,,,,,,,,,,,,90%,61%,312 (98%),111 (35%),2% (6),29% (90),65% (202),<1% (2),0% (0),3% (10),Fair,97%,N/A,N/A,91%,0%,9%,91%,N/A,86%,95%,N/A,N/A,N/A,92%,90%,N/A,78%,,,,,,,,,,,,91%,100%,85%,92%,N/A,N/A,100%,100%,90%,,,,,,,,,,,,,,78%,,96%,,57%,67%,49%,58%,N/A,N/A,91%,67%,64%,89%,83%,81%,91%,N/A,N/A,100%,83%,91%,,,,,,,,,,,91%,N/A,93%,87%,N/A,N/A,100%,100%,91%,,95%,N/A,93%,95%,N/A,N/A,100%,N/A,96%,,95%,N/A,91%,95%,N/A,N/A,100%,100%,100%
03M402,The Urban Assembly School for Green Careers,,,,www.uagreencareers.org,Kerry Rutishauser,"09,10,11,12,SE",307,Ed. Opt.,,145 West 84 Street,"Manhattan, NY 10024",212-787-1189,2%,22%,72%,<1%,0%,3%,11%,23%,,42%,58%,0%,78%,Boys: N/A; Girls: N/A; Co-Ed: N/A,"International Environmental Studies and Human Rights Trips, Keepers of the Culture (Peer Support Program), GSA, Green Team, Student Run Farm Stand, Paid Internships, Student Council, Early Morning Buckets Basketball Club, Brandeis Drama Program, Weight Lifting Club, Music and Poetry Synchronized (MAPS), Yearbook Club","Visual Art, Mixed Media","NYSED ""Local Support and Improvement""; Career & Technical Education; Future Ready NYC; NYC Math; PROSE",N/A (fewer than 5 teachers),0%,17%,0%,0%,69%,4.1,55%,,,,,,,,,,,,49%,56%,,113 (37%),3% (4),20% (25),71% (87),0% (0),0% (0),5% (6),Good,92%,N/A,N/A,90%,0%,10%,91%,N/A,N/A,89%,N/A,N/A,N/A,97%,89%,71%,87%,,,,,,,,,,,,83%,86%,78%,84%,N/A,N/A,86%,85%,79%,,,,,,,,,,,,,,79%,,97%,,58%,71%,60%,58%,N/A,N/A,14%,64%,62%,84%,86%,83%,84%,N/A,N/A,86%,82%,83%,,,,,,,,,,,73%,83%,76%,72%,N/A,N/A,75%,77%,71%,,70%,83%,72%,69%,N/A,N/A,62%,77%,62%,,75%,83%,80%,73%,N/A,N/A,75%,88%,72%
03M403,The Global Learning Collaborative,,,,www.theglcnyc.org,Karla Chiluiza,"09,10,11,12,SE",405,Ed. Opt.,,145 West 84 Street,"Manhattan, NY 10024",212-877-1103,2%,19%,72%,1%,0%,4%,11%,20%,,55%,45%,<1%,79%,"Boys: BOWLING,SOCCER,BASKETBALL,VOLLEYBALL,BASEBALL; Girls: BOWLING,SOCCER,VOLLEYBALL,TENNIS,SOFTBALL,BASKETBALL; Co-Ed: N/A","Model UN, Mock Trial, National Honor Society, Community Service Club, Student Council, GSA: Unity Project, Environmental Club, ELA/ENL Academy Club, GLC Dance Company Club, STEP Team, Yearbook Club, Weight Training Club, Girls Empowerment Club, Chinese Language and Culture Club, French Language and Culture Club, Table Top Gaming Club, Crochet Club, Drama Club, Senior Board","Folk / Traditional Cutural Dance, Ceramics, Acting, Studio Art, Visual Art, Theater / Play Production, Theater Dance / Tap, Three-Dimensional Art","NYSED ""Local Support and Improvement""; AP for All; NYC Math; Project Pivot",15%,N/A (fewer than 5 teachers),15%,0%,0%,56%,11.1,94%,,,,,,,,,,,,40%,65%,186 (46%),159 (39%),3% (8),20% (52),70% (181),1% (3),0% (0),4% (10),Good,95%,N/A,N/A,100%,0%,0%,85%,N/A,81%,85%,N/A,N/A,N/A,85%,86%,N/A,84%,,,,,,,,,,,,93%,N/A,94%,93%,N/A,N/A,100%,91%,88%,,,,,,,,,,,,,,79%,,97%,,39%,N/A,34%,38%,N/A,N/A,88%,54%,45%,91%,N/A,91%,89%,N/A,N/A,100%,88%,83%,,,,,,,,,,,99%,N/A,100%,100%,N/A,N/A,100%,100%,100%,,53%,N/A,61%,52%,N/A,N/A,43%,48%,59%,,99%,N/A,100%,99%,N/A,N/A,100%,100%,100%
03M415,Wadleigh Secondary School for the Performing & Visual Arts,,,,wadleigharts.org,Delali Kodah,"06,07,08,09,10,11,SE",297,"Audition, Ed. Opt., For Continuing 8th Graders",,215 West 114 Street,"Manhattan, NY 10026",212-749-5800,<1%,40%,54%,2%,<1%,2%,4%,20%,,73%,27%,0%,67%,Boys: BASKETBALL; Girls: BASKETBALL; Co-Ed: N/A,"Art Club, Cooking Club, Fashion Club, LGBTQ+ Alliance, Yearbook","Illustration, Music Theory / Musicianship, Acting, Painting, Mixed Choir, Studio Art, Dance History, Theater / Play Production, Drawing, Jazz Dance, and more","NYSED ""Local Support and Improvement""; AP for All; Community School; DYCD: Beacon; Project Pivot",N/A (fewer than 5 teachers),40%,13%,N/A (fewer than 5 teachers),0%,37%,0.4,82%,,,,,,,,,,,,94%,47%,161 (54%),67 (23%),<1% (1),41% (74),53% (94),2% (3),<1% (1),3% (5),Fair,91%,9%,0%,98%,N/A,N/A,100%,N/A,100%,100%,N/A,N/A,N/A,100%,100%,N/A,100%,,,,,,,,,,,,81%,N/A,82%,80%,N/A,N/A,N/A,75%,84%,,,,,,,,,,,,,,86%,,97%,,45%,N/A,49%,45%,N/A,N/A,N/A,58%,48%,88%,N/A,89%,87%,N/A,N/A,N/A,92%,91%,,,,,,,,,,,75%,N/A,70%,79%,N/A,N/A,N/A,N/A,79%,,70%,N/A,70%,70%,N/A,N/A,N/A,N/A,86%,,78%,N/A,73%,81%,N/A,N/A,N/A,N/A,85%
03M417,Frank McCourt High School,,,,www.fmhsnyc.org,Danielle Salzberg,"09,10,11,12,SE",421,Screened With Assessment,,145 West 84 Street,"Manhattan, NY 10024",212-362-2015,5%,14%,44%,<1%,0%,33%,3%,23%,,57%,43%,0%,77%,Boys: N/A; Girls: N/A; Co-Ed: N/A,N/A,"Studio Art, Theater / Play Production","NYSED ""Local Support and Improvement""; Competency Collaborative; PROSE",N/A (fewer than 5 teachers),16%,19%,N/A (fewer than 5 teachers),N/A (fewer than 5 teachers),58%,13.2,77%,,,,,,,,,,,,97%,75%,123 (29%),276 (66%),6% (17),13% (35),40% (111),<1% (2),0% (0),38% (105),Fair,55%,N/A,N/A,93%,0%,7%,96%,N/A,N/A,92%,N/A,N/A,100%,96%,95%,N/A,84%,,,,,,,,,,,,88%,84%,87%,93%,N/A,N/A,85%,100%,85%,,,,,,,,,,,,,,90%,,97%,,49%,48%,49%,47%,N/A,N/A,48%,50%,51%,89%,100%,91%,90%,N/A,N/A,84%,88%,87%,,,,,,,,,,,78%,93%,74%,83%,N/A,N/A,70%,N/A,86%,,73%,75%,71%,77%,N/A,N/A,70%,N/A,89%,,82%,94%,68%,89%,N/A,N/A,78%,N/A,86%
03M479,Beacon High School,,,,beaconschool.org,Brady Smith,"09,10,11,12,SE",1456,Screened With Assessment,,522 West 44th Street,"New York, NY 10036",212-465-4230,13%,14%,28%,<1%,1%,38%,<1%,21%,,64%,36%,0%,89%,"Boys: OUTDOOR TRACK,BOWLING,INDOOR TRACK,TENNIS,CROSS COUNTRY,BASKETBALL,FENCING,WRESTLING,BASEBALL,SOCCER; Girls: CROSS COUNTRY,VOLLEYBALL,BOWLING,OUTDOOR TRACK,TENNIS,SOFTBALL,INDOOR TRACK,BASKETBALL,SOCCER,FENCING; Co-Ed: N/A","Africana, Art Club, Asian Student Union, B'DAT Choir, B'DAT Freshman Project, B'DAT Mainstage Theatre, B'DAT Tech Teams, B'SAGA (Beacon's Sexuality and Gender Alliance Club for the LGBTQ+ Community), Beacon Beat (School Newspaper), Beacon Ink (School Magazine), Marine Biology Club, Mock Trial, Pan-Asian 'Anime' Club, Current Events, Debate Team, Dungeons and Dragons, Entrepreneurship Club, Environment Club, Film Club, French Club, Game Makers Club, Girl Up, Girls in Government, Girls Who Code, Integrate Beacon (desegregation & inclusion work), Jewish Student Alliance, Key Club, Korean and Chinese Language Culture Club, Latinx Student Union, Live Poets Society, Math Club, Medical Club, Model Congress, Photography, Podcast Club, Policy and Philosophical Journal, Project ABLE (raises funds to promote literacy and education in East Africa), SAT Math Prep, Spanish Club, Stock Market Club, Student Government, Students Demand Action for Gun Safety, Stylemakers Fashion Club, Sunshine Society (Wellness Club), The Moth (Storytelling Club), Upcycling Club (Recycling Art Club), Young Democrats","Studio Art, Filmmaking / Video, Core Music, Photography, Theater Survey / Introduction to Theater, Dance Survey / Introduction to Dance, Percussion, Digital Photography, Portfolio Development, Choreography / Dance Composition, and more","NYSED ""Local Support and Improvement""; Consortium; PROSE",8%,13%,12%,N/A (fewer than 5 teachers),0%,65%,0.1,87%,,,,,,,,,,,,73%,83%,273 (19%),806 (55%),13% (134),14% (140),26% (259),<1% (7),<1% (10),39% (395),Fair,88%,9%,3%,85%,0%,15%,98%,95%,96%,99%,N/A,N/A,99%,98%,98%,N/A,94%,,,,,,,,,,,,92%,88%,96%,93%,71%,100%,92%,N/A,87%,,,,,,,,,,,,,,93%,,96%,,38%,35%,31%,33%,29%,56%,41%,N/A,38%,92%,91%,86%,95%,71%,100%,92%,N/A,89%,,,,,,,,,,,72%,71%,71%,74%,N/A,N/A,70%,N/A,66%,,59%,50%,70%,62%,N/A,N/A,62%,N/A,71%,,77%,86%,73%,77%,N/A,N/A,74%,N/A,68%
03M485,Fiorello H. LaGuardia High School of Music & Art and Performing Arts,,,,laguardiahs.org,Yeou Vasconcelos,"09,10,11,12,SE",2378,Audition,,100 Amsterdam Avenue,"Manhattan, NY 10023",212-496-0700,22%,11%,18%,<1%,<1%,42%,<1%,5%,,72%,27%,<1%,90%,"Boys: GYMNASTICS,BASEBALL,OUTDOOR TRACK,VOLLEYBALL,FENCING,BASKETBALL,CROSS COUNTRY,INDOOR TRACK,SOCCER; Girls: HANDBALL,SOFTBALL,OUTDOOR TRACK,BASKETBALL,SWIMMING,FENCING,SOCCER,INDOOR TRACK,CROSS COUNTRY,BOWLING,VOLLEYBALL; Co-Ed: N/A","Over 100 student-led activities and clubs, including American Sign Language Club, Astronomy Club, Black Student Union, Chinese Student Association, Disney Mentors, Digital Medial Club, Gender & Sexuality Alliance, Investor's Club, LAG 4 Criminal Justice, LaG Mag, LaG Tunez, Lagbotics, LaGuardia Math Team, Mental Health Initiative, Mock Trial, Public Forum Debate Club, Roots and Shoots, Japanese Honor Society, Pre-Med Club, Key Club, Spanish Club, Student Government, Unity Dance Crew, Vocal Jazz Club, Women's Empowerment Club, Young Democrats","Music Theory / Musicianship, Modern Dance, Studio Art, Mixed Choir, Art History, Acting, Symphonic Orchestra, Ballet, Music, Music History, and more","NYSED ""Local Support and Improvement""; NYC Math",14%,11%,4%,0%,0%,63%,0.1,92%,,,,,,,,,,,,99%,81%,1011 (43%),1208 (51%),23% (401),9% (164),16% (279),<1% (9),<1% (6),46% (801),Fair,96%,N/A,N/A,87%,0%,13%,99%,98%,100%,96%,N/A,N/A,99%,99%,99%,N/A,96%,,,,,,,,,,,,78%,64%,90%,86%,N/A,N/A,75%,N/A,N/A,,,,,,,,,,,,,,92%,,96%,,33%,36%,30%,43%,N/A,N/A,35%,N/A,N/A,85%,82%,90%,100%,N/A,N/A,75%,N/A,N/A,,,,,,,,,,,61%,70%,65%,53%,N/A,N/A,62%,N/A,25%,,75%,61%,88%,77%,N/A,N/A,77%,N/A,100%,,68%,83%,82%,60%,N/A,N/A,66%,N/A,0%
03M492,"High School for Law, Advocacy and Community Justice",,,,www.lacjhs.org,Asia Burnett,"09,10,11,12,SE",441,Ed. Opt.,,122 Amsterdam Avenue,"Manhattan, NY 10023",212-501-1201,3%,27%,63%,2%,<1%,4%,9%,18%,,67%,33%,<1%,58%,Boys: N/A; Girls: N/A; Co-Ed: N/A,N/A,Painting,"NYSED ""Local Support and Improvement""; NYC Math; Project Pivot",16%,26%,N/A (fewer than 5 teachers),0%,0%,48%,2.1,84%,,,,,,,,,,,,84%,64%,102 (23%),213 (48%),3% (8),27% (65),62% (150),2% (5),<1% (1),5% (11),Fair,39%,48%,13%,93%,N/A,N/A,87%,N/A,68%,94%,N/A,N/A,N/A,89%,83%,N/A,77%,,,,,,,,,,,,71%,67%,70%,71%,N/A,N/A,100%,58%,65%,,,,,,,,,,,,,,79%,,92%,,40%,40%,38%,41%,N/A,N/A,50%,55%,55%,80%,50%,79%,83%,N/A,N/A,100%,80%,82%,,,,,,,,,,,80%,N/A,90%,79%,N/A,N/A,N/A,N/A,86%,,80%,N/A,80%,84%,N/A,N/A,N/A,N/A,86%,,86%,N/A,100%,79%,N/A,N/A,N/A,N/A,86%
03M494,High School of Arts and Technology,,,,www.hsartstech.org,Benny Urena,"09,10,11,12,SE",445,Ed. Opt.,,122 Amsterdam Avenue,"Manhattan, NY 10023",212-501-1198,3%,28%,67%,<1%,0%,<1%,7%,26%,,47%,53%,<1%,81%,Boys: N/A; Girls: N/A; Co-Ed: N/A,"Anime Club, GSA (The Gender Sexuality Alliance), Debate Team, Tabletop and Role Game Club, Advanced Math Club, French Club, Creative Writing Club, Cooking Club, National Honor Society, Chess Club, College Career Club, Science Club, Website Design Club, Fashion Club, Community Service Club","Drawing, Studio Art, Graphic Design, Portfolio Development, Music, Digital Photography, Filmmaking / Video, Cartooning, Illustration, Advertising Art, and more","NYSED ""Local Support and Improvement""; 21st Century Community Learning Center; AP for All; Community School; CS for All; Future Ready NYC; NYC Math; Pathways Advising; Project Pivot",N/A (fewer than 5 teachers),17%,22%,0%,0%,44%,0.2,78%,,,,,,,,,,,,92%,55%,188 (42%),139 (31%),4% (11),28% (76),66% (179),<1% (2),0% (0),<1% (2),Good,69%,31%,0%,92%,0%,8%,84%,N/A,90%,81%,N/A,N/A,N/A,88%,82%,90%,71%,,,,,,,,,,,,90%,100%,89%,91%,N/A,N/A,N/A,93%,88%,,,,,,,,,,,,,,81%,,96%,,48%,71%,51%,46%,N/A,N/A,N/A,53%,50%,90%,100%,98%,87%,N/A,N/A,N/A,75%,82%,,,,,,,,,,,95%,100%,97%,95%,N/A,N/A,N/A,96%,95%,,97%,100%,97%,97%,N/A,N/A,N/A,96%,96%,,96%,100%,96%,96%,N/A,N/A,N/A,100%,97%
03M541,Manhattan / Hunter Science High School,,,,mhshs.org,Kevin Froner,"09,10,11,12,SE",476,Screened With Assessment,,122 Amsterdam Avenue,"Manhattan, NY 10023",212-501-1235,26%,16%,37%,1%,<1%,19%,<1%,18%,,59%,41%,0%,73%,Boys: N/A; Girls: N/A; Co-Ed: N/A,"Senior year at Hunter College, Research Courses, Internship Opportunities, Additional Academic Supports, AfterSchool Homework Center. Students graduate with a high school and college transcript. One year of high school Spanish for all students with additional Hunter College Spanish courses as electives. Additional year of courses in the arts and AP","Studio Art, String Orchestra, Art History, Filmmaking / Video, Modern Dance","NYSED ""Local Support and Improvement""; AP for All; Project Pivot",26%,N/A (fewer than 5 teachers),N/A (fewer than 5 teachers),0%,0%,48%,10.1,70%,,,,,,,,,,,,94%,94%,352 (74%),264 (55%),26% (112),15% (64),38% (164),1% (6),<1% (1),19% (83),Fair,95%,N/A,N/A,81%,0%,19%,98%,100%,96%,97%,N/A,N/A,100%,100%,95%,N/A,90%,,,,,,,,,,,,94%,95%,100%,92%,N/A,N/A,93%,N/A,94%,,,,,,,,,,,,,,95%,,96%,,60%,61%,62%,63%,N/A,N/A,49%,N/A,69%,96%,97%,94%,96%,N/A,N/A,97%,N/A,94%,,,,,,,,,,,81%,85%,81%,81%,N/A,N/A,79%,N/A,72%,,74%,62%,81%,75%,N/A,N/A,77%,N/A,85%,,86%,88%,87%,90%,N/A,N/A,84%,N/A,81%
03M610,Young Women's Leadership School,,,,www.tywls.org,Colleen Mcgeehan,"06,07,08,09,10,11,12,SE",308,Screened,,,,212-289-7593,7%,26%,60%,1%,<1%,5%,3%,22%,,100%,0%,0%,74%,Boys: N/A; Girls: N/A; Co-Ed: N/A,N/A,N/A,"NYSED ""Local Support and Improvement""; AP for All; DYCD: COMPASS/SONYC",N/A (fewer than 5 teachers),17%,23%,0%,0%,49%,5.1,74%,,,,,,,,,,,,61%,92%,129 (42%),169 (55%),8% (17),22% (47),64% (133),2% (4),<1% (1),3% (7),Fair,89%,N/A,N/A,88%,N/A,N/A,98%,N/A,100%,96%,N/A,N/A,N/A,98%,N/A,N/A,90%,,,,,,,,,,,,76%,74%,83%,72%,N/A,N/A,87%,44%,73%,,,,,,,,,,,,,,88%,,95%,,44%,58%,33%,46%,N/A,N/A,59%,60%,43%,91%,90%,85%,92%,N/A,N/A,100%,90%,89%,,,,,,,,,,,78%,78%,77%,82%,N/A,N/A,86%,N/A,88%,,74%,60%,84%,72%,N/A,N/A,64%,N/A,91%,,80%,82%,77%,82%,N/A,N/A,93%,N/A,81%
03M859,Special Music School,,,,www.kaufmanmusiccenter.org/sms/,Katherine Banucci-Smith,"0K,01,02,03,04,05,06,07,08,09,10,11,12,SE",170,Audition,,129 West 67 Street,"Manhattan, NY 10023",212-501-3318,12%,10%,21%,<1%,<1%,44%,2%,17%,,51%,49%,0%,75%,Boys: N/A; Girls: N/A; Co-Ed: N/A,N/A,"Music, Mixed Choir, Music Theory / Musicianship, Music History, Music Technology, Chamber Music, Piano Keyboard, Music Enterprise, Management, and Careers, Symphonic Orchestra, Woodwind Ensemble, and more","NYSED ""Local Support and Improvement""; AP for All",N/A (fewer than 5 teachers),N/A (fewer than 5 teachers),N/A (fewer than 5 teachers),0%,0%,57%,13.5,74%,,,,,,,,,,,,100%,81%,75 (44%),82 (48%),12% (17),11% (15),21% (29),<1% (1),<1% (1),45% (63),Fair,33%,N/A,N/A,90%,N/A,N/A,100%,N/A,N/A,N/A,N/A,N/A,100%,100%,100%,N/A,N/A,,,,,,,,,,,,93%,83%,75%,100%,N/A,N/A,97%,N/A,100%,,,,,,,,,,,,,,93%,,99%,,66%,48%,69%,65%,N/A,N/A,75%,N/A,62%,97%,100%,92%,97%,N/A,N/A,99%,N/A,95%,,,,,,,,,,,89%,94%,91%,86%,N/A,N/A,89%,N/A,87%,,88%,92%,100%,90%,N/A,N/A,89%,N/A,96%,,88%,94%,100%,81%,N/A,N/A,87%,N/A,91%
03M860,Frederick Douglass Academy II Secondary School,,,,fda2.net,Osei Owusu Afriyie,"06,07,08,09,10,11,12,SE",251,"Ed. Opt., For Continuing 8th Graders",,215 West 114 Street,"Manhattan, NY 10026",212-865-9260,<1%,58%,35%,2%,<1%,3%,13%,30%,,46%,54%,0%,75%,Boys: Middle Schools BASKETBALL; Girls: N/A; Co-Ed: N/A,"Chess, Coding, Gender and Sexuality Alliance (GSA) , National Honor Society , Video Gaming Club , Culinary Arts , Debate , Robotics , Visual Media , Wellness , Peer Group Connection (PGC), Broadway Junior","Graphic Design, Theater History, Painting, Filmmaking / Video, Mixed Media","NYSED ""Local Support and Improvement""; AP for All; Community School; NYC Math; Project Pivot",13%,29%,18%,0%,0%,32%,13.2,58%,,,,,,,,,,,,80%,54%,74 (29%),144 (57%),<1% (1),60% (103),34% (59),2% (3),<1% (1),2% (4),Good,87%,N/A,N/A,93%,0%,7%,88%,N/A,89%,84%,N/A,N/A,N/A,87%,90%,N/A,81%,,,,,,,,,,,,80%,N/A,84%,77%,N/A,N/A,67%,73%,73%,,,,,,,,,,,,,,87%,,97%,,37%,N/A,39%,32%,N/A,N/A,29%,48%,47%,84%,N/A,78%,89%,N/A,N/A,67%,82%,88%,,,,,,,,,,,78%,N/A,80%,76%,N/A,N/A,N/A,89%,75%,,76%,N/A,81%,69%,N/A,N/A,N/A,78%,69%,,85%,N/A,87%,78%,N/A,N/A,N/A,89%,86%
04M372,Esperanza Preparatory Academy,,,,epaschool.org/,Luisa Morales,"06,07,08,09,10,11,12,SE",329,"ASD/ACES Program, D75 Special Education Inclusive Services, Language Criteria",,240 East 109 Street,"Manhattan, NY 10029",212-722-6507,<1%,12%,80%,<1%,1%,<1%,37%,25%,,44%,56%,0%,82%,"Boys: BASKETBALL,BASEBALL,SOCCER; Girls: BASKETBALL,VOLLEYBALL; Co-Ed: N/A",N/A,"Art History, Choreography / Dance Composition, Drawing, Modern Dance, Music Technology, Music, String Orchestra, Studio Art","NYSED ""Local Support and Improvement""; 21st Century Community Learning Center; AP for All; Community School; Dual Language or TBE; DYCD: COMPASS/SONYC",N/A (fewer than 5 teachers),11%,61%,0%,0%,18%,7.2,68%,,,,,,,,,,,,42%,50%,54 (16%),93 (28%),2% (2),6% (8),87% (110),<1% (1),2% (3),<1% (1),Fair,84%,N/A,N/A,97%,N/A,N/A,94%,N/A,N/A,93%,N/A,N/A,N/A,100%,91%,90%,94%,,,,,,,,,,,,83%,80%,79%,84%,N/A,N/A,N/A,84%,84%,,,,,,,,,,,,,,90%,,96%,,49%,67%,48%,50%,N/A,N/A,N/A,59%,57%,88%,83%,83%,89%,N/A,N/A,N/A,89%,85%,,,,,,,,,,,87%,N/A,89%,88%,N/A,N/A,N/A,86%,85%,,74%,N/A,89%,73%,N/A,N/A,N/A,74%,74%,,86%,N/A,89%,87%,N/A,N/A,N/A,86%,76%
04M435,Manhattan Center for Science and Mathematics,,,,mcsm.net,James Nicotri,"09,10,11,12,SE",1648,"D75 Special Education Inclusive Services, Language Criteria, Screened",,260 Pleasant Avenue,"Manhattan, NY 10029",212-876-4639,21%,20%,45%,1%,1%,10%,6%,17%,,50%,49%,<1%,96%,"Boys: BOWLING,OUTDOOR TRACK,BASEBALL,BASKETBALL,SOCCER,VOLLEYBALL,INDOOR TRACK,TENNIS,CROSS COUNTRY; Girls: SOCCER,SOFTBALL,CROSS COUNTRY,TABLE TENNIS,VOLLEYBALL,OUTDOOR TRACK,BASKETBALL,BOWLING,INDOOR TRACK; Co-Ed: N/A",N/A,"Core Music, Mixed Media, Digital Photography, Studio Art, Visual Art, Graphic Design, Filmmaking / Video, Art History","NYSED ""Local Support and Improvement""; Dual Language or TBE",14%,6%,36%,0%,0%,42%,1,75%,,,,,,,,,,,,97%,85%,989 (60%),887 (54%),22% (294),18% (248),45% (601),1% (18),1% (19),11% (150),Fair,93%,7%,0%,96%,0%,4%,100%,100%,99%,99%,N/A,N/A,100%,100%,99%,97%,97%,,,,,,,,,,,,97%,97%,99%,96%,100%,94%,98%,97%,94%,,,,,,,,,,,,,,94%,,98%,,65%,66%,63%,65%,69%,44%,67%,74%,61%,98%,98%,97%,98%,100%,94%,98%,100%,97%,,,,,,,,,,,87%,87%,85%,87%,80%,80%,90%,92%,87%,,65%,56%,66%,69%,55%,67%,65%,79%,80%,,90%,90%,91%,88%,95%,87%,91%,99%,92%
04M495,Park East High School,,,,www.parkeasths.org,Suzy Ort,"09,10,11,12,SE",385,Screened,,230 East 105 Street,"Manhattan, NY 10029",212-831-1517,7%,26%,61%,0%,2%,4%,3%,24%,,52%,48%,0%,90%,Boys: N/A; Girls: N/A; Co-Ed: N/A,"Partnerships: Heckscher Scholars Program, Scholars for Educational Opportunity (SEO) MS2Squared, OPPNet, Mount Sinai Hospital MedDocs Program, and Urban Arts Partnership Clubs, Activities and Sports: Honors Book Club, After-School Tutoring, Annual Career Day, SAT Prep, PRIDE Council, Gender and Sexuality Alliance, Art Club and Exhibition, College/Cultural Trip to Boston/Washington DC, Conflict Mediation, Thinkers Club, Honors Awards Night, Improv Club,Cooking Club, Anime Club, Gaming Club, International Travel Club, Bring Change to Mind Club, Improv Club, Volunteer Club, Chess Cub, Intra-School Advisory Team-Building and Competition, Welcome Week, & Yearbook","Graphic Design, Visual Art, Guitar, Dramatic Literature, Music, Core Music, Piano Keyboard","NYSED ""Local Support and Improvement""; AP for All; PROSE",N/A (fewer than 5 teachers),N/A (fewer than 5 teachers),17%,0%,0%,64%,2.2,89%,,,,,,,,,,,,93%,85%,106 (28%),157 (41%),10% (23),24% (54),59% (133),0% (0),1% (3),5% (12),Fair,99%,N/A,N/A,89%,0%,11%,100%,N/A,100%,100%,N/A,N/A,N/A,100%,100%,N/A,100%,,,,,,,,,,,,95%,100%,93%,95%,N/A,100%,100%,100%,92%,,,,,,,,,,,,,,92%,,96%,,62%,67%,67%,61%,N/A,80%,64%,50%,66%,94%,100%,91%,96%,N/A,100%,91%,100%,93%,,,,,,,,,,,94%,100%,91%,96%,N/A,N/A,86%,N/A,91%,,79%,86%,72%,80%,N/A,N/A,100%,N/A,87%,,95%,93%,89%,99%,N/A,N/A,100%,N/A,95%
04M555,Central Park East High School,,,,www.centralparkeasths.org,Bennett Lieberman,"09,10,11,SE",503,Screened,,1573 Madison Avenue,"Manhattan, NY 10029",212-860-5929,14%,23%,52%,<1%,1%,7%,2%,22%,,59%,40%,<1%,78%,"Boys: BASEBALL,FOOTBALL,OUTDOOR TRACK,BASKETBALL,BOWLING,WRESTLING,VOLLEYBALL,SOCCER; Girls: VOLLEYBALL,SOFTBALL,GOLF,SOCCER,OUTDOOR TRACK,BASKETBALL,FLAG FOOTBALL; Co-Ed: N/A","Anime Club, Badminton Club, Black Student Union, The Brotherhood/SisterSol, Chess Club, Class of Consciousness Club, Computer Coding, Dance, Debate Club, Digital Media & Film, Environmental Green Team, Frisbee Club, Futures and Options Internship Program, Girls Who Crush Rock Climbing, Glamour Gals Community Service, Girls, Inc., High School Law Institute, International Travel Club, Korean Culture Club, LGBTQ+ Club, Minds Matter, Mural/Art Club, Mt. Sinai Hospital MedDocs Program, Muslim Student Association, National Honor Society, Opportunity Network, PeerTutoring Program, Photography, School Newspaper (Madison Times), SEO Scholars, Student Government Association, Red Cross Club, Science Lab Technician Club, Soccer Club, Volleyball Club, Yearbook Club","Studio Art, Visual Art, Filmmaking / Video, Photography","NYSED ""Local Support and Improvement""; AP for All; CS for All; PROSE",N/A (fewer than 5 teachers),N/A (fewer than 5 teachers),N/A (fewer than 5 teachers),0%,0%,68%,0.2,85%,,,,,,,,,,,,94%,85%,284 (56%),229 (46%),17% (66),20% (80),51% (203),<1% (3),2% (7),9% (35),Fair,95%,N/A,N/A,98%,N/A,N/A,100%,100%,100%,100%,N/A,N/A,N/A,100%,100%,N/A,100%,,,,,,,,,,,,95%,97%,95%,94%,N/A,100%,97%,89%,94%,,,,,,,,,,,,,,96%,,97%,,54%,65%,51%,52%,N/A,50%,56%,78%,61%,95%,94%,96%,95%,N/A,83%,94%,89%,92%,,,,,,,,,,,93%,91%,91%,93%,N/A,N/A,100%,100%,93%,,78%,73%,72%,82%,N/A,N/A,79%,83%,87%,,97%,96%,100%,96%,N/A,N/A,100%,100%,96%
04M680,"Heritage School, The",,,,www.theheritageschoolnyc.com/,Dyanand Sugrim,"09,10,11,12,SE",319,Ed. Opt.,,1680 Lexington Avenue,"Manhattan, NY 10029",212-828-2858,2%,27%,66%,2%,<1%,2%,6%,27%,,43%,57%,0%,70%,Boys: N/A; Girls: N/A; Co-Ed: N/A,"Financial Literacy, Monroe College partner school, Electrical/Plumbing/OSHA/C+/Carpentry/Nursing certifications","Core Music, Studio Art, Ceramics, Music Technology, Concert Band","NYSED ""Local Support and Improvement""; AP for All; Community School",N/A (fewer than 5 teachers),N/A (fewer than 5 teachers),N/A (fewer than 5 teachers),0%,0%,68%,11.8,55%,,,,,,,,,,,,40%,59%,60 (19%),113 (35%),2% (3),25% (32),64% (81),3% (4),<1% (1),3% (4),Fair,93%,N/A,N/A,88%,0%,12%,83%,N/A,75%,83%,N/A,N/A,N/A,84%,82%,N/A,65%,,,,,,,,,,,,74%,N/A,67%,77%,80%,N/A,40%,67%,72%,,,,,,,,,,,,,,86%,,98%,,42%,N/A,37%,44%,N/A,N/A,50%,50%,43%,81%,N/A,70%,85%,80%,N/A,83%,94%,83%,,,,,,,,,,,93%,N/A,93%,94%,N/A,N/A,60%,91%,89%,,86%,N/A,83%,89%,N/A,N/A,80%,82%,77%,,89%,N/A,90%,91%,N/A,N/A,60%,91%,86%
05M148,Eagle Academy for Young Men of Harlem,,,,www.schools.nyc.gov/schools/M148,Ahmed Edwards,"06,07,08,09,10,11,12,SE",157,"Ed. Opt., For Continuing 8th Graders, Open",,6 Edgecombe Avenue,"Manhattan, NY 10030",212-694-6051,<1%,57%,35%,3%,<1%,1%,9%,37%,,0%,100%,0%,73%,"Boys: VOLLEYBALL,BASKETBALL,BASEBALL,Middle Schools BASKETBALL; Girls: BASKETBALL,VOLLEYBALL; Co-Ed: GOLF",N/A,"Studio Art, Three-Dimensional Art, Ceramics, Acting, Theater Survey / Introduction to Theater, Computer Art / Digital Art, Music Technology, Mixed Media","NYSED ""Additional Targeted Support and Improvement""; AP for All; Career Readiness and Modern Youth Apprenticeship; DYCD: COMPASS/SONYC; Pathways Advising; Project Pivot",0%,58%,N/A (fewer than 5 teachers),0%,0%,19%,1.1,77%,,,,,,,,,,,,79%,47%,12 (8%),21 (13%),2% (1),50% (21),40% (17),2% (1),2% (1),0% (0),Good,96%,N/A,N/A,94%,0%,6%,89%,N/A,100%,83%,N/A,N/A,N/A,N/A,89%,70%,73%,,,,,,,,,,,,79%,N/A,76%,83%,N/A,N/A,N/A,N/A,73%,,,,,,,,,,,,,,78%,,96%,,56%,N/A,54%,63%,N/A,N/A,N/A,N/A,51%,83%,N/A,84%,80%,N/A,N/A,N/A,N/A,80%,,,,,,,,,,,91%,N/A,91%,88%,N/A,N/A,N/A,N/A,90%,,77%,N/A,80%,69%,N/A,N/A,N/A,N/A,70%,,87%,N/A,88%,88%,N/A,N/A,N/A,N/A,89%
05M157,The Urban Assembly School for Global Commerce,,,,uaglobalcommerce.org/,Roony Vizcaino,"09,10,11,12,SE",152,Ed. Opt.,,2005 Madison Avenue,"Manhattan, NY 10035",212-831-5201,0%,49%,49%,<1%,0%,1%,9%,38%,,49%,51%,0%,76%,Boys: BASKETBALL; Girls: N/A; Co-Ed: N/A,"Young Entrepreneur Expo, T-shirt Expo, Chocolate Expo, Arizona State University trip, Camp Ramapo, Internships, Gaming competition, Cisco Network Academy",Art Management / Business,"NYSED ""Local Support and Improvement""; Career & Technical Education; NYC Math",N/A (fewer than 5 teachers),N/A (fewer than 5 teachers),33%,0%,0%,33%,6.1,71%,,,,,,,,,,,,7%,31%,33 (22%),67 (44%),0% (0),49% (38),47% (37),1% (1),0% (0),3% (2),Fair,84%,N/A,N/A,94%,N/A,N/A,70%,N/A,71%,67%,N/A,N/A,N/A,71%,68%,N/A,61%,,,,,,,,,,,,90%,N/A,96%,90%,N/A,N/A,N/A,75%,89%,,,,,,,,,,,,,,75%,,97%,,56%,N/A,49%,68%,N/A,N/A,N/A,44%,50%,90%,N/A,89%,96%,N/A,N/A,N/A,100%,87%,,,,,,,,,,,92%,N/A,87%,95%,N/A,N/A,N/A,100%,92%,,89%,N/A,89%,85%,N/A,N/A,N/A,82%,86%,,92%,N/A,87%,96%,N/A,N/A,N/A,100%,88%
05M304,Mott Hall High School,,,,www.schools.nyc.gov/schools/M304,Douglas Geogerian,"09,10,11,12,SE",193,Open,,6 Edgecombe Avenue,"Manhattan, NY 10030",212-694-6020,<1%,37%,54%,2%,<1%,5%,16%,27%,,50%,50%,0%,72%,Boys: N/A; Girls: N/A; Co-Ed: N/A,"We have a new dance studio where students are instructed by Harlem School of the Arts staff. A stateoftheart computer science lab is being built for this school year! Our clubs include: Anime Club, GSA Club, Film Club, Art and Tech Club, Poetry Club, Latin Rhythms Club, Debate Club, Basketball Club","Studio Art, Mixed Media","NYSED ""Local Support and Improvement""; AP for All; NYC Math; Pathways Advising",N/A (fewer than 5 teachers),35%,N/A (fewer than 5 teachers),0%,0%,35%,2.2,71%,,,,,,,,,,,,25%,39%,69 (36%),62 (32%),0% (0),34% (30),62% (54),0% (0),0% (0),3% (3),Fair,81%,N/A,N/A,83%,0%,17%,89%,N/A,79%,97%,N/A,N/A,N/A,95%,85%,N/A,92%,,,,,,,,,,,,84%,N/A,82%,86%,N/A,N/A,N/A,71%,79%,,,,,,,,,,,,,,74%,,94%,,59%,N/A,53%,62%,N/A,N/A,N/A,69%,64%,84%,N/A,82%,82%,N/A,N/A,N/A,87%,89%,,,,,,,,,,,82%,N/A,74%,88%,N/A,N/A,N/A,N/A,80%,,71%,N/A,75%,70%,N/A,N/A,N/A,N/A,73%,,84%,N/A,75%,91%,N/A,N/A,N/A,N/A,87%
05M362,Columbia Secondary School,,,,www.columbiasecondary.org,Vikram Arora,"06,07,08,09,10,11,SE",401,Screened,,425 West 123 Street,"Manhattan, NY 10027",212-666-1278,8%,21%,39%,0%,<1%,28%,<1%,22%,,48%,52%,0%,77%,"Boys: SOCCER,RUGBY,BASKETBALL,CROSS COUNTRY; Girls: RUGBY,CROSS COUNTRY,BASKETBALL,SOCCER,VOLLEYBALL; Co-Ed: N/A",N/A,"Visual Art, Jazz Ensemble","NYSED ""Local Support and Improvement""; DYCD: COMPASS/SONYC",15%,N/A (fewer than 5 teachers),N/A (fewer than 5 teachers),0%,N/A (fewer than 5 teachers),64%,0.5,81%,,,,,,,,,,,,93%,92%,160 (40%),223 (56%),8% (20),19% (50),40% (104),0% (0),<1% (1),29% (75),Fair,37%,N/A,N/A,84%,0%,16%,100%,N/A,100%,100%,N/A,N/A,100%,100%,100%,N/A,100%,,,,,,,,,,,,81%,N/A,75%,80%,N/A,N/A,83%,N/A,91%,,,,,,,,,,,,,,95%,,96%,,55%,50%,38%,40%,N/A,N/A,73%,N/A,50%,91%,100%,86%,95%,N/A,N/A,93%,N/A,100%,,,,,,,,,,,77%,73%,60%,82%,N/A,N/A,84%,N/A,82%,,72%,47%,90%,82%,N/A,N/A,72%,N/A,86%,,86%,67%,100%,82%,N/A,N/A,85%,N/A,86%
05M369,Urban Assembly School for the Performing Arts,,,,www.uaperformingarts.org,Roxanne Brown,"09,10,11,12,SE",267,Ed. Opt.,,509 West 129 Street,"Manhattan, NY 10027",212-543-4460,2%,53%,42%,<1%,<1%,0%,5%,30%,,73%,26%,<1%,71%,"Boys: BASKETBALL; Girls: SOFTBALL,BASKETBALL; Co-Ed: N/A","Dance, Vocal Music, Theatre, Art Club, National Honor Society, Yearbook, EPIC Theatre Ensemble, Student Government, Gender & Sexuality Alliance (GSA), Peer Group Connection, Student Ambassadors, Gamers Club, Tutoring, PM School","Acting, Dance, Music, Music History, Art History","NYSED ""Local Support and Improvement""; AP for All; NYC Math",N/A (fewer than 5 teachers),33%,N/A (fewer than 5 teachers),0%,0%,33%,0.7,83%,,,,,,,,,,,,77%,56%,135 (51%),135 (51%),2% (4),54% (106),42% (83),1% (2),1% (2),0% (0),Good,97%,N/A,N/A,94%,N/A,N/A,83%,N/A,79%,90%,N/A,N/A,N/A,89%,63%,N/A,71%,,,,,,,,,,,,72%,N/A,74%,71%,N/A,N/A,N/A,89%,73%,,,,,,,,,,,,,,76%,,96%,,54%,N/A,52%,55%,N/A,N/A,N/A,89%,58%,90%,N/A,88%,94%,N/A,N/A,N/A,67%,86%,,,,,,,,,,,67%,N/A,67%,N/A,N/A,N/A,N/A,N/A,N/A,,67%,N/A,83%,N/A,N/A,N/A,N/A,N/A,N/A,,67%,N/A,67%,N/A,N/A,N/A,N/A,N/A,N/A
05M499,Frederick Douglass Academy,,,,www.fda1harlem.org/,Ayisha Fullerton,"06,07,08,09,10,11,12,SE",642,"D75 Special Education Inclusive Services, Ed. Opt., Language Criteria, Open, Screened",,2581 7th Avenue,"Manhattan, NY 10039",212-491-4107,<1%,58%,36%,<1%,0%,3%,7%,20%,,39%,61%,0%,81%,"Boys: INDOOR TRACK,BASEBALL,BASKETBALL,TENNIS,FOOTBALL,OUTDOOR TRACK,VOLLEYBALL,FENCING,SOCCER,WRESTLING,LACROSSE; Girls: WRESTLING,OUTDOOR TRACK,SOCCER,LACROSSE,TENNIS,VOLLEYBALL,BASKETBALL,FENCING,SOFTBALL,INDOOR TRACK; Co-Ed: DOUBLE DUTCH","Anime, Boys and Girls Club of Harlem, Cheerleading, Chess , College and Career Readiness, Dance, Digital Media, Drama, Entrepreneurship, Harlem Lacrosse , Harlem Samba, Homework Help, National Honor Society (High School), Robotics, Student Council, Taekwondo, The Links Mentoring, Tutorial, Yearbook","Drawing, Core Music, Filmmaking / Video, Visual Art, Cartooning, Studio Art, Illustration, Concert Band, Painting, Opera, and more","NYSED ""Comprehensive Support and Improvement""; 21st Century Community Learning Center; Community School; DYCD: COMPASS/SONYC; Project Pivot",12%,42%,21%,N/A (fewer than 5 teachers),N/A (fewer than 5 teachers),23%,6.1,88%,,,,,,,,,,,,68%,67%,101 (16%),156 (24%),1% (3),60% (143),32% (76),2% (5),0% (0),4% (9),Needs Improvement,90%,10%,0%,90%,0%,10%,77%,N/A,79%,71%,N/A,N/A,N/A,87%,69%,56%,61%,,,,,,,,,,,,81%,100%,81%,81%,71%,N/A,88%,66%,77%,,,,,,,,,,,,,,84%,,94%,,35%,N/A,34%,35%,70%,N/A,40%,49%,53%,87%,100%,85%,88%,90%,N/A,90%,89%,87%,,,,,,,,,,,69%,N/A,62%,78%,N/A,N/A,78%,57%,74%,,68%,N/A,66%,76%,N/A,N/A,67%,36%,82%,,76%,N/A,73%,81%,N/A,N/A,89%,77%,81%
05M670,Thurgood Marshall Academy for Learning and Social Change,,,,www.tmanyc.org,Cynthia Carmona Davis,"06,07,08,09,10,11,12,SE",321,Screened,,200-214 West 135th Street,"Manhattan, NY 10030",212-283-8055,<1%,65%,27%,6%,0%,1%,3%,27%,,43%,57%,0%,62%,"Boys: BASKETBALL; Girls: BADMINTON,Middle Schools BASKETBALL,BASKETBALL; Co-Ed: N/A","Brothers On a New Direction (BOND), Peer Forward Mentoring, Young Eisner Scholars Program (YES), My Brother's/Sister's Keeper, College Now, Student Government, Brotherhood/Sister Sol, YMCA, GLOW, HEAF","Graphic Design, Theater, Music, Studio Art, Art History, Music History","NYSED ""Local Support and Improvement""; DYCD: COMPASS/SONYC; Project Pivot",N/A (fewer than 5 teachers),54%,11%,0%,0%,26%,1.5,87%,,,,,,,,,,,,87%,27%,23 (7%),151 (47%),1% (2),62% (110),29% (52),6% (10),0% (0),2% (3),Good,54%,N/A,N/A,82%,0%,18%,87%,N/A,87%,90%,N/A,N/A,N/A,86%,87%,N/A,85%,,,,,,,,,,,,77%,N/A,78%,76%,N/A,N/A,83%,91%,69%,,,,,,,,,,,,,,88%,,95%,,43%,N/A,42%,46%,N/A,N/A,50%,64%,46%,84%,N/A,82%,84%,N/A,N/A,100%,91%,77%,,,,,,,,,,,82%,N/A,86%,80%,N/A,N/A,N/A,N/A,78%,,73%,N/A,74%,74%,N/A,N/A,N/A,N/A,74%,,86%,N/A,89%,79%,N/A,N/A,N/A,N/A,82%
05M692,"High School for Mathematics, Science and Engineering at City College",,,,hsmse.org,Sean Dolcy,"09,10,11,12",555,Test,,240 Convent Ave,"Manhattan, NY 10031",212-281-6490,30%,9%,18%,<1%,<1%,35%,0%,8%,,35%,65%,0%,88%,"Boys: VOLLEYBALL,INDOOR TRACK,BASKETBALL,CROSS COUNTRY,BASEBALL,SOCCER,OUTDOOR TRACK; Girls: BASKETBALL,INDOOR TRACK,OUTDOOR TRACK,SOFTBALL,CROSS COUNTRY,SOCCER; Co-Ed: N/A",N/A,"Drawing, Core Music, Guitar, Art History, Studio Art, Jazz Ensemble, Visual Art","NYSED ""Local Support and Improvement""",16%,N/A (fewer than 5 teachers),N/A (fewer than 5 teachers),0%,0%,58%,1.2,94%,,,,,,,,,,,,100%,83%,550 (99%),361 (65%),30% (164),9% (51),18% (98),<1% (2),<1% (3),35% (191),Fair,100%,0%,0%,79%,0%,21%,100%,100%,N/A,100%,N/A,N/A,100%,100%,100%,N/A,100%,,,,,,,,,,,,95%,95%,97%,97%,N/A,N/A,94%,N/A,100%,,,,,,,,,,,,,,96%,,96%,,59%,63%,50%,57%,N/A,N/A,62%,N/A,76%,93%,91%,97%,97%,N/A,N/A,95%,N/A,97%,,,,,,,,,,,86%,90%,85%,81%,N/A,N/A,88%,N/A,86%,,66%,68%,69%,69%,N/A,N/A,64%,N/A,79%,,90%,90%,92%,94%,N/A,N/A,89%,N/A,93%
06M211,Inwood Early College for Health and Information Technologies,,,,www.inwoodEC.org,Samona Tait,"09,10,11,12,SE",398,Ed. Opt.,,650 Academy Street,"Manhattan, NY 10034",212-567-1394,<1%,7%,91%,0%,<1%,<1%,16%,25%,,43%,57%,0%,83%,Boys: N/A; Girls: N/A; Co-Ed: N/A,N/A,"Theater, Voice and Diction, Guitar, Architecture, Art History","NYSED ""Local Support and Improvement""; Career & Technical Education; Career Readiness and Modern Youth Apprenticeship; CS for All; NYC Math",N/A (fewer than 5 teachers),22%,19%,0%,0%,46%,9.2,81%,,,,,,,,,,,,51%,65%,37 (9%),130 (33%),1% (2),4% (8),93% (167),0% (0),0% (0),<1% (1),Good,93%,7%,0%,92%,0%,8%,86%,N/A,N/A,85%,N/A,N/A,N/A,89%,83%,65%,76%,,,,,,,,,,,,88%,N/A,83%,88%,N/A,N/A,N/A,81%,83%,,,,,,,,,,,,,,86%,,95%,,59%,N/A,33%,60%,N/A,N/A,N/A,59%,61%,91%,N/A,100%,91%,N/A,N/A,N/A,93%,88%,,,,,,,,,,,92%,N/A,N/A,93%,N/A,N/A,N/A,91%,96%,,93%,N/A,N/A,92%,N/A,N/A,N/A,100%,100%,,94%,N/A,N/A,95%,N/A,N/A,N/A,100%,100%
06M293,City College Academy of the Arts,,,,www.ccaa293.org/,Burnedette Drysdale,"06,07,08,09,10,11,12,SE",340,Screened,,4600 Broadway,"Manhattan, NY 10040",212-567-3164,<1%,2%,94%,<1%,<1%,2%,6%,19%,,54%,46%,0%,82%,"Boys: VOLLEYBALL,BASKETBALL,SOCCER; Girls: BASKETBALL,SOFTBALL,VOLLEYBALL; Co-Ed: N/A",N/A,"Piano Keyboard, Illustration, Painting, Photography, Three-Dimensional Art, Drawing, Stage Design, Studio Art","NYSED ""Local Support and Improvement""; AP for All; DYCD: COMPASS/SONYC; NYC Math",N/A (fewer than 5 teachers),N/A (fewer than 5 teachers),35%,N/A (fewer than 5 teachers),0%,50%,18.2,80%,,,,,,,,,,,,92%,84%,46 (14%),197 (58%),<1% (2),3% (7),94% (259),<1% (2),<1% (1),1% (4),Fair,91%,9%,0%,94%,0%,6%,95%,N/A,N/A,96%,N/A,N/A,N/A,95%,96%,N/A,94%,,,,,,,,,,,,88%,N/A,78%,88%,N/A,N/A,82%,89%,89%,,,,,,,,,,,,,,90%,,97%,,48%,N/A,50%,48%,N/A,N/A,33%,78%,56%,90%,N/A,80%,91%,N/A,N/A,82%,92%,92%,,,,,,,,,,,86%,N/A,N/A,86%,N/A,N/A,N/A,100%,89%,,89%,N/A,N/A,89%,N/A,N/A,N/A,94%,96%,,90%,N/A,N/A,90%,N/A,N/A,N/A,100%,93%
06M346,Community Health Academy of the Heights,,,,www.chah.nyc,David Falciani,"06,07,08,09,10,11,12,SE",363,"Ed. Opt., For Continuing 8th Graders",,504 West 158th Street,"Manhattan, NY 10032",212-342-6600,1%,11%,86%,<1%,0%,2%,15%,20%,,49%,51%,0%,89%,"Boys: CROSS COUNTRY,BASKETBALL,SOCCER,BASEBALL; Girls: VOLLEYBALL,CROSS COUNTRY,Middle Schools BASKETBALL,BASKETBALL,SOFTBALL; Co-Ed: GOLF",AP Calculus,"Core Music, Visual Art, Modern Dance, Dance, Concert Band, Studio Art, Music, Theater","NYSED ""Local Support and Improvement""; Community School; DYCD: COMPASS/SONYC; PROSE",N/A (fewer than 5 teachers),10%,40%,0%,0%,40%,3.5,90%,,,,,,,,,,,,85%,55%,117 (32%),166 (46%),1% (3),10% (22),87% (200),<1% (1),0% (0),2% (4),Good,91%,N/A,N/A,91%,0%,9%,89%,N/A,N/A,93%,N/A,N/A,N/A,89%,89%,90%,87%,,,,,,,,,,,,92%,100%,85%,92%,N/A,N/A,100%,91%,89%,,,,,,,,,,,,,,86%,,96%,,68%,100%,63%,68%,N/A,N/A,67%,71%,68%,92%,100%,90%,92%,N/A,N/A,89%,92%,92%,,,,,,,,,,,98%,100%,94%,98%,N/A,N/A,75%,99%,99%,,97%,100%,94%,98%,N/A,N/A,75%,98%,99%,,99%,100%,94%,100%,N/A,N/A,100%,100%,99%
06M348,Washington Heights Expeditionary Learning School,,,,www.wheelsnyc.org,Marelyn Pichardo,"PK,0K,01,02,03,04,05,06,07,08,09,10,11,12,SE",453,"Ed. Opt., For Continuing 8th Graders",,511 West 182nd Street,"Manhattan, NY 10033",212-781-0524,<1%,3%,93%,0%,0%,<1%,17%,25%,,45%,55%,0%,86%,"Boys: SOCCER,BASEBALL,BASKETBALL; Girls: BASKETBALL,FLAG FOOTBALL,Middle Schools BASKETBALL,SOCCER; Co-Ed: N/A","Theater, Student Government, PRIDE Club, Stoked Skateboarding Club, CryptoClub, CareerReady SYEP and Work-Based Learning","Drawing, Visual Art, Art History, Jazz Ensemble, Mixed Media","NYSED ""Local Support and Improvement""; AP for All; Community School; CS for All; Dual Language or TBE; DYCD: COMPASS/SONYC; Future Ready NYC",6%,6%,41%,0%,0%,43%,0.5,78%,,,,,,,,,,,,58%,73%,300 (66%),155 (34%),1% (4),3% (9),93% (287),0% (0),0% (0),<1% (1),Good,91%,N/A,N/A,94%,N/A,N/A,92%,N/A,N/A,94%,N/A,N/A,N/A,92%,92%,93%,86%,,,,,,,,,,,,88%,N/A,69%,88%,N/A,N/A,100%,87%,83%,,,,,,,,,,,,,,82%,,98%,,53%,N/A,92%,51%,N/A,N/A,83%,51%,58%,95%,N/A,92%,95%,N/A,N/A,100%,96%,95%,,,,,,,,,,,91%,N/A,N/A,91%,N/A,N/A,93%,88%,88%,,94%,N/A,N/A,96%,N/A,N/A,79%,97%,94%,,96%,N/A,N/A,96%,N/A,N/A,93%,97%,94%
06M462,The College Academy,,,,www.thecollegeacademy.com/,Timothy Sigerson,"09,10,11,12,SE",329,"ASD/ACES Program, Ed. Opt., Language Criteria",,549 Audubon Avenue,"Manhattan, NY 10040",212-927-1841,<1%,10%,87%,<1%,<1%,1%,42%,27%,,43%,57%,0%,82%,Boys: N/A; Girls: N/A; Co-Ed: N/A,"Art, Band, Music, Choir, Drama, Film, Dance, National Art Honor Society, Chess, Video Game Club, Anime, Newspaper Club, Reading/Book Club, Creative Writing, Yearbook Committee, Photography, Student Council, Technology & Digital Design, Peer Mediation, LGBTQ, Big Brother Big Sister, National Honor Society, Robotics, STEM club, Computer Science, coding, PSAL Sports including Varsity & JV Baseball, Softball, Football, Flag Football, Swimming, Cycling, Volleyball, Indoor Track, Outdoor Track, Wrestling, Soccer, and a brand new weight room, and more!","Drawing, Painting, Mixed Choir, Mixed Media, Core Music, Concert Band, Visual Art","NYSED ""Local Support and Improvement""; AP for All; Community School; CS for All; Dual Language or TBE; Future Ready NYC; Project Pivot",N/A (fewer than 5 teachers),N/A (fewer than 5 teachers),64%,0%,0%,21%,7.1,71%,,,,,,,,,,,,68%,72%,87 (26%),156 (47%),2% (3),9% (18),88% (167),<1% (1),0% (0),0% (0),Good,97%,N/A,N/A,97%,N/A,N/A,91%,N/A,N/A,96%,N/A,N/A,N/A,88%,94%,95%,71%,,,,,,,,,,,,86%,N/A,95%,84%,N/A,N/A,N/A,88%,77%,,,,,,,,,,,,,,83%,,96%,,58%,N/A,55%,58%,N/A,N/A,N/A,58%,70%,87%,N/A,91%,85%,N/A,N/A,N/A,84%,87%,,,,,,,,,,,94%,N/A,95%,94%,N/A,N/A,N/A,94%,95%,,85%,N/A,95%,84%,N/A,N/A,N/A,86%,87%,,94%,N/A,100%,93%,N/A,N/A,N/A,93%,95%
06M463,High School for Media and Communications,,,,www.schools.nyc.gov/schools/M463,Sofia Russo,"09,10,11,12,SE",326,Ed. Opt.,,549 Audubon Avenue,"Manhattan, NY 10040",212-927-1841,<1%,11%,86%,<1%,<1%,1%,33%,21%,,48%,52%,0%,84%,Boys: N/A; Girls: N/A; Co-Ed: N/A,N/A,"Printmaking, Computer Art / Digital Art, Music, Drawing","NYSED ""Local Support and Improvement""; 21st Century Community Learning Center; AP for All; Community School; Dual Language or TBE; DYCD: COMPASS/SONYC; Project Pivot",N/A (fewer than 5 teachers),N/A (fewer than 5 teachers),64%,0%,0%,18%,1.8,75%,,,,,,,,,,,,47%,39%,154 (47%),90 (28%),0% (0),10% (22),89% (197),<1% (1),<1% (1),<1% (1),Good,78%,N/A,N/A,94%,N/A,N/A,91%,N/A,N/A,90%,N/A,N/A,N/A,94%,88%,92%,79%,,,,,,,,,,,,82%,N/A,80%,83%,N/A,N/A,N/A,81%,87%,,,,,,,,,,,,,,83%,,96%,,50%,N/A,47%,50%,N/A,N/A,N/A,45%,41%,90%,N/A,94%,90%,N/A,N/A,N/A,88%,91%,,,,,,,,,,,93%,N/A,87%,94%,N/A,N/A,N/A,95%,92%,,88%,N/A,74%,89%,N/A,N/A,N/A,94%,84%,,92%,N/A,83%,93%,N/A,N/A,N/A,94%,86%
06M467,High School for Law and Public Service,,,,www.myhslps.org,Paula Lev,"09,10,11,12,SE",360,"ASD/ACES Program, Ed. Opt., Language Criteria",,549 Audubon Avenue,"Manhattan, NY 10040",212-342-6130,1%,14%,82%,<1%,<1%,2%,37%,21%,,56%,44%,0%,89%,"Boys: BASEBALL,FOOTBALL,SOCCER,SWIMMING,BASKETBALL,WRESTLING,OUTDOOR TRACK; Girls: INDOOR TRACK,FLAG FOOTBALL,SOFTBALL,VOLLEYBALL,BASKETBALL,OUTDOOR TRACK,SWIMMING,SOCCER; Co-Ed: N/A",N/A,"Visual Art, Acting, Dance, Choreography / Dance Composition, Playwriting, Graphic Design, Studio Art","NYSED ""Targeted Support and Improvement""; AP for All; CS for All; Dual Language or TBE; Project Pivot",N/A (fewer than 5 teachers),N/A (fewer than 5 teachers),45%,0%,0%,40%,3.6,53%,,,,,,,,,,,,38%,44%,74 (21%),64 (18%),<1% (1),18% (21),80% (94),0% (0),0% (0),2% (2),Good,63%,N/A,N/A,92%,0%,8%,82%,N/A,81%,84%,N/A,N/A,N/A,88%,76%,74%,80%,,,,,,,,,,,,88%,N/A,75%,89%,N/A,N/A,100%,83%,84%,,,,,,,,,,,,,,80%,,97%,,59%,N/A,71%,56%,N/A,N/A,67%,60%,70%,89%,N/A,81%,89%,N/A,N/A,83%,81%,93%,,,,,,,,,,,98%,N/A,100%,98%,N/A,N/A,100%,98%,100%,,99%,N/A,100%,98%,N/A,N/A,100%,98%,100%,,99%,N/A,100%,99%,N/A,N/A,100%,99%,100%
06M468,High School for Health Careers and Sciences,,,,www.hshcs.nyc/,Javier Trejo,"09,10,11,12,SE",370,"Ed. Opt., Language Criteria",,549 Audubon Avenue,"Manhattan, NY 10040",212-927-1841,2%,11%,83%,<1%,0%,2%,32%,25%,,53%,47%,0%,84%,Boys: N/A; Girls: N/A; Co-Ed: N/A,N/A,"Studio Art, Theater / Play Production, Graphic Design, Visual Art, Art History","NYSED ""Local Support and Improvement""; AP for All; Community School; Dual Language or TBE; Project Pivot",0%,17%,38%,0%,0%,38%,10.6,86%,,,,,,,,,,,,29%,44%,91 (25%),174 (47%),3% (5),15% (29),80% (157),<1% (1),0% (0),2% (4),Good,70%,N/A,N/A,96%,N/A,N/A,80%,N/A,N/A,78%,N/A,N/A,N/A,95%,61%,70%,73%,,,,,,,,,,,,84%,57%,81%,85%,N/A,N/A,100%,89%,85%,,,,,,,,,,,,,,86%,,94%,,60%,29%,50%,62%,N/A,N/A,71%,70%,72%,93%,71%,94%,93%,N/A,N/A,86%,94%,93%,,,,,,,,,,,99%,100%,100%,99%,N/A,N/A,100%,99%,100%,,98%,100%,100%,97%,N/A,N/A,100%,97%,99%,,99%,100%,100%,99%,N/A,N/A,100%,99%,100%
06M540,A. Philip Randolph Campus High School,,,,www.aprandolph.com,David Fanning,"09,10,11,12,SE",1266,"ASD/ACES Program, Ed. Opt., Language Criteria, Screened",,443 West 135 Street,"Manhattan, NY 10031",212-690-6800,3%,33%,61%,<1%,<1%,2%,15%,18%,,51%,49%,0%,83%,"Boys: VOLLEYBALL,SWIMMING,BASKETBALL,OUTDOOR TRACK,LACROSSE,BOWLING,FOOTBALL,BASEBALL,SOCCER,WRESTLING; Girls: VOLLEYBALL,OUTDOOR TRACK,SOCCER,BASKETBALL,SOFTBALL,TENNIS,SWIMMING,LACROSSE,WRESTLING; Co-Ed: N/A",N/A,"Mixed Choir, Piano Keyboard, Filmmaking / Video, Visual Art, Drawing","NYSED ""Local Support and Improvement""; CS for All; Dual Language or TBE; NYC Math; Project Pivot",8%,17%,35%,0%,0%,31%,11.8,90%,,,,,,,,,,,,49%,58%,172 (14%),760 (60%),4% (33),33% (271),59% (479),<1% (4),<1% (5),2% (15),Good,81%,11%,9%,82%,0%,18%,78%,N/A,87%,73%,N/A,N/A,N/A,86%,69%,59%,73%,,,,,,,,,,,,75%,82%,76%,74%,N/A,N/A,86%,71%,69%,,,,,,,,,,,,,,82%,,96%,,45%,61%,50%,43%,N/A,N/A,29%,57%,50%,87%,88%,85%,90%,N/A,N/A,86%,87%,84%,,,,,,,,,,,78%,N/A,72%,81%,N/A,N/A,N/A,76%,85%,,71%,N/A,66%,71%,N/A,N/A,N/A,55%,82%,,81%,N/A,70%,88%,N/A,N/A,N/A,87%,86%
06M552,Gregorio Luperon High School for Science and Mathematics,,,,glhs.nyc,Yecenia Cardoza,"09,10,11,12",576,Language Criteria,,501 West 165th Street,"Manhattan, NY 10032",212-928-1202,0%,0%,96%,0%,0%,0%,77%,8%,,44%,56%,<1%,92%,"Boys: BASEBALL,BASKETBALL; Girls: VOLLEYBALL,SOFTBALL; Co-Ed: N/A",N/A,"Piano Keyboard, Concert Band, Art History, Visual Art","NYSED ""Local Support and Improvement""; Dual Language or TBE; DYCD: COMPASS/SONYC; NYC Math; Respect for All",N/A (fewer than 5 teachers),N/A (fewer than 5 teachers),66%,0%,0%,N/A (fewer than 5 teachers),6.9,82%,,,,,,,,,,,,87%,43%,159 (28%),269 (47%),0% (0),0% (0),98% (318),0% (0),0% (0),0% (0),Good,80%,20%,0%,88%,0%,12%,99%,N/A,N/A,99%,N/A,N/A,N/A,100%,97%,99%,N/A,,,,,,,,,,,,91%,N/A,N/A,91%,N/A,N/A,N/A,89%,85%,,,,,,,,,,,,,,90%,,97%,,60%,N/A,N/A,59%,N/A,N/A,N/A,62%,74%,96%,N/A,N/A,95%,N/A,N/A,N/A,94%,96%,,,,,,,,,,,95%,N/A,N/A,94%,N/A,N/A,N/A,94%,92%,,86%,N/A,N/A,86%,N/A,N/A,N/A,86%,86%,,97%,N/A,N/A,97%,N/A,N/A,N/A,97%,97%
07X221,South Bronx Preparatory: A College Board School,,,,www.southbronxprep.net,Ellen Flanagan,"06,07,08,09,10,11,12,SE",381,"Ed. Opt., For Continuing 8th Graders",,360 East 145 Street,"Bronx, NY 10454",718-292-2211,<1%,27%,71%,<1%,<1%,<1%,3%,26%,,53%,47%,0%,74%,"Boys: BASEBALL,BASKETBALL,LACROSSE,CROSS COUNTRY,OUTDOOR TRACK,SOCCER; Girls: BASKETBALL,TABLE TENNIS,VOLLEYBALL,HANDBALL,OUTDOOR TRACK,CROSS COUNTRY,SOFTBALL; Co-Ed: N/A",N/A,"Studio Art, Art History, Drawing","NYSED ""Local Support and Improvement""; CS for All; DYCD: COMPASS/SONYC; NYC Math",10%,20%,18%,0%,0%,43%,16.2,80%,,,,,,,,,,,,61%,72%,65 (17%),81 (21%),0% (0),31% (38),69% (85),0% (0),0% (0),0% (0),Good,96%,N/A,N/A,100%,0%,0%,97%,N/A,96%,97%,N/A,N/A,N/A,96%,98%,N/A,100%,,,,,,,,,,,,83%,N/A,81%,82%,N/A,N/A,100%,87%,88%,,,,,,,,,,,,,,91%,,95%,,52%,N/A,50%,53%,N/A,N/A,63%,55%,71%,90%,N/A,85%,92%,N/A,N/A,88%,93%,90%,,,,,,,,,,,82%,N/A,81%,82%,N/A,N/A,100%,78%,88%,,75%,N/A,77%,74%,N/A,N/A,100%,81%,83%,,86%,N/A,87%,85%,N/A,N/A,100%,92%,89%
07X223,The Laboratory School of Finance and Technology: X223,,,,www.mshs223.org,Ashley Downs,"06,07,08,09,10,11,12,SE",366,"Ed. Opt., For Continuing 8th Graders, Language Criteria",,360 East 145 Street,"Bronx, NY 10454",718-585-8202,<1%,15%,83%,<1%,<1%,<1%,3%,17%,,49%,51%,<1%,83%,Boys: N/A; Girls: N/A; Co-Ed: N/A,N/A,Music Technology,"NYSED ""Local Support and Improvement""; AP for All; Career Readiness and Modern Youth Apprenticeship; Community School; Consortium; Dual Language or TBE; Future Ready NYC; PROSE",N/A (fewer than 5 teachers),19%,36%,0%,0%,30%,0.2,75%,,,,,,,,,,,,80%,76%,124 (34%),139 (38%),<1% (1),16% (43),83% (224),0% (0),<1% (1),0% (0),Fair,95%,N/A,N/A,98%,N/A,N/A,91%,N/A,100%,89%,N/A,N/A,N/A,98%,86%,N/A,80%,,,,,,,,,,,,89%,N/A,81%,90%,N/A,N/A,100%,83%,81%,,,,,,,,,,,,,,89%,,95%,,53%,N/A,47%,54%,N/A,N/A,50%,65%,54%,93%,N/A,92%,93%,N/A,N/A,100%,92%,92%,,,,,,,,,,,89%,N/A,95%,88%,N/A,N/A,N/A,82%,88%,,88%,N/A,86%,88%,N/A,N/A,N/A,100%,94%,,96%,N/A,91%,96%,N/A,N/A,N/A,94%,94%
07X259,"H.E.R.O. High (Health, Education, and Research Occupations High School)",,,,herohigh.net,Kristin Cahill Garcia,"09,10,11,12,SE",671,Ed. Opt.,,455 Southern Blvd,"Bronx, NY 10455",718-585-8013,2%,33%,63%,<1%,<1%,1%,11%,23%,,68%,32%,0%,91%,"Boys: BASKETBALL,BASEBALL,OUTDOOR TRACK,SOCCER; Girls: BOWLING,BASKETBALL,TABLE TENNIS,SOCCER,OUTDOOR TRACK,INDOOR TRACK,SOFTBALL,VOLLEYBALL; Co-Ed: N/A",N/A,"Studio Art, Visual Art, Modern Dance, Theater Survey / Introduction to Theater, Improvisation, Filmmaking / Video, Acting","NYSED ""Local Support and Improvement""; Career & Technical Education; Career Readiness and Modern Youth Apprenticeship; Future Ready NYC; NYC Math",N/A (fewer than 5 teachers),16%,27%,0%,0%,44%,10.2,74%,,,,,,,,,,,,74%,56%,,298 (44%),2% (6),34% (117),62% (213),<1% (3),<1% (2),<1% (3),Good,95%,N/A,N/A,90%,0%,10%,81%,N/A,85%,78%,N/A,N/A,N/A,84%,76%,63%,66%,,,,,,,,,,,,83%,N/A,85%,83%,N/A,N/A,N/A,71%,79%,,,,,,,,,,,,,,79%,,94%,,50%,67%,42%,53%,N/A,N/A,N/A,67%,65%,88%,83%,91%,87%,N/A,N/A,N/A,95%,90%,,,,,,,,,,,91%,80%,96%,91%,N/A,N/A,N/A,100%,96%,,92%,100%,89%,94%,N/A,N/A,N/A,100%,96%,,89%,100%,96%,88%,N/A,N/A,N/A,86%,96%
07X334,International Community High School,,,,www.internationalcommunityhs.org/,Berena Cabarcas,"09,10,11,12",328,Language Criteria,,345 Brook Avenue,"Bronx, NY 10454",718-665-4128,1%,13%,81%,<1%,<1%,2%,88%,10%,,45%,55%,0%,88%,"Boys: BASKETBALL,SOCCER,BASEBALL; Girls: SOCCER,BASKETBALL,VOLLEYBALL; Co-Ed: OUTDOOR TRACK,TABLE TENNIS","Advisory/CREW, ASPIRA Leadership Program, Yucca Arts, Animation, Chess Club, Gaming Club, Karoke Club, Afro-Caribbean Dance, Hip-Hop Dance, After-School Tutoring, Capoeira, Center for the Urban Pedagogy, Narrative 4, Computer Science/Website Design, Per Scholas, STEM Club, Drama, Internship Program, Math Wizard Competition, Peer Mediation, Open Mike Club, SAT Prep Classes, Saturday Family Programs, Sauti Yetu, Girls Leadership Institute, Student Government, Studio Art, Sunday Baseball and Basketball Clinics,","Visual Art, Painting, Music, Mixed Media, Digital Photography","NYSED ""Local Support and Improvement""; Competency Collaborative; Consortium; Future Ready NYC; Pathways Advising; PROSE",18%,N/A (fewer than 5 teachers),25%,0%,0%,36%,16.7,89%,,,,,,,,,,,,67%,57%,,79 (24%),2% (2),21% (27),74% (95),<1% (1),0% (0),2% (3),Fair,N/A,94%,N/A,91%,N/A,N/A,82%,N/A,83%,81%,N/A,N/A,N/A,91%,73%,81%,100%,,,,,,,,,,,,88%,N/A,79%,89%,N/A,N/A,67%,89%,84%,,,,,,,,,,,,,,86%,,98%,,58%,N/A,67%,54%,N/A,N/A,83%,58%,55%,90%,N/A,87%,91%,N/A,N/A,80%,89%,79%,,,,,,,,,,,95%,N/A,N/A,95%,N/A,N/A,N/A,97%,N/A,,96%,N/A,N/A,97%,N/A,N/A,N/A,95%,N/A,,94%,N/A,N/A,93%,N/A,N/A,N/A,93%,N/A
07X427,Community School for Social Justice,,,,www.cssjbronx.org,Jaime Guzman,"09,10,11,12,SE",216,Ed. Opt.,,350 Gerard Avenue,"Bronx, NY 10451",718-402-8481,0%,23%,73%,<1%,0%,<1%,19%,27%,,49%,51%,0%,87%,Boys: N/A; Girls: N/A; Co-Ed: N/A,N/A,"Filmmaking / Video, Theater Survey / Introduction to Theater, Photography","NYSED ""Local Support and Improvement""; Community School; Consortium; Pathways Advising; PROSE",N/A (fewer than 5 teachers),N/A (fewer than 5 teachers),26%,0%,0%,58%,6.6,95%,,,,,,,,,,,,24%,48%,,51 (24%),0% (0),17% (10),81% (47),2% (1),0% (0),0% (0),Good,94%,N/A,N/A,100%,0%,0%,78%,N/A,N/A,80%,N/A,N/A,N/A,81%,74%,85%,67%,,,,,,,,,,,,88%,N/A,80%,92%,N/A,N/A,N/A,96%,94%,,,,,,,,,,,,,,75%,,96%,,73%,N/A,75%,74%,N/A,N/A,N/A,63%,87%,95%,N/A,100%,94%,N/A,N/A,N/A,97%,100%,,,,,,,,,,,87%,N/A,94%,83%,N/A,N/A,N/A,75%,86%,,79%,N/A,88%,73%,N/A,N/A,N/A,75%,77%,,87%,N/A,94%,86%,N/A,N/A,N/A,83%,91%
07X473,Mott Haven Village Preparatory High School,,,,mhvpschool.com,Melanie Williams/Jaime Dubei,"09,10,11,12,SE",175,Ed. Opt.,,701 St. Anns Avenue,"Bronx, NY 10455",718-402-0571,1%,29%,69%,0%,<1%,1%,14%,32%,,55%,45%,0%,77%,Boys: N/A; Girls: N/A; Co-Ed: N/A,"Chess Club, LGBTQ Club, ProjectPIVOT, CHILL snowboarding program, Broadway Bridges/Early stages to see Broadway shows for $7/ticket. We encourage new clubs to form based on student interest.","Digital Photography, Three-Dimensional Art, Drawing, Visual Art, Mixed Media, Core Music","NYSED ""Additional Targeted Support and Improvement""; NYC Math; Project Pivot",0%,N/A (fewer than 5 teachers),N/A (fewer than 5 teachers),0%,0%,65%,0.3,88%,,,,,,,,,,,,28%,45%,,52 (30%),1% (2),27% (42),69% (106),0% (0),<1% (1),1% (2),Good,90%,N/A,N/A,98%,N/A,N/A,68%,N/A,79%,61%,N/A,N/A,N/A,74%,62%,N/A,53%,,,,,,,,,,,,92%,N/A,93%,93%,N/A,N/A,N/A,90%,94%,,,,,,,,,,,,,,83%,,96%,,57%,N/A,56%,59%,N/A,N/A,N/A,74%,61%,91%,N/A,94%,89%,N/A,N/A,N/A,85%,87%,,,,,,,,,,,91%,N/A,93%,89%,N/A,N/A,N/A,100%,89%,,92%,N/A,93%,91%,N/A,N/A,N/A,100%,89%,,91%,N/A,80%,94%,N/A,N/A,N/A,100%,89%
07X495,University Heights Secondary School,,,,UniversityHeightsHighSchool.org,Hazel Joseph Roseboro,"09,10,11,12,SE",570,Screened With Assessment,,701 St. Anns Avenue,"Bronx, NY 10455",718-292-0578,6%,31%,57%,<1%,0%,3%,4%,20%,,52%,48%,<1%,92%,"Boys: INDOOR TRACK,BASKETBALL,RUGBY,BOWLING,OUTDOOR TRACK,VOLLEYBALL,SOCCER,CROSS COUNTRY,TENNIS,BASEBALL; Girls: INDOOR TRACK,BADMINTON,SOFTBALL,BASKETBALL,SOCCER,OUTDOOR TRACK,VOLLEYBALL,CROSS COUNTRY,FLAG FOOTBALL; Co-Ed: DOUBLE DUTCH","3D Printing, Alpha's Greatest Legacy (formerly Young Achievers), Anime Club, Archery, Arduino Club, Art to Art Broadway Show Program, Arts Connection, Automotive Technology, Baking Club, Band, Bella Abzug Leadership Group, Bloomberg Young Professionals, Book Club, Bronx FAB Lab, Business and Economics, Center for Educational Innovation Broadway Theater Program, Careerwise Executive Apprenticeship Program, Chess Club, Columbia University NY Bioforce Internship Program, Columbia University Freedom and Citizenship Program, Columbia University HK Maker Lab Summer Program, Computer Applications in Technology, Computer Science For All, Cornell University Cooperative Extension Nutrition Club, Cycling, Debate Team, Drawing, Dreamyard Dance and Theatre, Einstein Enrichment Program, Energy Tech, Engineering, Fellowship Initiative, First Robotics Class, First Year Seminar, Fordham University STEP Program, Gaming, Gardening, Genetics, Geospatial Program at Bronx Community College, Girls Leadership Club, Girls Write Now, Global STEM Alliance 1000 Girls 1000 Futures Mentoring Program, Good Shepherd Life Link Program, Graphic Design, Here to Here, HNN Heights News Network (News Program), Karate, Memorial Sloan Kettering Cancer Center Summer Exposure Program, Microsoft IT Academy, Model UN, Music Club, Narrative 4 Ambassadors, National Society of Black Engineers, New York City Urban Debate Team, NFTE (Network For Teaching Entrepreneurship), Questbridge, Pencil Partnership, Political Science, Painting, Psychology, Rockefeller University LAB Jumpstart, Rockefeller University Summer Science Research Program, Rocking the Boat, Sadie Nash Leadership Institute, SAT Prep, SEO Sponsors for Educational Opportunity, Shakespeare Festival, Sociology, STEM Institute at City College, Student Ambassadors, Student Government, Summer Bridge, Summer Search, Talent Search (Academic Enrichment Program), Two Sigma (coding and programming fellowship and mentorship program), Upward Bound (College Enrichment Program), Upward Bound Math and Science, Web Design, Writing Center, Yearbook, Young Men United Club, Zine and more.","Core Music, Painting, Music, Drawing, Computer Art / Digital Art, Dance Improvisation, Graphic Design, Photography, Filmmaking / Video","NYSED ""Local Support and Improvement""; Career Readiness and Modern Youth Apprenticeship; Consortium; DYCD: COMPASS/SONYC; Future Ready NYC",N/A (fewer than 5 teachers),38%,28%,0%,0%,28%,14.1,91%,,,,,,,,,,,,99%,88%,214 (38%),94 (16%),6% (34),31% (162),56% (298),<1% (4),0% (0),3% (14),Fair,100%,0%,0%,99%,N/A,N/A,100%,N/A,100%,100%,N/A,N/A,N/A,100%,100%,100%,100%,,,,,,,,,,,,97%,100%,97%,97%,N/A,N/A,100%,100%,94%,,,,,,,,,,,,,,93%,,95%,,60%,65%,54%,63%,N/A,N/A,82%,33%,59%,97%,100%,96%,97%,N/A,N/A,100%,100%,96%,,,,,,,,,,,97%,100%,99%,97%,N/A,N/A,100%,100%,100%,,98%,100%,97%,98%,N/A,N/A,100%,100%,100%,,98%,100%,99%,97%,N/A,N/A,100%,100%,100%
07X500,Hostos-Lincoln Academy of Science,,,,www.hostoslincoln.org,Nicholas Paarlberg,"06,07,08,09,10,11,12,SE",331,"D75 Special Education Inclusive Services, Screened",,600 Saint Ann's Avenue,"Bronx, NY 10455",718-402-5640,<1%,26%,71%,1%,<1%,<1%,4%,22%,,49%,51%,0%,76%,"Boys: BASKETBALL,CROSS COUNTRY,OUTDOOR TRACK; Girls: CROSS COUNTRY,OUTDOOR TRACK,VOLLEYBALL; Co-Ed: N/A",N/A,"Studio Art, Playwriting, Acting, Photography, Visual Art, Computer Art / Digital Art","NYSED ""Local Support and Improvement""; NYC Math",15%,26%,21%,0%,0%,36%,19.1,85%,,,,,,,,,,,,72%,77%,29 (9%),127 (38%),<1% (2),27% (59),70% (150),<1% (2),<1% (1),<1% (1),Good,79%,N/A,N/A,92%,0%,8%,95%,N/A,96%,94%,N/A,N/A,N/A,95%,95%,N/A,70%,,,,,,,,,,,,90%,80%,87%,91%,N/A,N/A,N/A,78%,89%,,,,,,,,,,,,,,88%,,96%,,45%,100%,42%,45%,N/A,N/A,N/A,50%,57%,90%,100%,83%,92%,N/A,N/A,N/A,96%,87%,,,,,,,,,,,86%,N/A,77%,88%,N/A,N/A,N/A,N/A,76%,,84%,N/A,91%,83%,N/A,N/A,N/A,N/A,86%,,89%,N/A,91%,88%,N/A,N/A,N/A,N/A,86%
07X522,Bronx Design and Construction Academy,,,,www.bxdesign.org,Joyce Pulphus,"09,10,11,12,SE",228,Ed. Opt.,,333 East 151 Street,"Bronx, NY 10451",718-402-7690,1%,31%,67%,0%,0%,<1%,16%,42%,,20%,80%,0%,78%,Boys: N/A; Girls: N/A; Co-Ed: N/A,"Video Game Club, Music Club, Movie Club, Art Club, Tech Squad, Student Government, Architecture Club","Visual Art, Architecture, Studio Art, Illustration","NYSED ""Local Support and Improvement""; AP for All; Career & Technical Education; Community School; Competency Collaborative; NYC Math; Project Pivot",N/A (fewer than 5 teachers),41%,21%,0%,0%,24%,6.9,83%,,,,,,,,,,,,46%,32%,91 (40%),102 (45%),2% (2),37% (48),61% (80),0% (0),0% (0),0% (0),Excellent,98%,N/A,N/A,100%,0%,0%,71%,N/A,71%,70%,N/A,N/A,N/A,N/A,70%,50%,68%,,,,,,,,,,,,76%,N/A,67%,81%,N/A,N/A,N/A,73%,81%,,,,,,,,,,,,,,86%,,97%,,54%,N/A,54%,54%,N/A,N/A,N/A,67%,51%,83%,N/A,82%,85%,N/A,N/A,N/A,80%,82%,,,,,,,,,,,92%,N/A,89%,91%,N/A,N/A,N/A,91%,88%,,88%,N/A,100%,85%,N/A,N/A,N/A,82%,94%,,94%,N/A,100%,91%,N/A,N/A,N/A,89%,94%
07X527,Bronx Leadership Academy II High School,,,,www.schools.nyc.gov/schools/X527,Rose Lobianco,"09,10,11,12,SE",406,"D75 Special Education Inclusive Services, Ed. Opt.",,730 Concourse Village West,"Bronx, NY 10451",718-292-7171,1%,28%,69%,1%,0%,<1%,14%,28%,,47%,53%,0%,84%,Boys: N/A; Girls: N/A; Co-Ed: N/A,"After School Tutoring and Saturday School Tutoring (All Subjects) Clubs (Law, Cheerleading, Dance, Theatre/Dram, Pottery, Photography, Anime, Yearbook, Video Gaming, Student Council, (additional clubs as per student interest) Internship Programs: Big Brother/Big Sister; Here-to-Here, Genesys Works, Career-Wise, SYEP Partnerships: Montefiore Clinic, iMentor College Program, Campus Student Success Center, Advanced Placement for All, National Honor Society, Peer Group Connection, BuildOn Community Service, Opening Act Theatre and Drama","Studio Art, Social / Ballroom Dance, Repertory Workshop / Dance Company, Percussion","NYSED ""Local Support and Improvement""; AP for All; Career Readiness and Modern Youth Apprenticeship; Future Ready NYC; NYC Math; Project Pivot",N/A (fewer than 5 teachers),51%,N/A (fewer than 5 teachers),0%,0%,39%,8.1,80%,,,,,,,,,,,,67%,56%,116 (29%),218 (54%),2% (4),31% (81),66% (173),2% (4),0% (0),<1% (1),Fair,91%,N/A,N/A,97%,N/A,N/A,81%,N/A,82%,80%,N/A,N/A,N/A,89%,73%,83%,74%,,,,,,,,,,,,88%,N/A,86%,90%,N/A,N/A,N/A,86%,87%,,,,,,,,,,,,,,80%,,95%,,54%,40%,55%,55%,N/A,N/A,N/A,41%,60%,90%,N/A,93%,89%,N/A,N/A,N/A,83%,88%,,,,,,,,,,,95%,80%,96%,94%,N/A,N/A,N/A,95%,90%,,69%,80%,71%,69%,N/A,N/A,N/A,73%,80%,,94%,100%,91%,95%,N/A,N/A,N/A,100%,91%
07X548,Careers in Sports High School,,,,www.cishs.org,Johanny Garcia,"09,10,11,12,SE",430,Ed. Opt.,,730 Concourse Village West,"Bronx, NY 10451",718-292-7110,0%,25%,73%,<1%,0%,1%,17%,29%,,27%,73%,0%,91%,"Boys: INDOOR TRACK,BASEBALL,OUTDOOR TRACK,VOLLEYBALL,BASKETBALL,SOCCER,FOOTBALL,CROSS COUNTRY,WRESTLING; Girls: SOCCER,VOLLEYBALL,RUGBY,CROSS COUNTRY,INDOOR TRACK,GOLF,SOFTBALL,OUTDOOR TRACK,BASKETBALL; Co-Ed: GOLF",N/A,"Studio Art, Computer Art / Digital Art, Visual Art","NYSED ""Local Support and Improvement""; Community School; DYCD: COMPASS/SONYC; NYC Math; Project Pivot",0%,27%,41%,N/A (fewer than 5 teachers),0%,22%,12.7,89%,,,,,,,,,,,,11%,36%,39 (9%),158 (37%),0% (0),28% (48),69% (120),<1% (1),0% (0),2% (3),Good,96%,N/A,N/A,98%,N/A,N/A,70%,N/A,77%,66%,N/A,N/A,N/A,91%,62%,80%,55%,,,,,,,,,,,,90%,N/A,95%,87%,N/A,N/A,100%,84%,94%,,,,,,,,,,,,,,82%,,94%,,50%,N/A,51%,50%,N/A,N/A,N/A,53%,52%,94%,N/A,90%,96%,N/A,N/A,100%,91%,95%,,,,,,,,,,,86%,N/A,N/A,87%,N/A,N/A,N/A,100%,100%,,81%,N/A,N/A,77%,N/A,N/A,N/A,N/A,100%,,85%,N/A,N/A,86%,N/A,N/A,N/A,100%,100%
07X551,The Urban Assembly Bronx Academy of Letters,,,,www.bronxletters.org/,Amy Schless,"06,07,08,09,10,11,12,SE",354,"ASD/ACES Program, Open",,339 Morris Avenue,"Bronx, NY 10451",718-401-4891,<1%,32%,62%,2%,0%,3%,14%,29%,,44%,56%,0%,70%,Boys: N/A; Girls: N/A; Co-Ed: N/A,N/A,"Mixed Media, Concert Band, Theater / Play Production, Acting, Computer Art / Digital Art, Modern Dance, Playwriting","NYSED ""Comprehensive Support and Improvement""; AP for All; NYC Math",N/A (fewer than 5 teachers),20%,18%,0%,0%,45%,3.2,78%,,,,,,,,,,,,29%,51%,67 (19%),72 (20%),2% (2),31% (32),60% (62),2% (2),0% (0),6% (6),Excellent,95%,N/A,N/A,96%,N/A,N/A,73%,N/A,71%,72%,N/A,N/A,N/A,73%,74%,53%,74%,,,,,,,,,,,,77%,N/A,70%,79%,N/A,N/A,89%,85%,80%,,,,,,,,,,,,,,75%,,97%,,54%,N/A,54%,52%,N/A,N/A,70%,47%,49%,89%,N/A,84%,90%,N/A,N/A,100%,87%,89%,,,,,,,,,,,81%,N/A,58%,94%,N/A,N/A,N/A,100%,80%,,80%,N/A,55%,94%,N/A,N/A,N/A,100%,90%,,77%,N/A,58%,88%,N/A,N/A,N/A,71%,80%
07X600,Alfred E. Smith Career and Technical Education High School,,,,www.aesmithhs.org,Evan Schwartz,"09,10,11,12,SE",409,"Ed. Opt., Language Criteria, Screened",,333 East 151 Street,"Bronx, NY 10451",718-993-5000,2%,27%,68%,2%,0%,<1%,13%,29%,,15%,85%,0%,80%,"Boys: OUTDOOR TRACK,BOWLING,BASEBALL,SOCCER,BASKETBALL,FOOTBALL,WRESTLING,TENNIS,VOLLEYBALL; Girls: FLAG FOOTBALL,BASKETBALL,VOLLEYBALL; Co-Ed: N/A","Academic Tutorial Programs, Automotive Youth Educational System (AYES) Internships, Dance club, Music Production Club, Drone Club, Skills USA, Electric Car Competition, Competitive Citywide Robotic Team, Co-op Education, Modern Dance, PSAT and SAT Prep Skills, USA Wrestling",Graphic Design,"NYSED ""Local Support and Improvement""; AP for All; Career & Technical Education; Dual Language or TBE",14%,19%,35%,0%,0%,30%,11.2,92%,,,,,,,,,,,,84%,36%,80 (20%),147 (36%),3% (6),25% (46),69% (127),2% (3),0% (0),1% (2),Good,91%,N/A,N/A,97%,N/A,N/A,91%,N/A,87%,91%,N/A,N/A,N/A,N/A,89%,91%,86%,,,,,,,,,,,,83%,80%,83%,83%,N/A,N/A,N/A,82%,82%,,,,,,,,,,,,,,81%,,96%,,46%,60%,53%,45%,N/A,N/A,N/A,55%,56%,89%,80%,95%,86%,N/A,N/A,N/A,90%,90%,,,,,,,,,,,81%,N/A,83%,79%,N/A,N/A,N/A,82%,100%,,80%,N/A,72%,83%,N/A,N/A,N/A,90%,87%,,87%,N/A,88%,85%,N/A,N/A,N/A,89%,96%
07X625,Bronx Legacy High School,,,,www.thisisthex.com/,Kameca Waugh,"09,10,11,SE",169,Open,,730 Concourse Village West,"Bronx, NY 10451",N/A,<1%,27%,68%,1%,0%,1%,16%,22%,,61%,39%,0%,74%,Boys: N/A; Girls: N/A; Co-Ed: N/A,N/A,"Visual Art, Art History","NYSED ""Local Support and Improvement""; Competency Collaborative; Future Ready NYC; NYC Math; Project Pivot; PROSE; Respect for All",0%,50%,N/A (fewer than 5 teachers),0%,0%,N/A (fewer than 5 teachers),3.2,50%,,,,,,,,,,,,N/A,N/A,13 (8%),56 (33%),0% (0),37% (22),61% (36),0% (0),0% (0),2% (1),Good,93%,N/A,N/A,87%,0%,13%,N/A,N/A,N/A,N/A,N/A,N/A,N/A,N/A,N/A,N/A,N/A,,,,,,,,,,,,90%,N/A,89%,92%,N/A,N/A,N/A,88%,84%,,,,,,,,,,,,,,86%,,96%,,61%,N/A,52%,70%,N/A,N/A,N/A,75%,75%,92%,N/A,83%,95%,N/A,N/A,N/A,94%,95%,,,,,,,,,,,81%,N/A,72%,87%,N/A,N/A,N/A,100%,88%,,78%,N/A,77%,82%,N/A,N/A,N/A,84%,92%,,84%,N/A,86%,87%,N/A,N/A,N/A,95%,85%
07X670,Health Opportunities High School,,,,www.schools.nyc.gov/schools/X670,Andrew Clayman,"09,10,11,12,SE",223,Ed. Opt.,,350 Gerard Avenue,"Bronx, NY 10451",718-401-1826,0%,35%,61%,3%,<1%,0%,11%,32%,,60%,40%,0%,81%,"Boys: CROSS COUNTRY,SOCCER,BASEBALL,TABLE TENNIS,BASKETBALL,FENCING,OUTDOOR TRACK; Girls: INDOOR TRACK,BASKETBALL,SOFTBALL,CROSS COUNTRY,TABLE TENNIS,VOLLEYBALL,OUTDOOR TRACK,FLAG FOOTBALL,FENCING,SOCCER; Co-Ed: STUNT","Photography Club, Dance Club, Cat Rock, Chills, Recycling, GSA, Music/Choir, Science Club, Debate Club, Love Thyself , Boy 2 Men Video Gaming, NYPD Explorers, Year Book Club, Peer Tutoring Program, GCD Jewish Home, College Now, Internship Programs","Dance, Core Music, Dance Improvisation, Concert Band","NYSED ""Local Support and Improvement""; AP for All; Community School; Future Ready NYC; NYC Math; Project Pivot",N/A (fewer than 5 teachers),N/A (fewer than 5 teachers),23%,0%,0%,32%,4.8,86%,,,,,,,,,,,,25%,52%,28 (13%),58 (26%),0% (0),29% (23),64% (50),3% (2),1% (1),0% (0),Good,95%,N/A,N/A,95%,N/A,N/A,74%,N/A,85%,70%,N/A,N/A,N/A,84%,63%,42%,64%,,,,,,,,,,,,89%,N/A,94%,86%,N/A,N/A,N/A,63%,83%,,,,,,,,,,,,,,82%,,94%,,59%,N/A,65%,56%,N/A,N/A,N/A,40%,66%,92%,N/A,96%,90%,N/A,N/A,N/A,60%,87%,,,,,,,,,,,91%,N/A,98%,86%,N/A,N/A,N/A,95%,92%,,97%,N/A,100%,97%,N/A,N/A,N/A,90%,96%,,93%,N/A,96%,90%,N/A,N/A,N/A,90%,94%
08X269,Bronx Studio School for Writers and Artists,,,,www.bsswa.org/,Dawn Verhille,"06,07,08,09,10,11,12,SE",331,"Ed. Opt., For Continuing 8th Graders",,928 Simpson Street,"Bronx, NY 10459",718-893-5158,<1%,18%,80%,0%,0%,2%,9%,24%,,59%,41%,0%,68%,"Boys: BASKETBALL,RUGBY,SOCCER,WRESTLING; Girls: WRESTLING,VOLLEYBALL,BASKETBALL,RUGBY; Co-Ed: N/A","Gender & Sexuality Alliance (GSA), Men of BSSWA, We Rise (Girls Group), Girl Hack, Global Kids High School Leadership, Beat! Global (music program), Global Kids College and Career Club, Student Government, Senior Council, Academic Clinic, Spring Musical, Elevate NY, Casita Maria, SAT Prep, Regents Prep, C.A.T.C.H","Theater / Play Production, Piano Keyboard, Visual Art, Painting, Filmmaking / Video, Core Music, Playwriting, Dance, Dramatic Literature, Concert Band, and more","NYSED ""Local Support and Improvement""; Community School; DYCD: COMPASS/SONYC",N/A (fewer than 5 teachers),16%,28%,0%,0%,49%,6.1,75%,,,,,,,,,,,,49%,67%,17 (5%),82 (25%),1% (1),19% (17),80% (70),0% (0),0% (0),0% (0),Good,94%,6%,0%,100%,0%,0%,88%,N/A,N/A,87%,N/A,N/A,N/A,97%,81%,N/A,79%,,,,,,,,,,,,83%,N/A,83%,84%,N/A,N/A,83%,82%,81%,,,,,,,,,,,,,,83%,,95%,,42%,N/A,40%,43%,N/A,N/A,40%,48%,55%,87%,N/A,81%,88%,N/A,N/A,91%,84%,85%,,,,,,,,,,,83%,N/A,60%,88%,N/A,N/A,80%,60%,83%,,83%,N/A,60%,87%,N/A,N/A,80%,80%,89%,,90%,N/A,80%,93%,N/A,N/A,80%,80%,94%
08X282,Women's Academy of Excellence,,,,www.thewae.org,Arnette Crocker,"09,10,11,12,SE",167,Ed. Opt.,,456 White Plains Road,"Bronx, NY 10473",718-542-0740,11%,32%,39%,2%,1%,13%,20%,16%,,100%,0%,0%,63%,Boys: N/A; Girls: N/A; Co-Ed: N/A,"School Public Relations Team (WAE News), Ambassadors Club, Gem 2 Diamonds Club, Student Council, Girls Who Code, My Sister's Keeper Club, ACE IT Peer Tutoring, Montefiore Internship Program","Visual Art, Dramatic Literature","NYSED ""Local Support and Improvement""; AP for All; Career Readiness and Modern Youth Apprenticeship; NYC Math",29%,29%,N/A (fewer than 5 teachers),N/A (fewer than 5 teachers),N/A (fewer than 5 teachers),35%,19.2,94%,,,,,,,,,,,,79%,53%,72 (43%),87 (52%),10% (12),30% (37),41% (51),2% (2),2% (2),12% (15),Good,97%,N/A,N/A,88%,N/A,N/A,84%,N/A,95%,76%,N/A,N/A,N/A,84%,N/A,71%,N/A,,,,,,,,,,,,93%,93%,91%,93%,N/A,N/A,94%,95%,92%,,,,,,,,,,,,,,84%,,96%,,34%,33%,37%,36%,N/A,N/A,24%,33%,44%,81%,93%,80%,78%,N/A,N/A,77%,95%,81%,,,,,,,,,,,69%,73%,87%,65%,N/A,N/A,N/A,82%,80%,,63%,55%,57%,65%,N/A,N/A,N/A,55%,100%,,77%,91%,80%,76%,N/A,N/A,N/A,73%,60%
08X293,Renaissance High School for Musical Theater and the Arts,,,,www.renaissancemtt.org,Paul Gumina,"09,10,11,12,SE",423,"D75 Special Education Inclusive Services, Ed. Opt.",,3000 East Tremont Avenue,"Bronx, NY 10461",718-430-6390,2%,22%,69%,1%,<1%,5%,5%,23%,,66%,34%,0%,90%,Boys: N/A; Girls: N/A; Co-Ed: N/A,"Acting, Beginning and Advanced Band, Concert Choir, Drawing & Painting, Family Activities, Graduation Committees, International Travel Opportunities, Mentoring, Musical Productions, Musical Theater, National Honor Society, Peer Leader Opportunities, Robotics, Service Learning Opportunities, Set Design, Stage Crew, Student Government, Studio Art, Tutoring, Varsity Voices, Yearbook Journalism","Studio Art, Acting, Concert Band, Piano Keyboard, Mixed Choir, Musical Theater, Stage Design, Costume Design and Implementation, Stage Management, Filmmaking / Video","NYSED ""Local Support and Improvement""; AP for All; Competency Collaborative; NYC Math; Pathways Advising; Project Pivot; Respect for All",N/A (fewer than 5 teachers),18%,32%,0%,0%,38%,2.1,88%,,,,,,,,,,,,69%,54%,,83 (20%),1% (2),24% (42),67% (117),1% (2),0% (0),7% (12),Good,89%,N/A,N/A,97%,N/A,N/A,90%,N/A,91%,90%,N/A,N/A,N/A,94%,83%,N/A,85%,,,,,,,,,,,,92%,83%,89%,94%,N/A,N/A,90%,94%,91%,,,,,,,,,,,,,,82%,,96%,,57%,71%,54%,56%,N/A,N/A,65%,78%,65%,91%,100%,83%,93%,N/A,N/A,95%,100%,91%,,,,,,,,,,,87%,N/A,80%,89%,N/A,N/A,90%,N/A,88%,,80%,N/A,69%,87%,N/A,N/A,90%,N/A,92%,,87%,N/A,80%,88%,N/A,N/A,100%,N/A,92%
08X312,Millennium Art Academy,,,,www.schools.nyc.gov/schools/X312,Herman Guy,"09,10,11,12,SE",359,"ASD/ACES Program, Ed. Opt.",,1980 Lafayette Avenue,"Bronx, NY 10473",718-824-0978,2%,24%,68%,<1%,<1%,2%,6%,26%,,60%,40%,0%,78%,Boys: N/A; Girls: N/A; Co-Ed: N/A,"Visual Arts Courses, Art Endorsed Diplomas, AP Art 2D, Digital Art, Theater Arts, Theater Productions (Plays), Honors Theater, Lincoln Center Partnership, NYU Partnership, Filmmaking, Screenwriting, Broadcasting, Drivers Education, Crochet,NEST/ASD/NYU Program, Good Shepherd (Mentorship Program), Ernst & Young (Mentorship), Career Visions (Clubs/Pm School), 21st Century Learning (School Events), Lincoln Center (Teaching Artist Coop Collaboration, Field Trips, etc.), NYU Nest (Staff Training & Support), RAIN (Fashion, Senior Care, Entrepreneurship, Alzheimer's awareness), Theater Connections (Theater Shows, Artist Presentations, etc., College And Career Day, Parks Department (Community Service), NYC High School Principals Association, Bronx Education Leadership Consortium (Borough President's Office Ex. Yoga Studio), CSA Bronx Executive Committee (Local Politicians Ex. Inner courtyard), Project Pivot: Hook Arts Media (Film Class, Broadcasting Class), POTTS (Soup Kitchen), Concourse House (Shelter)","Painting, Stage Design, Studio Art, Illustration, Theater Survey / Introduction to Theater, Dance Survey / Introduction to Dance, Computer Art / Digital Art, Art History, Theater / Play Production, Theater, and more","NYSED ""Local Support and Improvement""; AP for All; Project Pivot",N/A (fewer than 5 teachers),14%,27%,0%,0%,49%,11.2,78%,,,,,,,,,,,,69%,69%,89 (25%),163 (45%),2% (5),26% (57),67% (145),<1% (2),<1% (1),2% (4),Fair,98%,N/A,N/A,87%,0%,13%,85%,N/A,77%,86%,N/A,N/A,N/A,87%,82%,90%,76%,,,,,,,,,,,,80%,57%,81%,79%,N/A,N/A,83%,79%,75%,,,,,,,,,,,,,,81%,,95%,,55%,71%,53%,57%,N/A,N/A,67%,53%,61%,89%,86%,83%,91%,N/A,N/A,100%,88%,87%,,,,,,,,,,,88%,N/A,88%,88%,N/A,N/A,N/A,N/A,94%,,80%,N/A,75%,84%,N/A,N/A,N/A,N/A,88%,,88%,N/A,84%,91%,N/A,N/A,N/A,N/A,94%
08X320,Pelham Lab High School,,,,pelhamlabhs.org,Jason Wagner,"09,10,11,12,SE",311,Ed. Opt.,,3000 East Tremont Avenue,"Bronx, NY 10461",718-904-5090,6%,24%,58%,2%,<1%,7%,7%,24%,,45%,55%,0%,75%,"Boys: LACROSSE,FOOTBALL,INDOOR TRACK,WRESTLING,SOCCER,RUGBY,BASKETBALL,TENNIS,OUTDOOR TRACK,BASEBALL; Girls: SOCCER,LACROSSE,FLAG FOOTBALL,CROSS COUNTRY,SOFTBALL,BOWLING,TENNIS,OUTDOOR TRACK,INDOOR TRACK,BASKETBALL,VOLLEYBALL; Co-Ed: CRICKET,STUNT","Spirit Club (Gender and Sexuality Alliance), Community Change Afterschool programs, The Shop Young Men's Mentoring Group, Student Government, National Honor Society, Newspaper.","Visual Art, Dance Survey / Introduction to Dance, Studio Art, Digital Photography","NYSED ""Local Support and Improvement""; AP for All; CS for All; Project Pivot",17%,24%,21%,0%,0%,35%,10.2,86%,,,,,,,,,,,,38%,47%,99 (32%),31 (10%),11% (12),22% (24),53% (57),4% (4),0% (0),8% (9),Good,95%,N/A,N/A,90%,0%,10%,83%,N/A,100%,78%,N/A,N/A,N/A,90%,78%,87%,70%,,,,,,,,,,,,75%,86%,70%,79%,N/A,N/A,56%,87%,76%,,,,,,,,,,,,,,81%,,95%,,53%,47%,50%,54%,83%,N/A,59%,50%,57%,87%,87%,87%,87%,83%,N/A,81%,77%,84%,,,,,,,,,,,93%,N/A,93%,100%,N/A,N/A,100%,N/A,95%,,85%,N/A,93%,88%,N/A,N/A,83%,N/A,83%,,93%,N/A,93%,97%,N/A,N/A,100%,N/A,95%
08X348,Schuylerville Preparatory High School,,,,www.schuylervilleprephs.org,Jeanette Del Valle,"09,10,11,12,SE",371,Ed. Opt.,,3000 East Tremont Avenue,"Bronx, NY 10461",718-904-5080,7%,20%,54%,2%,<1%,9%,17%,19%,,46%,54%,0%,59%,Boys: N/A; Girls: N/A; Co-Ed: N/A,"After school clubs: Herstory, Gaming, Art, Fashion, Dance","Visual Art, Art History, Drawing, Theater, Music","NYSED ""Local Support and Improvement""; AP for All; Project Pivot",N/A (fewer than 5 teachers),N/A (fewer than 5 teachers),30%,0%,0%,37%,0,93%,,,,,,,,,,,,27%,34%,31 (8%),121 (33%),7% (11),17% (25),64% (95),1% (2),<1% (1),9% (13),Fair,96%,N/A,N/A,84%,N/A,N/A,80%,N/A,71%,79%,N/A,N/A,N/A,87%,71%,58%,73%,,,,,,,,,,,,77%,63%,62%,81%,N/A,N/A,90%,79%,73%,,,,,,,,,,,,,,79%,,95%,,40%,38%,23%,44%,57%,N/A,46%,56%,51%,85%,82%,70%,88%,100%,N/A,86%,92%,83%,,,,,,,,,,,84%,N/A,80%,80%,N/A,N/A,N/A,88%,80%,,73%,N/A,83%,70%,N/A,N/A,N/A,78%,N/A,,87%,N/A,67%,85%,N/A,N/A,N/A,75%,100%
08X349,Bronx River High School,,,,bronxriverhs.org,Gregory Fucheck,"09,10,11,12,SE",432,Ed. Opt.,,3000 East Tremont Avenue,"Bronx, NY 10461",718-904-4210,8%,20%,63%,1%,<1%,7%,9%,25%,,40%,60%,0%,87%,Boys: N/A; Girls: N/A; Co-Ed: N/A,"Internships, National Honor Society, NYPD Law Enforcement Explorers, One-on-One Tutoring, Gender & Sexuality Alliance (GSA), Engineering Club, Science Club, Environmental Justice Club, Chess Club, Student Council, Yearbook Club, Acting Out performance program, Video Game Club, Art Club, Career Explorers program, and Community Service Club",Mixed Media,"NYSED ""Local Support and Improvement""; AP for All; Project Pivot",N/A (fewer than 5 teachers),N/A (fewer than 5 teachers),31%,0%,0%,49%,10.2,80%,,,,,,,,,,,,40%,60%,37 (9%),98 (23%),9% (11),16% (19),66% (79),0% (0),2% (2),7% (8),Good,97%,N/A,N/A,100%,0%,0%,100%,N/A,100%,100%,N/A,N/A,N/A,100%,100%,100%,100%,,,,,,,,,,,,87%,78%,90%,87%,N/A,N/A,91%,96%,95%,,,,,,,,,,,,,,88%,,96%,,57%,60%,50%,61%,N/A,N/A,58%,70%,59%,88%,95%,84%,89%,N/A,N/A,100%,92%,94%,,,,,,,,,,,92%,80%,90%,95%,N/A,N/A,67%,86%,90%,,82%,80%,75%,88%,N/A,N/A,80%,100%,95%,,95%,100%,89%,96%,N/A,N/A,83%,100%,100%
08X367,"Archimedes Academy for Math, Science and Technology Applications",,,,www.archimedesacademy.org,Audrey Connolly,"06,07,08,09,10,11,12,SE",309,"Ed. Opt., For Continuing 8th Graders",,456 White Plains Road,"Bronx, NY 10473",718-617-5046,6%,26%,61%,5%,0%,2%,14%,32%,,40%,60%,0%,74%,"Boys: CROSS COUNTRY,FENCING,INDOOR TRACK,BASKETBALL,BASEBALL; Girls: CROSS COUNTRY,SOFTBALL,VOLLEYBALL,INDOOR TRACK,BASKETBALL; Co-Ed: STUNT",N/A,"Visual Art, Core Music, Theater Survey / Introduction to Theater, Dance, Dance Survey / Introduction to Dance","NYSED ""Local Support and Improvement""; 21st Century Community Learning Center; AP for All; Community School; DYCD: COMPASS/SONYC",11%,11%,21%,0%,0%,53%,2.1,79%,,,,,,,,,,,,60%,44%,66 (21%),,4% (3),25% (17),64% (44),7% (5),0% (0),0% (0),Fair,84%,N/A,N/A,95%,0%,5%,71%,N/A,68%,70%,N/A,N/A,N/A,87%,59%,46%,47%,,,,,,,,,,,,78%,N/A,78%,76%,N/A,N/A,N/A,N/A,90%,,,,,,,,,,,,,,81%,,95%,,56%,N/A,58%,55%,N/A,N/A,N/A,N/A,73%,78%,N/A,75%,82%,N/A,N/A,N/A,N/A,64%,,,,,,,,,,,81%,62%,79%,84%,N/A,N/A,N/A,67%,79%,,76%,62%,78%,75%,N/A,N/A,N/A,78%,76%,,87%,77%,87%,88%,N/A,N/A,N/A,75%,84%
08X376,Antonia Pantoja Preparatory Academy: A College Board School,,,,Appabx.org,Michael Mercanti-Anthony,"06,07,08,09,10,11,12,SE",248,"D75 Special Education Inclusive Services, Open",,1980 Lafayette Avenue,"Bronx, NY 10473",718-824-3152,5%,20%,68%,<1%,<1%,5%,16%,32%,,52%,48%,0%,70%,Boys: Middle Schools BASKETBALL; Girls: N/A; Co-Ed: N/A,"Broadway Junior, Art Club","Visual Art, Computer Art / Digital Art, Filmmaking / Video, Stage Design","NYSED ""Comprehensive Support and Improvement""; AP for All; Community School; DYCD: COMPASS/SONYC; Empire; Project Pivot",N/A (fewer than 5 teachers),28%,39%,0%,0%,25%,1.6,89%,,,,,,,,,,,,81%,39%,42 (17%),27 (11%),4% (2),21% (10),70% (33),2% (1),0% (0),2% (1),Good,96%,N/A,N/A,81%,0%,19%,81%,N/A,N/A,77%,N/A,N/A,N/A,91%,75%,60%,87%,,,,,,,,,,,,75%,70%,73%,77%,N/A,N/A,80%,67%,76%,,,,,,,,,,,,,,81%,,94%,,43%,30%,51%,42%,N/A,N/A,40%,48%,52%,83%,75%,80%,85%,N/A,N/A,60%,78%,78%,,,,,,,,,,,88%,100%,90%,85%,N/A,N/A,100%,92%,88%,,87%,89%,92%,84%,N/A,N/A,100%,85%,95%,,91%,84%,96%,89%,N/A,N/A,100%,92%,93%
08X405,Herbert H. Lehman High School,,,,www.lehmanhs.com/,Daniel Figueras,"09,10,11,12,SE",1055,"ASD/ACES Program, D75 Special Education Inclusive Services, Ed. Opt., Screened, Zoned Priority",,3000 East Tremont Avenue,"Bronx, NY 10461",718-904-4200,7%,28%,53%,2%,<1%,9%,10%,22%,,43%,57%,<1%,82%,Boys: N/A; Girls: N/A; Co-Ed: N/A,"Spectrum, STEM Club, Gaming Club, Tabletop Games Club, Girls Group, Arts and Crafts Club, Opening Act (Drama), Weight Training Club, Dance Club, MSA, Poets Club, Guitar Club, Robotics Club","Computer Art / Digital Art, Cartooning, Digital Photography, Music, Acting, Visual Art, Playwriting, Art History, Filmmaking / Video, Guitar, and more","NYSED ""Local Support and Improvement""; Community School",6%,N/A (fewer than 5 teachers),25%,0%,0%,59%,0.1,76%,,,,,,,,,,,,38%,69%,45 (4%),132 (13%),13% (29),28% (65),44% (101),3% (6),<1% (2),11% (26),Fair,92%,4%,5%,95%,0%,5%,81%,100%,84%,73%,N/A,N/A,91%,90%,74%,84%,74%,,,,,,,,,,,,78%,77%,80%,77%,85%,N/A,74%,75%,74%,,,,,,,,,,,,,,88%,,96%,,47%,58%,48%,43%,33%,N/A,60%,53%,49%,89%,86%,89%,90%,87%,N/A,83%,80%,86%,,,,,,,,,,,83%,88%,81%,83%,83%,N/A,94%,75%,80%,,77%,88%,77%,78%,80%,N/A,62%,73%,76%,,80%,81%,79%,79%,83%,N/A,87%,87%,82%
08X432,Bronx Bridges High School,,,,bronxbridges.org/,Nelsie Castillo,"09,10,11,12,SE",347,Language Criteria,,1980 Lafayette Avenue,"Bronx, NY 10473",718-829-2984,10%,13%,74%,<1%,0%,3%,71%,16%,,42%,58%,0%,90%,Boys: N/A; Girls: N/A; Co-Ed: TABLE TENNIS,N/A,"Studio Art, Painting","NYSED ""Local Support and Improvement""; AP for All; Dual Language or TBE; DYCD: COMPASS/SONYC; NYC Math; Project Pivot",N/A (fewer than 5 teachers),N/A (fewer than 5 teachers),47%,0%,0%,27%,9.1,50%,,,,,,,,,,,,49%,35%,131 (38%),129 (37%),11% (21),11% (21),76% (149),0% (0),0% (0),3% (5),Excellent,77%,23%,0%,98%,N/A,N/A,82%,N/A,N/A,80%,N/A,N/A,N/A,90%,75%,80%,N/A,,,,,,,,,,,,85%,95%,81%,84%,N/A,N/A,100%,82%,84%,,,,,,,,,,,,,,87%,,98%,,63%,68%,70%,62%,N/A,N/A,57%,64%,61%,92%,80%,100%,92%,N/A,N/A,100%,92%,96%,,,,,,,,,,,97%,100%,91%,98%,N/A,N/A,N/A,98%,100%,,95%,100%,95%,93%,N/A,N/A,N/A,93%,96%,,98%,100%,91%,98%,N/A,N/A,N/A,98%,100%
08X452,Gotham Collaborative High School,,,,www.gchs.nyc,David Liu,"09,10,11,12,SE",318,"D75 Special Education Inclusive Services, Ed. Opt., Open",,1980 Lafayette Avenue,"Bronx, NY 10473",718-597-1587,3%,30%,59%,2%,<1%,5%,18%,27%,,44%,56%,0%,77%,"Boys: BASKETBALL,FOOTBALL,OUTDOOR TRACK,BASEBALL,SOCCER; Girls: SOCCER,VOLLEYBALL,OUTDOOR TRACK,SOFTBALL,BASKETBALL,INDOOR TRACK,TENNIS,BADMINTON; Co-Ed: N/A",N/A,"Computer Art / Digital Art, Acting, Three-Dimensional Art, Visual Art","NYSED ""Comprehensive Support and Improvement""; 21st Century Community Learning Center; Career Readiness and Modern Youth Apprenticeship; Community School; Competency Collaborative; Future Ready NYC; Project Pivot; PROSE",N/A (fewer than 5 teachers),23%,36%,0%,0%,26%,6.2,94%,,,,,,,,,,,,34%,28%,24 (8%),88 (28%),4% (5),31% (38),58% (70),2% (2),0% (0),5% (6),Good,89%,11%,0%,86%,0%,14%,78%,N/A,81%,77%,N/A,N/A,N/A,91%,69%,80%,80%,,,,,,,,,,,,82%,N/A,75%,85%,N/A,N/A,75%,77%,82%,,,,,,,,,,,,,,86%,,94%,,56%,N/A,49%,59%,N/A,N/A,57%,80%,48%,92%,N/A,87%,94%,N/A,N/A,88%,94%,93%,,,,,,,,,,,97%,83%,98%,97%,N/A,N/A,89%,92%,98%,,95%,83%,93%,99%,N/A,N/A,89%,97%,92%,,97%,100%,96%,97%,N/A,N/A,89%,95%,100%
08X530,Longwood Preparatory Academy,,,,www.longwoodprep.org,Asya Johnson,"09,10,11,12,SE",352,Ed. Opt.,,965 Longwood Avenue,"Bronx, NY 10459",718-860-1242,<1%,32%,66%,<1%,0%,1%,13%,30%,,53%,47%,0%,87%,"Boys: BASKETBALL,WRESTLING,BASEBALL; Girls: SOFTBALL,BASKETBALL; Co-Ed: STUNT","After school and lunch clubs consist of Music Club, Video Game Clubs, PSAL Sports, Cooking, Media, different culture clubs, Arts & Crafts, HerStory, Fitness, Anime, SWAG Kings, House Ambassador (Student Government).","Mixed Media, Computer Art / Digital Art, Studio Art, Theater, Piano Keyboard, Visual Art","NYSED ""Local Support and Improvement""; 21st Century Community Learning Center; AP for All; Community School",N/A (fewer than 5 teachers),35%,29%,0%,0%,21%,7.7,76%,,,,,,,,,,,,92%,45%,154 (44%),178 (51%),<1% (1),31% (81),66% (171),<1% (2),0% (0),2% (4),Good,90%,N/A,N/A,84%,0%,16%,89%,N/A,95%,89%,N/A,N/A,N/A,93%,84%,100%,83%,,,,,,,,,,,,90%,N/A,91%,89%,N/A,N/A,N/A,89%,89%,,,,,,,,,,,,,,84%,,94%,,44%,N/A,48%,42%,N/A,N/A,N/A,44%,50%,90%,N/A,87%,92%,N/A,N/A,N/A,92%,92%,,,,,,,,,,,98%,N/A,97%,100%,N/A,N/A,N/A,100%,98%,,95%,N/A,95%,96%,N/A,N/A,N/A,97%,96%,,99%,N/A,100%,99%,N/A,N/A,N/A,100%,100%
08X558,Westchester Square Academy,,,,westchestersquare.org,Marques Rich,"09,10,11,12,SE",409,"Ed. Opt., Screened With Assessment",,3000 East Tremont Avenue,"Bronx, NY 10461",718-904-5050,9%,23%,58%,1%,<1%,7%,12%,27%,,44%,56%,<1%,72%,Boys: N/A; Girls: N/A; Co-Ed: N/A,"Anime/Video Game Club, Leaders of Tomorrow Club, AntiBullying Committee, Yearbook Club, African Student Association Club, Book Club, Chess Club, Dance Ensemble, GayStraight Alliance Club, National Honors Society, National Honors Society of Dance Arts, Student Government, Wellness Committee, Peer Group Connections, Advisory, Internship","Studio Art, Kinesiology / Anatomy for Dance, Dance Survey / Introduction to Dance","NYSED ""Local Support and Improvement""; Project Pivot",N/A (fewer than 5 teachers),19%,26%,0%,0%,39%,1,65%,,,,,,,,,,,,55%,59%,96 (23%),119 (29%),8% (14),21% (37),61% (110),2% (3),<1% (1),8% (14),Good,91%,N/A,N/A,92%,0%,8%,91%,N/A,86%,92%,N/A,N/A,N/A,98%,86%,94%,88%,,,,,,,,,,,,76%,81%,78%,75%,N/A,N/A,78%,76%,67%,,,,,,,,,,,,,,81%,,95%,,49%,57%,62%,44%,N/A,N/A,54%,61%,59%,85%,87%,79%,84%,N/A,N/A,84%,87%,80%,,,,,,,,,,,84%,N/A,89%,83%,N/A,N/A,N/A,N/A,87%,,63%,N/A,80%,63%,N/A,N/A,N/A,N/A,80%,,87%,N/A,100%,82%,N/A,N/A,N/A,N/A,80%
08X561,Bronx Compass High School,,,,www.bronxcompass.org/,Steven Neal,"09,10,11,12,SE",395,Ed. Opt.,,1980 Lafayette Avenue,"Bronx, NY 10473",718-828-1206,6%,30%,58%,2%,0%,3%,10%,27%,,40%,60%,0%,84%,Boys: N/A; Girls: N/A; Co-Ed: N/A,"National Honor Society, Student Council, Video Game Club, Mural Club, NYPD Explorers, Gender and Sexuality Alliance, Weightlifting Club, Mental Health Awareness Club, Journalism Club, Hispanic Culture Club, Environmental Club, Mentors Club, Culinary Arts Club, Coding Club, Dance/STEP club, Arts and Crafts Club, Music Club, Soccer Club, Drama Club","Core Music, Music, Acting, Art History","NYSED ""Local Support and Improvement""; AP for All; Pathways Advising; Project Pivot",0%,25%,44%,0%,0%,28%,2.7,75%,,,,,,,,,,,,29%,28%,101 (26%),254 (64%),8% (20),29% (76),60% (159),1% (3),0% (0),2% (6),Good,92%,N/A,N/A,85%,0%,15%,77%,N/A,78%,77%,N/A,N/A,N/A,70%,81%,67%,74%,,,,,,,,,,,,84%,86%,78%,86%,N/A,N/A,78%,77%,82%,,,,,,,,,,,,,,81%,,93%,,56%,58%,58%,56%,N/A,N/A,33%,72%,60%,89%,92%,88%,90%,N/A,N/A,89%,83%,88%,,,,,,,,,,,92%,83%,90%,94%,N/A,N/A,89%,96%,96%,,90%,86%,89%,90%,N/A,N/A,89%,96%,90%,,93%,95%,91%,92%,N/A,N/A,100%,93%,92%
09X227,Bronx Collegiate Academy,,,,www.bronxcollegiate.org,D White,"09,10,11,12,SE",403,Ed. Opt.,,240 East 172 Street,"Bronx, NY 10457",718-410-4077,1%,28%,67%,<1%,<1%,2%,13%,22%,,54%,46%,0%,94%,Boys: N/A; Girls: N/A; Co-Ed: N/A,"Anime, BCA Band, Community Service, Cosmetology, Dance, Journalism, Mentoring Young Men, Photography, Stripes of Love (GSA), Swimming, Video Game Club, Video Game Production, Mouse Squad, Model UN, Music Production, Student Council, Fashion, Intramural Sports, Bike Club","Studio Art, Art History","NYSED ""Local Support and Improvement""; Community School; Future Ready NYC; NYC Math; Project Pivot; Respect for All",N/A (fewer than 5 teachers),22%,30%,0%,0%,37%,12.5,96%,,,,,,,,,,,,83%,53%,137 (34%),169 (42%),2% (4),27% (59),68% (148),<1% (1),1% (3),2% (4),Excellent,93%,N/A,N/A,87%,0%,13%,87%,N/A,88%,87%,N/A,N/A,N/A,89%,83%,87%,69%,,,,,,,,,,,,91%,N/A,87%,92%,N/A,N/A,N/A,89%,93%,,,,,,,,,,,,,,88%,,95%,,55%,N/A,49%,58%,N/A,N/A,N/A,60%,59%,95%,N/A,97%,95%,N/A,N/A,N/A,86%,93%,,,,,,,,,,,83%,N/A,83%,85%,N/A,N/A,N/A,78%,86%,,70%,N/A,62%,76%,N/A,N/A,N/A,84%,81%,,87%,N/A,91%,87%,N/A,N/A,N/A,84%,90%
09X231,Eagle Academy for Young Men,,,,www.eaglebronx.org/,Hector Velazquez,"06,07,08,09,10,11,12,SE",289,"Ed. Opt., For Continuing 8th Graders",,4143 Third Avenue,"Bronx, NY 10457",718-466-8000,<1%,57%,41%,<1%,0%,0%,4%,32%,,0%,100%,0%,72%,"Boys: BASEBALL,WRESTLING,BASKETBALL; Girls: N/A; Co-Ed: N/A","Art Therapy, Barbering, BoyzIIMen Podcast Program, Culinary Arts, Financial Literacy Instruction, Free Art, Karaoke, Student Newspaper, Student Government","Drawing, Digital Photography","NYSED ""Local Support and Improvement""; 21st Century Community Learning Center; AP for All; Community School; DYCD: COMPASS/SONYC; Future Ready NYC; NYC Math; Project Pivot",0%,41%,27%,0%,0%,22%,8,81%,,,,,,,,,,,,65%,46%,35 (12%),98 (34%),0% (0),59% (72),39% (48),<1% (1),0% (0),0% (0),Fair,83%,N/A,N/A,90%,0%,10%,93%,N/A,91%,96%,N/A,N/A,N/A,N/A,93%,N/A,91%,,,,,,,,,,,,79%,N/A,78%,79%,N/A,N/A,N/A,70%,72%,,,,,,,,,,,,,,91%,,96%,,51%,N/A,47%,55%,N/A,N/A,N/A,90%,51%,81%,N/A,79%,84%,N/A,N/A,N/A,91%,73%,,,,,,,,,,,81%,N/A,82%,94%,N/A,N/A,N/A,N/A,82%,,83%,N/A,86%,88%,N/A,N/A,N/A,N/A,88%,,92%,N/A,90%,100%,N/A,N/A,N/A,N/A,94%
09X241,"Urban Assembly School for Applied Math and Science, The",,,,AMSbronx.org,Ingrid Chung,"06,07,08,09,10,11,12,SE",343,"ASD/ACES Program, Ed. Opt., For Continuing 8th Graders",,1595 Bathgate Avenue,"Bronx, NY 10457",718-466-7800,<1%,24%,74%,<1%,0%,<1%,12%,30%,,46%,54%,0%,82%,Boys: Middle Schools BASKETBALL; Girls: N/A; Co-Ed: N/A,AMS Tribune (School Newspaper) Dance Team Young Men & Women Leadership Initiative,"Fashion and Textile Design, Photography, Painting, Music Technology, Portfolio Development, Music Enterprise, Management, and Careers, Ceramics, Studio Art, Concert Band","NYSED ""Comprehensive Support and Improvement""; AP for All; CS for All; DYCD: COMPASS/SONYC; NYC Math; Project Pivot; PROSE",N/A (fewer than 5 teachers),25%,32%,0%,0%,34%,5.1,65%,,,,,,,,,,,,60%,68%,105 (31%),242 (71%),<1% (1),25% (74),74% (223),<1% (3),0% (0),0% (0),Good,96%,4%,0%,97%,N/A,N/A,85%,N/A,85%,85%,N/A,N/A,N/A,94%,80%,67%,85%,,,,,,,,,,,,78%,N/A,79%,78%,N/A,N/A,N/A,80%,70%,,,,,,,,,,,,,,78%,,95%,,55%,N/A,59%,54%,N/A,N/A,N/A,51%,59%,88%,N/A,88%,88%,N/A,N/A,N/A,85%,91%,,,,,,,,,,,87%,N/A,77%,90%,N/A,N/A,N/A,90%,87%,,88%,N/A,77%,91%,N/A,N/A,N/A,94%,91%,,89%,N/A,78%,93%,N/A,N/A,N/A,93%,92%
09X250,Eximius College Preparatory Academy: A College Board School,,,,www.schools.nyc.gov/schools/X250,Jonathan Daly,"09,10,11,12,SE",368,Ed. Opt.,,1363 Fulton Avenue,"Bronx, NY 10456",718-992-7154,2%,34%,61%,<1%,<1%,2%,10%,23%,,51%,49%,<1%,85%,"Boys: BADMINTON,SOCCER,BASKETBALL,BASEBALL; Girls: SOCCER,SOFTBALL,BADMINTON,BASKETBALL,VOLLEYBALL; Co-Ed: STUNT","CFES (College for Every Student), GSA, Knitting Club, Multicultural Club, Sister's United, Boys 2 Men, School Newspaper","Studio Art, Three-Dimensional Art","NYSED ""Local Support and Improvement""; NYC Math",N/A (fewer than 5 teachers),21%,25%,0%,0%,46%,12,79%,,,,,,,,,,,,46%,70%,90 (24%),104 (28%),3% (5),35% (55),58% (90),2% (3),1% (2),<1% (1),Good,36%,54%,10%,97%,N/A,N/A,94%,N/A,93%,94%,N/A,N/A,N/A,95%,92%,100%,82%,,,,,,,,,,,,84%,N/A,80%,86%,N/A,N/A,N/A,82%,81%,,,,,,,,,,,,,,89%,,95%,,53%,N/A,42%,57%,N/A,N/A,N/A,42%,54%,88%,N/A,81%,91%,N/A,N/A,N/A,91%,90%,,,,,,,,,,,83%,N/A,83%,83%,N/A,N/A,N/A,75%,77%,,66%,N/A,70%,63%,N/A,N/A,N/A,62%,73%,,89%,N/A,95%,88%,N/A,N/A,N/A,93%,88%
09X252,Mott Hall Bronx High School,,,,sites.google.com/a/mhbx.org/mott-hall-bronx-high-school/home,Kathryn Malloy,"09,10,11,12,SE",340,Ed. Opt.,,1595 Bathgate Avenue,"Bronx, NY 10457",718-466-6800,<1%,29%,68%,<1%,<1%,<1%,15%,24%,,48%,52%,0%,87%,Boys: N/A; Girls: N/A; Co-Ed: N/A,"After School Clubs,Coding Club,Anime Club,Black Student Union,Building Ladies Up ,Student Government ,Gender Studies,STEP Team ,Cheerleading Team,Double Dutch Club,Travel Club,Delta Gems,Club Track and Field,Club Rugby,Boys Intramural Basketball",Visual Art,"NYSED ""Local Support and Improvement""; Project Pivot",0%,19%,26%,0%,0%,42%,11.9,71%,,,,,,,,,,,,88%,56%,,131 (39%),<1% (2),28% (56),69% (138),<1% (2),0% (0),<1% (2),Good,87%,N/A,N/A,95%,N/A,N/A,90%,N/A,87%,92%,N/A,N/A,N/A,93%,87%,92%,94%,,,,,,,,,,,,86%,N/A,87%,87%,N/A,N/A,N/A,85%,80%,,,,,,,,,,,,,,83%,,95%,,57%,N/A,60%,56%,N/A,N/A,N/A,55%,71%,90%,N/A,91%,91%,N/A,N/A,N/A,95%,87%,,,,,,,,,,,89%,N/A,76%,93%,N/A,N/A,N/A,100%,86%,,87%,N/A,76%,90%,N/A,N/A,N/A,100%,92%,,90%,N/A,82%,93%,N/A,N/A,N/A,100%,92%
09X260,Bronx Center for Science and Mathematics,,,,www.schools.nyc.gov/schools/X260,Young Kim,"09,10,11,12,SE",388,Ed. Opt.,,1363 Fulton Avenue,"Bronx, NY 10456",718-992-7089,6%,29%,61%,1%,<1%,3%,8%,22%,,43%,57%,0%,81%,Boys: N/A; Girls: N/A; Co-Ed: N/A,N/A,"Acting, Music, Visual Art, Theater / Play Production, Theater","NYSED ""Local Support and Improvement""; Career Readiness and Modern Youth Apprenticeship; PROSE",N/A (fewer than 5 teachers),20%,27%,0%,0%,40%,2.4,73%,,,,,,,,,,,,78%,78%,89 (23%),176 (45%),7% (15),26% (55),60% (127),1% (3),<1% (2),3% (7),Fair,96%,N/A,N/A,95%,N/A,N/A,96%,N/A,96%,95%,N/A,N/A,N/A,100%,92%,N/A,95%,,,,,,,,,,,,87%,88%,90%,86%,N/A,N/A,83%,89%,91%,,,,,,,,,,,,,,87%,,96%,,55%,75%,58%,54%,N/A,N/A,33%,70%,63%,93%,100%,93%,92%,N/A,N/A,100%,95%,95%,,,,,,,,,,,83%,83%,83%,83%,N/A,N/A,N/A,75%,81%,,73%,67%,72%,73%,N/A,N/A,N/A,75%,71%,,88%,100%,88%,86%,N/A,N/A,N/A,100%,88%
09X263,Validus Preparatory Academy,,,,validusprep.org,Christopher Hibbert,"09,10,11,12,SE",252,Ed. Opt.,,1595 Bathgate Avenue,"Bronx, NY 10457",718-466-4000,0%,40%,58%,0%,0%,<1%,12%,30%,,44%,56%,0%,83%,"Boys: CROSS COUNTRY,WRESTLING,BASKETBALL,BASEBALL; Girls: WRESTLING,BASKETBALL,FLAG FOOTBALL,SOFTBALL,CROSS COUNTRY; Co-Ed: DOUBLE DUTCH","Student Government, Talented Tenth Club, Newsletter Club, Stem Club, Cooking Club, Yearbook Committee, Movie Club, Art Club,","Art History, Mixed Media, Illustration","NYSED ""Local Support and Improvement""; AP for All; NYC Math; Project Pivot",N/A (fewer than 5 teachers),50%,N/A (fewer than 5 teachers),0%,0%,29%,0.2,96%,,,,,,,,,,,,21%,51%,37 (15%),145 (58%),0% (0),43% (67),57% (89),0% (0),0% (0),0% (0),Good,94%,N/A,N/A,86%,0%,14%,74%,N/A,71%,76%,N/A,N/A,N/A,88%,57%,67%,63%,,,,,,,,,,,,93%,N/A,94%,93%,N/A,N/A,N/A,100%,89%,,,,,,,,,,,,,,83%,,95%,,59%,N/A,60%,57%,N/A,N/A,N/A,90%,62%,93%,N/A,92%,93%,N/A,N/A,N/A,90%,96%,,,,,,,,,,,96%,N/A,89%,100%,N/A,N/A,N/A,91%,97%,,87%,N/A,83%,88%,N/A,N/A,N/A,91%,97%,,96%,N/A,94%,96%,N/A,N/A,N/A,100%,97%
09X297,Morris Academy for Collaborative Studies,,,,www.macsx297.org,Rachel Field Dennis,"09,10,11,12,SE",437,Ed. Opt.,,1110 Boston Road,"Bronx, NY 10456",718-617-5312,<1%,25%,73%,<1%,<1%,<1%,8%,29%,,49%,50%,<1%,85%,Boys: N/A; Girls: N/A; Co-Ed: N/A,"Tutoring (all subject areas), Cooking Club, Fitness Club, Theatre Club, Student Ambassador, Art Club, Japanese Club, Morning Gym, Robotics, Game Club, Music/Recording Studio, JROTC, GSA, Coloring Club, College and Career Club, Lego Club, Field Trips, National Honors Society, Spanish National Honors Society, Peer Group Connections","Mixed Media, Visual Art, Painting, Computer Art / Digital Art","NYSED ""Local Support and Improvement""; AP for All; Community School",N/A (fewer than 5 teachers),18%,24%,0%,0%,40%,1,79%,,,,,,,,,,,,53%,51%,91 (21%),136 (31%),0% (0),20% (39),79% (153),0% (0),<1% (1),<1% (1),Good,96%,N/A,N/A,97%,N/A,N/A,88%,N/A,96%,86%,N/A,N/A,N/A,91%,83%,75%,69%,,,,,,,,,,,,87%,N/A,85%,88%,N/A,N/A,N/A,75%,84%,,,,,,,,,,,,,,83%,,96%,,61%,N/A,56%,62%,N/A,N/A,N/A,68%,60%,92%,N/A,92%,91%,N/A,N/A,N/A,84%,88%,,,,,,,,,,,90%,N/A,88%,91%,N/A,N/A,N/A,100%,96%,,78%,N/A,86%,75%,N/A,N/A,N/A,57%,79%,,94%,N/A,87%,96%,N/A,N/A,N/A,100%,96%
09X324,Bronx Early College Academy for Teaching & Learning,,,,www.beca324.org/apps/pages/index.jsp?uREC_ID=3391370&type=d&pREC_ID=2382276,Yvette Rivera,"06,07,08,09,10,11,12,SE",311,Screened With Assessment,,250 East 164 Street,"Bronx, NY 10456",718-681-8287,2%,20%,76%,<1%,<1%,<1%,6%,23%,,48%,52%,0%,70%,"Boys: SOCCER,BASKETBALL; Girls: BADMINTON,VOLLEYBALL; Co-Ed: N/A",N/A,"Filmmaking / Video, Graphic Design","NYSED ""Local Support and Improvement""; Career Readiness and Modern Youth Apprenticeship; Community School; NYC Math; PROSE",0%,19%,29%,0%,0%,42%,12.1,71%,,,,,,,,,,,,80%,73%,,79 (25%),2% (3),24% (39),73% (118),0% (0),1% (2),0% (0),Fair,94%,N/A,N/A,95%,N/A,N/A,95%,N/A,84%,98%,N/A,N/A,N/A,95%,96%,N/A,94%,,,,,,,,,,,,83%,80%,86%,83%,N/A,N/A,N/A,88%,84%,,,,,,,,,,,,,,89%,,98%,,51%,80%,65%,47%,N/A,N/A,N/A,60%,61%,87%,100%,84%,87%,N/A,N/A,100%,86%,92%,,,,,,,,,,,89%,N/A,93%,88%,N/A,N/A,N/A,93%,97%,,89%,N/A,93%,87%,N/A,N/A,N/A,93%,100%,,89%,N/A,96%,88%,N/A,N/A,N/A,87%,94%
09X327,Comprehensive Model School Project M.S. 327,,,,www.schools.nyc.gov/schools/X327,Alixandre Ricci,"06,07,08,09,10,11,12,SE",370,"D75 Special Education Inclusive Services, Open",,1501 Jerome Avenue,"Bronx, NY 10452",718-294-8111,<1%,17%,82%,0%,0%,<1%,6%,25%,,46%,54%,0%,86%,"Boys: BASEBALL,OUTDOOR TRACK,BASKETBALL; Girls: VOLLEYBALL,OUTDOOR TRACK,Middle Schools BASKETBALL,BASKETBALL; Co-Ed: N/A","Annual Multicultural Night, Annual Play Performance, Baking Club, Chess Club, D&D Club, Gaming Club, Girls Club, Greek Club, MoMENtum (male student club), Peer Mentoring, Self Defense, Student Council, Tech Squad, Yearbook","Fashion and Textile Design, Music Theory / Musicianship, Dramatic Literature, Printmaking, Studio Art, Choreography / Dance Composition, Theater History, Improvisation, Photography, Folk / Traditional Cutural Dance, and more","NYSED ""Local Support and Improvement""; AP for All; DYCD: COMPASS/SONYC; PROSE",N/A (fewer than 5 teachers),23%,33%,0%,0%,28%,9.1,82%,,,,,,,,,,,,58%,71%,75 (20%),193 (52%),0% (0),17% (38),83% (181),0% (0),0% (0),0% (0),Good,85%,N/A,N/A,98%,N/A,N/A,88%,N/A,75%,90%,N/A,N/A,N/A,89%,87%,N/A,76%,,,,,,,,,,,,92%,N/A,96%,92%,N/A,N/A,N/A,N/A,92%,,,,,,,,,,,,,,87%,,96%,,55%,N/A,59%,55%,N/A,N/A,N/A,N/A,56%,90%,N/A,83%,92%,N/A,N/A,N/A,100%,92%,,,,,,,,,,,85%,N/A,80%,86%,N/A,N/A,N/A,92%,74%,,89%,N/A,93%,90%,N/A,N/A,N/A,100%,89%,,90%,N/A,93%,90%,N/A,N/A,N/A,92%,86%
09X329,DreamYard Preparatory School,,,,www.dyprep.org,Anthony Santiago,"09,10,11,12,SE",331,"D75 Special Education Inclusive Services, Ed. Opt.",,240 East 172 Street,"Bronx, NY 10457",718-410-4242,<1%,28%,70%,<1%,<1%,<1%,17%,29%,,49%,51%,0%,86%,Boys: N/A; Girls: N/A; Co-Ed: N/A,"Arts Sharing After School Arts Programming: Dance, Music, Theater Production , Chess Club, ENL/Literacy Support , Fandom Korner (AnimeManga Club), Haus of Alliance Club (Gay Straight AllianceGSA) , Nakama Club, Math Support, Young Men's Empowerment Group , Young Women's Empowerment Group","Visual Art, Core Music, Mixed Media, Music, Theater, Theater / Play Production, Dance Survey / Introduction to Dance, Repertory Workshop / Dance Company, Theater Survey / Introduction to Theater, Studio Art","NYSED ""Local Support and Improvement""; Community School; Future Ready NYC; NYC Math; Project Pivot",0%,27%,35%,0%,0%,27%,1.2,54%,,,,,,,,,,,,56%,51%,84 (25%),121 (37%),<1% (1),27% (37),72% (100),<1% (1),0% (0),0% (0),Excellent,95%,N/A,N/A,96%,N/A,N/A,91%,N/A,79%,96%,N/A,N/A,N/A,95%,87%,94%,73%,,,,,,,,,,,,87%,N/A,81%,87%,N/A,N/A,N/A,86%,89%,,,,,,,,,,,,,,83%,,95%,,52%,N/A,53%,49%,N/A,N/A,N/A,72%,58%,92%,N/A,92%,91%,N/A,N/A,N/A,90%,94%,,,,,,,,,,,92%,N/A,95%,91%,N/A,N/A,N/A,94%,83%,,88%,N/A,89%,87%,N/A,N/A,N/A,88%,84%,,93%,N/A,95%,92%,N/A,N/A,N/A,100%,83%
09X365,Academy for Language and Technology,,,,www.schools.nyc.gov/schools/X365,Jose Vinales,"09,10,11,12",352,Language Criteria,,1700 Macombs Road,"Bronx, NY 10453",718-731-0219,0%,0%,>99%,0%,0%,0%,76%,5%,,47%,53%,0%,100%,"Boys: SOCCER,BASEBALL,VOLLEYBALL,BASKETBALL; Girls: VOLLEYBALL,SOFTBALL; Co-Ed: N/A","Girls' Group, Anime Club, Mouse Squad, Coding Club, BronxConnect","Core Music, Music History, Music Technology","NYSED ""Local Support and Improvement""; Dual Language or TBE; NYC Math",0%,0%,52%,0%,0%,39%,9.9,70%,,,,,,,,,,,,98%,57%,156 (44%),95 (27%),0% (0),0% (0),100% (251),0% (0),0% (0),0% (0),N/A,100%,0%,0%,90%,N/A,N/A,98%,N/A,N/A,98%,N/A,N/A,N/A,98%,97%,97%,N/A,,,,,,,,,,,,100%,N/A,N/A,100%,N/A,N/A,N/A,100%,100%,,,,,,,,,,,,,,89%,,97%,,100%,N/A,N/A,100%,N/A,N/A,N/A,100%,100%,99%,N/A,N/A,99%,N/A,N/A,N/A,100%,100%,,,,,,,,,,,100%,N/A,N/A,100%,N/A,N/A,N/A,100%,100%,,98%,N/A,N/A,98%,N/A,N/A,N/A,98%,100%,,99%,N/A,N/A,100%,N/A,N/A,N/A,99%,100%
09X403,Bronx International High School,,,,www.bronxinternationalhs.com,Joaquin Vega Vargas,"09,10,11,12",342,Language Criteria,,1110 Boston Road,"Bronx, NY 10456",718-620-1053,2%,21%,73%,1%,<1%,1%,92%,3%,,52%,48%,0%,87%,"Boys: BASKETBALL,SOCCER,BASEBALL; Girls: SOCCER,SOFTBALL,BADMINTON,FLAG FOOTBALL,BASKETBALL,VOLLEYBALL; Co-Ed: N/A",N/A,"Studio Art, Computer Art / Digital Art, Guitar, Percussion","NYSED ""Local Support and Improvement""; Competency Collaborative; Consortium; CS for All; Future Ready NYC; PROSE",31%,N/A (fewer than 5 teachers),N/A (fewer than 5 teachers),0%,0%,39%,17.2,96%,,,,,,,,,,,,66%,50%,24 (7%),145 (42%),<1% (1),15% (23),81% (121),2% (3),0% (0),1% (2),N/A,N/A,89%,N/A,N/A,N/A,N/A,92%,N/A,N/A,90%,N/A,N/A,N/A,92%,91%,91%,N/A,,,,,,,,,,,,90%,N/A,85%,89%,N/A,N/A,N/A,87%,N/A,,,,,,,,,,,,,,79%,,94%,,59%,N/A,39%,59%,N/A,N/A,N/A,61%,N/A,95%,N/A,87%,96%,N/A,N/A,N/A,93%,N/A,,,,,,,,,,,92%,N/A,78%,100%,N/A,N/A,N/A,92%,N/A,,80%,N/A,78%,81%,N/A,N/A,N/A,80%,N/A,,88%,N/A,89%,88%,N/A,N/A,N/A,88%,N/A
09X412,Bronx High School of Business,,,,www.schools.nyc.gov/schools/X412,Alice Bajana Vega,"09,10,11,12,SE",305,"D75 Special Education Inclusive Services, Ed. Opt., Language Criteria",,240 East 172 Street,"Bronx, NY 10457",718-410-4060,<1%,27%,69%,<1%,<1%,1%,23%,27%,,41%,59%,0%,80%,Boys: N/A; Girls: N/A; Co-Ed: N/A,"Gaming Club, Yearbook Club, Fashion Club, Foreign Exchange Club, Art Club, Sports Club, Basketball Morning Club, AP Support, Japanese Club, Film Club, Photography, Cosmetology","Music Theory / Musicianship, Drawing, Theater, Core Music","NYSED ""Local Support and Improvement""; AP for All; Community School; CS for All; NYC Math",0%,27%,33%,0%,0%,33%,6.9,83%,,,,,,,,,,,,32%,50%,51 (17%),79 (26%),0% (0),32% (34),65% (69),<1% (1),0% (0),2% (2),Excellent,90%,10%,0%,85%,0%,15%,78%,N/A,60%,83%,N/A,N/A,N/A,80%,76%,91%,62%,,,,,,,,,,,,81%,N/A,79%,81%,N/A,N/A,N/A,80%,77%,,,,,,,,,,,,,,82%,,94%,,58%,N/A,56%,60%,N/A,N/A,N/A,67%,49%,86%,N/A,84%,87%,N/A,N/A,N/A,82%,77%,,,,,,,,,,,81%,N/A,83%,84%,N/A,N/A,N/A,86%,90%,,79%,N/A,86%,77%,N/A,N/A,N/A,75%,80%,,77%,N/A,83%,83%,N/A,N/A,N/A,100%,64%
09X413,Bronx High School for Medical Science,,,,www.bxmedsci.com,Sarah Lenihan,"06,07,08,09,10,11,12,SE",282,Screened,,240 East 172 Street,"Bronx, NY 10457",718-410-4040,5%,28%,63%,1%,<1%,1%,11%,31%,,53%,47%,0%,73%,Boys: N/A; Girls: N/A; Co-Ed: N/A,"Clubs such as yearbook, film, art, ping pong, soccer, robotics","Acting, Mixed Media","NYSED ""Local Support and Improvement""; AP for All; DYCD: COMPASS/SONYC; NYC Math; Project Pivot",N/A (fewer than 5 teachers),19%,41%,0%,0%,36%,1.8,76%,,,,,,,,,,,,96%,83%,36 (13%),129 (46%),6% (10),30% (50),61% (101),2% (3),0% (0),<1% (1),Good,94%,6%,0%,89%,0%,11%,90%,N/A,96%,84%,N/A,N/A,N/A,93%,86%,N/A,79%,,,,,,,,,,,,72%,71%,68%,74%,N/A,N/A,N/A,67%,72%,,,,,,,,,,,,,,90%,,96%,,45%,41%,40%,48%,N/A,N/A,N/A,56%,60%,84%,82%,77%,86%,N/A,N/A,N/A,83%,83%,,,,,,,,,,,86%,N/A,69%,89%,N/A,N/A,N/A,100%,89%,,90%,N/A,81%,91%,N/A,N/A,N/A,100%,94%,,86%,N/A,81%,88%,N/A,N/A,N/A,89%,89%
09X505,"Bronx School for Law, Government and Justice",,,,www.BronxLGJ.org,Johanie Hernandez,"06,07,08,09,10,11,12,SE",473,"Ed. Opt., For Continuing 8th Graders",,244 East 163 Street,"Bronx, NY 10451",718-410-3430,<1%,21%,77%,<1%,<1%,<1%,10%,25%,,53%,47%,0%,81%,"Boys: BASKETBALL,CROSS COUNTRY,INDOOR TRACK,OUTDOOR TRACK,BASEBALL,BOWLING,VOLLEYBALL; Girls: OUTDOOR TRACK,BASKETBALL,SOFTBALL,VOLLEYBALL,INDOOR TRACK,CROSS COUNTRY; Co-Ed: N/A",N/A,"Theater Survey / Introduction to Theater, Studio Art, Photography, Computer Art / Digital Art, Music Technology","NYSED ""Local Support and Improvement""; AP for All; DYCD: COMPASS/SONYC; NYC Math; PROSE",N/A (fewer than 5 teachers),21%,28%,0%,0%,44%,8.1,74%,,,,,,,,,,,,66%,70%,308 (65%),99 (21%),<1% (2),22% (68),75% (232),<1% (2),<1% (1),<1% (3),Fair,94%,N/A,N/A,85%,0%,15%,85%,N/A,90%,84%,N/A,N/A,N/A,91%,78%,71%,82%,,,,,,,,,,,,81%,N/A,82%,81%,83%,N/A,100%,79%,79%,,,,,,,,,,,,,,87%,,96%,,48%,N/A,48%,48%,67%,N/A,57%,68%,57%,87%,N/A,83%,88%,67%,N/A,100%,89%,87%,,,,,,,,,,,84%,N/A,93%,85%,N/A,N/A,N/A,100%,88%,,87%,N/A,100%,86%,N/A,N/A,N/A,100%,76%,,88%,N/A,93%,88%,N/A,N/A,N/A,92%,81%
09X517,Frederick Douglass Academy III Secondary School,,,,fdaiiibx.org,Jumel Carlos,"09,10,11,12,SE",221,Ed. Opt.,,3630 Third Avenue,"Bronx, NY 10456",718-538-9726,0%,43%,56%,0%,0%,<1%,16%,29%,,53%,47%,0%,87%,"Boys: SOCCER,BASKETBALL; Girls: BASKETBALL,BADMINTON,VOLLEYBALL; Co-Ed: STUNT","Behind the Book program in which our Grade 9 scholars create their own book, , Additional clubs such as: Boys and Girls, Mindfulness, Chess, Cooking, Video club and Music, Podcast club","Concert Band, Studio Art, Printmaking, Three-Dimensional Art, Painting, Music, Art History, Digital Photography, Portfolio Development, Visual Art","NYSED ""Local Support and Improvement""; AP for All; Community School; NYC Math; Project Pivot",0%,42%,29%,0%,0%,21%,7.9,92%,,,,,,,,,,,,31%,35%,38 (17%),90 (41%),0% (0),43% (51),56% (67),0% (0),0% (0),<1% (1),Good,90%,10%,0%,85%,0%,15%,89%,N/A,94%,84%,N/A,N/A,N/A,85%,94%,93%,87%,,,,,,,,,,,,88%,N/A,88%,87%,N/A,N/A,N/A,67%,83%,,,,,,,,,,,,,,81%,,95%,,61%,N/A,57%,63%,N/A,N/A,N/A,56%,52%,93%,N/A,91%,94%,N/A,N/A,N/A,92%,87%,,,,,,,,,,,100%,N/A,100%,100%,N/A,N/A,N/A,100%,100%,,84%,N/A,79%,90%,N/A,N/A,N/A,79%,88%,,99%,N/A,100%,100%,N/A,N/A,N/A,100%,96%
09X525,Bronx Leadership Academy High School,,,,bronxleadershipacademy.org,Courtnei Davis,"09,10,11,SE",331,"Ed. Opt., Open",,1710 Webster Avenue,"Bronx, NY 10457",718-299-4274,<1%,31%,66%,2%,0%,<1%,13%,39%,,49%,51%,0%,66%,"Boys: BASKETBALL,VOLLEYBALL; Girls: SOFTBALL,BASKETBALL,VOLLEYBALL; Co-Ed: N/A","Scholar Government, Game Room, Dance, Film, Music Production, Scholar Internships, SYEP, WorkLearnGrow","Piano Keyboard, Advertising Art, Art History","NYSED ""Local Support and Improvement""; AP for All; Community School; Competency Collaborative; Future Ready NYC; NYC Math; Pathways Advising; Project Pivot",N/A (fewer than 5 teachers),32%,21%,0%,0%,N/A (fewer than 5 teachers),2,89%,,,,,,,,,,,,95%,49%,231 (70%),160 (48%),<1% (2),31% (98),66% (211),2% (5),0% (0),<1% (3),Excellent,95%,5%,0%,96%,N/A,N/A,93%,N/A,86%,97%,N/A,N/A,N/A,94%,92%,100%,97%,,,,,,,,,,,,79%,N/A,84%,78%,N/A,N/A,N/A,69%,78%,,,,,,,,,,,,,,83%,,95%,,43%,N/A,42%,46%,N/A,N/A,N/A,63%,51%,83%,N/A,79%,86%,N/A,N/A,N/A,85%,83%,,,,,,,,,,,83%,N/A,83%,84%,N/A,N/A,N/A,100%,97%,,75%,N/A,67%,76%,N/A,N/A,N/A,100%,81%,,80%,N/A,60%,85%,N/A,N/A,N/A,N/A,93%
09X543,High School for Violin and Dance,,,,www.hsvd.org,Franklin Sim,"09,10,11,12,SE",129,Ed. Opt.,,1110 Boston Road,"Bronx, NY 10456",718-842-0687,0%,30%,68%,2%,0%,0%,19%,34%,,71%,29%,0%,79%,Boys: N/A; Girls: N/A; Co-Ed: N/A,N/A,Drawing,"NYSED ""Comprehensive Support and Improvement""; AP for All; Future Ready NYC; NYC Math; Pathways Advising",N/A (fewer than 5 teachers),N/A (fewer than 5 teachers),33%,0%,0%,N/A (fewer than 5 teachers),12.6,73%,,,,,,,,,,,,58%,38%,42 (33%),57 (44%),0% (0),24% (18),75% (57),1% (1),0% (0),0% (0),Good,92%,N/A,N/A,90%,N/A,N/A,74%,N/A,N/A,77%,N/A,N/A,N/A,76%,71%,91%,81%,,,,,,,,,,,,89%,N/A,84%,90%,N/A,N/A,N/A,100%,83%,,,,,,,,,,,,,,88%,,97%,,58%,N/A,57%,57%,N/A,N/A,N/A,56%,64%,86%,N/A,85%,86%,N/A,N/A,N/A,83%,84%,,,,,,,,,,,85%,N/A,93%,82%,N/A,N/A,N/A,82%,94%,,68%,N/A,81%,62%,N/A,N/A,N/A,85%,71%,,86%,N/A,79%,89%,N/A,N/A,N/A,90%,87%
09X564,Claremont International HS,,,,www.schools.nyc.gov/schools/X564,Elizabeth Demchak,"09,10,11,12,SE",338,Language Criteria,,240 East 172 Street,"Bronx, NY 10457",718-410-4001,1%,17%,77%,1%,<1%,1%,93%,9%,,47%,53%,0%,96%,"Boys: BASEBALL,BASKETBALL,SOCCER; Girls: SOCCER,VOLLEYBALL,BASKETBALL; Co-Ed: TABLE TENNIS",N/A,"Visual Art, Theater Survey / Introduction to Theater, Painting, Filmmaking / Video, Dance Survey / Introduction to Dance","NYSED ""Local Support and Improvement""; Career Readiness and Modern Youth Apprenticeship; Community School; Competency Collaborative; Consortium; Project Pivot; PROSE",N/A (fewer than 5 teachers),N/A (fewer than 5 teachers),28%,0%,0%,60%,11.2,84%,,,,,,,,,,,,59%,51%,49 (14%),155 (46%),<1% (2),17% (34),77% (158),2% (5),<1% (1),<1% (2),Fair,89%,N/A,N/A,75%,N/A,N/A,92%,N/A,N/A,90%,N/A,N/A,N/A,92%,92%,92%,N/A,,,,,,,,,,,,82%,N/A,88%,81%,N/A,N/A,N/A,81%,80%,,,,,,,,,,,,,,84%,,96%,,68%,N/A,72%,66%,N/A,N/A,N/A,68%,40%,95%,N/A,97%,94%,N/A,N/A,N/A,95%,100%,,,,,,,,,,,95%,N/A,87%,97%,N/A,N/A,N/A,95%,100%,,85%,N/A,86%,85%,N/A,N/A,N/A,84%,100%,,96%,N/A,97%,97%,N/A,N/A,N/A,97%,100%
09X568,Young Women's Leadership School of the Bronx,,,,www.tywlsbronx.org,Devon Eisenberg,"06,07,08,09,10,11,12,SE",320,Screened With Assessment,,1865 Morris Avenue,"Bronx, NY 10453",718-731-2590,4%,25%,67%,<1%,<1%,2%,5%,20%,,100%,0%,0%,72%,"Boys: N/A; Girls: VOLLEYBALL,BASKETBALL,BADMINTON; Co-Ed: N/A",Track,"Core Music, Studio Art, Computer Art / Digital Art","NYSED ""Local Support and Improvement""; AP for All; Career Readiness and Modern Youth Apprenticeship; CS for All; DYCD: COMPASS/SONYC; PROSE; Respect for All",N/A (fewer than 5 teachers),16%,22%,0%,0%,42%,4.2,82%,,,,,,,,,,,,47%,85%,119 (37%),156 (49%),6% (11),25% (47),65% (120),<1% (1),1% (2),2% (3),Fair,89%,N/A,N/A,95%,N/A,N/A,96%,N/A,94%,96%,N/A,N/A,N/A,96%,N/A,N/A,93%,,,,,,,,,,,,83%,94%,71%,86%,N/A,N/A,80%,84%,81%,,,,,,,,,,,,,,88%,,94%,,44%,59%,41%,43%,N/A,N/A,40%,65%,48%,83%,94%,80%,84%,N/A,N/A,80%,82%,84%,,,,,,,,,,,92%,100%,87%,95%,N/A,N/A,60%,97%,91%,,77%,88%,75%,78%,N/A,N/A,80%,73%,81%,,92%,100%,89%,93%,N/A,N/A,60%,89%,96%
10X141,Riverdale / Kingsbridge Academy (Middle School / High School 141),,,,www.rka141.org,Lori O Mara,"06,07,08,09,10,11,12,SE",691,Screened,,660 West 237 Street,"Bronx, NY 10463",718-796-8516,6%,9%,58%,<1%,<1%,25%,6%,20%,,49%,51%,0%,75%,"Boys: WRESTLING,SOCCER,BASEBALL,CROSS COUNTRY,BASKETBALL,OUTDOOR TRACK; Girls: CROSS COUNTRY,BASKETBALL,SOFTBALL,SOCCER,VOLLEYBALL,OUTDOOR TRACK; Co-Ed: GOLF","Model UN Club, Science Olympiad, Debate, Key Club, Girls Inc., Museum Club, Social Justice Club, Black Student Union, Open Alliance (GSA), Outdoors Club, Sewing Club, Literary Magazine, Yearbook, Newspaper, Theatre and Advance Band","Mixed Media, Ceramics, Core Music, Visual Art, Painting, Studio Art, Filmmaking / Video, Drawing","NYSED ""Local Support and Improvement""; DYCD: COMPASS/SONYC",N/A (fewer than 5 teachers),12%,21%,0%,0%,57%,16.2,89%,,,,,,,,,,,,70%,69%,171 (25%),382 (55%),8% (34),9% (39),54% (245),<1% (1),<1% (1),27% (121),Good,77%,23%,0%,97%,0%,3%,93%,N/A,88%,93%,N/A,N/A,94%,95%,91%,73%,88%,,,,,,,,,,,,72%,73%,64%,73%,50%,60%,72%,64%,76%,,,,,,,,,,,,,,92%,,97%,,41%,42%,46%,39%,33%,0%,47%,45%,50%,86%,87%,76%,86%,100%,60%,90%,84%,84%,,,,,,,,,,,76%,78%,85%,74%,N/A,N/A,78%,73%,72%,,73%,50%,82%,78%,N/A,N/A,68%,45%,81%,,82%,82%,84%,80%,N/A,N/A,85%,82%,80%
10X213,Bronx Engineering and Technology Academy,,,,betahighschool.org,Mark House,"09,10,11,12,SE",351,"ASD/ACES Program, Ed. Opt.",,99 Terrace View Avenue,"Bronx, NY 10463",718-563-6678,4%,28%,62%,<1%,1%,5%,11%,32%,,13%,87%,0%,84%,Boys: N/A; Girls: N/A; Co-Ed: N/A,BUILD ACE (Architecture - Construction Engineering) Robotics Technology Club Code Club Student Government,"Architecture, Computer Art / Digital Art, Visual Art","NYSED ""Local Support and Improvement""; Project Pivot; Respect for All",N/A (fewer than 5 teachers),45%,16%,0%,0%,26%,3.5,90%,,,,,,,,,,,,36%,56%,63 (18%),174 (50%),5% (10),28% (58),60% (124),<1% (1),1% (3),4% (9),Good,96%,N/A,N/A,92%,0%,8%,91%,N/A,90%,91%,N/A,N/A,N/A,N/A,89%,80%,76%,,,,,,,,,,,,90%,100%,92%,87%,N/A,N/A,100%,100%,88%,,,,,,,,,,,,,,82%,,95%,,61%,50%,61%,58%,N/A,N/A,60%,88%,61%,94%,100%,95%,91%,N/A,N/A,100%,100%,92%,,,,,,,,,,,89%,100%,85%,93%,N/A,N/A,80%,86%,88%,,87%,80%,83%,91%,N/A,N/A,80%,73%,83%,,94%,100%,93%,97%,N/A,N/A,90%,100%,95%
10X225,Theatre Arts Production Company School,,,,www.tapconyc.org,Ron Link,"06,07,08,09,10,11,12,SE",367,Audition,,2225 Webster Avenue,"Bronx, NY 10457",718-584-0832,<1%,26%,68%,<1%,<1%,<1%,8%,28%,,67%,32%,<1%,76%,Boys: N/A; Girls: N/A; Co-Ed: N/A,"SAT prep, Study hall, Running club, afterschool dance, gardening club, Video tech squad, Arts of comic club, adventure club (outdoor excursions), school newspaper, writing club, creative writing/poetry, acting, musical theatre, music bands, drumming workshops, anime/manga, photography, Film, fashion, makeup and beauty, debate, Girls Inc, self-care/yoga/meditation","Technical Theater / Set Construction, Theater, Computer Art / Digital Art, Jazz Ensemble, Drawing, Mixed Choir, Core Music, Modern Dance, Graphic Design, Filmmaking / Video, and more","NYSED ""Local Support and Improvement""; AP for All; Community School; DYCD: COMPASS/SONYC; NYC Math",N/A (fewer than 5 teachers),23%,11%,0%,0%,49%,11.5,89%,,,,,,,,,,,,36%,57%,66 (18%),185 (50%),1% (3),26% (54),71% (146),<1% (1),0% (0),<1% (1),Good,91%,N/A,N/A,97%,N/A,N/A,79%,N/A,74%,80%,N/A,N/A,N/A,79%,79%,82%,73%,,,,,,,,,,,,82%,N/A,80%,82%,N/A,N/A,N/A,91%,80%,,,,,,,,,,,,,,79%,,95%,,47%,N/A,46%,48%,N/A,N/A,N/A,62%,56%,85%,N/A,81%,85%,N/A,N/A,N/A,86%,82%,,,,,,,,,,,87%,N/A,89%,87%,N/A,N/A,N/A,91%,90%,,88%,N/A,89%,89%,N/A,N/A,N/A,73%,90%,,86%,N/A,88%,86%,N/A,N/A,N/A,91%,88%
10X237,"The Marie Curie School for Medicine, Nursing, and Health Professions",,,,www.mchsbronx.org,Peta Gaye Williams,"09,10,11,12,SE",280,Ed. Opt.,,120 West 231 Street,"Bronx, NY 10463",718-432-6491,<1%,29%,66%,<1%,<1%,3%,13%,23%,,74%,26%,0%,59%,"Boys: BASKETBALL; Girls: FLAG FOOTBALL,SOFTBALL,BASKETBALL; Co-Ed: N/A","Cooking club, SGA, Green Justice","Studio Art, Graphic Design","NYSED ""Comprehensive Support and Improvement""; AP for All; Competency Collaborative; CS for All; Future Ready NYC; NYC Math; Pathways Advising",0%,24%,N/A (fewer than 5 teachers),0%,0%,68%,5.1,92%,,,,,,,,,,,,27%,47%,63 (23%),79 (28%),2% (2),36% (45),59% (73),<1% (1),0% (0),2% (3),Good,95%,N/A,N/A,94%,N/A,N/A,82%,N/A,88%,80%,N/A,N/A,N/A,83%,N/A,N/A,53%,,,,,,,,,,,,83%,N/A,87%,83%,N/A,N/A,83%,83%,76%,,,,,,,,,,,,,,79%,,96%,,45%,N/A,38%,46%,N/A,N/A,67%,65%,50%,94%,N/A,93%,94%,N/A,N/A,100%,92%,90%,,,,,,,,,,,87%,N/A,89%,86%,N/A,N/A,N/A,89%,88%,,83%,N/A,84%,82%,N/A,N/A,N/A,82%,82%,,87%,N/A,89%,84%,N/A,N/A,N/A,90%,87%
10X243,West Bronx Academy for the Future,,,,www.westbronxacademy.org,Wilper Morales,"06,07,08,09,10,11,SE",358,"Ed. Opt., For Continuing 8th Graders",,500 East Fordham Road,"Bronx, NY 10458",718-563-7139,<1%,17%,80%,<1%,0%,<1%,17%,26%,,53%,47%,0%,82%,"Boys: SWIMMING,CROSS COUNTRY,INDOOR TRACK,BASKETBALL,VOLLEYBALL,OUTDOOR TRACK,BASEBALL; Girls: CROSS COUNTRY,INDOOR TRACK,BASKETBALL,VOLLEYBALL,OUTDOOR TRACK,SOFTBALL; Co-Ed: N/A","Student Council, Girls United, Young Men with No Limits, Yearbook Club, Art Club, Music Club, TDF Wendy Wasserstein Theatre Scholarship, YDDC Dance Club, Young Men in the Workplace, Unity Club, Photography Club, Gemini Student Group, Catrock Outdoor Education program, TREC Campus Band, ACDP After School Enrichment Program, After school and Saturday Regents prep, AP for All, One Goal program, Genesys Works corporate internship, Capital One Bank internship, Lifeguard training, Partnership with Gear Up at Lehman College, College Now program, Annual upstate overnight college trip, Annual senior activities like overnight trip, prom, Senior Day, many trips, etc","Studio Art, Music Technology, Painting, String Orchestra","NYSED ""Additional Targeted Support and Improvement""; DYCD: COMPASS/SONYC; NYC Math",N/A (fewer than 5 teachers),22%,35%,0%,0%,35%,19.2,76%,,,,,,,,,,,,85%,63%,85 (24%),173 (48%),<1% (1),19% (40),79% (168),0% (0),0% (0),<1% (2),Fair,94%,6%,0%,97%,N/A,N/A,99%,N/A,N/A,98%,N/A,N/A,N/A,100%,97%,100%,100%,,,,,,,,,,,,75%,40%,70%,76%,N/A,N/A,N/A,87%,81%,,,,,,,,,,,,,,90%,,95%,,48%,33%,61%,46%,N/A,N/A,N/A,60%,57%,89%,100%,86%,89%,N/A,N/A,N/A,92%,90%,,,,,,,,,,,90%,60%,92%,90%,N/A,N/A,N/A,92%,92%,,86%,80%,84%,87%,N/A,N/A,N/A,93%,92%,,93%,100%,98%,92%,N/A,N/A,N/A,95%,94%
10X264,Bronx Academy for Software Engineering (BASE),,,,bronxsoftware.org,Benjamin Grossman,"09,10,11,12,SE",385,Ed. Opt.,,2474 Crotona Avenue,"Bronx, NY 10458",718-733-6024,3%,25%,67%,2%,<1%,2%,9%,29%,,15%,85%,0%,79%,Boys: N/A; Girls: N/A; Co-Ed: N/A,N/A,"Studio Art, Portfolio Development","NYSED ""Local Support and Improvement""; AP for All; Career & Technical Education; Competency Collaborative; CS for All; PROSE",N/A (fewer than 5 teachers),18%,31%,0%,0%,44%,10.2,79%,,,,,,,,,,,,54%,68%,57 (15%),91 (24%),5% (6),28% (35),62% (78),2% (3),2% (2),<1% (1),Good,93%,N/A,N/A,91%,0%,9%,92%,N/A,91%,93%,N/A,N/A,N/A,N/A,92%,N/A,91%,,,,,,,,,,,,80%,63%,90%,77%,N/A,N/A,N/A,80%,80%,,,,,,,,,,,,,,80%,,93%,,70%,38%,68%,72%,N/A,N/A,N/A,100%,79%,94%,75%,98%,93%,N/A,N/A,N/A,100%,92%,,,,,,,,,,,96%,N/A,89%,97%,N/A,N/A,N/A,N/A,94%,,87%,N/A,78%,89%,N/A,N/A,N/A,N/A,81%,,98%,N/A,100%,97%,N/A,N/A,N/A,N/A,94%
10X268,Kingsbridge International High School,,,,www.schools.nyc.gov/schools/X268,Elisia Downing,"09,10,11,12",230,Language Criteria,,2780 Reservoir Avenue,"Bronx, NY 10468",718-329-8580,3%,3%,93%,0%,0%,2%,91%,3%,,45%,55%,0%,67%,Boys: N/A; Girls: N/A; Co-Ed: N/A,"Girls Inc., Gaming Club, Art Club, PSAL Baseball, PSAL Soccer, PSAL Baseball, PSAL Softball, National Honor Society, Student Government, and Campus Council.","Drawing, Ceramics, Three-Dimensional Art, Visual Art","NYSED ""Comprehensive Support and Improvement""; CS for All; NYC Math",N/A (fewer than 5 teachers),N/A (fewer than 5 teachers),50%,0%,0%,28%,1.1,100%,,,,,,,,,,,,9%,32%,,114 (50%),2% (2),<1% (1),95% (108),0% (0),0% (0),3% (3),N/A,N/A,N/A,0%,100%,0%,0%,66%,N/A,N/A,65%,N/A,N/A,N/A,73%,61%,65%,N/A,,,,,,,,,,,,88%,83%,100%,88%,N/A,N/A,N/A,87%,100%,,,,,,,,,,,,,,85%,,94%,,59%,80%,67%,58%,N/A,N/A,N/A,58%,60%,90%,83%,83%,91%,N/A,N/A,N/A,90%,100%,,,,,,,,,,,92%,N/A,100%,91%,N/A,N/A,N/A,93%,N/A,,89%,N/A,100%,88%,N/A,N/A,N/A,90%,N/A,,98%,N/A,100%,98%,N/A,N/A,N/A,98%,N/A
10X284,Bronx School of Law and Finance,,,,www.schools.nyc.gov/schools/X284,Jessica Goring,"09,10,11,12,SE",343,Ed. Opt.,,99 Terrace View Avenue,"Bronx, NY 10463",718-561-0113,2%,20%,75%,<1%,0%,2%,13%,22%,,53%,47%,0%,86%,Boys: N/A; Girls: N/A; Co-Ed: N/A,"Moot Court, Mock Trial, Explorers Club, Gaming Club, Edible Art, Chess Club, Bracelet Making Club, Crochet Club, Homework Help, BIWOCA, Movie Club, Dance Club","Visual Art, Art History, Mixed Media, Digital Photography","NYSED ""Local Support and Improvement""; AP for All; CS for All; Future Ready NYC; NYC Math; Project Pivot",N/A (fewer than 5 teachers),N/A (fewer than 5 teachers),32%,0%,0%,36%,11.2,88%,,,,,,,,,,,,76%,46%,64 (19%),149 (43%),2% (4),22% (41),72% (132),0% (0),0% (0),3% (5),Fair,73%,N/A,N/A,80%,0%,20%,88%,N/A,89%,87%,N/A,N/A,N/A,94%,82%,90%,71%,,,,,,,,,,,,84%,N/A,79%,86%,N/A,N/A,N/A,83%,74%,,,,,,,,,,,,,,83%,,95%,,36%,N/A,33%,37%,N/A,N/A,N/A,44%,33%,94%,N/A,94%,94%,N/A,N/A,N/A,92%,86%,,,,,,,,,,,95%,N/A,96%,94%,N/A,N/A,N/A,92%,94%,,91%,N/A,86%,91%,N/A,N/A,N/A,92%,93%,,94%,N/A,96%,93%,N/A,N/A,N/A,77%,100%
10X342,International School for Liberal Arts,,,,islaschool.com,Gicel Adon,"06,07,08,09,10,11,12,SE",344,Language Criteria,,2780 Reservoir Avenue,"Bronx, NY 10468",718-329-8570,0%,0%,100%,0%,0%,0%,73%,8%,,47%,53%,0%,88%,Boys: N/A; Girls: N/A; Co-Ed: N/A,N/A,"Studio Art, Theater / Play Production","NYSED ""Comprehensive Support and Improvement""; AP for All; Community School; Dual Language or TBE; DYCD: COMPASS/SONYC; NYC Math",N/A (fewer than 5 teachers),N/A (fewer than 5 teachers),60%,0%,0%,18%,3.6,82%,,,,,,,,,,,,77%,36%,74 (22%),157 (46%),0% (0),0% (0),100% (207),0% (0),0% (0),0% (0),Good,91%,N/A,N/A,90%,N/A,N/A,76%,N/A,N/A,76%,N/A,N/A,N/A,84%,67%,75%,N/A,,,,,,,,,,,,82%,N/A,N/A,82%,N/A,N/A,N/A,80%,85%,,,,,,,,,,,,,,86%,,95%,,58%,N/A,N/A,58%,N/A,N/A,N/A,58%,62%,88%,N/A,N/A,88%,N/A,N/A,N/A,88%,83%,,,,,,,,,,,91%,N/A,N/A,91%,N/A,N/A,N/A,89%,92%,,88%,N/A,N/A,88%,N/A,N/A,N/A,89%,92%,,92%,N/A,N/A,92%,N/A,N/A,N/A,90%,100%
10X351,Bronx Collaborative High School,,,,www.bxchs.org,Brett Schneider,"09,10,11,12,SE",436,Open,,100 West Mosholu Parkway South,"Bronx, NY 10468",718-543-1023,2%,18%,66%,1%,<1%,2%,21%,29%,,45%,55%,0%,74%,Boys: N/A; Girls: N/A; Co-Ed: N/A,N/A,"Theater / Play Production, Core Music, Three-Dimensional Art, Mixed Media, Music, Visual Art","NYSED ""Local Support and Improvement""; AP for All; Consortium; Dual Language or TBE; Future Ready NYC; Pathways Advising; Project Pivot; PROSE",N/A (fewer than 5 teachers),13%,23%,0%,0%,56%,10.2,87%,,,,,,,,,,,,26%,50%,32 (7%),236 (54%),<1% (2),18% (44),71% (174),2% (4),<1% (2),2% (4),Excellent,83%,8%,9%,91%,0%,9%,77%,N/A,77%,79%,N/A,N/A,N/A,90%,65%,69%,58%,,,,,,,,,,,,75%,N/A,53%,78%,N/A,N/A,N/A,83%,79%,,,,,,,,,,,,,,68%,,96%,,48%,N/A,25%,50%,N/A,N/A,N/A,44%,44%,91%,N/A,85%,94%,N/A,N/A,N/A,84%,88%,,,,,,,,,,,83%,N/A,80%,83%,N/A,N/A,N/A,N/A,N/A,,73%,N/A,60%,100%,N/A,N/A,N/A,N/A,N/A,,100%,N/A,100%,100%,N/A,N/A,N/A,N/A,N/A
10X353,World View High School,,,,worldviewhs.org,Martin Hernandez,"09,10,11,12,SE",624,"Ed. Opt., Language Criteria",,100 West Mosholu Parkway South,"Bronx, NY 10468",718-601-0391,5%,18%,71%,<1%,<1%,2%,27%,18%,,47%,53%,0%,79%,Boys: N/A; Girls: N/A; Co-Ed: N/A,"German, Japanese, Spanish, Debate, Business, Intro to Computer Science, Health, Anatomy, Criminal Justice, Forensic Science, Nutrition, Fitness/Weightlifting, Psychology, Journalism, Creative Writing, Current Events, Graphic Design, Film Studies, History through Film, Art History, Personal Finance, etc. Green Team, El Club de Lectura, Wellness Club, Bring Change to Mind, Origami Club, Travel Club, Multicultural Club, Board Games Club, Crochet Club, Student Government, Debate Team, Literary Arts Magazine, Poetry Club, Video Game Club, etc.","Theater Survey / Introduction to Theater, Computer Art / Digital Art","NYSED ""Local Support and Improvement""; AP for All; Dual Language or TBE; Project Pivot; PROSE",N/A (fewer than 5 teachers),N/A (fewer than 5 teachers),35%,0%,0%,48%,9.5,65%,,,,,,,,,,,,97%,76%,231 (37%),406 (65%),6% (26),19% (85),71% (314),0% (0),<1% (4),2% (8),Good,94%,N/A,N/A,95%,N/A,N/A,96%,N/A,100%,94%,N/A,N/A,N/A,99%,92%,90%,94%,,,,,,,,,,,,95%,80%,91%,96%,N/A,N/A,100%,95%,92%,,,,,,,,,,,,,,88%,,97%,,57%,56%,58%,57%,N/A,N/A,57%,66%,63%,96%,88%,93%,96%,N/A,N/A,86%,96%,92%,,,,,,,,,,,92%,86%,88%,94%,N/A,N/A,N/A,96%,100%,,90%,86%,88%,91%,N/A,N/A,N/A,91%,95%,,93%,100%,88%,96%,N/A,N/A,N/A,93%,100%
10X368,In-Tech Academy (M.S. / High School 368),,,,www.in-techacademy.org,David Weissberg,"06,07,08,09,10,11,12,SE",526,Screened With Assessment,,2975 Tibbett Avenue,"Bronx, NY 10463",718-432-4300,2%,7%,87%,<1%,<1%,3%,16%,22%,,43%,57%,0%,77%,"Boys: BASEBALL,Middle Schools BASKETBALL,BASKETBALL,SOCCER,OUTDOOR TRACK; Girls: SOFTBALL,BASKETBALL,VOLLEYBALL,OUTDOOR TRACK; Co-Ed: N/A","After school and Saturday Academy College Advisory SAT Test Prep Clubs: National Honor Society, Debate, Media, Student Government, Chess, Mouse Squad, E-Sports, GEAR-UP, Leadership, Youth Court Middle School CBO: Riverdale Neighborhood House PSAL SPORTS - GIRLS Basketball, Outdoor Track, Softball, Volleyball PSAL SPORTS - BOYS Baseball, Basketball, Soccer","Mixed Media, Concert Band, Visual Art, Studio Art, Painting, Fashion and Textile Design","NYSED ""Local Support and Improvement""; CS for All; Dual Language or TBE; DYCD: COMPASS/SONYC; Future Ready NYC",7%,23%,35%,0%,0%,32%,2.1,88%,,,,,,,,,,,,59%,63%,89 (17%),150 (29%),2% (4),7% (13),88% (171),0% (0),0% (0),3% (5),Excellent,81%,N/A,N/A,98%,N/A,N/A,91%,N/A,N/A,90%,N/A,N/A,N/A,94%,88%,85%,81%,,,,,,,,,,,,76%,80%,74%,76%,83%,N/A,74%,75%,73%,,,,,,,,,,,,,,91%,,95%,,41%,47%,35%,41%,67%,N/A,58%,51%,49%,87%,94%,83%,88%,100%,N/A,78%,84%,82%,,,,,,,,,,,85%,86%,95%,86%,N/A,N/A,67%,88%,84%,,80%,88%,83%,80%,N/A,N/A,62%,83%,87%,,88%,88%,89%,88%,N/A,N/A,100%,89%,89%
10X374,Knowledge and Power Preparatory Academy International High School (Kappa),,,,www.kappainternational.org,Katheryn Fierman,"09,10,11,12,SE",401,Ed. Opt.,,500 East Fordham Road,"Bronx, NY 10458",718-933-1247,3%,26%,66%,<1%,0%,4%,14%,23%,,57%,43%,0%,86%,Boys: N/A; Girls: N/A; Co-Ed: N/A,"NYU Mini Meds, KAPPA Student Government Organization (SGO), Mentoring in Medicine, KAPPA Dance Team, Global Student Alliance (GSA), KAPPA Art Club, KAPPA Peer Mentoring, Junior Reserve Officers' Training Corps (JROTC), RockEDU at Rockefeller University, Bronx Institute GEAR UP, After School Program at the American Museum of Natural History, Fordham University Instep Program, Center for Urban Pedagogy Program, Woodland Ecology Research Mentorship, College Now at Bronx Community College, Bronx Community College STEP Program, NYC Ladders for Leaders, Madison Square Boys and Girls Club, GENESYS Works, SALTZ and SRMP Internship at the American Museum of Natural History, NYC Botanical Garden, Architect, Construction, Engineering Internship (ACE), Wildlife Conservation Society at the Bronx Zoo Internship, Simpson Thacher & Bartlett LLP Internship, Lifeguard Training, LAZAR Summer Academy, COOP Tech, Enrichment Opportunities (SAT Regents Prep, College Trips, Library Internship), Capital One Internship","Music Technology, Studio Art, Theater / Play Production, Concert Band, Filmmaking / Video","NYSED ""Local Support and Improvement""; Competency Collaborative; CS for All; PROSE",N/A (fewer than 5 teachers),N/A (fewer than 5 teachers),28%,0%,0%,47%,2.1,56%,,,,,,,,,,,,65%,83%,,51 (13%),8% (9),23% (27),63% (73),<1% (1),0% (0),4% (5),Good,93%,N/A,N/A,99%,N/A,N/A,92%,N/A,89%,93%,N/A,N/A,N/A,98%,85%,95%,79%,,,,,,,,,,,,87%,85%,81%,90%,N/A,N/A,71%,90%,81%,,,,,,,,,,,,,,82%,,96%,,58%,54%,59%,56%,N/A,N/A,86%,56%,45%,91%,77%,88%,93%,N/A,N/A,80%,87%,91%,,,,,,,,,,,90%,82%,89%,91%,N/A,N/A,80%,83%,86%,,84%,64%,87%,84%,N/A,N/A,73%,74%,77%,,91%,91%,90%,92%,N/A,N/A,87%,91%,86%
10X433,High School for Teaching and the Professions,,,,www.teachingandprofessionshs.org/,"Hernandez, Roberto","09,10,11,12,SE",375,"ASD/ACES Program, Ed. Opt.",,2780 Reservoir Avenue,"Bronx, NY 10468",718-329-7380,1%,13%,83%,1%,<1%,1%,23%,27%,,50%,50%,0%,83%,"Boys: BOWLING,SOCCER,HANDBALL,BASKETBALL,OUTDOOR TRACK,BASEBALL,VOLLEYBALL; Girls: OUTDOOR TRACK,VOLLEYBALL,SWIMMING,TABLE TENNIS,BASKETBALL,SOFTBALL,BOWLING; Co-Ed: N/A",N/A,"Art History, Filmmaking / Video","NYSED ""Local Support and Improvement""; AP for All; Community School; Dual Language or TBE; Future Ready NYC; NYC Math; PROSE",0%,17%,53%,0%,0%,28%,5.4,86%,,,,,,,,,,,,54%,55%,80 (21%),267 (71%),1% (4),15% (43),80% (232),1% (4),<1% (2),1% (4),Good,97%,N/A,N/A,94%,0%,6%,96%,N/A,N/A,96%,N/A,N/A,N/A,95%,96%,86%,93%,,,,,,,,,,,,87%,N/A,88%,89%,N/A,N/A,N/A,86%,84%,,,,,,,,,,,,,,91%,,95%,,58%,N/A,32%,62%,N/A,N/A,N/A,66%,58%,88%,N/A,83%,90%,N/A,N/A,N/A,80%,86%,,,,,,,,,,,92%,N/A,87%,93%,N/A,N/A,N/A,97%,85%,,85%,N/A,71%,86%,N/A,N/A,N/A,89%,87%,,95%,N/A,71%,97%,N/A,N/A,N/A,100%,96%
10X434,Belmont Preparatory High School,,,,www.belmontprephs.org,Stephen Gumbs,"09,10,11,12,SE",367,Screened,,500 East Fordham Road,"Bronx, NY 10458",718-733-4559,1%,22%,71%,1%,<1%,3%,9%,24%,,53%,47%,0%,76%,Boys: N/A; Girls: N/A; Co-Ed: N/A,N/A,"Mixed Media, Music, Filmmaking / Video, Computer Art / Digital Art","NYSED ""Local Support and Improvement""; Career Readiness and Modern Youth Apprenticeship",N/A (fewer than 5 teachers),23%,31%,N/A (fewer than 5 teachers),N/A (fewer than 5 teachers),35%,16.2,92%,,,,,,,,,,,,62%,80%,91 (25%),92 (25%),2% (3),25% (39),67% (107),<1% (1),<1% (1),4% (6),Good,95%,N/A,N/A,97%,N/A,N/A,98%,N/A,95%,98%,N/A,N/A,N/A,98%,97%,N/A,93%,,,,,,,,,,,,87%,N/A,93%,84%,N/A,N/A,100%,71%,81%,,,,,,,,,,,,,,91%,,95%,,44%,N/A,41%,46%,60%,N/A,27%,38%,57%,93%,N/A,92%,93%,100%,N/A,82%,84%,89%,,,,,,,,,,,78%,N/A,74%,79%,N/A,N/A,75%,89%,85%,,69%,N/A,68%,70%,N/A,N/A,75%,100%,85%,,76%,N/A,69%,76%,N/A,N/A,100%,71%,78%
10X437,Fordham High School for the Arts,,,,www.fordhamhighschoolforthearts.org,Michael Johnson,"09,10,11,SE",393,Audition,,500 East Fordham Road,"Bronx, NY 10458",718-733-4656,3%,28%,64%,1%,<1%,3%,4%,20%,,69%,31%,0%,91%,Boys: N/A; Girls: N/A; Co-Ed: N/A,"Building Brothers (MBK), Soaring Sisters (MSK), Good Services Association (GSA), RUOK, Gaming Club, Computer Science Club (Project Invent), KPop Club, Dance Team, Debate Team, SAT and ACT Exam Preparation, Student Council, and the National Honor Society","Music Theory / Musicianship, Theater History, Music Technology, Ballet, Art History, Acting, Visual Art, Studio Art, Voice and Diction, Jazz Dance, and more","NYSED ""Local Support and Improvement""; AP for All; CS for All; Future Ready NYC",0%,21%,N/A (fewer than 5 teachers),0%,0%,66%,3.1,38%,,,,,,,,,,,,100%,83%,266 (68%),102 (26%),3% (11),29% (92),63% (199),1% (4),<1% (2),3% (9),Fair,98%,N/A,N/A,100%,0%,0%,100%,N/A,100%,100%,N/A,N/A,N/A,100%,100%,N/A,100%,,,,,,,,,,,,92%,90%,91%,93%,100%,N/A,91%,93%,94%,,,,,,,,,,,,,,91%,,96%,,64%,73%,61%,64%,60%,N/A,60%,79%,64%,94%,100%,94%,94%,100%,N/A,100%,100%,93%,,,,,,,,,,,87%,67%,86%,88%,100%,N/A,89%,90%,85%,,73%,44%,67%,77%,80%,N/A,67%,90%,77%,,92%,100%,90%,93%,80%,N/A,88%,100%,95%
10X438,Fordham Leadership Academy,,,,www.fordhamleadership.com,Fiorella Cabrejos,"09,10,11,12,SE",415,Ed. Opt.,,500 East Fordham Road,"Bronx, NY 10458",718-733-5024,<1%,22%,73%,<1%,<1%,3%,11%,24%,,54%,46%,0%,77%,Boys: N/A; Girls: N/A; Co-Ed: N/A,"Peer Group Connection, The Leadership Program, Student Leadership Network, College Bridge Cafe, Student Council, Community Service","Studio Art, Painting, Concert Band","NYSED ""Local Support and Improvement""; Career Readiness and Modern Youth Apprenticeship; Community School; Competency Collaborative; Future Ready NYC",N/A (fewer than 5 teachers),N/A (fewer than 5 teachers),39%,0%,0%,36%,8.2,48%,,,,,,,,,,,,48%,51%,222 (53%),197 (47%),<1% (1),20% (47),76% (176),<1% (2),<1% (1),2% (5),Good,96%,N/A,N/A,84%,0%,16%,100%,N/A,100%,100%,N/A,N/A,N/A,100%,100%,100%,100%,,,,,,,,,,,,79%,N/A,77%,80%,N/A,N/A,38%,61%,77%,,,,,,,,,,,,,,90%,,96%,,60%,N/A,60%,60%,N/A,N/A,50%,48%,54%,90%,N/A,85%,92%,N/A,N/A,88%,89%,87%,,,,,,,,,,,95%,N/A,96%,94%,N/A,N/A,100%,96%,95%,,93%,N/A,98%,92%,N/A,N/A,100%,91%,91%,,97%,N/A,95%,97%,N/A,N/A,100%,100%,100%
10X439,Bronx High School for Law and Community Service,,,,www.bronxlawhs.org,Michael Barakat,"09,10,11,12,SE",385,Ed. Opt.,,500 East Fordham Road,"Bronx, NY 10458",718-733-5274,2%,23%,71%,1%,<1%,2%,17%,30%,,52%,48%,0%,85%,Boys: N/A; Girls: N/A; Co-Ed: N/A,"Art Club, Athena Club/ Women of Strength, Badminton Club, Book Club, Dance Club, Empowerment for Women, Film Club, JROTC, Journalism Club, Men of Strength, Moot Court/ Mock Trial, Track Club/Team, Volleyball Club","Visual Art, Concert Band, Filmmaking / Video, Playwriting","NYSED ""Local Support and Improvement""; Career Readiness and Modern Youth Apprenticeship; PROSE",N/A (fewer than 5 teachers),21%,18%,0%,0%,44%,13.1,88%,,,,,,,,,,,,36%,69%,75 (19%),90 (23%),3% (4),26% (37),64% (92),2% (3),<1% (1),3% (5),Good,95%,N/A,N/A,94%,N/A,N/A,95%,N/A,95%,95%,N/A,N/A,N/A,93%,97%,100%,96%,,,,,,,,,,,,90%,86%,91%,89%,N/A,N/A,100%,92%,86%,,,,,,,,,,,,,,88%,,95%,,49%,57%,45%,51%,N/A,N/A,33%,71%,45%,94%,100%,91%,95%,N/A,N/A,100%,96%,89%,,,,,,,,,,,87%,N/A,78%,90%,N/A,N/A,N/A,90%,87%,,88%,N/A,82%,94%,N/A,N/A,N/A,91%,82%,,85%,N/A,64%,94%,N/A,N/A,N/A,90%,81%
10X440,DeWitt Clinton High School,,,,DeWittClintonHS.com,Pierre Orbe,"09,10,11,12,SE",1045,"D75 Special Education Inclusive Services, Ed. Opt., Language Criteria, Screened",,100 West Mosholu Parkway South,"Bronx, NY 10468",718-543-1000,7%,29%,57%,1%,1%,2%,9%,22%,,47%,53%,<1%,87%,"Boys: FOOTBALL,BASKETBALL,WRESTLING,SWIMMING,OUTDOOR TRACK,SOCCER,CROSS COUNTRY,BASEBALL,INDOOR TRACK,TENNIS,VOLLEYBALL; Girls: FLAG FOOTBALL,CROSS COUNTRY,OUTDOOR TRACK,SWIMMING,GYMNASTICS,HANDBALL,INDOOR TRACK,BASKETBALL,VOLLEYBALL,SOCCER,SOFTBALL,BOWLING; Co-Ed: CRICKET",Paid Internships with Industry Partners after school,"Visual Art, Music, Printmaking, Choreography / Dance Composition","NYSED ""Local Support and Improvement""; Community School; Future Ready NYC; Project Pivot",N/A (fewer than 5 teachers),18%,31%,N/A (fewer than 5 teachers),0%,45%,6.6,62%,,,,,,,,,,,,94%,62%,415 (40%),359 (34%),9% (75),30% (241),54% (432),2% (14),1% (12),2% (20),Fair,96%,N/A,N/A,92%,0%,8%,97%,N/A,98%,95%,N/A,N/A,N/A,96%,97%,88%,95%,,,,,,,,,,,,81%,82%,83%,80%,63%,83%,77%,79%,74%,,,,,,,,,,,,,,90%,,97%,,51%,52%,53%,47%,78%,57%,69%,53%,52%,91%,96%,89%,91%,100%,86%,93%,87%,89%,,,,,,,,,,,83%,N/A,100%,77%,N/A,N/A,N/A,N/A,80%,,81%,N/A,100%,77%,N/A,N/A,N/A,N/A,80%,,88%,N/A,100%,83%,N/A,N/A,N/A,N/A,90%
10X442,"Celia Cruz Bronx High School of Music, The",,,,cchighschoolofmusic.org,Jerrod Mabry,"09,10,11,SE",415,Audition,,2780 Reservoir Avenue,"Bronx, NY 10468",718-329-8550,1%,28%,67%,<1%,0%,2%,4%,21%,,62%,38%,0%,83%,Boys: N/A; Girls: N/A; Co-Ed: N/A,N/A,"Music Theory / Musicianship, Mixed Choir, Symphonic Orchestra, Concert Band, String Orchestra, Opera, Musical Theater, Music, Jazz Ensemble, Woodwind Ensemble, and more","NYSED ""Local Support and Improvement""; Future Ready NYC; NYC Math",N/A (fewer than 5 teachers),22%,38%,N/A (fewer than 5 teachers),N/A (fewer than 5 teachers),38%,N/A,94%,,,,,,,,,,,,97%,78%,149 (36%),202 (49%),2% (5),30% (88),64% (187),<1% (2),0% (0),2% (7),Good,99%,N/A,N/A,92%,N/A,N/A,100%,N/A,100%,100%,N/A,N/A,N/A,100%,100%,N/A,100%,,,,,,,,,,,,89%,100%,87%,89%,N/A,N/A,100%,91%,89%,,,,,,,,,,,,,,94%,,95%,,55%,60%,51%,57%,N/A,N/A,50%,73%,66%,95%,100%,94%,95%,N/A,N/A,100%,91%,91%,,,,,,,,,,,85%,N/A,91%,84%,N/A,N/A,83%,67%,81%,,84%,N/A,88%,81%,N/A,N/A,100%,100%,91%,,90%,N/A,91%,89%,N/A,N/A,100%,100%,84%
10X445,The Bronx High School of Science,,,,bxscience.edu,Marian Hoyle,"09,10,11,12",2949,Test,,75 West 205 Street,"Bronx, NY 10468",718-817-7700,61%,4%,9%,<1%,1%,21%,0%,2%,,46%,54%,<1%,94%,"Boys: CROSS COUNTRY,VOLLEYBALL,TENNIS,FENCING,BASEBALL,WRESTLING,INDOOR TRACK,BOWLING,SOCCER,BASKETBALL,SWIMMING,GYMNASTICS,BADMINTON,HANDBALL,OUTDOOR TRACK,TABLE TENNIS,LACROSSE; Girls: BOWLING,BASKETBALL,OUTDOOR TRACK,SOFTBALL,VOLLEYBALL,CROSS COUNTRY,SWIMMING,TABLE TENNIS,SOCCER,HANDBALL,FLAG FOOTBALL,BADMINTON,TENNIS,FENCING,GOLF,GYMNASTICS,WRESTLING,LACROSSE,INDOOR TRACK; Co-Ed: CRICKET,GOLF","Drama (Play/Musical), Mock Trial, Model UN, Robotics (Sciborgs/FeMaidens), S!NG, Speech and Debate, Business Society, DECA, Entrepreneurship Club, Get Your Life Together Club (GYLT), Investment Society, Pre-Medical Society, East Asian Entertainment Club, Filipino Culture Club, French Culture Club, Hindi Cinema Club, Japanese Culture Club, Italian Club, Jewish Student Union, Muslim Students' Association, Latin Club, Lunar New Year Productions, Martial Arts Culture Club, NASHA of Culture, Seekers Christian Fellowship, Vivo Latino, World Culture Cooking Club, E-Sports Club, Chess Club, Dungeons and Dragons, A Cappella Club, Bronx Science Fashion Show, Chamber Music, Crafts for Humanity, DIY Club, Edible Arts, Film Production Club, Jazz Club, Starving Artists Society, Painting Club, Dynamo Literary Magazine, Exposition, Journal of Biology (JOB), Astronomy Club, BioEthics, Bronx Science Hackers, Science Olympiad, Machine Learning Club, Amnesty International, Best Buddies Bronx Science, Current Events Forum, Gay Straight Alliance/ Gender Sexuality Alliance, Helping out NYC's Youth, Key Club, LEAP (League of Environmental and Animal Protection) Club, Mental Health Association, National Organization for Women, Red Cross Club, Unicef","Studio Art, Music History, Art History, Concert Band, Acting, Graphic Design, Photography, Music Technology, Symphonic Orchestra, Mixed Choir, and more","NYSED ""Local Support and Improvement""; CS for All",17%,4%,9%,0%,0%,65%,3,90%,,,,,,,,,,,,100%,91%,1876 (64%),1767 (60%),62% (1661),4% (119),8% (225),<1% (26),1% (30),20% (543),Fair,96%,N/A,N/A,96%,N/A,N/A,99%,100%,95%,98%,N/A,N/A,99%,99%,99%,N/A,N/A,,,,,,,,,,,,95%,94%,90%,96%,83%,96%,97%,N/A,98%,,,,,,,,,,,,,,96%,,97%,,50%,49%,46%,47%,50%,46%,55%,N/A,61%,97%,98%,98%,98%,96%,96%,96%,N/A,100%,,,,,,,,,,,88%,90%,87%,87%,86%,N/A,83%,N/A,95%,,65%,64%,89%,61%,71%,N/A,64%,N/A,85%,,92%,95%,92%,85%,86%,N/A,89%,N/A,95%
10X477,Marble Hill High School for International Studies,,,,www.marblehillschool.org,Kirsten Larson,"09,10,11,12,SE",417,"Language Criteria, Screened",,99 Terrace View Avenue,"Bronx, NY 10463",718-561-0973,9%,14%,71%,1%,<1%,3%,36%,17%,,54%,46%,0%,85%,Boys: N/A; Girls: N/A; Co-Ed: N/A,"Gay Straight Alliance (GSA), The Black Student Union (BSU), Gaming club, Poetry club, Glee club, Literary Review, Seniors club, DIY/Recycling club, Coding club, Art club, Math club, and Music club","Studio Art, Acting, Music Technology, Fashion and Textile Design, Choreography / Dance Composition, Graphic Design, Mixed Choir, Guitar","NYSED ""Local Support and Improvement""; Project Pivot",N/A (fewer than 5 teachers),N/A (fewer than 5 teachers),24%,0%,0%,52%,16,94%,,,,,,,,,,,,82%,76%,137 (33%),141 (34%),14% (28),15% (29),63% (123),2% (3),1% (2),5% (9),Good,88%,12%,0%,97%,N/A,N/A,99%,100%,100%,98%,N/A,N/A,N/A,98%,100%,100%,92%,,,,,,,,,,,,86%,87%,87%,86%,80%,N/A,89%,81%,89%,,,,,,,,,,,,,,90%,,95%,,50%,55%,43%,51%,67%,N/A,50%,58%,55%,91%,90%,84%,94%,100%,N/A,80%,88%,89%,,,,,,,,,,,94%,100%,100%,93%,N/A,N/A,N/A,93%,100%,,83%,85%,43%,84%,N/A,N/A,N/A,83%,80%,,95%,100%,86%,96%,N/A,N/A,N/A,93%,100%
10X524,Crotona International High School,,,,www.crotonaihs.org/,Shweta Ratra,"09,10,11,12",333,Language Criteria,,2474 Crotona Avenue,"Bronx, NY 10458",718-561-8701,2%,3%,94%,<1%,<1%,<1%,>99%,4%,,44%,56%,0%,87%,"Boys: BASEBALL,BASKETBALL; Girls: SOFTBALL,VOLLEYBALL; Co-Ed: N/A",N/A,"Computer Art / Digital Art, Visual Art, Painting, Illustration, Music, Modern Dance, Dance, Theater / Play Production, Music Technology, Advertising Art","NYSED ""Local Support and Improvement""; Career & Technical Education; Competency Collaborative; Consortium; Future Ready NYC; Respect for All",21%,N/A (fewer than 5 teachers),38%,0%,0%,29%,8.1,54%,,,,,,,,,,,,73%,47%,,85 (26%),2% (2),4% (4),93% (101),0% (0),<1% (1),<1% (1),N/A,73%,N/A,N/A,N/A,0%,N/A,95%,N/A,N/A,94%,N/A,N/A,N/A,96%,93%,95%,N/A,,,,,,,,,,,,87%,100%,88%,86%,N/A,N/A,N/A,87%,80%,,,,,,,,,,,,,,85%,,96%,,61%,80%,88%,60%,N/A,N/A,N/A,62%,60%,88%,100%,100%,88%,N/A,N/A,N/A,88%,80%,,,,,,,,,,,97%,100%,100%,97%,N/A,N/A,N/A,97%,100%,,92%,100%,100%,92%,N/A,N/A,N/A,93%,100%,,97%,100%,100%,97%,N/A,N/A,N/A,97%,100%
10X546,Bronx Theatre High School,,,,www.bxtheatre.org/,Shoundel Mcintosh,"09,10,11,12,SE",274,Ed. Opt.,,99 Terrace View Avenue,"Bronx, NY 10463",718-329-2902,<1%,31%,62%,2%,<1%,3%,7%,35%,,61%,38%,<1%,85%,Boys: N/A; Girls: N/A; Co-Ed: N/A,"Our Lunch is Booked Club, Anime & Video Game Club, Step Team, Guitar Club, African Dance Club, Black Pearl, National Honor Society, Kingsbridge Heights Community Center activities, Orgullo Hispanic Club","Costume Design and Implementation, Acting, Advertising Art, Visual Art","NYSED ""Local Support and Improvement""; AP for All; DYCD: COMPASS/SONYC; NYC Math; Project Pivot",0%,20%,32%,0%,0%,44%,2.1,96%,,,,,,,,,,,,42%,48%,75 (27%),22 (8%),1% (1),26% (24),66% (62),1% (1),0% (0),5% (5),Good,91%,N/A,N/A,94%,N/A,N/A,99%,N/A,100%,98%,N/A,N/A,N/A,98%,100%,100%,100%,,,,,,,,,,,,76%,N/A,79%,76%,N/A,N/A,N/A,63%,81%,,,,,,,,,,,,,,83%,,95%,,55%,N/A,63%,52%,N/A,N/A,N/A,63%,60%,83%,N/A,88%,80%,N/A,N/A,N/A,75%,83%,,,,,,,,,,,88%,N/A,88%,89%,N/A,N/A,N/A,N/A,89%,,82%,N/A,96%,70%,N/A,N/A,N/A,N/A,85%,,94%,N/A,88%,97%,N/A,N/A,N/A,N/A,100%
10X549,Discovery High School,,,,www.schools.nyc.gov/schools/X549,Rolando Rivera,"09,10,11,12,SE",424,Open,,2780 Reservoir Avenue,"Bronx, NY 10468",718-733-3872,3%,13%,81%,<1%,0%,2%,19%,30%,,40%,60%,0%,74%,Boys: N/A; Girls: N/A; Co-Ed: N/A,N/A,"Graphic Design, Photography","NYSED ""Local Support and Improvement""; AP for All",23%,N/A (fewer than 5 teachers),N/A (fewer than 5 teachers),0%,0%,48%,16.2,81%,,,,,,,,,,,,94%,62%,56 (13%),126 (30%),5% (8),15% (26),77% (136),1% (2),0% (0),2% (4),Good,90%,N/A,N/A,91%,0%,9%,96%,N/A,100%,97%,N/A,N/A,N/A,93%,99%,96%,96%,,,,,,,,,,,,84%,78%,82%,86%,N/A,N/A,57%,83%,78%,,,,,,,,,,,,,,89%,,95%,,46%,55%,48%,46%,N/A,N/A,57%,44%,48%,89%,91%,85%,90%,N/A,N/A,100%,77%,88%,,,,,,,,,,,85%,N/A,88%,84%,N/A,N/A,N/A,88%,85%,,77%,N/A,88%,75%,N/A,N/A,N/A,88%,82%,,89%,N/A,92%,89%,N/A,N/A,N/A,100%,87%
10X565,High School for Energy and Technology,,,,www.hsenergytech.org,Marie Guillaume,"09,10,11,12,SE",412,Ed. Opt.,,2474 Crotona Avenue,"Bronx, NY 10458",718-733-3080,4%,24%,68%,<1%,<1%,2%,15%,29%,,27%,73%,0%,65%,Boys: N/A; Girls: N/A; Co-Ed: N/A,"African Dance, Anime, Art, Bridges(School To Work), Cheerleading, Chess, Community Building, Computer Training, Coop Jobs, Digital Media, Drones, English as a New Language, Financial Management, Fitness center, ESports Gaming, GEMS, Girls Inc., Guitar, Health and Wellness, Peer Mediation/Conflict Resolution, Peer Mentoring, Peer Tutoring, Photography, Regents Prep, Saturday Academy, SkillsUSA, Spanish Dance Club, Special Education, STEM Club, Student Council, Student Empowerment Alliance(SEA), Summer Youth Employment Program, Cultural trips to Broadway shows and sporting events.","Computer Art / Digital Art, Visual Art","NYSED ""Local Support and Improvement""; AP for All; Career & Technical Education; Career Readiness and Modern Youth Apprenticeship",0%,36%,39%,0%,0%,15%,7.9,64%,,,,,,,,,,,,35%,43%,55 (13%),203 (49%),6% (14),24% (62),68% (172),<1% (2),<1% (1),<1% (1),Excellent,76%,24%,0%,98%,N/A,N/A,91%,N/A,88%,90%,N/A,N/A,N/A,95%,90%,95%,82%,,,,,,,,,,,,76%,92%,77%,73%,N/A,N/A,100%,94%,76%,,,,,,,,,,,,,,81%,,95%,,49%,67%,39%,50%,N/A,N/A,67%,54%,53%,87%,100%,86%,85%,N/A,N/A,83%,89%,82%,,,,,,,,,,,96%,100%,96%,96%,N/A,N/A,100%,90%,97%,,95%,100%,96%,95%,N/A,N/A,60%,93%,99%,,96%,89%,98%,96%,N/A,N/A,100%,90%,97%
10X696,High School of American Studies at Lehman College,,,,hsas-lehman.org,Alessandro Weiss,"09,10,11,12",398,Test,,2925 Goulden Avenue,"Bronx, NY 10468",718-329-2144,23%,8%,20%,<1%,<1%,43%,0%,3%,,57%,43%,<1%,69%,"Boys: TENNIS,CROSS COUNTRY,BASKETBALL,BOWLING,BASEBALL,OUTDOOR TRACK; Girls: CROSS COUNTRY,SOFTBALL,BASKETBALL,OUTDOOR TRACK,TENNIS; Co-Ed: N/A","Asian American Students' Association, Arista, Art, Band, Black Student Union, Book Club, Chess, Chorus, Committee on Equity and Diversity, Community Service Club, Dance Team, Debate, Drama, Economics Team, Environmental Club, Geography Club, Girls Who Code, GSA, Mock Trial, Model UN, Moot Court, Muslim Students' Association, Latinx Club, Lion Dance Club, Literary Magazine/Newspaper, Poetry, Senior Government, Spanish Honors Society, Student Government, Table Tennis, Women's Empowerment Club, Yoga","Core Music, Studio Art, Visual Art","NYSED ""Local Support and Improvement""; Respect for All",N/A (fewer than 5 teachers),17%,N/A (fewer than 5 teachers),0%,0%,57%,17.1,100%,,,,,,,,,,,,100%,100%,295 (74%),209 (53%),24% (70),9% (26),21% (62),<1% (2),1% (3),41% (120),N/A,0%,0%,100%,N/A,0%,N/A,99%,100%,N/A,100%,N/A,N/A,98%,98%,100%,N/A,N/A,,,,,,,,,,,,98%,99%,96%,94%,N/A,N/A,99%,N/A,88%,,,,,,,,,,,,,,96%,,96%,,50%,60%,35%,47%,N/A,N/A,48%,N/A,75%,96%,99%,96%,97%,N/A,N/A,93%,N/A,100%,,,,,,,,,,,83%,83%,62%,84%,N/A,N/A,88%,N/A,83%,,67%,69%,38%,75%,N/A,N/A,68%,N/A,100%,,88%,97%,69%,91%,N/A,N/A,89%,N/A,83%
11X249,Bronx Health Sciences High School,,,,twitter.com/bronx_health,Justine Sharoyan,"09,10,11,SE",350,Ed. Opt.,,750 Baychester Avenue,"Bronx, NY 10475",718-904-5450,6%,50%,38%,4%,<1%,2%,7%,18%,,54%,46%,0%,51%,Boys: N/A; Girls: N/A; Co-Ed: N/A,"Art Club, Arts Beautification Club, Beauty Club, Chess Club, Dance Team, Educators Rising, Science Club, Mouse Squad, Knitting Club, LGBTQ Club, Mindfulness, My Brother's Keeper, National Honor Society, Peer Group Connection, Recycling / Green Team, Senior Committee, Student Council, Theatre Club, Track Club, Video Game Club, Volleyball Club, Yoga/Fitness, softball club, Bring Change to Mind, Anime, Mouse Squad","Acting, Theater, Art History, Stage Design","NYSED ""Local Support and Improvement""; AP for All; CS for All; NYC Math; Project Pivot",N/A (fewer than 5 teachers),19%,N/A (fewer than 5 teachers),0%,0%,59%,2.4,67%,,,,,,,,,,,,92%,89%,120 (34%),109 (31%),5% (8),53% (79),35% (53),5% (7),1% (2),<1% (1),Good,96%,N/A,N/A,86%,0%,14%,100%,N/A,100%,100%,N/A,N/A,N/A,100%,100%,N/A,N/A,,,,,,,,,,,,66%,57%,62%,70%,67%,N/A,N/A,90%,54%,,,,,,,,,,,,,,84%,,97%,,37%,50%,33%,38%,22%,N/A,N/A,60%,38%,75%,79%,67%,82%,89%,N/A,N/A,100%,68%,,,,,,,,,,,55%,N/A,61%,43%,N/A,N/A,N/A,N/A,50%,,57%,N/A,62%,51%,N/A,N/A,N/A,N/A,50%,,58%,N/A,62%,50%,N/A,N/A,N/A,N/A,53%
11X265,Bronx Lab School,,,,www.bronxlabschool.org,Sarah Marcy,"09,10,11,12,SE",220,"D75 Special Education Inclusive Services, Ed. Opt.",,800 East Gun Hill Road,"Bronx, NY 10467",718-696-3700,2%,46%,46%,1%,1%,3%,13%,27%,,45%,55%,0%,98%,Boys: N/A; Girls: N/A; Co-Ed: N/A,"Paid Internships, Paid afterschool programs, Drama - Epic Theatre Ensemble , Visual Arts , Academic Enrichment , Fitness , Student Voice Council, Yearbook , STOKED skateboarding and design, SYEP Guaranteed Positions, Documentary Film Making, Girls/Boys Support Groups, Mural Creation, Explore Week / Community Service, Advisory Trips","Mixed Media, Visual Art","NYSED ""Local Support and Improvement""; AP for All; Career Readiness and Modern Youth Apprenticeship; Community School; Competency Collaborative; Consortium; DYCD: Beacon; Project Pivot; PROSE",N/A (fewer than 5 teachers),22%,N/A (fewer than 5 teachers),0%,0%,61%,0.6,100%,,,,,,,,,,,,19%,41%,,141 (64%),3% (5),43% (66),46% (72),1% (2),2% (3),5% (7),Fair,93%,N/A,N/A,100%,0%,0%,88%,N/A,84%,94%,N/A,N/A,N/A,96%,83%,100%,84%,,,,,,,,,,,,94%,N/A,94%,91%,N/A,N/A,100%,87%,94%,,,,,,,,,,,,,,78%,,94%,,82%,N/A,87%,72%,N/A,N/A,86%,93%,67%,93%,N/A,96%,89%,N/A,N/A,86%,87%,94%,,,,,,,,,,,95%,N/A,95%,93%,N/A,N/A,N/A,100%,100%,,100%,N/A,100%,100%,N/A,N/A,N/A,100%,100%,,98%,N/A,100%,97%,N/A,N/A,N/A,100%,100%
11X270,Academy for Scholarship and Entrepreneurship: A College Board School,,,,www.schools.nyc.gov/schools/X270,Zenobia White,"09,10,11,12,SE",394,Ed. Opt.,,921 East 228th Street,"Bronx, NY 10466",718-696-3840,2%,64%,29%,3%,<1%,2%,4%,20%,,47%,53%,0%,78%,Boys: N/A; Girls: N/A; Co-Ed: N/A,"Art Club, Cheerleading Team, Chess Club, Dance Club, Guitar Club, PGC Program, and Weight Lifting Club",Studio Art,"NYSED ""Local Support and Improvement""; AP for All; Career Readiness and Modern Youth Apprenticeship; CS for All; Future Ready NYC; NYC Math; PROSE",N/A (fewer than 5 teachers),46%,N/A (fewer than 5 teachers),0%,0%,25%,18.2,86%,,,,,,,,,,,,80%,56%,185 (47%),100 (25%),2% (4),67% (151),26% (59),2% (5),<1% (2),2% (4),Good,93%,N/A,N/A,90%,0%,10%,81%,N/A,81%,91%,N/A,N/A,N/A,81%,82%,N/A,60%,,,,,,,,,,,,86%,N/A,87%,89%,60%,N/A,N/A,100%,85%,,,,,,,,,,,,,,90%,,95%,,50%,N/A,48%,51%,40%,N/A,N/A,50%,54%,87%,N/A,87%,89%,80%,N/A,N/A,100%,84%,,,,,,,,,,,97%,100%,96%,98%,100%,N/A,100%,100%,96%,,91%,80%,89%,94%,100%,N/A,100%,86%,94%,,97%,100%,96%,98%,100%,N/A,100%,100%,98%
11X275,High School of Computers and Technology,,,,www.hsctbronx.org/,David Wills,"09,10,11,12,SE",470,"D75 Special Education Inclusive Services, Ed. Opt.",,800 East Gun Hill Road,"Bronx, NY 10467",718-696-3930,4%,38%,51%,1%,1%,4%,8%,30%,,17%,83%,0%,81%,"Boys: SOCCER,BASKETBALL,OUTDOOR TRACK,CROSS COUNTRY,INDOOR TRACK,SWIMMING,FOOTBALL; Girls: CROSS COUNTRY,SWIMMING,VOLLEYBALL,SOFTBALL,OUTDOOR TRACK,INDOOR TRACK,BASKETBALL; Co-Ed: N/A",N/A,"Core Music, Visual Art, Art Management / Business","NYSED ""Local Support and Improvement""; AP for All; Career & Technical Education; CS for All; DYCD: COMPASS/SONYC; Future Ready NYC; Project Pivot",14%,31%,N/A (fewer than 5 teachers),0%,0%,37%,5.6,91%,,,,,,,,,,,,56%,59%,63 (13%),110 (23%),9% (13),34% (50),49% (73),2% (3),1% (2),5% (7),Good,85%,10%,5%,94%,0%,6%,86%,N/A,91%,82%,N/A,N/A,N/A,88%,85%,88%,83%,,,,,,,,,,,,73%,77%,71%,74%,N/A,N/A,69%,83%,75%,,,,,,,,,,,,,,87%,,94%,,54%,74%,50%,52%,40%,N/A,56%,69%,55%,90%,95%,86%,90%,100%,N/A,100%,90%,89%,,,,,,,,,,,90%,100%,87%,86%,N/A,N/A,100%,93%,75%,,89%,100%,92%,85%,N/A,N/A,89%,86%,86%,,93%,92%,93%,92%,N/A,N/A,89%,100%,88%
11X288,Collegiate Institute for Math and Science,,,,www.cimsnyc.org,Fredrick Nelson,"09,10,11,12,SE",556,Ed. Opt.,,925 Astor Avenue,"Bronx, NY 10469",718-944-3635,13%,27%,39%,2%,<1%,15%,7%,21%,,37%,63%,0%,75%,Boys: N/A; Girls: N/A; Co-Ed: N/A,N/A,"Illustration, Graphic Design","NYSED ""Local Support and Improvement""; Project Pivot",N/A (fewer than 5 teachers),47%,25%,0%,0%,22%,9.2,94%,,,,,,,,,,,,85%,71%,185 (33%),244 (44%),14% (50),28% (98),37% (128),2% (6),<1% (3),16% (54),Good,90%,10%,0%,92%,0%,8%,91%,95%,98%,90%,N/A,N/A,76%,98%,85%,91%,74%,,,,,,,,,,,,79%,75%,82%,80%,83%,N/A,78%,82%,82%,,,,,,,,,,,,,,91%,,95%,,42%,44%,46%,39%,43%,N/A,37%,43%,44%,84%,84%,85%,83%,100%,N/A,80%,83%,87%,,,,,,,,,,,86%,88%,86%,85%,100%,N/A,83%,88%,84%,,78%,77%,79%,76%,80%,N/A,83%,88%,87%,,87%,100%,87%,85%,100%,N/A,85%,100%,89%
11X290,Bronx Academy of Health Careers,,,,www.bxahc.org,Dawn Santiago,"09,10,11,12,SE",352,Ed. Opt.,,800 East Gun Hill Road,"Bronx, NY 10467",718-696-3340,1%,42%,51%,2%,<1%,3%,12%,24%,,61%,39%,0%,77%,Boys: N/A; Girls: N/A; Co-Ed: N/A,"AfterSchool Tutoring, Saturday School, Lunch and Learn Tutoring, PM School Tutoring, National Honor Society, Duro Work Force, College Now, ExpandEd, Peer Mediation, Year Book Squad, Student Government, Beacon Program, Peer Group Connection, Multicultural Club, Talent Show, Multicultural Show, Dance Team, Cheerleading, Step Team, PSAL, School Sports Teams, Moonshot Program, SYEP, and College Trips/Internships","Studio Art, Art History, Painting, Visual Art","NYSED ""Local Support and Improvement""; AP for All; NYC Math; Project Pivot",N/A (fewer than 5 teachers),46%,35%,0%,0%,N/A (fewer than 5 teachers),11.1,73%,,,,,,,,,,,,40%,54%,155 (44%),100 (28%),1% (2),39% (68),55% (96),<1% (1),<1% (1),3% (6),Good,93%,N/A,N/A,93%,N/A,N/A,83%,N/A,89%,81%,N/A,N/A,N/A,77%,91%,86%,63%,,,,,,,,,,,,83%,N/A,85%,81%,N/A,N/A,70%,91%,88%,,,,,,,,,,,,,,87%,,96%,,50%,N/A,43%,49%,80%,N/A,80%,50%,65%,85%,N/A,87%,83%,83%,N/A,80%,88%,79%,,,,,,,,,,,91%,N/A,91%,92%,N/A,N/A,75%,92%,90%,,88%,N/A,90%,86%,N/A,N/A,75%,83%,80%,,92%,N/A,94%,88%,N/A,N/A,100%,91%,96%
11X299,Astor Collegiate Academy,,,,www.astorcollegiate.org,Sandra Burgos,"09,10,11,12,SE",436,"Ed. Opt., Open",,925 Astor Avenue,"Bronx, NY 10469",718-944-3418,9%,30%,45%,1%,<1%,12%,12%,23%,,42%,58%,0%,80%,"Boys: TENNIS,BASKETBALL,VOLLEYBALL,OUTDOOR TRACK,INDOOR TRACK,FOOTBALL,CROSS COUNTRY,BOWLING,SOCCER,LACROSSE,BASEBALL; Girls: OUTDOOR TRACK,SOCCER,VOLLEYBALL,SOFTBALL,INDOOR TRACK,LACROSSE,CROSS COUNTRY,BOWLING,BASKETBALL,TENNIS,GYMNASTICS; Co-Ed: N/A","Anime, Juijitsu, Dance, Drama (Campus wide), Jazz & Concert Bands (Campus wide), Peer Mediation, National Honor Society, Astor Pearls, Cheerleading (Campus wide), Fitness, Piano Lab, Robotics, SViC & Student Government.","Painting, Studio Art, Three-Dimensional Art, Piano Keyboard","NYSED ""Local Support and Improvement""; AP for All; CS for All; DYCD: COMPASS/SONYC; Future Ready NYC; Project Pivot",N/A (fewer than 5 teachers),28%,N/A (fewer than 5 teachers),0%,0%,50%,12.8,88%,,,,,,,,,,,,89%,64%,105 (24%),165 (38%),13% (27),30% (64),40% (87),2% (4),1% (3),13% (28),Good,93%,7%,0%,99%,N/A,N/A,88%,N/A,96%,83%,N/A,N/A,85%,96%,83%,86%,83%,,,,,,,,,,,,79%,72%,77%,77%,N/A,N/A,96%,65%,73%,,,,,,,,,,,,,,88%,,96%,,43%,36%,40%,45%,N/A,N/A,52%,27%,44%,88%,96%,84%,87%,N/A,N/A,91%,86%,94%,,,,,,,,,,,86%,N/A,83%,90%,N/A,N/A,N/A,100%,82%,,71%,N/A,79%,68%,N/A,N/A,N/A,83%,88%,,93%,N/A,96%,90%,N/A,N/A,N/A,100%,94%
11X418,Bronx High School for the Visual Arts,,,,bhsva418.com,Iris Witherspoon,"09,10,11,12,SE",416,"D75 Special Education Inclusive Services, Ed. Opt.",,2040 Antin Pl,"Bronx, NY 10462",718-319-5160,2%,25%,58%,<1%,<1%,13%,9%,27%,,55%,44%,<1%,68%,Boys: N/A; Girls: N/A; Co-Ed: N/A,N/A,"Graphic Design, Studio Art, Illustration, Art Management / Business, Digital Photography, Visual Art, Portfolio Development, Computer Art / Digital Art","NYSED ""Local Support and Improvement""; CS for All",N/A (fewer than 5 teachers),32%,24%,0%,0%,32%,8.2,79%,,,,,,,,,,,,41%,38%,89 (21%),128 (31%),3% (6),25% (47),55% (104),<1% (1),1% (2),14% (27),Good,91%,N/A,N/A,85%,0%,15%,85%,N/A,95%,84%,N/A,N/A,N/A,86%,84%,70%,80%,,,,,,,,,,,,92%,100%,90%,91%,N/A,N/A,100%,92%,88%,,,,,,,,,,,,,,84%,,95%,,47%,50%,47%,41%,N/A,N/A,61%,48%,51%,95%,100%,96%,94%,N/A,N/A,97%,100%,93%,,,,,,,,,,,86%,N/A,100%,80%,N/A,N/A,83%,N/A,95%,,80%,N/A,82%,79%,N/A,N/A,80%,N/A,86%,,92%,N/A,100%,91%,N/A,N/A,80%,N/A,95%
11X455,Harry S Truman High School,,,,bxtrumanhighschool.com,Keri Alfano,"09,10,11,12,SE",1891,"ASD/ACES Program, Ed. Opt., Open, Zoned Guarantee",,750 Baychester Avenue,"Bronx, NY 10475",718-904-5400,4%,46%,45%,1%,<1%,2%,7%,24%,,43%,57%,0%,88%,"Boys: VOLLEYBALL,BASKETBALL,TENNIS,BASEBALL,INDOOR TRACK,CROSS COUNTRY,WRESTLING,SWIMMING,OUTDOOR TRACK,FOOTBALL,SOCCER; Girls: CROSS COUNTRY,SOCCER,WRESTLING,SWIMMING,TENNIS,BASKETBALL,FLAG FOOTBALL,VOLLEYBALL,INDOOR TRACK,OUTDOOR TRACK; Co-Ed: STUNT","Africa Club, Art/Mural Club, Book Club, Boxing Club, Build On, Cheerleading Club, Chess Club, Choir Club, College Advisory, Crafty Hands Club, Creative Writing Club, Culinary Club, Drill Team, Gender & Sexuality Alliance, Girls on Fire, Law Mock Trial & ,.Library Club, Media Club, Men of Strength, Mock Court, National Honor Society & Community Service, Open Space Club, Peer Leadership Club, Performance Arts Club, Robotics Club, Softball Club, Step Team, Student Government, Swim Club, Video Game Club, Virtual Film Club, Writers Group, Yearbook Club, Zumba Club","Studio Art, Graphic Design, Core Music, Photography, Theater / Play Production, Mixed Media, Concert Band, Visual Art, Music, Architecture, and more","NYSED ""Local Support and Improvement""; CS for All; DYCD: Beacon; Future Ready NYC; Project Pivot",N/A (fewer than 5 teachers),24%,15%,0%,0%,52%,10,86%,,,,,,,,,,,,71%,48%,229 (12%),743 (39%),5% (47),48% (465),43% (416),1% (12),<1% (6),2% (24),Good,93%,N/A,N/A,95%,0%,5%,82%,94%,85%,80%,N/A,N/A,63%,86%,80%,75%,69%,,,,,,,,,,,,79%,80%,79%,79%,75%,80%,84%,79%,78%,,,,,,,,,,,,,,90%,,95%,,41%,44%,41%,41%,40%,40%,52%,55%,49%,91%,95%,90%,91%,80%,100%,89%,93%,89%,,,,,,,,,,,83%,88%,85%,76%,100%,N/A,100%,93%,84%,,78%,62%,80%,74%,75%,N/A,100%,93%,82%,,88%,88%,89%,85%,86%,N/A,100%,100%,94%
11X508,Bronxdale High School,,,,www.bronxdalehs.org,Grace White,"09,10,11,12,SE",374,"ASD/ACES Program, D75 Special Education Inclusive Services, Open",,925 Astor Avenue,"Bronx, NY 10469",718-944-3655,4%,32%,55%,<1%,<1%,9%,7%,25%,,50%,50%,0%,87%,Boys: N/A; Girls: N/A; Co-Ed: N/A,"Umoja Black Student Union, Girls Empowerment Club; Brother 2 Brother; Bring Change to Mind; Chess Club; Anime Club; Culinary Academy; Gaming Club; Brazilian Jiu Jitsu; Global Kids; Yearbook; Sports Club; Dance Team; Art Club; Green Team; Queer Straight Alliance; Rappers & Writers; Student Council; Peer Mediators, Peer Group Connection; Youth Court","Visual Art, Dance Survey / Introduction to Dance, Studio Art, Dance, Art History","NYSED ""Local Support and Improvement""; AP for All; Community School; CS for All; Project Pivot; PROSE",N/A (fewer than 5 teachers),20%,24%,0%,0%,49%,5.1,95%,,,,,,,,,,,,37%,59%,60 (16%),98 (26%),6% (8),35% (46),47% (62),<1% (1),0% (0),12% (16),Good,90%,N/A,N/A,93%,0%,7%,91%,N/A,89%,91%,N/A,N/A,N/A,94%,85%,N/A,79%,,,,,,,,,,,,92%,100%,89%,92%,N/A,N/A,96%,77%,90%,,,,,,,,,,,,,,87%,,96%,,72%,92%,74%,69%,N/A,N/A,65%,46%,76%,95%,100%,92%,96%,N/A,N/A,92%,92%,93%,,,,,,,,,,,93%,86%,95%,92%,N/A,N/A,94%,100%,90%,,79%,86%,77%,79%,N/A,N/A,75%,90%,84%,,94%,100%,95%,93%,N/A,N/A,100%,90%,92%
11X509,High School of Language and Innovation,,,,www.languageandinnovation.org,Julie Nariman,"09,10,11,12,SE",366,Language Criteria,,925 Astor Avenue,"Bronx, NY 10469",718-944-3625,10%,10%,60%,<1%,<1%,17%,81%,4%,,44%,55%,<1%,84%,Boys: N/A; Girls: N/A; Co-Ed: N/A,N/A,"Studio Art, Percussion, Mixed Media, Fashion and Textile Design, Music, Visual Art, Piano Keyboard","NYSED ""Local Support and Improvement""; AP for All; Project Pivot",N/A (fewer than 5 teachers),N/A (fewer than 5 teachers),26%,N/A (fewer than 5 teachers),0%,42%,12.2,77%,,,,,,,,,,,,63%,54%,59 (16%),141 (39%),10% (17),12% (20),59% (99),<1% (1),0% (0),17% (29),N/A,86%,N/A,N/A,82%,N/A,N/A,88%,N/A,100%,84%,N/A,N/A,85%,94%,83%,87%,N/A,,,,,,,,,,,,80%,74%,93%,82%,N/A,N/A,72%,81%,86%,,,,,,,,,,,,,,90%,,97%,,62%,56%,83%,62%,N/A,N/A,58%,61%,30%,89%,93%,90%,91%,N/A,N/A,80%,88%,70%,,,,,,,,,,,80%,65%,90%,89%,N/A,N/A,53%,79%,100%,,80%,61%,95%,88%,N/A,N/A,46%,78%,100%,,82%,68%,90%,91%,N/A,N/A,53%,81%,100%
11X513,New World High School,,,,www.schools.nyc.gov/schools/X513,Mithat Gashi,"09,10,11,12,SE",300,Language Criteria,,921 East 228th Street,"Bronx, NY 10466",718-696-3800,4%,13%,75%,<1%,0%,7%,64%,5%,,54%,46%,0%,79%,Boys: N/A; Girls: N/A; Co-Ed: N/A,"Student Government, Youth Philanthropy Initiative (YPI), Community Service, Yearbook, Enrichment Activities including chess club, aspiring architects & engineers club, international club, dance, music, talent shows, and multicultural shows","Core Music, Filmmaking / Video, Theater / Play Production, Visual Art","NYSED ""Local Support and Improvement""; AP for All; CS for All; Project Pivot; Respect for All",N/A (fewer than 5 teachers),0%,23%,0%,0%,64%,6,100%,,,,,,,,,,,,52%,58%,143 (48%),173 (58%),5% (12),14% (30),71% (155),<1% (2),0% (0),9% (20),N/A,75%,N/A,N/A,N/A,0%,N/A,92%,N/A,N/A,91%,N/A,N/A,N/A,93%,90%,91%,N/A,,,,,,,,,,,,91%,100%,94%,90%,N/A,N/A,95%,90%,89%,,,,,,,,,,,,,,91%,,97%,,64%,92%,68%,61%,N/A,N/A,71%,64%,78%,90%,100%,89%,91%,N/A,N/A,91%,89%,100%,,,,,,,,,,,95%,100%,92%,96%,N/A,N/A,94%,93%,100%,,84%,89%,81%,85%,N/A,N/A,81%,86%,100%,,97%,100%,92%,98%,N/A,N/A,100%,97%,100%
11X514,The Bronxwood Preparatory Academy,,,,www.bronxwoodprep.com,Felicia Bray,"09,10,11,12,SE",380,Ed. Opt.,,921 East 228th Street,"Bronx, NY 10466",718-696-3820,2%,57%,37%,2%,1%,1%,9%,23%,,52%,48%,0%,79%,"Boys: BOWLING,OUTDOOR TRACK,LACROSSE,SOCCER,BASKETBALL; Girls: BASKETBALL,SOCCER,OUTDOOR TRACK,VOLLEYBALL,BOWLING; Co-Ed: N/A","Cooking Club, Photography Club, Step Club, Anime Club, Podcast, National Honors Society, College Trips, Art Club, dance Club, Student Employment...","Visual Art, Three-Dimensional Art, Photography, Music Technology, Dance, Dance Improvisation, Music, Theater Survey / Introduction to Theater","NYSED ""Local Support and Improvement""; AP for All; Future Ready NYC; NYC Math; Project Pivot",N/A (fewer than 5 teachers),N/A (fewer than 5 teachers),23%,N/A (fewer than 5 teachers),0%,54%,2.1,69%,,,,,,,,,,,,81%,51%,73 (19%),206 (54%),2% (6),56% (144),37% (97),2% (5),2% (4),<1% (2),Good,97%,N/A,N/A,88%,0%,12%,90%,N/A,90%,86%,N/A,N/A,N/A,96%,80%,N/A,87%,,,,,,,,,,,,91%,67%,90%,94%,N/A,N/A,N/A,96%,91%,,,,,,,,,,,,,,90%,,95%,,46%,57%,46%,46%,20%,N/A,N/A,50%,51%,91%,71%,89%,92%,100%,N/A,N/A,86%,92%,,,,,,,,,,,95%,N/A,99%,90%,N/A,N/A,N/A,83%,94%,,91%,N/A,91%,88%,N/A,N/A,N/A,92%,90%,,93%,N/A,94%,92%,N/A,N/A,N/A,83%,90%
11X542,Pelham Preparatory Academy,,,,www.pelhamprepacademy.org,Benvenuto Ferron,"09,10,11,12,SE",458,Ed. Opt.,,925 Astor Avenue,"Bronx, NY 10469",718-944-3601,5%,32%,53%,2%,1%,7%,7%,29%,,45%,55%,<1%,82%,Boys: N/A; Girls: N/A; Co-Ed: N/A,"Student Government, Art Club, Chess Club, Gaming Club, National Honor Society, Concert & Jazz Band, JiuJitsu, Lincoln Center Theatre, Pelham Press Newspaper, Opening Act, Bella Abzug ""Bali Girls"", Culture Club, Weight Lifting Club, Basketball Club","Visual Art, Music Theory / Musicianship, Computer Art / Digital Art, Studio Art, Concert Band, Core Music","NYSED ""Local Support and Improvement""; AP for All; Competency Collaborative; CS for All; NYC Math; Project Pivot",N/A (fewer than 5 teachers),N/A (fewer than 5 teachers),39%,N/A (fewer than 5 teachers),N/A (fewer than 5 teachers),52%,7.1,76%,,,,,,,,,,,,64%,72%,128 (28%),123 (27%),6% (13),29% (62),51% (110),3% (7),2% (4),8% (18),Good,98%,N/A,N/A,87%,0%,13%,94%,N/A,91%,94%,N/A,N/A,N/A,98%,91%,100%,94%,,,,,,,,,,,,87%,83%,85%,86%,100%,N/A,93%,96%,82%,,,,,,,,,,,,,,90%,,95%,,53%,57%,47%,53%,75%,80%,69%,83%,57%,92%,100%,93%,90%,100%,100%,96%,87%,90%,,,,,,,,,,,87%,100%,81%,87%,N/A,N/A,100%,100%,92%,,88%,N/A,83%,90%,N/A,N/A,86%,100%,97%,,91%,100%,89%,91%,N/A,N/A,100%,86%,95%
11X544,High School for Contemporary Arts,,,,hs544x.echalksites.com,Melissa Peters,"09,10,11,SE",283,"Ed. Opt., Open",,800 East Gun Hill Road,"Bronx, NY 10467",718-944-5610,1%,39%,52%,2%,<1%,2%,12%,31%,,58%,42%,0%,76%,Boys: N/A; Girls: N/A; Co-Ed: N/A,"Podcast, Mouse squad club, Peer Group Connection (PGC), COOP Student Aide Internship, Restorative Justice, Peer Mediation.","Theater Survey / Introduction to Theater, Dance, Core Music, Studio Art, Mixed Media, Portfolio Development, Choreography / Dance Composition, Mixed Choir","NYSED ""Local Support and Improvement""; AP for All; Competency Collaborative; CS for All; NYC Math; Project Pivot",N/A (fewer than 5 teachers),38%,21%,0%,0%,33%,2.1,79%,,,,,,,,,,,,29%,34%,142 (50%),81 (29%),1% (2),40% (72),52% (94),1% (2),<1% (1),3% (5),Good,88%,N/A,N/A,93%,N/A,N/A,89%,N/A,95%,88%,N/A,N/A,N/A,92%,86%,80%,83%,,,,,,,,,,,,76%,N/A,82%,72%,N/A,N/A,N/A,95%,70%,,,,,,,,,,,,,,84%,,97%,,49%,N/A,44%,51%,N/A,N/A,N/A,74%,58%,90%,N/A,86%,93%,N/A,N/A,N/A,95%,89%,,,,,,,,,,,87%,N/A,81%,93%,N/A,N/A,N/A,86%,87%,,67%,N/A,62%,70%,N/A,N/A,N/A,57%,74%,,82%,N/A,81%,93%,N/A,N/A,N/A,100%,78%
11X545,Bronx Aerospace High School,,,,www.bxaerospacecte.org,Jose Zayas,"09,10,11,12,SE",150,Ed. Opt.,,800 East Gun Hill Road,"Bronx, NY 10467",718-696-6010,1%,41%,53%,<1%,<1%,3%,13%,23%,,30%,70%,0%,82%,Boys: N/A; Girls: N/A; Co-Ed: N/A,"Robotics, Student Government, Girls Inc. NYC,Video Gaming, Paid Aviation Summer Camp, Aviation Club, Civil Air Patrol, College Trips, Extended Day Program, Health center (Montefiore) , Pool, Fitness Center, Sports field, Partnerships: First Robotics, Engineering Tomorrow, RedBird Pro, Ed Rishing, AP College Board, SFI (Sports Foundations inc, NYCCTE, Republic Airways, Civil Air Patrol, United Youth Aviators, PLTW(Project Lead The Way), Beacon Programs, MMCC(Montefiore Mosholu Community Center), New York Army National Guard",Three-Dimensional Art,"NYSED ""Local Support and Improvement""; AP for All; Project Pivot",N/A (fewer than 5 teachers),33%,N/A (fewer than 5 teachers),0%,0%,44%,2.1,100%,,,,,,,,,,,,56%,56%,87 (58%),47 (31%),1% (1),38% (36),57% (54),0% (0),1% (1),3% (3),Good,86%,N/A,N/A,97%,N/A,N/A,89%,N/A,91%,83%,N/A,N/A,N/A,N/A,91%,N/A,N/A,,,,,,,,,,,,83%,N/A,89%,81%,N/A,N/A,N/A,81%,100%,,,,,,,,,,,,,,90%,,96%,,64%,N/A,67%,57%,N/A,N/A,N/A,75%,73%,90%,N/A,91%,89%,N/A,N/A,N/A,95%,96%,,,,,,,,,,,92%,N/A,92%,92%,N/A,N/A,N/A,100%,88%,,85%,N/A,92%,84%,N/A,N/A,N/A,76%,88%,,90%,N/A,94%,87%,N/A,N/A,N/A,82%,88%
12X242,Mott Hall V,,,,www.motthallv.org,Peter Oroszlany,"06,07,08,09,10,11,12,SE",375,"Ed. Opt., For Continuing 8th Graders",,1551 East 172 Street,"Bronx, NY 10472",718-620-8160,4%,14%,79%,1%,<1%,<1%,15%,28%,,49%,51%,0%,82%,Boys: N/A; Girls: N/A; Co-Ed: N/A,"Student Council, Culinary Club, GSA, Lego Robotics, Theater Club, Bring Change 2 Mind, MHV News, Social Justice Club, Video Game Club","Visual Art, Core Music, Music, Ceramics","NYSED ""Local Support and Improvement""; AP for All; DYCD: COMPASS/SONYC",N/A (fewer than 5 teachers),16%,31%,0%,0%,40%,18.2,84%,,,,,,,,,,,,63%,63%,62 (17%),120 (32%),7% (10),13% (18),77% (104),<1% (1),0% (0),<1% (1),Needs Improvement,96%,N/A,N/A,97%,N/A,N/A,95%,N/A,80%,98%,N/A,N/A,N/A,96%,95%,92%,96%,,,,,,,,,,,,87%,100%,86%,86%,87%,N/A,80%,83%,83%,,,,,,,,,,,,,,89%,,96%,,60%,61%,65%,59%,44%,N/A,100%,66%,64%,91%,100%,90%,90%,88%,N/A,100%,88%,87%,,,,,,,,,,,87%,73%,78%,89%,86%,N/A,N/A,88%,90%,,76%,64%,76%,79%,50%,N/A,N/A,77%,79%,,89%,82%,87%,90%,93%,N/A,N/A,85%,95%
12X248,"Metropolitan High School, The",,,,www.schools.nyc.gov/schools/X248,Mohamed Zaimi,"09,10,11,12,SE",156,"D75 Special Education Inclusive Services, Open",,1180 Rev. J.A. Polite Ave.,"Bronx, NY 10459",718-991-4634,0%,34%,64%,0%,0%,2%,17%,38%,,46%,54%,0%,68%,"Boys: SOCCER,BASKETBALL,BASEBALL; Girls: BASKETBALL,SOFTBALL,BADMINTON,SOCCER; Co-Ed: N/A",N/A,"Core Music, Percussion, Mixed Choir, Music, Visual Art","NYSED ""Local Support and Improvement""; 21st Century Community Learning Center; AP for All; Community School; NYC Math; Project Pivot",N/A (fewer than 5 teachers),40%,N/A (fewer than 5 teachers),0%,0%,30%,0.5,100%,,,,,,,,,,,,20%,22%,75 (48%),49 (31%),0% (0),38% (30),59% (46),0% (0),0% (0),3% (2),Excellent,93%,N/A,N/A,92%,N/A,N/A,77%,N/A,67%,83%,N/A,N/A,N/A,78%,76%,82%,69%,,,,,,,,,,,,74%,N/A,75%,75%,N/A,N/A,N/A,71%,75%,,,,,,,,,,,,,,83%,,93%,,48%,N/A,55%,44%,N/A,N/A,N/A,33%,54%,79%,N/A,85%,76%,N/A,N/A,N/A,60%,77%,,,,,,,,,,,79%,N/A,77%,82%,N/A,N/A,N/A,N/A,75%,,83%,N/A,92%,73%,N/A,N/A,N/A,N/A,88%,,88%,N/A,85%,91%,N/A,N/A,N/A,N/A,88%
12X251,Explorations Academy H.S.,,,,www.explorationsnyc.us/,Jacob Hobson,"09,10,11,12,SE",280,Ed. Opt.,,1619 Boston Road,"Bronx, NY 10460",718-893-6173,<1%,28%,70%,<1%,0%,1%,19%,31%,,40%,60%,0%,84%,"Boys: BASKETBALL,BASEBALL,SOCCER; Girls: BADMINTON,VOLLEYBALL,SOFTBALL; Co-Ed: N/A",N/A,"Studio Art, Graphic Design, Acting, Art History, Visual Art","NYSED ""Local Support and Improvement""; AP for All; NYC Math; Project Pivot",0%,19%,52%,0%,0%,30%,0.1,85%,,,,,,,,,,,,33%,45%,76 (27%),117 (42%),<1% (1),26% (35),72% (98),<1% (1),0% (0),<1% (1),Excellent,91%,N/A,N/A,92%,0%,8%,75%,N/A,65%,77%,N/A,N/A,N/A,71%,78%,74%,73%,,,,,,,,,,,,85%,N/A,89%,85%,N/A,N/A,N/A,87%,84%,,,,,,,,,,,,,,89%,,96%,,67%,N/A,54%,69%,N/A,N/A,N/A,82%,69%,89%,N/A,78%,91%,N/A,N/A,N/A,95%,93%,,,,,,,,,,,98%,N/A,98%,98%,N/A,N/A,N/A,100%,100%,,91%,N/A,90%,92%,N/A,N/A,N/A,93%,93%,,99%,N/A,98%,99%,N/A,N/A,N/A,100%,100%
12X267,Bronx Latin,,,,www.bronxlatin.com,Annette Fiorentino,"06,07,08,09,10,11,12,SE",306,"Ed. Opt., For Continuing 8th Graders",,800 Home Street,"Bronx, NY 10456",718-991-6349,2%,16%,80%,<1%,<1%,<1%,12%,25%,,50%,50%,0%,73%,"Boys: Middle Schools BASKETBALL; Girls: OUTDOOR TRACK,VOLLEYBALL; Co-Ed: N/A","National Honor Society, YLC - Youth Leadership Council, Opening Act (drama), GSA, Brotherhood, S.H.I.N.E. (Sisterhood, Hope, Identity, Networking, Excellence), gardening club, yearbook, College Now (Lehman College), music, art club, robotics",Core Music,"NYSED ""Local Support and Improvement""; AP for All",N/A (fewer than 5 teachers),20%,33%,0%,0%,37%,11.1,84%,,,,,,,,,,,,100%,76%,139 (45%),149 (49%),2% (5),15% (37),80% (193),<1% (1),<1% (1),1% (3),Fair,97%,N/A,N/A,96%,N/A,N/A,97%,N/A,N/A,96%,N/A,N/A,N/A,96%,97%,N/A,100%,,,,,,,,,,,,88%,80%,86%,88%,100%,N/A,N/A,80%,84%,,,,,,,,,,,,,,87%,,95%,,47%,80%,47%,47%,20%,N/A,N/A,49%,56%,90%,100%,85%,91%,80%,N/A,N/A,83%,88%,,,,,,,,,,,92%,N/A,91%,92%,N/A,N/A,N/A,87%,90%,,88%,N/A,89%,88%,N/A,N/A,N/A,96%,90%,,95%,N/A,100%,94%,N/A,N/A,N/A,83%,91%
12X271,East Bronx Academy for the Future,,,,www.eastbronxacademy.org,Sarah Scrogin,"06,07,08,09,10,11,12,SE",400,"Ed. Opt., For Continuing 8th Graders",,1716 Southern Boulevard,"Bronx, NY 10460",718-861-8641,2%,23%,68%,3%,3%,1%,16%,30%,,49%,51%,<1%,73%,Boys: TENNIS; Girls: N/A; Co-Ed: N/A,N/A,"Music History, Digital Photography, Music","NYSED ""Local Support and Improvement""; AP for All; Community School; Competency Collaborative; CS for All; DYCD: COMPASS/SONYC; NYC Math; PROSE",0%,23%,34%,0%,0%,38%,19.2,91%,,,,,,,,,,,,77%,43%,122 (31%),213 (53%),2% (4),25% (56),68% (154),4% (8),2% (4),<1% (2),Fair,94%,N/A,N/A,92%,N/A,N/A,91%,N/A,87%,91%,N/A,N/A,N/A,96%,85%,82%,80%,,,,,,,,,,,,78%,N/A,73%,81%,63%,N/A,N/A,78%,71%,,,,,,,,,,,,,,85%,,95%,,49%,40%,41%,52%,25%,N/A,N/A,48%,48%,92%,100%,81%,94%,100%,N/A,N/A,100%,91%,,,,,,,,,,,86%,N/A,86%,84%,N/A,N/A,N/A,89%,86%,,83%,N/A,79%,86%,N/A,N/A,N/A,83%,96%,,90%,N/A,93%,88%,N/A,N/A,N/A,95%,90%
12X388,Pan American International High School at Monroe,,,,www.paihsmonroe.org/,Mary Pollack,"09,10,11",297,Language Criteria,,1300 Boynton Avenue,"Bronx, NY 10472",718-991-7238,0%,<1%,>99%,0%,0%,0%,92%,1%,,41%,59%,0%,88%,Boys: N/A; Girls: N/A; Co-Ed: N/A,"Anime Club, Game Club, GSA, Puzzle Club, Spanish Literature Club, Poetry Club, Art Club","Visual Art, Graphic Design","NYSED ""Local Support and Improvement""; Community School; Competency Collaborative; Consortium; PROSE",0%,0%,58%,0%,0%,42%,4.1,81%,,,,,,,,,,,,66%,37%,59 (20%),73 (25%),0% (0),0% (0),100% (131),0% (0),0% (0),0% (0),N/A,100%,0%,0%,100%,0%,0%,93%,N/A,N/A,93%,N/A,N/A,N/A,87%,98%,93%,N/A,,,,,,,,,,,,93%,N/A,N/A,93%,N/A,N/A,N/A,92%,N/A,,,,,,,,,,,,,,86%,,97%,,73%,N/A,N/A,74%,N/A,N/A,N/A,73%,N/A,97%,N/A,N/A,97%,N/A,N/A,N/A,97%,N/A,,,,,,,,,,,98%,N/A,N/A,98%,N/A,N/A,N/A,98%,N/A,,89%,N/A,N/A,89%,N/A,N/A,N/A,89%,N/A,,98%,N/A,N/A,98%,N/A,N/A,N/A,98%,N/A
12X478,The Cinema School,,,,www.thecinemaschool.com,Keisha Warner,"09,10,11,12,SE",357,Screened,,1551 East 172 Street,"Bronx, NY 10472",718-620-2560,<1%,19%,77%,1%,<1%,1%,11%,27%,,54%,46%,0%,69%,Boys: N/A; Girls: N/A; Co-Ed: N/A,N/A,"Filmmaking / Video, Studio Art, Visual Art, Theater","NYSED ""Local Support and Improvement""; AP for All; NYC Math; Project Pivot",N/A (fewer than 5 teachers),39%,19%,0%,0%,31%,10,88%,,,,,,,,,,,,49%,76%,82 (23%),158 (44%),2% (3),21% (39),75% (142),2% (3),<1% (1),1% (2),Good,93%,N/A,N/A,86%,0%,14%,88%,N/A,91%,87%,N/A,N/A,N/A,87%,89%,N/A,73%,,,,,,,,,,,,87%,N/A,88%,87%,N/A,N/A,N/A,89%,82%,,,,,,,,,,,,,,89%,,92%,,46%,N/A,47%,45%,N/A,N/A,N/A,48%,57%,85%,N/A,80%,86%,N/A,N/A,N/A,87%,84%,,,,,,,,,,,75%,N/A,64%,79%,N/A,N/A,N/A,100%,82%,,73%,N/A,73%,71%,N/A,N/A,N/A,100%,82%,,79%,N/A,64%,84%,N/A,N/A,N/A,80%,89%
12X479,Bronx Career and College Preparatory High School,,,,bccprep.com,Nicole Winn,"09,10,11,12,SE",195,Ed. Opt.,,800 Home Street,"Bronx, NY 10456",718-542-4011,3%,33%,60%,2%,<1%,2%,16%,27%,,42%,58%,0%,77%,Boys: N/A; Girls: N/A; Co-Ed: N/A,N/A,"Visual Art, Portfolio Development, Studio Art","NYSED ""Comprehensive Support and Improvement""; Community School; NYC Math; Project Pivot",N/A (fewer than 5 teachers),41%,29%,0%,0%,N/A (fewer than 5 teachers),1.1,76%,,,,,,,,,,,,32%,26%,14 (7%),46 (24%),5% (3),35% (21),55% (33),2% (1),2% (1),2% (1),Good,98%,N/A,N/A,89%,N/A,N/A,77%,N/A,65%,78%,N/A,N/A,N/A,80%,72%,67%,71%,,,,,,,,,,,,73%,N/A,61%,82%,N/A,N/A,N/A,80%,83%,,,,,,,,,,,,,,81%,,96%,,43%,N/A,38%,48%,N/A,N/A,N/A,71%,54%,84%,N/A,76%,92%,N/A,N/A,N/A,88%,91%,,,,,,,,,,,84%,N/A,77%,85%,N/A,N/A,N/A,86%,89%,,74%,N/A,68%,74%,N/A,N/A,N/A,93%,82%,,92%,N/A,91%,91%,N/A,N/A,N/A,86%,89%
12X511,Bronx Envision Academy,,,,bronxenvision.org,Emily Shu,"09,10,11,12,SE",307,Ed. Opt.,,1619 Boston Road,"Bronx, NY 10460",718-589-1590,<1%,33%,64%,<1%,<1%,<1%,19%,29%,,48%,52%,0%,83%,Boys: N/A; Girls: N/A; Co-Ed: N/A,"Saturday school, Lunch club, independent reading, regents prep, college trips, dance, art, music, leadership program","Studio Art, Core Music, Music Technology, Theater Survey / Introduction to Theater, Dance Survey / Introduction to Dance, Ballet, Art History, Theater Dance / Tap, Jazz Dance, Visual Art","NYSED ""Local Support and Improvement""; AP for All; Community School; Future Ready NYC; NYC Math; Project Pivot; PROSE",N/A (fewer than 5 teachers),23%,34%,0%,0%,34%,12.2,86%,,,,,,,,,,,,27%,45%,93 (30%),127 (41%),<1% (1),35% (57),62% (101),<1% (1),0% (0),<1% (1),Good,92%,N/A,N/A,92%,N/A,N/A,73%,N/A,67%,77%,N/A,N/A,N/A,83%,66%,79%,52%,,,,,,,,,,,,82%,N/A,82%,83%,N/A,N/A,N/A,77%,86%,,,,,,,,,,,,,,83%,,95%,,56%,N/A,63%,54%,N/A,N/A,N/A,61%,62%,90%,N/A,88%,91%,N/A,N/A,N/A,91%,94%,,,,,,,,,,,89%,N/A,88%,88%,N/A,N/A,N/A,81%,80%,,75%,N/A,76%,77%,N/A,N/A,N/A,82%,90%,,87%,N/A,85%,89%,N/A,N/A,N/A,80%,85%
12X521,The Metropolitan Soundview High School,,,,www.metrosoundviewhighschool.org,Emarilix Lopez,"09,10,11,12,SE",386,Ed. Opt.,,1300 Boynton Avenue,"Bronx, NY 10472",718-860-8240,2%,23%,73%,<1%,0%,2%,19%,35%,,41%,59%,0%,71%,Boys: N/A; Girls: N/A; Co-Ed: N/A,"Video Gaming, Peer Group Connection","Computer Art / Digital Art, Mixed Media, Theater Survey / Introduction to Theater, Visual Art","NYSED ""Local Support and Improvement""; AP for All; CS for All; DYCD: Beacon; Future Ready NYC; NYC Math; Project Pivot",N/A (fewer than 5 teachers),24%,30%,N/A (fewer than 5 teachers),N/A (fewer than 5 teachers),41%,8,73%,,,,,,,,,,,,34%,51%,52 (13%),122 (32%),2% (3),22% (28),74% (95),0% (0),0% (0),2% (2),Excellent,91%,N/A,N/A,97%,N/A,N/A,78%,N/A,68%,81%,N/A,N/A,N/A,76%,79%,79%,64%,,,,,,,,,,,,78%,83%,85%,76%,N/A,N/A,N/A,76%,78%,,,,,,,,,,,,,,90%,,97%,,37%,17%,37%,39%,N/A,N/A,N/A,45%,39%,87%,100%,92%,86%,N/A,N/A,N/A,88%,85%,,,,,,,,,,,93%,N/A,94%,93%,N/A,N/A,N/A,94%,91%,,91%,N/A,94%,89%,N/A,N/A,N/A,100%,88%,,97%,N/A,100%,95%,N/A,N/A,N/A,100%,94%
12X550,High School of World Cultures,,,,www.schools.nyc.gov/schools/X550,Leslie Aquino,"09,10,11,12",355,Language Criteria,,1300 Boynton Avenue,"Bronx, NY 10472",718-860-8120,2%,5%,90%,<1%,1%,1%,88%,3%,,41%,59%,0%,88%,"Boys: BASKETBALL,BADMINTON,BOWLING,SWIMMING,BASEBALL,VOLLEYBALL,SOCCER; Girls: BADMINTON,VOLLEYBALL,SOCCER,BASKETBALL,OUTDOOR TRACK,SOFTBALL; Co-Ed: STUNT","Stella Adler Acting, Culinary (cooking), tutoring, internships, student government, success mentoring, entrepreneurship, Yoga, Student Government, ASPIRA, cultural school trips, summer STEM programs in partnership with Liberty Science, after school clubs, Saturday Academy.","Improvisation, Drawing, Theater, Mixed Media, Visual Art","NYSED ""Local Support and Improvement""; 21st Century Community Learning Center; AP for All; Community School; CS for All; Dual Language or TBE; NYC Math; PROSE",N/A (fewer than 5 teachers),N/A (fewer than 5 teachers),45%,0%,0%,28%,0.4,93%,,,,,,,,,,,,54%,30%,28 (8%),210 (59%),2% (5),4% (8),91% (192),<1% (2),<1% (2),<1% (1),N/A,86%,N/A,N/A,N/A,0%,N/A,88%,N/A,N/A,86%,N/A,N/A,N/A,92%,85%,88%,N/A,,,,,,,,,,,,88%,100%,82%,87%,N/A,N/A,N/A,88%,N/A,,,,,,,,,,,,,,90%,,96%,,61%,100%,64%,59%,N/A,N/A,N/A,64%,N/A,91%,100%,80%,93%,N/A,N/A,N/A,91%,N/A,,,,,,,,,,,84%,N/A,86%,85%,N/A,N/A,N/A,84%,N/A,,80%,N/A,71%,81%,N/A,N/A,N/A,79%,N/A,,86%,N/A,86%,87%,N/A,N/A,N/A,86%,N/A
12X682,Fannie Lou Hamer Freedom High School,,,,www.flhfhs.org,Jeffrey Palladino,"09,10,11,12,SE",455,Ed. Opt.,,1021 Jennings Street,"Bronx, NY 10460",718-861-0521,2%,23%,72%,<1%,<1%,2%,16%,32%,,45%,55%,0%,88%,"Boys: BASKETBALL,BASEBALL,VOLLEYBALL; Girls: VOLLEYBALL,BASKETBALL,SOFTBALL,OUTDOOR TRACK; Co-Ed: N/A","Anime Club, Art, Building Beats Music Production, Corporate Workplace (Job Training and Paid Internship), Crochet Club, Environmental Science Club, Entrepreneurship classes, Film Club, JPMorgan Live, MSG Classroom, Restorative Justice, Rocking The Boat, Sports, Student Government, Tennis, Skateboarding, Video Game Club, Yearbook, Yoga","Studio Art, Dramatic Literature, Theater / Play Production, Illustration, Visual Art","NYSED ""Targeted Support and Improvement""; Career Readiness and Modern Youth Apprenticeship; Community School; Consortium; Future Ready NYC; PROSE",0%,12%,36%,0%,0%,45%,9.1,83%,,,,,,,,,,,,36%,34%,,208 (46%),2% (4),21% (43),75% (156),<1% (1),<1% (1),1% (3),Fair,91%,N/A,N/A,94%,0%,6%,83%,N/A,68%,85%,N/A,N/A,N/A,85%,81%,93%,79%,,,,,,,,,,,,94%,100%,97%,93%,N/A,N/A,83%,85%,93%,,,,,,,,,,,,,,76%,,98%,,74%,63%,76%,75%,N/A,N/A,67%,68%,77%,95%,100%,99%,94%,N/A,N/A,83%,96%,93%,,,,,,,,,,,91%,100%,90%,91%,N/A,N/A,90%,98%,88%,,81%,100%,74%,83%,N/A,N/A,90%,88%,80%,,94%,100%,93%,94%,N/A,N/A,90%,98%,92%
12X684,Wings Academy,,,,wingsnation.org,Monique Jackson Dickens,"09,10,11,12,SE",251,Ed. Opt.,,1122 East 180 Street,"Bronx, NY 10460",718-597-1751,<1%,41%,56%,1%,0%,<1%,9%,34%,,40%,60%,0%,64%,"Boys: BASKETBALL; Girls: SOFTBALL,BASKETBALL; Co-Ed: N/A","My Brother's Keeper Initiative, Teen Outreach Program (TOP Club), HerHonor Mentoring Program, Open Stage Project, Bronx River Art Center (BRAC), Student Government Association, Phipps Neighborhoods College Access, Beacon Program","Core Music, Music, Graphic Design","NYSED ""Local Support and Improvement""; AP for All; Community School; DYCD: Beacon; NYC Math; Pathways Advising; Project Pivot",N/A (fewer than 5 teachers),63%,N/A (fewer than 5 teachers),0%,0%,N/A (fewer than 5 teachers),1.5,96%,,,,,,,,,,,,16%,32%,46 (18%),59 (24%),1% (1),46% (39),52% (44),1% (1),0% (0),0% (0),Good,84%,16%,0%,81%,0%,19%,85%,N/A,84%,88%,N/A,N/A,N/A,86%,84%,N/A,77%,,,,,,,,,,,,72%,N/A,64%,75%,N/A,N/A,N/A,81%,71%,,,,,,,,,,,,,,82%,,96%,,41%,N/A,40%,42%,N/A,N/A,N/A,35%,43%,73%,N/A,64%,81%,N/A,N/A,N/A,88%,78%,,,,,,,,,,,89%,N/A,89%,86%,N/A,N/A,N/A,100%,96%,,85%,N/A,84%,86%,N/A,N/A,N/A,88%,96%,,94%,N/A,89%,97%,N/A,N/A,N/A,100%,95%
13K265,Dr. Susan S. McKinney Secondary School of the Arts,,,,mckinneyssa.com,Edgar Lin,"06,07,08,09,10,11,12,SE",179,"Audition, D75 Special Education Inclusive Services",,101 Park Avenue,"Brooklyn, NY 11205",718-834-6760,<1%,71%,25%,1%,0%,2%,2%,28%,,58%,42%,<1%,57%,"Boys: BADMINTON,Middle Schools BASKETBALL,CROSS COUNTRY,BASKETBALL; Girls: CROSS COUNTRY,BASKETBALL; Co-Ed: DOUBLE DUTCH",N/A,"Studio Art, Dance, Music, Music Theory / Musicianship, Theater, Visual Art","NYSED ""Comprehensive Support and Improvement""; AP for All; DYCD: Beacon",17%,59%,N/A (fewer than 5 teachers),0%,0%,N/A (fewer than 5 teachers),0.1,76%,,,,,,,,,,,,72%,40%,90 (50%),86 (48%),0% (0),72% (96),24% (32),2% (2),0% (0),2% (3),Good,34%,N/A,N/A,82%,0%,18%,77%,N/A,83%,N/A,N/A,N/A,N/A,77%,77%,N/A,63%,,,,,,,,,,,,71%,N/A,74%,73%,N/A,N/A,N/A,N/A,69%,,,,,,,,,,,,,,75%,,95%,,35%,N/A,42%,27%,N/A,N/A,N/A,40%,38%,79%,N/A,82%,76%,N/A,N/A,N/A,100%,72%,,,,,,,,,,,50%,N/A,56%,N/A,N/A,N/A,N/A,N/A,N/A,,70%,N/A,67%,N/A,N/A,N/A,N/A,N/A,N/A,,50%,N/A,56%,N/A,N/A,N/A,N/A,N/A,N/A
13K350,Urban Assembly School of Music and Art,,,,uamusicandart.org,Samir Vural,"09,10,11,12,SE",99,Ed. Opt.,,49 Flatbush Avenue Extension,"Brooklyn, NY 11201",718-858-0249,1%,65%,32%,0%,1%,0%,1%,23%,,66%,34%,0%,64%,Boys: N/A; Girls: N/A; Co-Ed: N/A,"Student Government, Yearbook, Arts (Art Portfolio, Modern Band, Music Production, Dance, Fashion, Media Arts/Video/Animation, Musical Theater, Photography, Culinary Arts, and more), MBK/MSK, Peer Group Connections (Peer Leadership), Fall Arts Festival, Spring Spotlight Showcase, Frequent Trips (Broadway shows, concerts, team building activities)","Music Technology, Playwriting, Acting, Music History, Music Enterprise, Management, and Careers, Painting, Portfolio Development, Photography, Choreography / Dance Composition, Concert Band, and more","NYSED ""Local Support and Improvement""; AP for All; Community School; NYC Math",N/A (fewer than 5 teachers),N/A (fewer than 5 teachers),0%,0%,0%,50%,0.6,70%,,,,,,,,,,,,47%,49%,89 (90%),31 (31%),1% (1),65% (60),32% (30),0% (0),1% (1),0% (0),Good,90%,N/A,N/A,95%,N/A,N/A,92%,N/A,96%,N/A,N/A,N/A,N/A,92%,N/A,N/A,N/A,,,,,,,,,,,,83%,N/A,85%,79%,N/A,N/A,N/A,N/A,91%,,,,,,,,,,,,,,79%,,97%,,40%,N/A,47%,27%,N/A,N/A,N/A,N/A,33%,93%,N/A,94%,90%,N/A,N/A,N/A,N/A,91%,,,,,,,,,,,91%,N/A,88%,N/A,N/A,N/A,N/A,N/A,N/A,,91%,N/A,100%,N/A,N/A,N/A,N/A,N/A,N/A,,90%,N/A,100%,N/A,N/A,N/A,N/A,N/A,N/A
13K412,Brooklyn Community Arts & Media High School (BCAM),,,,bcamhs.org,James Obrien,"09,10,11,12,SE",516,"ASD/ACES Program, Ed. Opt.",,300 Willoughby Avenue,"Brooklyn, NY 11205",718-230-5748,<1%,62%,28%,<1%,<1%,3%,5%,32%,,55%,45%,0%,83%,"Boys: SOCCER,HANDBALL,BASKETBALL,TABLE TENNIS; Girls: FLAG FOOTBALL,BASKETBALL; Co-Ed: STUNT","Student Council, Student Leadership, AdvisoryFamily, Fine Art, Filmmaking, Photography, Modeling, Fashion Design, Podcast, Journalism, Theater, Yearbook, Choir, Debate, Modern Dance, Global Travel, New Orleans Exchange Travel, My Brothers Keeper, My Sisters Keeper, Track & Field, Flag Football","Computer Art / Digital Art, Studio Art, Visual Art, Digital Photography, Portfolio Development, Graphic Design","NYSED ""Local Support and Improvement""; AP for All; Community School; NYC Math",13%,44%,10%,0%,0%,31%,17.2,90%,,,,,,,,,,,,31%,50%,102 (20%),143 (28%),<1% (2),65% (146),25% (57),1% (3),1% (3),2% (5),Good,87%,13%,0%,86%,0%,14%,86%,N/A,86%,82%,N/A,N/A,N/A,88%,83%,N/A,81%,,,,,,,,,,,,81%,N/A,82%,76%,N/A,N/A,88%,89%,78%,,,,,,,,,,,,,,81%,,97%,,48%,N/A,45%,59%,N/A,N/A,33%,55%,59%,91%,N/A,91%,93%,N/A,N/A,89%,90%,90%,,,,,,,,,,,87%,N/A,89%,88%,N/A,N/A,N/A,100%,78%,,83%,N/A,86%,81%,N/A,N/A,N/A,83%,91%,,91%,N/A,94%,88%,N/A,N/A,N/A,67%,81%
13K419,"Science Skills Center High School for Science, Technology and the Creative Arts",,,,scienceskillscenterhs.org/,Dahlia Mcgregor,"09,10,11,12,SE",498,"Ed. Opt., Screened",,49 Flatbush Avenue Extension,"Brooklyn, NY 11201",718-243-9413,7%,62%,21%,2%,<1%,3%,2%,16%,,41%,59%,0%,65%,"Boys: SOCCER,BASKETBALL,OUTDOOR TRACK; Girls: SOCCER,SOFTBALL,TABLE TENNIS; Co-Ed: N/A","Journalism Publication Student Published, Monthly Newsletter, National Society of Black Engineers, National Student Council/ Student Government Organization, National Honor Society, Arts Club, Dance Club, Computer Science Club, Gaming Club, Anime Club, GSA Club, Multicultural Book Club, My Brothers Keeper, My Sisters keeper,","Core Music, Visual Art, Drawing, Painting, Choreography / Dance Composition","NYSED ""Local Support and Improvement""; AP for All; Community School; Competency Collaborative; CS for All",14%,35%,N/A (fewer than 5 teachers),N/A (fewer than 5 teachers),0%,27%,11.4,70%,,,,,,,,,,,,91%,75%,266 (53%),209 (42%),8% (31),61% (225),21% (79),3% (11),<1% (1),3% (11),Fair,99%,N/A,N/A,98%,N/A,N/A,96%,N/A,95%,100%,N/A,N/A,N/A,98%,95%,100%,100%,,,,,,,,,,,,71%,57%,70%,75%,83%,N/A,80%,67%,67%,,,,,,,,,,,,,,94%,,95%,,37%,68%,34%,30%,43%,N/A,30%,67%,40%,82%,94%,77%,91%,57%,N/A,100%,N/A,87%,,,,,,,,,,,87%,89%,89%,92%,N/A,N/A,N/A,N/A,87%,,80%,75%,75%,100%,N/A,N/A,N/A,N/A,77%,,89%,100%,87%,100%,N/A,N/A,N/A,N/A,93%
13K430,Brooklyn Technical High School,,,,bths.edu,David Newman,"09,10,11,12",5942,Test,,29 Ft Greene Place,"Brooklyn, NY 11217",718-804-6400,60%,6%,7%,<1%,<1%,24%,<1%,2%,,43%,57%,<1%,94%,"Boys: SWIMMING,OUTDOOR TRACK,TABLE TENNIS,LACROSSE,TENNIS,SOCCER,HANDBALL,BASKETBALL,BASEBALL,BOWLING,WRESTLING,FOOTBALL,FENCING,CROSS COUNTRY,BADMINTON,VOLLEYBALL,INDOOR TRACK; Girls: SWIMMING,BOWLING,TENNIS,BADMINTON,VOLLEYBALL,WRESTLING,CROSS COUNTRY,BASKETBALL,SOFTBALL,GOLF,SOCCER,INDOOR TRACK,FENCING,OUTDOOR TRACK,LACROSSE,HANDBALL,TABLE TENNIS; Co-Ed: CRICKET,STUNT,GOLF",N/A,"Computer Art / Digital Art, Concert Band, String Orchestra, Mixed Choir, Portfolio Development, Music, Studio Art, Jazz Ensemble, Female Choir, Drawing","NYSED ""Local Support and Improvement""; CS for All",18%,9%,9%,0%,0%,57%,6.7,91%,,,,,,,,,,,,100%,84%,4339 (73%),3233 (54%),60% (3529),6% (325),7% (383),<1% (28),<1% (45),24% (1417),Fair,94%,N/A,N/A,73%,0%,27%,97%,98%,93%,94%,N/A,N/A,99%,99%,97%,N/A,87%,,,,,,,,,,,,95%,95%,91%,95%,89%,93%,96%,N/A,95%,,,,,,,,,,,,,,94%,,96%,,55%,56%,48%,50%,46%,50%,55%,N/A,59%,95%,95%,92%,96%,100%,89%,93%,N/A,93%,,,,,,,,,,,77%,80%,75%,70%,89%,68%,71%,N/A,79%,,52%,50%,59%,57%,67%,52%,55%,N/A,80%,,82%,85%,76%,77%,81%,79%,77%,N/A,83%
13K439,Brooklyn International High School,,,,www.mybihs.org/,Kathleen Rucker,"09,10,11,12",292,Language Criteria,,49 Flatbush Avenue Extension,"Brooklyn, NY 11201",718-643-9315,16%,12%,65%,0%,<1%,7%,91%,3%,,39%,61%,0%,87%,"Boys: SOCCER,BOWLING; Girls: BOWLING,TABLE TENNIS,SOCCER; Co-Ed: CRICKET",N/A,"Studio Art, Dance Survey / Introduction to Dance, Three-Dimensional Art","NYSED ""Local Support and Improvement""; Community School; Competency Collaborative; Consortium; Future Ready NYC; PROSE",N/A (fewer than 5 teachers),0%,N/A (fewer than 5 teachers),0%,0%,68%,9.1,92%,,,,,,,,,,,,75%,52%,,79 (27%),16% (21),15% (19),62% (80),0% (0),0% (0),8% (10),N/A,75%,N/A,N/A,N/A,N/A,N/A,80%,N/A,N/A,81%,N/A,N/A,N/A,83%,79%,80%,N/A,,,,,,,,,,,,92%,97%,96%,91%,N/A,N/A,75%,92%,N/A,,,,,,,,,,,,,,88%,,95%,,73%,77%,72%,72%,N/A,N/A,63%,71%,N/A,95%,97%,96%,93%,N/A,N/A,100%,94%,N/A,,,,,,,,,,,87%,85%,89%,85%,N/A,N/A,100%,88%,N/A,,77%,75%,88%,73%,N/A,N/A,100%,76%,N/A,,91%,93%,83%,91%,N/A,N/A,100%,92%,N/A
13K483,The Urban Assembly School for Law and Justice,,,,sljhs.org,Kristin Ferrales,"09,10,11,12,SE",442,Ed. Opt.,,283 Adams Street,"Brooklyn, NY 11201",718-858-1160,3%,55%,35%,2%,0%,5%,3%,17%,,66%,34%,0%,81%,"Boys: BASKETBALL,SOCCER; Girls: SOCCER,VOLLEYBALL,BASKETBALL; Co-Ed: N/A","Art Club, Black Student Union, Chess Club, Broadway's Babies, Dance, Speech & Debate, Drama & Creative Arts, Gender & Sexualities Alliance, Yearbook, Young Men's Initiative, Young Women's Association, StuCo, Latino Culture Club, Local Programs, Opportunity Programs, Study Abroad, Internships","Mixed Media, Portfolio Development, Core Music, Theater Survey / Introduction to Theater, Painting, Sound Design and Implementation, Improvisation, Theater","NYSED ""Local Support and Improvement""; AP for All; NYC Math; Project Pivot; PROSE",0%,21%,N/A (fewer than 5 teachers),0%,0%,55%,3.1,66%,,,,,,,,,,,,42%,70%,108 (24%),147 (33%),2% (4),53% (98),37% (68),2% (3),0% (0),4% (8),Good,96%,N/A,N/A,89%,0%,11%,93%,N/A,90%,97%,N/A,N/A,N/A,95%,85%,N/A,89%,,,,,,,,,,,,84%,73%,85%,82%,83%,N/A,100%,91%,91%,,,,,,,,,,,,,,82%,,96%,,48%,36%,51%,43%,50%,N/A,63%,67%,55%,91%,100%,90%,92%,100%,N/A,88%,92%,92%,,,,,,,,,,,81%,86%,81%,76%,N/A,N/A,N/A,80%,80%,,85%,86%,85%,82%,N/A,N/A,N/A,100%,94%,,89%,71%,90%,88%,N/A,N/A,N/A,100%,89%
13K527,Urban Assembly Institute of Math and Science for Young Women,,,,www.uainstitute.org,Kiri Soares,"06,07,08,09,10,11,12,SE",305,"Ed. Opt., For Continuing 8th Graders",,283 Adams Street,"Brooklyn, NY 11201",718-260-2300,10%,55%,18%,<1%,2%,12%,7%,18%,,100%,0%,0%,70%,Boys: N/A; Girls: N/A; Co-Ed: N/A,"Photography Club, Hydroponic Gardening, Green Team, GSA, Student Council, Pod Casting, Cheer Team, Step Team, Anime Club, Magazine Club, Dance Club, Gaming Club","Theater Survey / Introduction to Theater, Fashion and Textile Design, Visual Art, Mixed Media, Drawing","NYSED ""Comprehensive Support and Improvement""; AP for All; DYCD: COMPASS/SONYC; NYC Math",N/A (fewer than 5 teachers),22%,N/A (fewer than 5 teachers),0%,0%,51%,13.1,59%,,,,,,,,,,,,99%,71%,105 (34%),164 (54%),8% (17),59% (122),18% (38),1% (3),2% (4),10% (20),Good,73%,N/A,N/A,100%,0%,0%,94%,N/A,93%,N/A,N/A,N/A,N/A,94%,N/A,N/A,83%,,,,,,,,,,,,88%,82%,89%,82%,N/A,N/A,91%,90%,94%,,,,,,,,,,,,,,82%,,96%,,45%,38%,47%,43%,60%,60%,43%,32%,47%,88%,86%,86%,87%,80%,100%,97%,91%,84%,,,,,,,,,,,89%,80%,89%,90%,N/A,N/A,82%,83%,96%,,86%,80%,90%,90%,N/A,N/A,82%,67%,88%,,91%,90%,90%,95%,N/A,N/A,82%,100%,100%
13K594,Gotham Professional Arts Academy,,,,www.gothamacademy.org,Robert Michelin,"09,10,11,12,SE",218,"D75 Special Education Inclusive Services, Ed. Opt.",,561 Grand Avenue,"Brooklyn, NY 11238",718-230-7270,2%,65%,28%,<1%,0%,5%,3%,34%,,69%,31%,0%,65%,"Boys: BOWLING,OUTDOOR TRACK; Girls: INDOOR TRACK,OUTDOOR TRACK; Co-Ed: N/A","Gaming, K-Pop Club, Animation/Illustration Club, Art Club, Student Magazine, Music Production, GSA, Student Government","Studio Art, Dramatic Literature, String Orchestra, Visual Art, Drawing, Ballet, Art History","NYSED ""Local Support and Improvement""; AP for All; Community School; Consortium; CS for All; PROSE",N/A (fewer than 5 teachers),N/A (fewer than 5 teachers),29%,0%,0%,33%,4.9,81%,,,,,,,,,,,,39%,53%,78 (36%),77 (35%),1% (1),64% (63),28% (28),1% (1),0% (0),4% (4),Good,24%,68%,8%,93%,0%,7%,75%,N/A,68%,N/A,N/A,N/A,N/A,76%,N/A,N/A,N/A,,,,,,,,,,,,88%,N/A,91%,83%,N/A,N/A,N/A,N/A,84%,,,,,,,,,,,,,,75%,,94%,,41%,N/A,36%,46%,N/A,N/A,N/A,N/A,50%,89%,N/A,86%,92%,N/A,N/A,N/A,N/A,90%,,,,,,,,,,,94%,N/A,90%,100%,N/A,N/A,N/A,N/A,89%,,84%,N/A,85%,71%,N/A,N/A,N/A,N/A,89%,,94%,N/A,90%,100%,N/A,N/A,N/A,N/A,89%
13K595,Bedford Academy High School,,,,bedfordacademyhs.org,Adofo Muhammad,"09,10,11,SE",382,Screened,,1119 Bedford Avenue,"Brooklyn, NY 11216",718-398-3061,5%,71%,14%,<1%,<1%,5%,<1%,12%,,53%,47%,0%,71%,"Boys: OUTDOOR TRACK,BASKETBALL; Girls: OUTDOOR TRACK,BASKETBALL,VOLLEYBALL; Co-Ed: N/A","College tours, College Classes, Student Government, Internships and Peer to Peer Tutorial Services","Music Technology, Percussion, Piano Keyboard","NYSED ""Local Support and Improvement""; AP for All; PROSE",22%,61%,N/A (fewer than 5 teachers),0%,0%,N/A (fewer than 5 teachers),13.4,87%,,,,,,,,,,,,90%,80%,100 (26%),168 (44%),8% (19),67% (166),15% (37),<1% (2),0% (0),5% (13),Fair,92%,N/A,N/A,98%,N/A,N/A,100%,N/A,100%,100%,N/A,N/A,N/A,100%,100%,N/A,100%,,,,,,,,,,,,94%,83%,96%,93%,N/A,N/A,93%,N/A,100%,,,,,,,,,,,,,,92%,,98%,,41%,56%,40%,40%,N/A,N/A,40%,N/A,68%,92%,100%,91%,95%,N/A,N/A,93%,N/A,90%,,,,,,,,,,,83%,100%,82%,75%,N/A,N/A,100%,N/A,92%,,82%,100%,80%,92%,N/A,N/A,83%,N/A,93%,,93%,80%,93%,100%,N/A,N/A,100%,N/A,93%
13K605,George Westinghouse Career and Technical Education High School,,,,www.westinghousehs.org,Joey Arzuaga,"09,10,11,12,SE",562,"D75 Special Education Inclusive Services, Ed. Opt., Open, Screened",,105 Tech Place,"Brooklyn, NY 11201",718-625-6130,3%,64%,28%,1%,0%,2%,4%,28%,,30%,70%,0%,84%,"Boys: SOCCER,INDOOR TRACK,BASEBALL,OUTDOOR TRACK,HANDBALL,BOWLING,BASKETBALL; Girls: SOFTBALL,OUTDOOR TRACK,INDOOR TRACK,HANDBALL,BASKETBALL,VOLLEYBALL; Co-Ed: DOUBLE DUTCH","Anime Club, Art Club, Book Club, Chess Club, Cheer Club, Cookie Club, Drama Club, Fitness Club, Video Gaming Club, Gender and Sexuality Alliance (GSA), Guitar Club, Key Club, My Brother's Keeper, My. Sisters Keeper, Podcast Club, FIRST Robotics Team, National Honor Society, PACE Upward Bound @ Pace University, Brooklyn TRIO @ Brooklyn College, Bridging the Gap @ New York City College of Technology, RAPP Program","Drawing, Music Theory / Musicianship, Piano Keyboard, Core Music","NYSED ""Local Support and Improvement""; AP for All; Career & Technical Education; CS for All; Future Ready NYC; NYC Math",N/A (fewer than 5 teachers),28%,9%,N/A (fewer than 5 teachers),0%,47%,6.1,83%,,,,,,,,,,,,77%,54%,108 (19%),179 (32%),5% (11),61% (142),29% (67),1% (3),0% (0),3% (8),Fair,99%,N/A,N/A,91%,N/A,N/A,90%,N/A,89%,90%,N/A,N/A,N/A,91%,89%,100%,89%,,,,,,,,,,,,79%,80%,84%,69%,N/A,N/A,83%,100%,79%,,,,,,,,,,,,,,86%,,95%,,43%,67%,44%,41%,N/A,N/A,60%,55%,46%,88%,100%,86%,90%,N/A,N/A,100%,100%,92%,,,,,,,,,,,91%,93%,92%,87%,N/A,N/A,100%,100%,95%,,79%,77%,85%,72%,N/A,N/A,57%,89%,86%,,90%,93%,92%,89%,N/A,N/A,71%,89%,90%
13K670,Benjamin Banneker Academy,,,,www.benjaminbanneker.nyc,Kinsley Kwateng,"09,10,11,12,SE",754,Screened,,71-77 Clinton Avenue,"Brooklyn, NY 11205",718-797-3702,3%,71%,18%,1%,<1%,2%,1%,18%,,53%,47%,0%,80%,"Boys: CROSS COUNTRY,BASKETBALL,FENCING,OUTDOOR TRACK,INDOOR TRACK,BASEBALL,SOCCER,BOWLING; Girls: VOLLEYBALL,CROSS COUNTRY,FENCING,BASKETBALL,TENNIS,SOCCER,OUTDOOR TRACK,SOFTBALL,INDOOR TRACK; Co-Ed: N/A",N/A,"Dance Survey / Introduction to Dance, Studio Art, Painting, Core Music, Choreography / Dance Composition, Visual Art, Modern Dance, Repertory Workshop / Dance Company","NYSED ""Local Support and Improvement""; AP for All; NYC Math",N/A (fewer than 5 teachers),55%,N/A (fewer than 5 teachers),0%,0%,31%,7.2,78%,,,,,,,,,,,,98%,72%,302 (40%),419 (56%),3% (17),72% (428),18% (108),2% (9),1% (7),2% (10),Fair,94%,6%,0%,89%,0%,11%,100%,N/A,100%,100%,N/A,N/A,N/A,100%,100%,N/A,100%,,,,,,,,,,,,83%,75%,83%,84%,60%,100%,88%,83%,83%,,,,,,,,,,,,,,84%,,95%,,45%,88%,45%,43%,20%,40%,38%,50%,54%,87%,75%,85%,97%,100%,100%,88%,100%,86%,,,,,,,,,,,77%,N/A,76%,71%,N/A,N/A,N/A,N/A,100%,,80%,N/A,81%,71%,N/A,N/A,N/A,N/A,90%,,82%,N/A,78%,93%,N/A,N/A,N/A,N/A,100%
13K674,"City Polytechnic High School of Engineering, Architecture, and Technology",,,,www.citypolyhs.org,Anthony Genna,"09,10,11,12,SE",429,Ed. Opt.,,105 Tech Place,"Brooklyn, NY 11201",718-875-1473,7%,59%,25%,2%,<1%,4%,5%,21%,,18%,82%,0%,93%,Boys: N/A; Girls: N/A; Co-Ed: N/A,N/A,Drawing,"NYSED ""Local Support and Improvement""; Career & Technical Education; NYC Math",N/A (fewer than 5 teachers),27%,N/A (fewer than 5 teachers),0%,0%,35%,0.2,71%,,,,,,,,,,,,68%,77%,113 (26%),141 (33%),7% (17),60% (136),24% (54),1% (3),2% (4),4% (10),Fair,96%,N/A,N/A,98%,N/A,N/A,94%,N/A,92%,96%,N/A,N/A,N/A,100%,93%,N/A,87%,,,,,,,,,,,,93%,N/A,100%,N/A,N/A,N/A,N/A,N/A,N/A,,,,,,,,,,,,,,88%,,96%,,40%,N/A,40%,N/A,N/A,N/A,N/A,N/A,N/A,100%,N/A,100%,N/A,N/A,N/A,N/A,N/A,N/A,,,,,,,,,,,82%,N/A,81%,73%,N/A,N/A,N/A,N/A,83%,,86%,N/A,85%,82%,N/A,N/A,N/A,N/A,100%,,88%,N/A,89%,82%,N/A,N/A,N/A,N/A,86%
14K071,Juan Morel Campos Secondary School,,,,www.juanmorelcampos.com/,Esther Shali Ogli,"06,07,08,09,10,11,12,SE",322,"ASD/ACES Program, D75 Special Education Inclusive Services, Open",,215 Heyward Street,"Brooklyn, NY 11206",718-302-7900,0%,26%,68%,<1%,<1%,5%,25%,31%,,46%,54%,0%,78%,"Boys: BASEBALL,BASKETBALL,HANDBALL,SOCCER; Girls: SOFTBALL,VOLLEYBALL,BASKETBALL; Co-Ed: N/A",N/A,"Studio Art, Concert Band, Acting, Musical Theater, Theater / Play Production, Modern Dance, Dance Improvisation, Visual Art","NYSED ""Local Support and Improvement""; Community School; Dual Language or TBE; DYCD: COMPASS/SONYC",0%,25%,19%,0%,0%,51%,6.9,78%,,,,,,,,,,,,61%,37%,19 (6%),92 (29%),0% (0),28% (30),68% (73),0% (0),<1% (1),3% (3),Fair,83%,17%,0%,96%,0%,4%,79%,N/A,93%,77%,N/A,N/A,N/A,89%,67%,72%,55%,,,,,,,,,,,,84%,N/A,78%,85%,N/A,N/A,N/A,88%,82%,,,,,,,,,,,,,,84%,,96%,,48%,N/A,47%,49%,N/A,N/A,60%,63%,51%,90%,N/A,83%,93%,N/A,N/A,N/A,94%,92%,,,,,,,,,,,68%,N/A,64%,70%,N/A,N/A,80%,77%,69%,,69%,N/A,67%,71%,N/A,N/A,60%,68%,79%,,79%,N/A,79%,78%,N/A,N/A,80%,79%,72%
14K449,"Brooklyn Latin School, The",,,,brooklynlatin.org,Katrina Billy Wilkinson,"09,10,11,12",798,Test,,223 Graham Avenue,"Brooklyn, NY 11206",718-366-0154,48%,13%,10%,1%,1%,19%,<1%,4%,,44%,56%,0%,65%,Boys: N/A; Girls: N/A; Co-Ed: N/A,N/A,"Studio Art, Art History, Theater Survey / Introduction to Theater, Visual Art","NYSED ""Local Support and Improvement""; PROSE; Respect for All",22%,0%,15%,0%,0%,59%,4.2,74%,,,,,,,,,,,,99%,86%,,404 (51%),48% (379),13% (103),10% (82),1% (9),1% (11),19% (148),N/A,100%,0%,0%,88%,N/A,N/A,100%,99%,100%,100%,N/A,N/A,100%,100%,99%,N/A,N/A,,,,,,,,,,,,90%,89%,95%,94%,100%,88%,89%,N/A,81%,,,,,,,,,,,,,,93%,,97%,,50%,51%,52%,44%,40%,63%,51%,N/A,53%,92%,92%,92%,88%,100%,100%,91%,N/A,82%,,,,,,,,,,,83%,86%,75%,77%,N/A,N/A,83%,N/A,75%,,61%,55%,71%,55%,N/A,N/A,69%,N/A,88%,,89%,86%,92%,81%,N/A,N/A,97%,N/A,100%
14K454,The Williamsburg High School of Art and Technology,,,,whsat.org,Cordel Blair,"09,10,11,12,SE",412,"Ed. Opt., Language Criteria, Screened",,223 Graham Avenue,"Brooklyn, NY 11206",718-599-1207,3%,25%,63%,<1%,<1%,3%,11%,22%,,41%,59%,0%,88%,Boys: N/A; Girls: N/A; Co-Ed: N/A,"My Brother's Keeper, My Sister's Keeper, Creative Writing Club, Animation Club, Ping Pong Club, Podcast club, Theater Club, Design Club, Art Club, Construction club",Studio Art,"NYSED ""Local Support and Improvement""; AP for All; Career Readiness and Modern Youth Apprenticeship; Community School; Dual Language or TBE; NYC Math; PROSE",N/A (fewer than 5 teachers),39%,16%,0%,0%,36%,1.1,65%,,,,,,,,,,,,61%,57%,,59 (14%),5% (6),28% (34),61% (73),0% (0),0% (0),3% (3),Good,96%,N/A,N/A,96%,N/A,N/A,89%,N/A,77%,91%,N/A,N/A,N/A,95%,85%,83%,88%,,,,,,,,,,,,93%,86%,87%,96%,N/A,N/A,N/A,89%,94%,,,,,,,,,,,,,,83%,,96%,,65%,83%,58%,67%,N/A,N/A,N/A,53%,57%,96%,100%,93%,96%,N/A,N/A,N/A,89%,97%,,,,,,,,,,,88%,N/A,100%,82%,N/A,N/A,N/A,N/A,88%,,81%,N/A,100%,76%,N/A,N/A,N/A,N/A,100%,,84%,N/A,90%,82%,N/A,N/A,N/A,N/A,88%
14K474,PROGRESS High School for Professional Careers,,,,www.progresshighschool.com,Jasmine Pena,"09,10,11,12,SE",395,Ed. Opt.,,850 Grand Street,"Brooklyn, NY 11211",718-387-0228,2%,26%,69%,<1%,0%,2%,20%,27%,,55%,45%,0%,79%,Boys: N/A; Girls: N/A; Co-Ed: N/A,N/A,"Visual Art, Concert Band, Stage Design, Guitar, Three-Dimensional Art, Studio Art, Technical Theater / Set Construction, Jazz Ensemble","NYSED ""Local Support and Improvement""; AP for All; Dual Language or TBE; DYCD: Beacon; DYCD: COMPASS/SONYC; NYC Math; Project Pivot",N/A (fewer than 5 teachers),29%,19%,0%,0%,39%,4.6,90%,,,,,,,,,,,,72%,42%,122 (31%),146 (37%),2% (5),25% (58),70% (161),<1% (1),0% (0),2% (5),Good,98%,N/A,N/A,95%,N/A,N/A,79%,N/A,78%,79%,N/A,N/A,N/A,88%,69%,81%,79%,,,,,,,,,,,,86%,N/A,90%,86%,N/A,N/A,N/A,88%,80%,,,,,,,,,,,,,,86%,,96%,,48%,N/A,41%,46%,N/A,N/A,N/A,60%,53%,92%,N/A,93%,92%,N/A,N/A,N/A,90%,90%,,,,,,,,,,,93%,N/A,N/A,95%,N/A,N/A,N/A,100%,78%,,86%,N/A,N/A,79%,N/A,N/A,N/A,78%,90%,,86%,N/A,N/A,85%,N/A,N/A,N/A,100%,60%
14K477,East Williamsburg Scholars Academy,,,,www.ew-sa.org,Rosemary Vega,"09,10,11,12,SE",482,"Ed. Opt., Open",,850 Grand Street,"Brooklyn, NY 11211",718-387-2800,1%,15%,74%,0%,1%,3%,43%,20%,,43%,57%,0%,82%,Boys: N/A; Girls: N/A; Co-Ed: N/A,"Conflict Resolution, Artsmart, LGBTQIA club, Leadership Program, College Now, Wellness Program, Civics for All, Cooking Class, Community Service Learning, Mentoring, My Sister's Keeper and My Brother's Keeper PSAL SPORTS - COED Golf PSAL SPORTS - GIRLS Basketball, Handball, Outdoor Track, Soccer, Softball, Volleyball PSAL SPORTS - BOYS Baseball, Basketball, Football, Handball, Soccer, Volleyball, Wrestling","Concert Band, Guitar, Jazz Ensemble, Studio Art, Technical Theater / Set Construction, Visual Art","NYSED ""Local Support and Improvement""; AP for All; CS for All; Dual Language or TBE; NYC Math; Project Pivot",16%,32%,16%,0%,0%,32%,9.5,73%,,,,,,,,,,,,41%,31%,91 (19%),168 (35%),<1% (2),17% (38),72% (160),0% (0),2% (4),5% (12),Good,95%,N/A,N/A,85%,0%,15%,86%,N/A,81%,89%,N/A,N/A,N/A,88%,83%,86%,87%,,,,,,,,,,,,85%,N/A,86%,85%,N/A,N/A,78%,86%,78%,,,,,,,,,,,,,,85%,,96%,,43%,N/A,52%,43%,N/A,20%,22%,47%,56%,92%,N/A,100%,90%,N/A,100%,100%,89%,90%,,,,,,,,,,,66%,N/A,N/A,70%,N/A,N/A,N/A,71%,N/A,,80%,N/A,N/A,83%,N/A,N/A,N/A,89%,N/A,,69%,N/A,N/A,70%,N/A,N/A,N/A,65%,N/A
14K478,"The High School for Enterprise, Business and Technology",,,,www.ebtbrooklyn.com,Holger Carrillo,"09,10,11,12,SE",542,"Ed. Opt., Screened",,850 Grand Street,"Brooklyn, NY 11211",718-387-2800,5%,22%,63%,<1%,0%,3%,20%,20%,,36%,64%,0%,77%,"Boys: BASKETBALL,SOCCER,HANDBALL,WRESTLING,BASEBALL,VOLLEYBALL,FOOTBALL; Girls: HANDBALL,OUTDOOR TRACK,SOFTBALL,BASKETBALL,VOLLEYBALL,SOCCER; Co-Ed: GOLF","Yearbook, Model UN/UNICEF, Girls Who Code, My Brother's Keeper (MBK), My Sister's Keeper (MSK), Student Government, Tabletop Gaming, Robotics, Anime, All City Marching Band, Jazz Band, Invest in Girls, National Honor Society, National Technical Honor Society, Business & Marketing Honor Society, Math & Science Honor Society","Concert Band, Studio Art, Painting, Guitar, Jazz Ensemble, Technical Theater / Set Construction","NYSED ""Local Support and Improvement""; AP for All; Dual Language or TBE; Future Ready NYC; NYC Math; Project Pivot",21%,18%,23%,0%,N/A (fewer than 5 teachers),26%,13.1,74%,,,,,,,,,,,,62%,53%,166 (31%),184 (34%),7% (23),21% (69),65% (208),2% (5),0% (0),3% (10),Good,99%,N/A,N/A,76%,0%,24%,84%,N/A,90%,79%,N/A,N/A,N/A,92%,79%,70%,85%,,,,,,,,,,,,80%,79%,81%,80%,N/A,N/A,75%,86%,80%,,,,,,,,,,,,,,83%,,95%,,49%,65%,50%,48%,N/A,N/A,50%,50%,39%,88%,96%,88%,88%,N/A,N/A,78%,91%,83%,,,,,,,,,,,77%,63%,77%,80%,N/A,N/A,56%,86%,78%,,73%,72%,77%,71%,N/A,N/A,78%,67%,76%,,76%,80%,71%,81%,N/A,N/A,56%,91%,89%
14K488,Brooklyn Preparatory High School,,,,www.brooklynprephs.org/,Noah Lansner,"09,10,11,12,SE",558,Ed. Opt.,,257 North 6 Street,"Brooklyn, NY 11211",718-486-2550,2%,41%,53%,<1%,<1%,<1%,5%,17%,,59%,41%,0%,90%,Boys: N/A; Girls: N/A; Co-Ed: N/A,"Girls Empowerment Group BP Empresses, BP LIONS Leaders In Our Neighborhood, Gender Sexuality Alliance, Student Council, Peer Mentoring, Teachers Assistants, Peer Advisory Leaders, After school Dance Program, Deloitte Academy, Young Lawyers Club, College Now, Job Shadows, Science Genius, Business Plan Competition, College Summit Peer Leaders, Student led electives (PreMed, Dance, K Pop), NY Cares Community Service Projects.","Drawing, Piano Keyboard, Music, Studio Art, Guitar, Mixed Media, Dance Survey / Introduction to Dance, Fashion and Textile Design, Visual Art, Graphic Design, and more","NYSED ""Local Support and Improvement""; AP for All; NYC Math; Respect for All",N/A (fewer than 5 teachers),15%,18%,N/A (fewer than 5 teachers),0%,49%,13.1,82%,,,,,,,,,,,,45%,71%,255 (46%),280 (50%),2% (7),40% (149),54% (199),<1% (3),<1% (1),<1% (3),Good,94%,6%,0%,79%,0%,21%,95%,N/A,96%,95%,N/A,N/A,N/A,95%,93%,N/A,89%,,,,,,,,,,,,90%,86%,90%,90%,N/A,N/A,N/A,92%,93%,,,,,,,,,,,,,,94%,,95%,,56%,71%,57%,56%,N/A,N/A,N/A,33%,49%,94%,100%,91%,96%,N/A,N/A,N/A,92%,88%,,,,,,,,,,,89%,83%,86%,92%,N/A,N/A,N/A,88%,90%,,82%,33%,80%,87%,N/A,N/A,N/A,71%,90%,,90%,83%,86%,93%,N/A,N/A,N/A,89%,97%
14K558,Williamsburg High School for Architecture and Design,,,,www.whsad.org,Gill Cornell,"09,10,11,12,SE",592,Open,,257 North 6 Street,"Brooklyn, NY 11211",718-388-1260,3%,27%,59%,1%,0%,7%,7%,23%,,32%,68%,0%,89%,Boys: N/A; Girls: N/A; Co-Ed: N/A,"Architecture Club, Art Club, Revit Club, Newspaper Team, WHSAD Senate, Carpentry Club, Yearbook Club, Teen Entrepreneurship Club, Community Service Club, Chess Club, Video Game Club, Dungeons and Dragons Club, Anime Club, Debate Club, Dance Club, My Sister's Keeper, and My Brother's Keeper",Architecture,"NYSED ""Local Support and Improvement""; Career & Technical Education; Community School; NYC Math",N/A (fewer than 5 teachers),21%,21%,N/A (fewer than 5 teachers),N/A (fewer than 5 teachers),56%,14.7,88%,,,,,,,,,,,,90%,65%,228 (39%),196 (33%),3% (8),28% (88),56% (174),2% (5),0% (0),9% (27),Fair,96%,N/A,N/A,95%,0%,5%,96%,N/A,93%,96%,N/A,N/A,N/A,96%,96%,N/A,97%,,,,,,,,,,,,92%,82%,89%,94%,67%,N/A,97%,88%,91%,,,,,,,,,,,,,,91%,,98%,,54%,47%,60%,54%,50%,N/A,62%,42%,53%,94%,79%,93%,94%,100%,N/A,100%,96%,94%,,,,,,,,,,,88%,82%,85%,90%,N/A,N/A,85%,87%,90%,,77%,73%,75%,78%,N/A,N/A,77%,82%,80%,,89%,90%,85%,90%,N/A,N/A,96%,88%,93%
14K561,Williamsburg Preparatory School,,,,williamsburgprep.com,Kellyann Witkowski,"09,10,11,12,SE",685,Ed. Opt.,,257 North 6 Street,"Brooklyn, NY 11211",718-302-2306,3%,20%,67%,<1%,<1%,6%,5%,21%,,55%,45%,0%,79%,"Boys: OUTDOOR TRACK,VOLLEYBALL,INDOOR TRACK,BASKETBALL,BASEBALL,CROSS COUNTRY; Girls: BASKETBALL,OUTDOOR TRACK,VOLLEYBALL,INDOOR TRACK,SOFTBALL,FLAG FOOTBALL,CROSS COUNTRY; Co-Ed: N/A","American Sign Language Club, Anime Club, AP Club, Art Club, Black Student Union, Book Club, Debate Team, Dungeons & Dragons Clubs, Equity Team, Homework Cafe, KPop Club, My Brother's Keeper, My Sister's Keeper, Queer Straight Alliance, Peer Mediators, Peer Mentors, Soccer Club, Songwriting Club, Student Ambassadors, Teaching/Office Assistants, Theater Club, Video Game Club, Yearbook Club, Yoga Club","Dance Survey / Introduction to Dance, Studio Art, Art History, Playwriting, Guitar, Drawing","NYSED ""Local Support and Improvement""; AP for All; NYC Math",0%,15%,15%,0%,0%,66%,2.1,79%,,,,,,,,,,,,62%,74%,233 (34%),225 (33%),5% (18),19% (74),64% (245),<1% (2),<1% (3),8% (31),Fair,87%,13%,0%,93%,0%,7%,95%,N/A,92%,96%,N/A,N/A,N/A,96%,94%,100%,85%,,,,,,,,,,,,90%,90%,92%,89%,N/A,N/A,89%,91%,83%,,,,,,,,,,,,,,86%,,95%,,50%,55%,50%,49%,N/A,N/A,66%,50%,49%,94%,95%,90%,94%,N/A,N/A,97%,96%,88%,,,,,,,,,,,86%,75%,90%,85%,N/A,N/A,91%,88%,81%,,82%,67%,88%,81%,N/A,N/A,96%,100%,97%,,90%,92%,90%,89%,N/A,N/A,96%,100%,89%
14K586,Lyons Community School,,,,www.lyonscommunityschool.org,Karen Onishi,"06,07,08,09,10,11,12,SE",281,"Ed. Opt., For Continuing 8th Graders",,223 Graham Avenue,"Brooklyn, NY 11206",718-782-0918,<1%,35%,58%,<1%,0%,1%,9%,31%,,48%,52%,0%,81%,"Boys: BASEBALL,BASKETBALL,VOLLEYBALL,OUTDOOR TRACK,CROSS COUNTRY; Girls: VOLLEYBALL,CROSS COUNTRY,BASKETBALL,OUTDOOR TRACK; Co-Ed: N/A","Art, Theater, Chess, Hip Hop Dance Team, Music, Peer Mediation, Peer Mentorship, Peer Tutoring, Restorative Justice, Gender & Sexuality Alliance (GSA), Talent Shows, Student Council, Sustainability Team, Anime, Outdoor Leadership (hiking/camping), Cosmetology, Film Making, Photography, Social Justice, Cooking and Yearbook","Studio Art, Voice and Diction, Portfolio Development, Visual Art, Art History, Photography, Ceramics","NYSED ""Comprehensive Support and Improvement""; 21st Century Community Learning Center; Career Readiness and Modern Youth Apprenticeship; Community School; Competency Collaborative; Consortium; DYCD: COMPASS/SONYC; PROSE",0%,30%,19%,0%,0%,43%,16.2,74%,,,,,,,,,,,,74%,42%,,217 (77%),<1% (1),34% (83),58% (141),<1% (1),0% (0),2% (4),Fair,78%,N/A,N/A,81%,0%,19%,75%,N/A,64%,83%,N/A,N/A,N/A,82%,70%,N/A,63%,,,,,,,,,,,,86%,N/A,90%,86%,N/A,N/A,100%,83%,83%,,,,,,,,,,,,,,69%,,97%,,49%,N/A,47%,51%,N/A,N/A,40%,55%,57%,89%,N/A,89%,89%,N/A,N/A,100%,90%,82%,,,,,,,,,,,94%,N/A,86%,94%,N/A,N/A,N/A,N/A,100%,,100%,N/A,100%,100%,N/A,N/A,N/A,N/A,100%,,97%,N/A,86%,100%,N/A,N/A,N/A,N/A,100%
14K610,A-Tech High School,,,,www.atechhs.org,Neil Harris,"09,10,11,12,SE",372,Ed. Opt.,,50 Bedford Avenue,"Brooklyn, NY 11222",718-218-9301,3%,37%,55%,2%,0%,1%,8%,33%,,9%,91%,0%,93%,"Boys: BASKETBALL,HANDBALL,BOWLING,SOCCER,BASEBALL,FOOTBALL,VOLLEYBALL; Girls: N/A; Co-Ed: N/A",N/A,"Core Music, Studio Art, Photography, Computer Art / Digital Art, Visual Art","NYSED ""Local Support and Improvement""; AP for All; Career & Technical Education; Career Readiness and Modern Youth Apprenticeship; Community School; CS for All; NYC Math; Respect for All",N/A (fewer than 5 teachers),38%,16%,0%,0%,32%,5.1,92%,,,,,,,,,,,,51%,25%,84 (23%),125 (34%),4% (6),32% (52),60% (98),2% (3),0% (0),1% (2),Fair,96%,N/A,N/A,97%,N/A,N/A,82%,N/A,75%,84%,N/A,N/A,N/A,N/A,81%,N/A,67%,,,,,,,,,,,,94%,100%,92%,95%,100%,N/A,N/A,93%,94%,,,,,,,,,,,,,,88%,,94%,,80%,86%,79%,80%,83%,N/A,N/A,87%,88%,95%,100%,96%,96%,83%,N/A,N/A,81%,97%,,,,,,,,,,,98%,100%,97%,98%,N/A,N/A,N/A,94%,98%,,96%,100%,95%,97%,N/A,N/A,N/A,94%,97%,,98%,100%,100%,97%,N/A,N/A,N/A,100%,97%
14K614,Young Women's Leadership School of Brooklyn,,,,www.tywlsbrooklyn.org/,Catherine Mitchell,"06,07,08,09,10,11,12,SE",189,Screened,,325 Bushwick Avenue,"Brooklyn, NY 11206",718-387-5641,6%,50%,36%,<1%,3%,5%,6%,24%,,100%,0%,0%,65%,Boys: N/A; Girls: OUTDOOR TRACK; Co-Ed: N/A,"Girls Advancing in STEM Club (GAINS) Band, Community Service, Reading Buddy program, Dance Ensemble, Environmental Action Club, Game Club, Guitar, Piano, Leadership Opportunities, Peer Mentoring, Regents Prep, Saturday Academy, Spirit Week, Student Government, Talent Show, Multicultural Show, Arts Club, Wide Rainbow Arts, Yearbook, Book Club, Youth Restorative Justice, SAT Prep, National Honors Society, Basketball, Volleyball, Cheerleading, Gender & Sexuality Alliance (GSA), Muslim Students Association, Trips to Broadway shows, Club Getaway Sleepaway Trip, Six Flags Trip, Summerbridge, STEP team, STEM Club, Internships","Guitar, Dance Survey / Introduction to Dance, Jazz Ensemble","NYSED ""Local Support and Improvement""; AP for All; DYCD: COMPASS/SONYC",N/A (fewer than 5 teachers),26%,N/A (fewer than 5 teachers),0%,0%,52%,7.1,85%,,,,,,,,,,,,53%,78%,65 (34%),100 (53%),5% (5),52% (58),39% (43),0% (0),3% (3),2% (2),Good,96%,N/A,N/A,84%,0%,16%,93%,N/A,94%,92%,N/A,N/A,N/A,93%,N/A,N/A,79%,,,,,,,,,,,,85%,83%,86%,79%,N/A,86%,100%,89%,83%,,,,,,,,,,,,,,83%,,96%,,52%,63%,54%,47%,N/A,63%,50%,42%,67%,86%,88%,84%,84%,N/A,100%,90%,92%,81%,,,,,,,,,,,92%,100%,93%,92%,N/A,100%,89%,94%,97%,,81%,12%,85%,86%,N/A,80%,56%,53%,78%,,94%,100%,93%,93%,N/A,100%,89%,100%,92%
14K685,El Puente Academy for Peace and Justice,,,,elpuente.us,Tina Lee,"09,10,11,12,SE",189,Ed. Opt.,,250 Hooper Street,"Brooklyn, NY 11211",718-387-1125,0%,12%,84%,0%,0%,2%,18%,31%,,43%,57%,0%,83%,Boys: N/A; Girls: N/A; Co-Ed: N/A,N/A,"Visual Art, Studio Art, Three-Dimensional Art","NYSED ""Local Support and Improvement""; Consortium; PROSE",0%,N/A (fewer than 5 teachers),44%,0%,0%,N/A (fewer than 5 teachers),5.2,100%,,,,,,,,,,,,70%,33%,,48 (25%),0% (0),11% (10),86% (77),0% (0),0% (0),1% (1),Good,89%,N/A,N/A,96%,N/A,N/A,74%,N/A,N/A,74%,N/A,N/A,N/A,84%,67%,53%,83%,,,,,,,,,,,,85%,N/A,79%,87%,N/A,N/A,N/A,88%,85%,,,,,,,,,,,,,,74%,,95%,,58%,N/A,64%,56%,N/A,N/A,N/A,67%,63%,90%,N/A,85%,91%,N/A,N/A,N/A,94%,91%,,,,,,,,,,,99%,N/A,86%,100%,N/A,N/A,N/A,100%,100%,,96%,N/A,100%,95%,N/A,N/A,N/A,94%,91%,,99%,N/A,100%,98%,N/A,N/A,N/A,100%,100%
15K429,Digital Arts and Cinema Technology High School,,,,www.digitaltechhs.org,Dawn Meconi,"09,10,11,SE",327,Screened,,284 Baltic Street,"Brooklyn, NY 11201",718-694-9741,3%,41%,47%,<1%,0%,6%,2%,21%,,47%,53%,0%,75%,Boys: N/A; Girls: N/A; Co-Ed: N/A,"Art and Anime Club, Chess, Early Bird Sports, Gender & Sexuality Alliance (GSA), Girls Club/My Sister's Keeper, Photography Club, Senior/Freshman Mentorship, Opening Act Theater, Student Ambassadors, SAT Prep, Student Government, Tabletop RPG Club, Tutoring, Video Game Club, Yearbook","Computer Art / Digital Art, Filmmaking / Video, Visual Art","NYSED ""Local Support and Improvement""; AP for All",N/A (fewer than 5 teachers),N/A (fewer than 5 teachers),N/A (fewer than 5 teachers),0%,0%,67%,10,67%,,,,,,,,,,,,58%,84%,142 (43%),102 (31%),3% (5),34% (67),52% (103),<1% (1),0% (0),8% (15),Fair,97%,N/A,N/A,90%,0%,10%,99%,N/A,97%,100%,N/A,N/A,N/A,100%,98%,N/A,100%,,,,,,,,,,,,89%,100%,88%,87%,N/A,N/A,94%,N/A,92%,,,,,,,,,,,,,,88%,,96%,,47%,44%,42%,46%,N/A,N/A,61%,N/A,61%,91%,100%,89%,94%,N/A,N/A,94%,N/A,95%,,,,,,,,,,,91%,100%,92%,88%,N/A,N/A,92%,N/A,93%,,83%,71%,92%,77%,N/A,N/A,85%,N/A,87%,,92%,100%,92%,90%,N/A,N/A,92%,N/A,93%
15K448,Brooklyn Collaborative Studies,,,,www.bcs448.org,Priscilla Chan,"06,07,08,09,10,11,12,SE",397,"Ed. Opt., For Continuing 8th Graders",,610 Henry Street,"Brooklyn, NY 11231",718-923-4700,5%,34%,39%,1%,<1%,19%,5%,27%,,47%,52%,<1%,64%,"Boys: Middle Schools BASKETBALL,BASKETBALL,SOCCER,BASEBALL; Girls: VOLLEYBALL,Middle Schools BASKETBALL,BASKETBALL,SOFTBALL; Co-Ed: N/A","Afterschool Program with Inspiring Minds NYC, Newspaper, Robotics, Camping","Theater Survey / Introduction to Theater, Movement / Dance, Music Theory / Musicianship, Mixed Media, Playwriting, Art History, Music, Technical Theater / Set Construction, Visual Art","NYSED ""Local Support and Improvement""; 21st Century Community Learning Center; Community School; Competency Collaborative; Consortium; DYCD: COMPASS/SONYC; Future Ready NYC; PROSE; Respect for All",N/A (fewer than 5 teachers),25%,10%,0%,0%,54%,9.1,86%,,,,,,,,,,,,99%,61%,,171 (43%),6% (14),34% (76),37% (82),<1% (1),0% (0),21% (46),Fair,98%,N/A,N/A,95%,0%,5%,91%,N/A,97%,96%,N/A,N/A,N/A,95%,87%,N/A,77%,,,,,,,,,,,,87%,100%,88%,89%,N/A,N/A,78%,N/A,78%,,,,,,,,,,,,,,80%,,95%,,53%,40%,46%,58%,N/A,N/A,42%,17%,68%,89%,100%,88%,89%,N/A,N/A,85%,83%,95%,,,,,,,,,,,88%,100%,81%,100%,N/A,N/A,89%,N/A,91%,,81%,80%,81%,100%,N/A,N/A,78%,N/A,94%,,87%,100%,73%,100%,N/A,N/A,91%,N/A,91%
15K462,John Jay School for Law,,,,www.johnjaylawhs.org/,Shomari Akil,"09,10,11,12,SE",461,Ed. Opt.,,237 7 Avenue,"Brooklyn, NY 11215",718-832-4250,5%,50%,37%,1%,<1%,4%,6%,23%,,57%,43%,0%,64%,Boys: N/A; Girls: N/A; Co-Ed: N/A,N/A,"Dance, Visual Art, Theater, Mixed Media, Studio Art","NYSED ""Local Support and Improvement""; AP for All; NYC Math",N/A (fewer than 5 teachers),30%,14%,0%,0%,35%,1.1,51%,,,,,,,,,,,,35%,59%,310 (67%),171 (37%),4% (15),51% (169),38% (127),1% (5),<1% (2),4% (14),Good,95%,N/A,N/A,94%,N/A,N/A,89%,N/A,98%,79%,N/A,N/A,N/A,94%,82%,N/A,81%,,,,,,,,,,,,74%,81%,77%,70%,N/A,N/A,75%,79%,79%,,,,,,,,,,,,,,81%,,96%,,45%,39%,45%,46%,N/A,N/A,69%,71%,54%,89%,94%,86%,91%,N/A,N/A,92%,94%,85%,,,,,,,,,,,76%,67%,83%,67%,N/A,N/A,N/A,N/A,71%,,80%,50%,86%,83%,N/A,N/A,N/A,N/A,83%,,83%,67%,86%,82%,N/A,N/A,N/A,N/A,71%
15K463,Cyberarts Studio Academy,,,,www.schools.nyc.gov/schools/K463,Sharon Evans,"09,10,11,12,SE",295,Ed. Opt.,,237 7 Avenue,"Brooklyn, NY 11215",718-832-4201,7%,21%,53%,<1%,0%,7%,34%,22%,,46%,54%,0%,79%,Boys: N/A; Girls: N/A; Co-Ed: N/A,N/A,"Computer Art / Digital Art, Filmmaking / Video, Graphic Design, Mixed Media, Music","NYSED ""Local Support and Improvement""; AP for All; Career Readiness and Modern Youth Apprenticeship; NYC Math",0%,54%,N/A (fewer than 5 teachers),0%,0%,25%,0.1,71%,,,,,,,,,,,,72%,54%,33 (11%),33 (11%),3% (2),29% (19),48% (31),2% (1),0% (0),12% (8),Good,92%,N/A,N/A,85%,0%,15%,78%,N/A,72%,82%,N/A,N/A,N/A,79%,78%,73%,63%,,,,,,,,,,,,87%,79%,100%,86%,N/A,N/A,100%,84%,92%,,,,,,,,,,,,,,79%,,96%,,41%,36%,59%,37%,N/A,N/A,50%,37%,54%,91%,100%,95%,86%,N/A,N/A,100%,89%,92%,,,,,,,,,,,88%,91%,N/A,94%,N/A,N/A,N/A,92%,78%,,66%,60%,N/A,58%,N/A,N/A,N/A,56%,56%,,84%,100%,N/A,81%,N/A,N/A,N/A,88%,78%
15K464,Park Slope Collegiate,,,,parkslopecollegiate.org,Jill Sandusky,"06,07,08,09,10,11,12,SE",360,"Ed. Opt., For Continuing 8th Graders",,237 7 Avenue,"Brooklyn, NY 11215",718-832-4300,7%,33%,50%,<1%,1%,7%,7%,26%,,43%,57%,0%,74%,"Boys: CROSS COUNTRY,SOCCER,BASKETBALL,FENCING,OUTDOOR TRACK,INDOOR TRACK,BASEBALL,SWIMMING,TABLE TENNIS,VOLLEYBALL; Girls: BASKETBALL,OUTDOOR TRACK,FLAG FOOTBALL,TABLE TENNIS,SOFTBALL,CROSS COUNTRY,VOLLEYBALL,SOCCER,FENCING,INDOOR TRACK,SWIMMING; Co-Ed: STUNT",N/A,"Guitar, Mixed Choir, Music History, Three-Dimensional Art","NYSED ""Local Support and Improvement""; AP for All; DYCD: COMPASS/SONYC; NYC Math; PROSE",N/A (fewer than 5 teachers),21%,20%,N/A (fewer than 5 teachers),0%,43%,4.2,84%,,,,,,,,,,,,79%,49%,152 (42%),205 (57%),7% (19),33% (83),48% (123),<1% (1),2% (4),7% (18),Good,93%,N/A,N/A,83%,0%,17%,86%,N/A,86%,86%,N/A,N/A,N/A,85%,87%,N/A,77%,,,,,,,,,,,,81%,92%,87%,82%,N/A,N/A,73%,80%,82%,,,,,,,,,,,,,,81%,,96%,,54%,56%,48%,50%,N/A,N/A,63%,65%,57%,90%,92%,86%,91%,N/A,N/A,90%,95%,88%,,,,,,,,,,,79%,N/A,85%,91%,N/A,N/A,63%,80%,75%,,83%,N/A,96%,86%,N/A,N/A,71%,50%,88%,,85%,N/A,85%,91%,N/A,N/A,79%,100%,75%
15K497,The Boerum Hill School for International Studies,,,,www.bhsbk.nyc,Samantha Schmoeger,"06,07,08,09,10,11,12,SE",362,Screened,,284 Baltic Street,"Brooklyn, NY 11201",718-330-9390,4%,27%,30%,<1%,0%,32%,6%,20%,,51%,49%,0%,72%,"Boys: BASEBALL,SOCCER,BASKETBALL; Girls: VOLLEYBALL,BASKETBALL,FLAG FOOTBALL; Co-Ed: N/A","Equity Team, Art Studio, Dance, Musical Theater, Film Club, Female Empowerment, Yearbook, Student Government, Lit Magazine, LGBTQ+ Club, Running Club, Gamerz Den, Improv Theater, Community Service, Peer Tutoring, Peer Mediation, Student Activities Committee, Fitness","Visual Art, Dance Survey / Introduction to Dance, Theater / Play Production","NYSED ""Additional Targeted Support and Improvement""; 21st Century Community Learning Center; AP for All; Community School; Dual Language or TBE; DYCD: COMPASS/SONYC; Empire; Pathways Advising; PROSE",N/A (fewer than 5 teachers),16%,13%,0%,0%,56%,1.9,69%,,,,,,,,,,,,68%,68%,,116 (32%),5% (15),24% (68),30% (84),0% (0),0% (0),36% (101),Fair,88%,N/A,N/A,97%,N/A,N/A,87%,N/A,76%,88%,N/A,N/A,91%,92%,82%,N/A,71%,,,,,,,,,,,,75%,74%,75%,79%,N/A,N/A,76%,71%,75%,,,,,,,,,,,,,,85%,,95%,,47%,42%,43%,42%,N/A,N/A,54%,50%,52%,85%,100%,87%,86%,N/A,N/A,86%,91%,86%,,,,,,,,,,,61%,45%,72%,57%,N/A,N/A,64%,50%,69%,,67%,64%,76%,74%,N/A,N/A,60%,83%,69%,,69%,64%,69%,82%,N/A,N/A,69%,67%,62%
15K519,Cobble Hill School of American Studies,,,,cobblehillhighschool.org,Elizabeth Rodriguez,"09,10,11,12,SE",327,"ASD/ACES Program, D75 Special Education Inclusive Services, Ed. Opt.",,347 Baltic Street,"Brooklyn, NY 11201",718-403-9544,3%,52%,38%,<1%,<1%,3%,22%,18%,,52%,48%,0%,65%,Boys: BASKETBALL; Girls: BASKETBALL; Co-Ed: N/A,"Student Government, Drumline, Step Team, Dance Team, ESports, Peer Leaders, Fyrezone (Music Production & Film editing), Opening Act, Delloitte Academy, Art Club, Sewing Club, Mindfulness, Gardening Club, Step Team. Saturday Academy for MLLs, Culinary Club, Student Government, Soccer Club, Track, MBK and MSK Chapters.",Studio Art,"NYSED ""Local Support and Improvement""; Community School; Dual Language or TBE; NYC Math",N/A (fewer than 5 teachers),30%,N/A (fewer than 5 teachers),0%,0%,48%,1.9,81%,,,,,,,,,,,,70%,71%,73 (22%),98 (30%),2% (4),58% (95),33% (53),<1% (1),0% (0),4% (7),Fair,98%,N/A,N/A,100%,0%,0%,85%,N/A,86%,86%,N/A,N/A,N/A,95%,71%,N/A,50%,,,,,,,,,,,,80%,83%,77%,84%,N/A,N/A,83%,85%,65%,,,,,,,,,,,,,,83%,,96%,,41%,50%,35%,44%,N/A,N/A,50%,48%,39%,88%,100%,80%,95%,N/A,N/A,83%,100%,91%,,,,,,,,,,,93%,N/A,93%,89%,N/A,N/A,N/A,82%,100%,,88%,N/A,90%,83%,N/A,N/A,N/A,82%,100%,,93%,N/A,94%,89%,N/A,N/A,N/A,83%,100%
15K592,Khalil Gibran International Academy,,,,www.schools.nyc.gov/schools/K592,Amanda Hunter,"09,10,11,12,SE",135,Ed. Opt.,,362 Schermerhorn Street,"Brooklyn, NY 11217",718-237-2502,18%,27%,23%,2%,1%,28%,48%,16%,,34%,66%,0%,72%,Boys: N/A; Girls: INDOOR TRACK; Co-Ed: N/A,"Student Government, Yearbook, ROSE Women's Leadership Program","Visual Art, Playwriting, Choreography / Dance Composition, Photography, Graphic Design","NYSED ""Local Support and Improvement""; Dual Language or TBE; DYCD: COMPASS/SONYC; NYC Math",N/A (fewer than 5 teachers),N/A (fewer than 5 teachers),0%,0%,0%,65%,1.1,88%,,,,,,,,,,,,39%,48%,,56 (41%),23% (19),22% (18),18% (15),1% (1),2% (2),32% (26),Good,90%,N/A,N/A,93%,N/A,N/A,85%,N/A,N/A,N/A,N/A,N/A,N/A,N/A,80%,83%,N/A,,,,,,,,,,,,82%,96%,71%,76%,N/A,N/A,80%,86%,77%,,,,,,,,,,,,,,88%,,97%,,63%,73%,54%,42%,N/A,N/A,83%,67%,40%,87%,100%,82%,76%,N/A,N/A,96%,91%,79%,,,,,,,,,,,97%,100%,100%,90%,N/A,N/A,96%,98%,100%,,85%,92%,89%,76%,N/A,N/A,79%,84%,92%,,96%,92%,96%,95%,N/A,N/A,96%,100%,100%
15K656,Brooklyn High School of the Arts,,,,www.brooklynartshs.nyc/,Daniel Vecchiano,"09,10,11,12,SE",920,Audition,,345 Dean Street,"Brooklyn, NY 11217",718-855-2412,5%,51%,28%,<1%,<1%,11%,<1%,16%,,78%,22%,0%,80%,"Boys: BOWLING; Girls: VOLLEYBALL,FENCING; Co-Ed: N/A","Badminton, Moth, Gender and Sexuality Alliance, Caribbean Heritage, Jewelry and Beading, Fencing, Anime, Natural Hair Club, West Wing/Newspaper, Chess, Podcast , Thespian Society, Gaming, World Language Honor, Society, Step Team, Green Team, Soccer Club, Improv Club, k-Pop","Ballet, Painting, Acting, String Orchestra, Music Theory / Musicianship, Drawing, Scenic Design and Implementation, Portfolio Development, Graphic Design, Computer Art / Digital Art, and more","NYSED ""Local Support and Improvement""; Respect for All",N/A (fewer than 5 teachers),25%,12%,0%,0%,50%,7.1,93%,,,,,,,,,,,,71%,65%,276 (30%),340 (37%),7% (31),52% (244),27% (125),<1% (1),<1% (1),11% (49),Fair,94%,6%,0%,93%,N/A,N/A,95%,N/A,95%,97%,N/A,N/A,N/A,96%,95%,N/A,93%,,,,,,,,,,,,84%,76%,86%,82%,N/A,N/A,75%,N/A,80%,,,,,,,,,,,,,,88%,,96%,,31%,21%,30%,31%,40%,N/A,31%,N/A,35%,90%,92%,88%,93%,100%,N/A,87%,100%,89%,,,,,,,,,,,81%,94%,83%,79%,N/A,N/A,78%,N/A,92%,,77%,62%,79%,85%,N/A,N/A,65%,N/A,92%,,86%,100%,85%,79%,N/A,N/A,87%,N/A,96%
15K667,Sunset Park High School,,,,www.sunsetparkhighschool.org,Victoria Antonini,"09,10,11,12,SE",1405,"D75 Special Education Inclusive Services, Open",,153 35 Street,"Brooklyn, NY 11232",718-840-1900,13%,7%,71%,<1%,<1%,6%,24%,20%,,46%,54%,0%,82%,"Boys: SOCCER,HANDBALL,WRESTLING,BASEBALL,BADMINTON,BASKETBALL; Girls: SOCCER,SOFTBALL,VOLLEYBALL,BASKETBALL,WRESTLING; Co-Ed: N/A",N/A,"Studio Art, Core Music, Mixed Media, Photography, Painting, Filmmaking / Video, Fashion and Textile Design, Drawing, Cartooning, Music, and more","NYSED ""Local Support and Improvement""; AP for All; CS for All; Dual Language or TBE; DYCD: COMPASS/SONYC; NYC Math",13%,7%,27%,0%,0%,44%,9.1,81%,,,,,,,,,,,,74%,56%,528 (38%),818 (58%),14% (153),7% (77),70% (790),<1% (9),<1% (4),7% (77),Fair,96%,N/A,N/A,96%,0%,4%,89%,100%,85%,88%,N/A,N/A,92%,95%,85%,78%,86%,,,,,,,,,,,,82%,72%,83%,84%,N/A,N/A,86%,88%,86%,,,,,,,,,,,,,,82%,,95%,,50%,61%,53%,48%,N/A,N/A,55%,65%,56%,93%,95%,92%,93%,N/A,N/A,89%,92%,92%,,,,,,,,,,,87%,92%,50%,85%,N/A,N/A,89%,87%,89%,,79%,74%,50%,84%,N/A,N/A,84%,82%,92%,,90%,96%,56%,89%,N/A,N/A,89%,91%,82%
15K684,Millennium Brooklyn HS,,,,www.millenniumbrooklynhs.org,Kevin Conway,"09,10,11,SE",719,"ASD/ACES Program, Screened",,237 7 Avenue,"Brooklyn, NY 11215",718-832-4333,24%,15%,18%,<1%,<1%,40%,<1%,16%,,60%,40%,0%,79%,Boys: N/A; Girls: N/A; Co-Ed: N/A,"Broadcast Journalism, Computer Science, Culture and Travel Club, Drama Club, Model UN, Music Club, National Honors Society, Robotics, Asian Student Organization, Birding Club, Black Student Union, Book Club, Chess Club, Comic Creators, Dance Club, Debate Team, Environmental Awareness Club, Fiber Crafts Club, Game Club, Gender and Sexualities Alliance, Math Club, School Newspaper, Participatory Action Research, Photography, Social Justice Club, Step Club, The Writing Center, Yearbook, Yoga Club, Ultimate Frisbee","Mixed Media, Acting, Photography, Portfolio Development, Theater / Play Production","NYSED ""Local Support and Improvement""",8%,11%,8%,N/A (fewer than 5 teachers),0%,65%,8.2,92%,,,,,,,,,,,,99%,84%,314 (44%),349 (49%),24% (119),12% (61),15% (78),<1% (2),<1% (1),46% (233),Needs Improvement,91%,N/A,N/A,98%,N/A,N/A,100%,100%,100%,100%,N/A,N/A,100%,100%,100%,N/A,100%,,,,,,,,,,,,92%,84%,98%,96%,N/A,N/A,91%,N/A,84%,,,,,,,,,,,,,,92%,,96%,,59%,57%,52%,55%,N/A,N/A,66%,N/A,65%,96%,98%,92%,99%,N/A,N/A,95%,N/A,93%,,,,,,,,,,,86%,82%,83%,76%,N/A,N/A,89%,N/A,84%,,72%,67%,68%,72%,N/A,N/A,75%,N/A,90%,,92%,91%,86%,84%,N/A,N/A,95%,N/A,89%
16K455,Boys and Girls High School,,,,boysandgirlshs.org,Grecian Harrison,"09,10,11,12,SE",399,"ASD/ACES Program, Ed. Opt., Screened, Zoned Guarantee",,1700 Fulton Street,"Brooklyn, NY 11213",718-467-1700,1%,73%,19%,<1%,<1%,<1%,5%,32%,,36%,64%,0%,86%,"Boys: HANDBALL,SOCCER,VOLLEYBALL,BASKETBALL,TENNIS,OUTDOOR TRACK,FOOTBALL,CROSS COUNTRY,INDOOR TRACK; Girls: HANDBALL,VOLLEYBALL,INDOOR TRACK,CROSS COUNTRY,BASKETBALL,OUTDOOR TRACK; Co-Ed: N/A","Hydroponics, Forensic Science, Drone Programming, Web Design and Gamming, Solar Paneling, and TEALS Partnership with Microsoft","Concert Band, Theater, Architecture","NYSED ""Local Support and Improvement""; AP for All; Community School; NYC Math; Project Pivot",0%,64%,14%,0%,0%,12%,7.2,83%,,,,,,,,,,,,50%,34%,45 (11%),113 (28%),<1% (1),77% (109),20% (28),0% (0),<1% (1),1% (2),Good,91%,9%,0%,89%,0%,11%,73%,N/A,69%,80%,N/A,N/A,N/A,75%,72%,N/A,67%,,,,,,,,,,,,85%,N/A,85%,87%,N/A,N/A,N/A,71%,89%,,,,,,,,,,,,,,81%,,95%,,66%,N/A,67%,69%,N/A,N/A,N/A,57%,70%,91%,N/A,92%,85%,N/A,N/A,N/A,88%,90%,,,,,,,,,,,92%,N/A,94%,78%,N/A,N/A,N/A,N/A,88%,,85%,N/A,83%,89%,N/A,N/A,N/A,N/A,88%,,93%,N/A,93%,89%,N/A,N/A,N/A,N/A,88%
16K498,Brooklyn High School for Law and Technology,,,,www.bklawtech.com/,Vernon Johnson,"09,10,11,12,SE",545,"Ed. Opt., Screened",,1396 Broadway,"Brooklyn, NY 11221",718-919-1256,4%,59%,33%,<1%,<1%,2%,7%,22%,,42%,58%,0%,61%,"Boys: BASKETBALL,OUTDOOR TRACK,INDOOR TRACK; Girls: BASKETBALL,VOLLEYBALL,OUTDOOR TRACK,INDOOR TRACK; Co-Ed: N/A",N/A,"Mixed Media, Visual Art","NYSED ""Local Support and Improvement""; AP for All; NYC Math",N/A (fewer than 5 teachers),25%,18%,0%,0%,40%,8.2,88%,,,,,,,,,,,,57%,56%,104 (19%),271 (50%),4% (13),60% (188),33% (103),<1% (1),<1% (1),<1% (3),Fair,95%,N/A,N/A,94%,N/A,N/A,92%,N/A,97%,90%,N/A,N/A,N/A,91%,93%,77%,92%,,,,,,,,,,,,81%,64%,85%,78%,N/A,N/A,71%,62%,80%,,,,,,,,,,,,,,84%,,95%,,32%,27%,29%,34%,N/A,N/A,63%,32%,41%,88%,67%,85%,92%,N/A,N/A,88%,92%,80%,,,,,,,,,,,84%,N/A,80%,100%,N/A,N/A,N/A,N/A,78%,,63%,N/A,68%,50%,N/A,N/A,N/A,N/A,67%,,85%,N/A,76%,100%,N/A,N/A,N/A,N/A,89%
16K688,The Brooklyn Academy of Global Finance,,,,www.bkagf.org,Dannielle Darbee,"09,10,11,12,SE",188,"D75 Special Education Inclusive Services, Ed. Opt.",,125 Stuyvesant Avenue,"Brooklyn, NY 11221",718-574-3126,5%,55%,31%,4%,<1%,5%,14%,27%,,46%,54%,0%,75%,Boys: BASKETBALL; Girls: BASKETBALL; Co-Ed: N/A,"Stock Market Club, Wise! Financial Club, Career, Tech Ed Club, Anime Club, Art Club, Botany Club,, Chess Club, Dance Club, Digital Media Club,, Model UN Club, Spoken Word Club, 3D Printer, Design Club, Student Council, Student Advisory, Council, Scholar Ambassadors, Peer Group, Connection (PGC) Peer Mentoring, Mindfulness, Council, Student Led Clubs","Mixed Media, Visual Art","NYSED ""Local Support and Improvement""; AP for All; Career Readiness and Modern Youth Apprenticeship; Community School; Future Ready NYC; PROSE",N/A (fewer than 5 teachers),47%,N/A (fewer than 5 teachers),0%,0%,29%,11.1,71%,,,,,,,,,,,,22%,38%,125 (66%),71 (38%),6% (7),54% (68),33% (41),2% (3),<1% (1),4% (5),Good,96%,N/A,N/A,93%,N/A,N/A,89%,N/A,84%,N/A,N/A,N/A,N/A,82%,95%,N/A,86%,,,,,,,,,,,,91%,86%,92%,88%,80%,N/A,100%,88%,81%,,,,,,,,,,,,,,84%,,99%,,59%,86%,57%,53%,80%,N/A,83%,78%,53%,94%,86%,93%,94%,100%,N/A,100%,89%,94%,,,,,,,,,,,89%,N/A,92%,100%,N/A,N/A,N/A,79%,86%,,89%,N/A,92%,77%,N/A,N/A,N/A,85%,86%,,94%,N/A,92%,100%,N/A,N/A,N/A,93%,86%
16K765,Nelson Mandela High School,,,,mandelaschoolnyc.org,Matthew Anderson,"09,10,11,12,SE",133,"ASD/ACES Program, Ed. Opt., Open",,1700 Fulton Street,"Brooklyn, NY 11213",718-804-6805,2%,70%,17%,2%,0%,<1%,6%,34%,,39%,61%,0%,54%,Boys: N/A; Girls: N/A; Co-Ed: N/A,N/A,"Visual Art, Graphic Design","NYSED ""Local Support and Improvement""; NYC Math; Project Pivot; PROSE",N/A (fewer than 5 teachers),59%,N/A (fewer than 5 teachers),0%,0%,N/A (fewer than 5 teachers),1.2,88%,,,,,,,,,,,,51%,38%,79 (59%),44 (33%),3% (3),76% (67),18% (16),2% (2),0% (0),0% (0),Excellent,93%,N/A,N/A,91%,N/A,N/A,80%,N/A,83%,N/A,N/A,N/A,N/A,N/A,82%,N/A,N/A,,,,,,,,,,,,81%,N/A,79%,82%,N/A,N/A,N/A,N/A,77%,,,,,,,,,,,,,,79%,,96%,,48%,N/A,48%,46%,N/A,N/A,N/A,40%,56%,80%,N/A,80%,82%,N/A,N/A,N/A,N/A,88%,,,,,,,,,,,86%,N/A,86%,N/A,N/A,N/A,N/A,N/A,78%,,71%,N/A,71%,N/A,N/A,N/A,N/A,N/A,67%,,95%,N/A,93%,N/A,N/A,N/A,N/A,N/A,88%
17K122,Pathways in Technology Early College High School (P-Tech),,,,www.ptechnyc.org/,Rashid Davis,"09,10,11,12,SE",530,Ed. Opt.,,150 Albany Avenue,"Brooklyn, NY 11213",718-221-1593,3%,81%,13%,<1%,1%,<1%,2%,17%,,26%,74%,0%,60%,"Boys: BASKETBALL,OUTDOOR TRACK,BASEBALL,HANDBALL,INDOOR TRACK,SOCCER,CROSS COUNTRY,TENNIS; Girls: INDOOR TRACK,CROSS COUNTRY,OUTDOOR TRACK,BASKETBALL; Co-Ed: N/A",N/A,"Computer Art / Digital Art, Mixed Media, Visual Art","NYSED ""Local Support and Improvement""; Career & Technical Education; Career Readiness and Modern Youth Apprenticeship; CS for All; Future Ready NYC",N/A (fewer than 5 teachers),64%,N/A (fewer than 5 teachers),0%,0%,30%,12.2,91%,,,,,,,,,,,,58%,73%,,267 (50%),3% (10),82% (276),11% (38),<1% (2),1% (5),<1% (3),Fair,99%,N/A,N/A,97%,N/A,N/A,82%,N/A,84%,N/A,N/A,N/A,N/A,89%,80%,N/A,82%,,,,,,,,,,,,64%,N/A,62%,77%,N/A,N/A,N/A,N/A,59%,,,,,,,,,,,,,,85%,,95%,,44%,N/A,40%,53%,N/A,N/A,N/A,N/A,39%,86%,N/A,84%,87%,N/A,N/A,N/A,N/A,83%,,,,,,,,,,,83%,N/A,83%,N/A,N/A,N/A,N/A,N/A,80%,,71%,N/A,73%,N/A,N/A,N/A,N/A,N/A,80%,,85%,N/A,86%,N/A,N/A,N/A,N/A,N/A,89%
17K382,Academy for College Preparation and Career Exploration: A College Board School,,,,www.academyforcollegeprep.com,Joan Mosely,"06,07,08,09,10,11,12,SE",235,Ed. Opt.,,911 Flatbush Avenue,"Brooklyn, NY 11226",718-564-2566,1%,75%,19%,<1%,<1%,3%,9%,20%,,33%,67%,0%,79%,"Boys: OUTDOOR TRACK,SOCCER,BOWLING,BASEBALL,FOOTBALL,INDOOR TRACK,CROSS COUNTRY,VOLLEYBALL,WRESTLING,BASKETBALL; Girls: OUTDOOR TRACK,FLAG FOOTBALL,TABLE TENNIS,VOLLEYBALL,CROSS COUNTRY,SOFTBALL,INDOOR TRACK,SWIMMING,TENNIS,BASKETBALL; Co-Ed: CRICKET,STUNT","Our partnership with CareerWise New York is a youth apprenticeship system based in New York City. CareerWise New York offers a threeyear appliedlearning environment for high school students and an innovative talentacquisition strategy for businesses. With apprenticeship, students earn debtfree college credit and nationallyrecognized industry certification through their unique work experience in fields such as IT, financial services, and business operations...all while graduating ontime. We stay open after school and over the summer. During that time, we may offer: Arts Sports, Music lessons, Book clubs, Robotics, Guitar Club, Crocheting and other studentselected clubs.","Technical Theater / Set Construction, Visual Art","NYSED ""Local Support and Improvement""; 21st Century Community Learning Center; AP for All; Community School; DYCD: COMPASS/SONYC; Project Pivot",N/A (fewer than 5 teachers),65%,N/A (fewer than 5 teachers),0%,0%,N/A (fewer than 5 teachers),6.6,77%,,,,,,,,,,,,35%,32%,41 (17%),100 (43%),<1% (1),80% (93),16% (18),<1% (1),0% (0),3% (3),Excellent,93%,N/A,N/A,99%,N/A,N/A,86%,N/A,92%,N/A,N/A,N/A,N/A,86%,86%,N/A,N/A,,,,,,,,,,,,74%,N/A,73%,70%,N/A,N/A,100%,86%,67%,,,,,,,,,,,,,,91%,,97%,,47%,N/A,49%,34%,N/A,N/A,40%,36%,50%,86%,N/A,85%,86%,N/A,N/A,100%,79%,68%,,,,,,,,,,,89%,N/A,86%,92%,N/A,N/A,N/A,N/A,80%,,85%,N/A,85%,83%,N/A,N/A,N/A,N/A,88%,,92%,N/A,88%,100%,N/A,N/A,N/A,N/A,79%
17K408,Academy of Hospitality and Tourism,,,,aohterasmus.org/,Shirley Miller,"09,10,11,12,SE",354,Ed. Opt.,,911 Flatbush Avenue,"Brooklyn, NY 11226",718-564-2580,5%,57%,32%,1%,<1%,3%,15%,23%,,49%,51%,0%,91%,Boys: N/A; Girls: N/A; Co-Ed: N/A,"Anime, Gaming, Coding , Swim, Culinary/Food Club, Art , Dance , Archery","Painting, Core Music, Visual Art","NYSED ""Local Support and Improvement""; AP for All; NYC Math; Project Pivot",N/A (fewer than 5 teachers),50%,N/A (fewer than 5 teachers),0%,0%,N/A (fewer than 5 teachers),7.6,50%,,,,,,,,,,,,63%,87%,55 (16%),117 (33%),5% (8),61% (105),30% (51),1% (2),<1% (1),2% (4),Fair,98%,N/A,N/A,88%,0%,12%,86%,N/A,91%,74%,N/A,N/A,N/A,87%,85%,77%,75%,,,,,,,,,,,,82%,86%,83%,84%,N/A,N/A,57%,83%,77%,,,,,,,,,,,,,,83%,,96%,,50%,71%,51%,43%,N/A,N/A,57%,50%,52%,90%,100%,88%,91%,N/A,N/A,86%,92%,90%,,,,,,,,,,,88%,90%,89%,86%,N/A,N/A,N/A,89%,87%,,72%,70%,79%,61%,N/A,N/A,N/A,62%,80%,,94%,100%,94%,92%,N/A,N/A,N/A,100%,87%
17K524,International High School at Prospect Heights,,,,www.schools.nyc.gov/schools/K524,Nedda De Castro,"09,10,11,12,SE",284,Language Criteria,,883 Classon Avenue,"Brooklyn, NY 11225",718-230-6333,5%,17%,63%,<1%,1%,6%,92%,5%,,46%,54%,0%,93%,Boys: N/A; Girls: N/A; Co-Ed: N/A,"Dream Team, French Heritage,Chinese Club, Yearbook Club,Moth Storytelling, Ballet, National Honor Society, Senior Committee, Student Government, Acting Club, Glass Wing, City Rocks, Tap Dance, Haitian Dance, Arabic Club, Anime, and The Green Team",Mixed Media,"NYSED ""Local Support and Improvement""; AP for All; Competency Collaborative; Consortium; PROSE",25%,N/A (fewer than 5 teachers),N/A (fewer than 5 teachers),0%,0%,42%,0,96%,,,,,,,,,,,,78%,36%,,56 (20%),0% (0),30% (17),56% (32),2% (1),0% (0),12% (7),N/A,N/A,67%,N/A,N/A,N/A,0%,73%,N/A,N/A,65%,N/A,N/A,N/A,89%,63%,73%,N/A,,,,,,,,,,,,92%,67%,92%,93%,N/A,N/A,93%,92%,100%,,,,,,,,,,,,,,82%,,96%,,62%,67%,62%,61%,N/A,N/A,64%,62%,86%,91%,86%,89%,92%,N/A,N/A,86%,91%,100%,,,,,,,,,,,92%,N/A,67%,93%,N/A,N/A,N/A,91%,N/A,,81%,N/A,67%,83%,N/A,N/A,N/A,80%,N/A,,88%,N/A,50%,91%,N/A,N/A,N/A,87%,N/A
17K528,The High School for Global Citizenship,,,,www.hs-gc.org/,Michelle Penn,"09,10,11,12,SE",220,"Ed. Opt., Screened",,883 Classon Avenue,"Brooklyn, NY 11225",718-230-6300,4%,78%,13%,<1%,<1%,3%,8%,23%,,30%,70%,0%,93%,Boys: N/A; Girls: N/A; Co-Ed: N/A,N/A,"Music History, Graphic Design","NYSED ""Local Support and Improvement""; AP for All; Career Readiness and Modern Youth Apprenticeship; DYCD: COMPASS/SONYC; Future Ready NYC",0%,56%,N/A (fewer than 5 teachers),0%,0%,31%,13.1,56%,,,,,,,,,,,,55%,64%,154 (70%),58 (26%),4% (7),78% (123),12% (19),1% (2),1% (2),3% (5),Good,89%,N/A,N/A,98%,N/A,N/A,95%,N/A,98%,N/A,N/A,N/A,N/A,100%,93%,N/A,92%,,,,,,,,,,,,91%,100%,91%,90%,N/A,N/A,100%,93%,88%,,,,,,,,,,,,,,91%,,96%,,76%,88%,74%,81%,N/A,N/A,100%,71%,78%,95%,88%,94%,100%,N/A,N/A,100%,93%,91%,,,,,,,,,,,97%,100%,97%,100%,N/A,N/A,80%,100%,95%,,96%,100%,97%,94%,N/A,N/A,80%,100%,95%,,97%,100%,97%,100%,N/A,N/A,100%,92%,95%
17K537,High School for Youth and Community Development at Erasmus,,,,ycdhs.org,Mary Prendergast,"09,10,11,12,SE",469,Open,,911 Flatbush Avenue,"Brooklyn, NY 11226",718-564-2470,5%,69%,19%,3%,0%,3%,9%,20%,,33%,67%,0%,81%,Boys: N/A; Girls: N/A; Co-Ed: N/A,Food Club; Documentary Film Projects; Chess Club; Robotics Club; Mouse Design League,"Theater / Play Production, Graphic Design, Studio Art, Mixed Media, Art History, Visual Art","NYSED ""Local Support and Improvement""; AP for All; Career Readiness and Modern Youth Apprenticeship; Future Ready NYC; NYC Math; Project Pivot",N/A (fewer than 5 teachers),N/A (fewer than 5 teachers),N/A (fewer than 5 teachers),0%,0%,61%,18.5,87%,,,,,,,,,,,,30%,48%,119 (25%),100 (21%),9% (15),66% (116),18% (32),2% (3),0% (0),6% (10),Excellent,84%,16%,0%,97%,N/A,N/A,91%,N/A,89%,95%,N/A,N/A,N/A,95%,89%,N/A,78%,,,,,,,,,,,,84%,81%,84%,82%,N/A,N/A,92%,82%,77%,,,,,,,,,,,,,,95%,,96%,,58%,59%,59%,51%,N/A,N/A,69%,56%,57%,86%,82%,87%,84%,N/A,N/A,92%,84%,82%,,,,,,,,,,,84%,100%,84%,83%,N/A,N/A,88%,93%,89%,,78%,67%,80%,71%,N/A,N/A,88%,80%,82%,,88%,100%,88%,87%,N/A,N/A,88%,87%,89%
17K539,High School for Service & Learning at Erasmus,,,,www.schools.nyc.gov/schools/K539,Denese Farkas,"09,10,11,12,SE",227,Ed. Opt.,,911 Flatbush Avenue,"Brooklyn, NY 11226",718-564-2551,4%,66%,23%,<1%,<1%,4%,18%,19%,,35%,65%,0%,83%,Boys: N/A; Girls: N/A; Co-Ed: N/A,"TEALS Microsoft Computer Science club, Girls INC., Gentleman's Factory Innovation Lab, Student Government Association, Peer Mediation, Trident Swim Club, Dance Club","Dramatic Literature, Music History","NYSED ""Local Support and Improvement""; AP for All; Career Readiness and Modern Youth Apprenticeship; CS for All; Future Ready NYC; NYC Math; Pathways Advising; Project Pivot",N/A (fewer than 5 teachers),35%,N/A (fewer than 5 teachers),0%,0%,41%,4.1,88%,,,,,,,,,,,,85%,52%,39 (17%),75 (33%),6% (7),66% (81),21% (26),2% (2),<1% (1),4% (5),Good,89%,N/A,N/A,97%,N/A,N/A,92%,N/A,96%,N/A,N/A,N/A,N/A,95%,90%,64%,100%,,,,,,,,,,,,85%,N/A,88%,83%,N/A,N/A,80%,77%,87%,,,,,,,,,,,,,,86%,,94%,,54%,50%,55%,54%,N/A,N/A,83%,56%,72%,89%,100%,90%,94%,N/A,N/A,83%,92%,92%,,,,,,,,,,,96%,N/A,100%,90%,N/A,N/A,N/A,100%,100%,,89%,N/A,92%,78%,N/A,N/A,N/A,100%,N/A,,92%,N/A,92%,88%,N/A,N/A,N/A,100%,100%
17K543,"Science, Technology and Research Early College High School at Erasmus",,,,starearlycollege.org/,Eric Blake,"06,07,08,09,10,11,12,SE",459,Screened With Assessment,,911 Flatbush Avenue,"Brooklyn, NY 11226",718-564-2540,5%,77%,13%,2%,<1%,3%,1%,15%,,47%,53%,0%,78%,Boys: N/A; Girls: N/A; Co-Ed: N/A,N/A,"Core Music, Theater / Play Production, Drawing, Music Theory / Musicianship","NYSED ""Local Support and Improvement""; DYCD: COMPASS/SONYC; Project Pivot",N/A (fewer than 5 teachers),42%,N/A (fewer than 5 teachers),0%,0%,39%,0.2,80%,,,,,,,,,,,,89%,75%,319 (69%),122 (27%),5% (23),78% (331),12% (51),2% (8),<1% (1),2% (9),Good,96%,N/A,N/A,92%,0%,8%,100%,N/A,100%,N/A,N/A,N/A,N/A,100%,100%,N/A,100%,,,,,,,,,,,,82%,70%,82%,83%,86%,N/A,86%,86%,84%,,,,,,,,,,,,,,96%,,98%,,38%,35%,39%,34%,78%,N/A,43%,29%,33%,94%,96%,94%,93%,89%,N/A,100%,100%,88%,,,,,,,,,,,79%,N/A,73%,100%,N/A,N/A,100%,N/A,82%,,71%,N/A,65%,92%,N/A,N/A,80%,N/A,82%,,86%,N/A,86%,92%,N/A,N/A,100%,N/A,94%
17K546,High School for Public Service: Heroes of Tomorrow,,,,www.highschoolforpublicservice.com/,Sean Rice,"09,10,11,12,SE",450,"Ed. Opt., Screened",,600 Kingston Avenue,"Brooklyn, NY 11203",718-756-5325,3%,77%,14%,2%,<1%,2%,2%,17%,,62%,38%,0%,76%,Boys: N/A; Girls: N/A; Co-Ed: N/A,"Anime , Volleyball, Dance and Step, Photography, Yearbook, Weightlifting, Yoga, Basketball, Farm and Agriculture, Jazz band, Caribbean, GSA, Chess, Crochet, HSPS Newsletter, Band, Latin, Book, Art, Theater, Podcast, Student Government","Core Music, Studio Art, Drawing, Music Technology, Mixed Media, Acting","NYSED ""Local Support and Improvement""; AP for All; DYCD: COMPASS/SONYC; NYC Math",N/A (fewer than 5 teachers),29%,N/A (fewer than 5 teachers),0%,0%,48%,10.7,90%,,,,,,,,,,,,41%,75%,128 (28%),143 (32%),3% (6),71% (152),17% (37),3% (6),2% (4),4% (9),Good,94%,N/A,N/A,93%,0%,7%,93%,N/A,92%,N/A,N/A,N/A,N/A,95%,90%,N/A,87%,,,,,,,,,,,,81%,73%,81%,83%,89%,N/A,63%,71%,88%,,,,,,,,,,,,,,87%,,95%,,37%,67%,35%,37%,20%,N/A,30%,50%,53%,85%,92%,83%,88%,90%,N/A,90%,88%,89%,,,,,,,,,,,90%,86%,89%,93%,89%,N/A,86%,100%,90%,,77%,62%,80%,66%,67%,N/A,75%,33%,81%,,89%,100%,87%,95%,100%,N/A,86%,100%,88%
17K547,Brooklyn Academy of Science and the Environment,,,,basehighschool.org,Gail Lambert,"09,10,11,12,SE",261,Ed. Opt.,,883 Classon Avenue,"Brooklyn, NY 11225",718-230-6363,7%,69%,16%,<1%,2%,5%,9%,21%,,38%,62%,0%,76%,Boys: N/A; Girls: N/A; Co-Ed: N/A,"Student Leadership, Green Team, GSA, STEM Club, Art Club, Chess Club, Science Fiction/Fantasy Club, Student Government, Student Newspaper","Computer Art / Digital Art, Studio Art, Art History, Music, Architecture","NYSED ""Local Support and Improvement""; Competency Collaborative",N/A (fewer than 5 teachers),26%,N/A (fewer than 5 teachers),N/A (fewer than 5 teachers),0%,37%,6.2,79%,,,,,,,,,,,,40%,48%,70 (27%),52 (20%),7% (7),67% (68),19% (19),<1% (1),3% (3),4% (4),Good,94%,N/A,N/A,85%,0%,15%,93%,N/A,94%,N/A,N/A,N/A,N/A,93%,94%,N/A,73%,,,,,,,,,,,,78%,58%,83%,85%,N/A,N/A,67%,71%,83%,,,,,,,,,,,,,,87%,,97%,,48%,33%,50%,42%,N/A,N/A,50%,36%,45%,87%,75%,85%,96%,N/A,N/A,83%,93%,93%,,,,,,,,,,,84%,91%,85%,88%,N/A,N/A,56%,75%,87%,,82%,92%,82%,88%,N/A,N/A,44%,75%,90%,,89%,100%,90%,88%,N/A,N/A,67%,83%,86%
17K548,Brooklyn School for Music & Theatre,,,,bkmusicntheatre.com,Pamela Randazzo,"09,10,11,12,SE",218,Ed. Opt.,,883 Classon Avenue,"Brooklyn, NY 11225",718-230-6250,<1%,72%,23%,<1%,0%,1%,3%,22%,,72%,28%,0%,66%,"Boys: SWIMMING,BASKETBALL,CROSS COUNTRY,SOCCER,BASEBALL,INDOOR TRACK,OUTDOOR TRACK; Girls: BASKETBALL,VOLLEYBALL,CROSS COUNTRY,INDOOR TRACK,BADMINTON,SOFTBALL,SOCCER,OUTDOOR TRACK; Co-Ed: CRICKET,DOUBLE DUTCH","Basketball Shootout, Sat Prep, Student Government, Dance Team, Step Team, Chess Team Theatre Program, Dance Company, Chorus Company, Theatre Tech","Technical Theater / Set Construction, Mixed Choir, Acting, Theater, Theater / Play Production, Career Development / Industry Prep, Music History, Modern Dance, Guitar","NYSED ""Local Support and Improvement""; AP for All; CS for All; NYC Math",0%,42%,0%,0%,0%,53%,16.2,84%,,,,,,,,,,,,70%,51%,93 (43%),93 (43%),1% (2),71% (104),25% (37),1% (2),0% (0),<1% (1),Fair,100%,0%,0%,96%,N/A,N/A,78%,N/A,79%,82%,N/A,N/A,N/A,81%,74%,N/A,64%,,,,,,,,,,,,89%,N/A,90%,85%,N/A,N/A,N/A,100%,92%,,,,,,,,,,,,,,85%,,96%,,42%,N/A,51%,18%,N/A,N/A,N/A,40%,49%,87%,N/A,88%,89%,N/A,N/A,N/A,100%,81%,,,,,,,,,,,66%,N/A,65%,70%,N/A,N/A,N/A,N/A,68%,,60%,N/A,64%,47%,N/A,N/A,N/A,N/A,64%,,78%,N/A,82%,74%,N/A,N/A,N/A,N/A,70%
17K590,Medgar Evers College Preparatory School,,,,mecps.org,Michael Wiltshire,"06,07,08,09,10,11,12,SE",880,"For Continuing 8th Graders, Screened With Assessment",,1186 Carroll Street,"Brooklyn, NY 11225",718-703-5400,2%,88%,6%,2%,<1%,1%,<1%,9%,,52%,48%,0%,75%,"Boys: Middle Schools BASKETBALL,CROSS COUNTRY,BOWLING,BASKETBALL,SWIMMING,INDOOR TRACK,OUTDOOR TRACK; Girls: CROSS COUNTRY,VOLLEYBALL,BASKETBALL,SOCCER,SWIMMING,OUTDOOR TRACK,INDOOR TRACK,Middle Schools BASKETBALL; Co-Ed: CRICKET",N/A,"Modern Dance, Studio Art, Graphic Design, Technical Theater / Set Construction, Music Theory / Musicianship, Brass Ensemble, Architecture, String Orchestra, Printmaking, Computer Art / Digital Art, and more","NYSED ""Local Support and Improvement""; CS for All; DYCD: COMPASS/SONYC",15%,52%,8%,0%,0%,18%,22.1,82%,,,,,,,,,,,,94%,81%,638 (73%),515 (59%),2% (14),89% (672),5% (38),2% (18),<1% (7),<1% (7),Good,95%,N/A,N/A,86%,0%,14%,97%,N/A,97%,N/A,N/A,N/A,N/A,100%,94%,N/A,90%,,,,,,,,,,,,67%,80%,66%,71%,87%,N/A,100%,N/A,65%,,,,,,,,,,,,,,95%,,96%,,24%,27%,23%,23%,20%,N/A,33%,N/A,29%,70%,82%,69%,79%,67%,N/A,100%,N/A,74%,,,,,,,,,,,72%,89%,71%,78%,N/A,N/A,60%,N/A,72%,,81%,89%,82%,83%,N/A,N/A,60%,N/A,81%,,74%,89%,74%,83%,N/A,N/A,N/A,N/A,58%
17K600,Clara Barton High School,,,,www.clarabartonhs.org/,Richard Forman,"09,10,11,12,SE",1191,"ASD/ACES Program, D75 Special Education Inclusive Services, Ed. Opt., Language Criteria, Screened",,901 Classon Avenue,"Brooklyn, NY 11225",718-636-4900,1%,84%,10%,2%,<1%,2%,10%,19%,,74%,26%,0%,82%,"Boys: CROSS COUNTRY,INDOOR TRACK,BOWLING,OUTDOOR TRACK,BASKETBALL; Girls: INDOOR TRACK,CROSS COUNTRY,BASKETBALL,OUTDOOR TRACK,VOLLEYBALL; Co-Ed: CRICKET","Bottom Line College Prep, CARE (Health Career Club), Cricket Club, Health Occupations Students of America (HOSA), GSA (LGBTQIA+), Opening Act Drama Club, Pace U. Sadie Nash Leadership, Yearbook, Korean Culture Club, Chess Club, Dance, Step club, Cosmetology club, CrochetClub, A/V club, Soccer club, Poetry Club, DJ Club, Cooking Club, and more., , Community Partnerships: Neighbors In Action, Flamboywan, Theater of the Oppressed, Liberty Partnership, Opening Act Drama Club, Super Vibes, Gateway Institute for Pre College Education, King's County Hospital, Dr. Susan Smith McKinney Nursing and Rehabilitation Center, Menorrah Nursing Home, Woodhull Medical and Mental Health Center, Kingsborough Community College, BMCC, St Joseph College, New York City College of Technology, Brooklyn Museum School Partnership Program, BAM Dance Africa, CUNY School of Labor and Urban Studies, B&H EMT","Studio Art, Core Music, Ceramics, Drawing, Visual Art","NYSED ""Local Support and Improvement""; AP for All; Career & Technical Education; Dual Language or TBE; NYC Math",N/A (fewer than 5 teachers),48%,7%,0%,0%,37%,16.6,77%,,,,,,,,,,,,82%,62%,149 (13%),466 (39%),1% (8),86% (512),9% (51),2% (10),<1% (2),2% (10),Fair,85%,N/A,N/A,96%,0%,4%,85%,N/A,88%,64%,N/A,N/A,N/A,88%,74%,66%,56%,,,,,,,,,,,,76%,83%,75%,83%,73%,N/A,64%,78%,79%,,,,,,,,,,,,,,91%,,95%,,40%,43%,38%,46%,46%,N/A,47%,46%,55%,86%,100%,85%,90%,100%,N/A,73%,84%,87%,,,,,,,,,,,81%,N/A,81%,94%,N/A,N/A,67%,87%,86%,,80%,N/A,80%,94%,N/A,N/A,83%,57%,86%,,85%,N/A,85%,94%,N/A,N/A,67%,87%,86%
17K745,Brooklyn Institute for Liberal Arts,,,,www.bilanyc.net,Ann Marie Henry Stephens,"09,10,11,SE",475,Open,,600 Kingston Avenue,"Brooklyn, NY 11203",718-221-1097,1%,80%,16%,<1%,<1%,<1%,4%,25%,,50%,50%,0%,74%,Boys: N/A; Girls: N/A; Co-Ed: N/A,"Journalism Club, Student Leadership, Chess Club, GSA, Drama Club, Book Club, Cooking Club, Arts & Craft Club, Community Service","Concert Band, Core Music, Painting, Music Technology, Graphic Design, Visual Art","NYSED ""Local Support and Improvement""; AP for All; NYC Math",N/A (fewer than 5 teachers),30%,N/A (fewer than 5 teachers),0%,N/A (fewer than 5 teachers),49%,11.2,41%,,,,,,,,,,,,85%,65%,56 (12%),263 (55%),1% (3),81% (242),17% (50),<1% (1),0% (0),<1% (2),Fair,98%,N/A,N/A,95%,0%,5%,88%,N/A,89%,89%,N/A,N/A,N/A,95%,81%,N/A,70%,,,,,,,,,,,,83%,80%,84%,76%,N/A,N/A,N/A,89%,77%,,,,,,,,,,,,,,88%,,98%,,42%,20%,44%,38%,N/A,N/A,N/A,12%,45%,87%,100%,86%,85%,N/A,N/A,N/A,94%,80%,,,,,,,,,,,88%,N/A,87%,91%,N/A,N/A,N/A,86%,99%,,84%,N/A,84%,83%,N/A,N/A,N/A,85%,96%,,86%,N/A,87%,83%,N/A,N/A,N/A,79%,99%
17K751,Academy for Health Careers,,,,www.schools.nyc.gov/schools/K751,Lisa Grevenberg,"09,10,11,12,SE",229,Open,,150 Albany Avenue,"Brooklyn, NY 11213",718-773-0128,3%,67%,20%,1%,<1%,2%,6%,16%,,73%,27%,0%,32%,Boys: N/A; Girls: N/A; Co-Ed: N/A,N/A,"Dance Survey / Introduction to Dance, Mixed Choir, Music Theory / Musicianship, Modern Dance, Folk / Traditional Cutural Dance","NYSED ""Local Support and Improvement""; AP for All; Career & Technical Education; NYC Math",0%,67%,0%,0%,0%,N/A (fewer than 5 teachers),3.6,89%,,,,,,,,,,,,42%,73%,88 (38%),59 (26%),6% (7),73% (88),15% (18),2% (2),2% (2),<1% (1),Good,94%,N/A,N/A,94%,N/A,N/A,83%,N/A,87%,N/A,N/A,N/A,N/A,92%,70%,N/A,N/A,,,,,,,,,,,,66%,60%,69%,71%,N/A,N/A,N/A,67%,81%,,,,,,,,,,,,,,81%,,96%,,28%,14%,29%,23%,N/A,N/A,N/A,36%,52%,80%,86%,79%,91%,N/A,N/A,N/A,100%,89%,,,,,,,,,,,60%,N/A,58%,67%,N/A,N/A,N/A,100%,69%,,57%,N/A,55%,85%,N/A,N/A,N/A,71%,71%,,61%,N/A,67%,47%,N/A,N/A,N/A,86%,67%
18K563,It Takes a Village Academy,,,,www.schools.nyc.gov/schools/K563,Victor Frias,"09,10,11,12,SE",313,Ed. Opt.,,5800 Tilden Avenue,"Brooklyn, NY 11203",718-629-2307,1%,80%,11%,2%,0%,5%,14%,22%,,38%,62%,0%,70%,"Boys: OUTDOOR TRACK,BOWLING,BASKETBALL,INDOOR TRACK,SOCCER,SWIMMING,FOOTBALL,BASEBALL,VOLLEYBALL; Girls: SWIMMING,SOCCER,VOLLEYBALL,BOWLING,BASKETBALL,CROSS COUNTRY,FLAG FOOTBALL,INDOOR TRACK,OUTDOOR TRACK; Co-Ed: STUNT","ITAVA offers a variety of academic, enrichment, and sports programs, which include: SAT, PSAT, ACT and Regents Exam prep, PM School for credit recovery, Peer Mentorship and Mediation, Dance, Music, Robotics, Conservation Club, Multicultural Club, Yearbook Committee, Student Government, Morning Fitness and Yoga & Mindfulness Club,","Filmmaking / Video, Music History, Theater / Play Production","NYSED ""Local Support and Improvement""; Career Readiness and Modern Youth Apprenticeship; Community School; Future Ready NYC; NYC Math",N/A (fewer than 5 teachers),68%,N/A (fewer than 5 teachers),0%,0%,N/A (fewer than 5 teachers),3.1,88%,,,,,,,,,,,,59%,48%,67 (21%),55 (18%),<1% (1),80% (100),10% (12),2% (3),0% (0),6% (8),Good,89%,11%,0%,93%,N/A,N/A,88%,N/A,90%,N/A,N/A,N/A,N/A,89%,88%,71%,88%,,,,,,,,,,,,83%,N/A,82%,94%,N/A,N/A,67%,86%,76%,,,,,,,,,,,,,,86%,,97%,,33%,N/A,34%,37%,N/A,N/A,9%,52%,48%,81%,N/A,83%,84%,N/A,N/A,75%,82%,77%,,,,,,,,,,,87%,N/A,85%,N/A,N/A,N/A,N/A,N/A,100%,,78%,N/A,75%,N/A,N/A,N/A,N/A,N/A,88%,,78%,N/A,79%,N/A,N/A,N/A,N/A,N/A,100%
18K566,Brooklyn Community High School for Excellence and Equity,,,,www.BrooklynXHighSchool.org,Jennyvi Fajardo,"09,10,11,12,SE",183,Ed. Opt.,,6565 Flatlands Avenue,"Brooklyn, NY 11236",718-968-4200,2%,76%,13%,1%,0%,8%,11%,22%,,26%,74%,0%,78%,Boys: N/A; Girls: N/A; Co-Ed: N/A,"Cooking, Sewing, Gardening, Hydroponics, Creative Writing, Basketball, Crochet, Martial Arts, Debate, Forensic Science, Law, Workout, Cheerleading, Video Games, Karaoke, Recycling, Jewerly making, Open Studio and Mural Arts, Lunch Social, Leo Club, Express Yourself, MSK and MBK, Yoga club","Studio Art, Computer Art / Digital Art","NYSED ""Local Support and Improvement""; Community School; NYC Math; Project Pivot; PROSE",N/A (fewer than 5 teachers),N/A (fewer than 5 teachers),N/A (fewer than 5 teachers),0%,0%,47%,1.1,76%,,,,,,,,,,,,71%,35%,54 (30%),24 (13%),3% (2),78% (52),10% (7),1% (1),0% (0),7% (5),Excellent,78%,22%,0%,86%,N/A,N/A,88%,N/A,88%,N/A,N/A,N/A,N/A,N/A,86%,N/A,N/A,,,,,,,,,,,,87%,N/A,88%,91%,N/A,N/A,75%,100%,89%,,,,,,,,,,,,,,82%,,96%,,42%,N/A,44%,30%,N/A,N/A,38%,58%,45%,88%,N/A,86%,100%,N/A,N/A,89%,100%,90%,,,,,,,,,,,79%,N/A,75%,N/A,N/A,N/A,N/A,N/A,N/A,,80%,N/A,76%,N/A,N/A,N/A,N/A,N/A,N/A,,67%,N/A,65%,N/A,N/A,N/A,N/A,N/A,N/A
18K567,Brooklyn Theatre Arts High School,,,,bktheatrearts.org,David Ward,"09,10,11,12,SE",210,Ed. Opt.,,6565 Flatlands Avenue,"Brooklyn, NY 11236",718-968-1072,1%,79%,15%,<1%,0%,2%,6%,27%,,64%,36%,0%,64%,Boys: N/A; Girls: N/A; Co-Ed: N/A,"Anime Club, College Readiness Club, Culinary Club, GSA Club, Newspaper, Art Club, Dance, Student Government","Drawing, Folk / Traditional Cutural Dance, Acting, Visual Art","NYSED ""Local Support and Improvement""; AP for All; NYC Math; Project Pivot",N/A (fewer than 5 teachers),53%,N/A (fewer than 5 teachers),N/A (fewer than 5 teachers),N/A (fewer than 5 teachers),41%,11.1,88%,,,,,,,,,,,,21%,61%,52 (25%),53 (25%),1% (1),83% (62),15% (11),0% (0),0% (0),1% (1),Good,85%,15%,0%,98%,N/A,N/A,80%,N/A,82%,N/A,N/A,N/A,N/A,90%,67%,N/A,82%,,,,,,,,,,,,77%,N/A,76%,79%,N/A,N/A,N/A,57%,74%,,,,,,,,,,,,,,81%,,96%,,36%,N/A,35%,48%,N/A,N/A,N/A,50%,46%,79%,N/A,77%,91%,N/A,N/A,N/A,88%,93%,,,,,,,,,,,81%,N/A,79%,91%,N/A,N/A,N/A,80%,94%,,83%,N/A,84%,73%,N/A,N/A,N/A,40%,94%,,81%,N/A,79%,91%,N/A,N/A,N/A,100%,94%
18K569,Kurt Hahn Expeditionary Learning School,,,,www.kurthahnschool.org,Jessica Jean Marie,"09,10,11,12,SE",158,Ed. Opt.,,5800 Tilden Avenue,"Brooklyn, NY 11203",718-629-1204,<1%,77%,13%,<1%,0%,3%,13%,35%,,37%,63%,0%,57%,Boys: N/A; Girls: N/A; Co-Ed: N/A,"KH News Media Class and Club, Student Ambassadors, Crew Council,","Theater, Visual Art, Music, Music History, Painting, Art History, Filmmaking / Video","NYSED ""Local Support and Improvement""; Career Readiness and Modern Youth Apprenticeship; Community School; Competency Collaborative; Consortium; PROSE",N/A (fewer than 5 teachers),56%,0%,0%,0%,33%,2.2,89%,,,,,,,,,,,,36%,42%,12 (8%),77 (49%),0% (0),83% (67),11% (9),1% (1),0% (0),5% (4),Excellent,64%,N/A,N/A,47%,0%,53%,74%,N/A,81%,N/A,N/A,N/A,N/A,N/A,73%,N/A,53%,,,,,,,,,,,,86%,N/A,86%,63%,N/A,N/A,N/A,86%,78%,,,,,,,,,,,,,,77%,,93%,,40%,N/A,40%,25%,N/A,N/A,N/A,54%,33%,87%,N/A,86%,86%,N/A,N/A,N/A,100%,89%,,,,,,,,,,,N/A,N/A,N/A,N/A,N/A,N/A,N/A,N/A,N/A,,N/A,N/A,N/A,N/A,N/A,N/A,N/A,N/A,N/A,,N/A,N/A,N/A,N/A,N/A,N/A,N/A,N/A,N/A
18K576,Victory Collegiate High School,,,,www.victorycollegiate.org,Sheena Garwood,"09,10,11,12,SE",260,Open,,6565 Flatlands Avenue,"Brooklyn, NY 11236",718-968-1530,3%,78%,8%,<1%,1%,7%,12%,17%,,41%,59%,0%,76%,Boys: N/A; Girls: N/A; Co-Ed: N/A,"Podcasting, Coding, Robotics, Culinary, Gardening, My sisters Keeper (MSK), My Brothers Keeper (MBK)","Visual Art, Graphic Design","NYSED ""Local Support and Improvement""; AP for All; Career Readiness and Modern Youth Apprenticeship; NYC Math; Project Pivot",0%,63%,N/A (fewer than 5 teachers),0%,0%,N/A (fewer than 5 teachers),2.2,100%,,,,,,,,,,,,28%,42%,41 (16%),43 (17%),1% (1),85% (58),6% (4),1% (1),0% (0),6% (4),Good,98%,N/A,N/A,92%,N/A,N/A,91%,N/A,98%,N/A,N/A,N/A,N/A,92%,89%,N/A,N/A,,,,,,,,,,,,87%,N/A,85%,75%,N/A,N/A,83%,83%,71%,,,,,,,,,,,,,,83%,,95%,,59%,N/A,62%,42%,N/A,N/A,33%,63%,88%,92%,N/A,91%,83%,N/A,N/A,83%,90%,88%,,,,,,,,,,,86%,N/A,85%,75%,N/A,N/A,80%,87%,78%,,82%,N/A,87%,67%,N/A,N/A,70%,93%,78%,,88%,N/A,88%,75%,N/A,N/A,80%,93%,78%
18K617,High School for Innovation in Advertising and Media,,,,iam-hs.org,Adaleza Michelena,"09,10,11,12,SE",281,Ed. Opt.,,1600 Rockaway Parkway,"Brooklyn, NY 11236",718-290-8760,1%,78%,8%,<1%,<1%,7%,9%,27%,,27%,73%,0%,94%,"Boys: OUTDOOR TRACK,FOOTBALL,BASKETBALL,HANDBALL,INDOOR TRACK,SOCCER,BASEBALL,WRESTLING; Girls: INDOOR TRACK,SOCCER,WRESTLING,BASKETBALL,OUTDOOR TRACK,SOFTBALL,VOLLEYBALL; Co-Ed: N/A","Women's Empowerment R.O.S.E Chapter, Opening Act Improv Theatre Group, Gamer's Guild, Anime Club, Filmmaking and Editing Club, IAM Greenhouse Keepers, IAM AudioVisual Club, IAM Social Media Club","Visual Art, Cartooning, Art History","NYSED ""Local Support and Improvement""; AP for All; Career & Technical Education; Career Readiness and Modern Youth Apprenticeship; CS for All; Future Ready NYC; NYC Math; Project Pivot; Respect for All",21%,32%,N/A (fewer than 5 teachers),0%,0%,N/A (fewer than 5 teachers),15.2,64%,,,,,,,,,,,,27%,57%,109 (39%),53 (19%),2% (2),81% (101),10% (12),<1% (1),<1% (1),6% (7),Good,93%,N/A,N/A,98%,N/A,N/A,91%,N/A,91%,N/A,N/A,N/A,N/A,N/A,91%,N/A,69%,,,,,,,,,,,,93%,N/A,92%,94%,N/A,N/A,93%,90%,95%,,,,,,,,,,,,,,84%,,93%,,85%,N/A,86%,78%,N/A,N/A,93%,95%,89%,91%,N/A,90%,89%,N/A,N/A,100%,100%,92%,,,,,,,,,,,97%,N/A,96%,100%,N/A,N/A,100%,100%,95%,,94%,N/A,93%,100%,N/A,N/A,100%,94%,97%,,97%,N/A,96%,100%,N/A,N/A,100%,100%,97%
18K629,Cultural Academy for the Arts and Sciences,,,,www.schools.nyc.gov/schools/K629,Sanatha Alexis,"09,10,11,12,SE",235,Open,,5800 Tilden Avenue,"Brooklyn, NY 11203",718-968-6630,<1%,86%,11%,2%,<1%,0%,4%,25%,,47%,53%,0%,81%,Boys: N/A; Girls: N/A; Co-Ed: N/A,"Art Club, Acting Club, Basketball Club , Book Club, Debate Club, Career Wise, Culinary Club, Dance Club , Dungeons Dragons Club , Filming Club, Gaming Club, Gardening Club, HEAT Program, Math Club, My Brothers Keeper , My Sister Keeper , Student Government, SYEP Career Ready, TOP Program , TRIO Program with Brooklyn College , WBL Program, Wellness Club, Yearbook Club","Visual Art, Music Theory / Musicianship, Piano Keyboard, Guitar","NYSED ""Local Support and Improvement""; AP for All; Career Readiness and Modern Youth Apprenticeship; Community School; NYC Math; PROSE",0%,36%,N/A (fewer than 5 teachers),0%,0%,36%,7,77%,,,,,,,,,,,,82%,54%,51 (22%),128 (54%),<1% (1),87% (125),10% (15),2% (3),0% (0),0% (0),Good,100%,0%,0%,100%,0%,0%,87%,N/A,91%,N/A,N/A,N/A,N/A,88%,87%,N/A,N/A,,,,,,,,,,,,87%,N/A,88%,79%,N/A,N/A,N/A,100%,81%,,,,,,,,,,,,,,87%,,97%,,46%,N/A,47%,31%,N/A,N/A,N/A,50%,42%,84%,N/A,82%,93%,N/A,N/A,N/A,100%,70%,,,,,,,,,,,86%,N/A,84%,N/A,N/A,N/A,N/A,N/A,88%,,85%,N/A,89%,80%,N/A,N/A,N/A,N/A,87%,,88%,N/A,89%,N/A,N/A,N/A,N/A,N/A,94%
18K633,High School for Medical Professions,,,,www.hsmp.org,Pauline Obrien,"09,10,11,12,SE",393,Ed. Opt.,,1600 Rockaway Parkway,"Brooklyn, NY 11236",718-290-8700,4%,79%,12%,<1%,<1%,4%,10%,11%,,63%,37%,0%,68%,Boys: N/A; Girls: N/A; Co-Ed: N/A,N/A,"Studio Art, Illustration","NYSED ""Local Support and Improvement""; AP for All; DYCD: COMPASS/SONYC; NYC Math; Project Pivot",0%,43%,N/A (fewer than 5 teachers),0%,0%,47%,10,97%,,,,,,,,,,,,35%,49%,71 (18%),90 (23%),3% (4),79% (106),12% (16),<1% (1),1% (2),4% (5),Good,95%,N/A,N/A,97%,N/A,N/A,85%,N/A,85%,N/A,N/A,N/A,N/A,86%,84%,N/A,59%,,,,,,,,,,,,83%,73%,85%,84%,N/A,N/A,73%,81%,85%,,,,,,,,,,,,,,86%,,95%,,45%,73%,46%,26%,N/A,N/A,42%,71%,50%,90%,100%,89%,91%,N/A,N/A,92%,96%,97%,,,,,,,,,,,77%,88%,77%,82%,N/A,N/A,N/A,77%,100%,,69%,56%,72%,65%,N/A,N/A,N/A,64%,88%,,84%,88%,83%,88%,N/A,N/A,N/A,92%,88%
18K637,Academy for Conservation and the Environment,,,,acebrooklyn.com,Eugene Mazzola,"09,10,11,12,SE",388,Ed. Opt.,,6565 Flatlands Avenue,"Brooklyn, NY 11236",718-968-4101,8%,73%,10%,2%,<1%,5%,9%,19%,,34%,66%,0%,77%,"Boys: WRESTLING,OUTDOOR TRACK,SOCCER,BASKETBALL,FOOTBALL,BOWLING,CROSS COUNTRY,INDOOR TRACK,VOLLEYBALL,BASEBALL; Girls: SOFTBALL,BASKETBALL,CROSS COUNTRY,OUTDOOR TRACK,BOWLING,HANDBALL,INDOOR TRACK,VOLLEYBALL; Co-Ed: N/A",N/A,"Computer Art / Digital Art, Drawing, Graphic Design","NYSED ""Local Support and Improvement""; AP for All; CS for All; NYC Math; Project Pivot",N/A (fewer than 5 teachers),37%,N/A (fewer than 5 teachers),0%,0%,37%,12.1,90%,,,,,,,,,,,,82%,57%,146 (38%),168 (43%),8% (22),74% (196),10% (27),2% (5),<1% (2),5% (12),Good,87%,N/A,N/A,93%,0%,7%,96%,N/A,100%,N/A,N/A,N/A,N/A,91%,98%,75%,100%,,,,,,,,,,,,84%,81%,83%,84%,100%,N/A,88%,76%,85%,,,,,,,,,,,,,,93%,,96%,,51%,50%,49%,52%,67%,N/A,53%,44%,69%,91%,89%,89%,100%,83%,N/A,94%,100%,90%,,,,,,,,,,,98%,100%,97%,100%,N/A,N/A,100%,100%,98%,,88%,95%,89%,75%,N/A,N/A,87%,82%,90%,,99%,100%,99%,100%,N/A,N/A,100%,100%,98%
18K642,Urban Action Academy,,,,urbanactionacademy.com,Fareeda Garcia,"09,10,11,12,SE",138,"D75 Special Education Inclusive Services, Ed. Opt.",,1600 Rockaway Parkway,"Brooklyn, NY 11236",718-290-8720,0%,80%,14%,<1%,0%,5%,11%,28%,,36%,64%,0%,66%,Boys: N/A; Girls: N/A; Co-Ed: N/A,N/A,"Studio Art, Art History, Music","NYSED ""Targeted Support and Improvement""; AP for All; NYC Math; Pathways Advising; Project Pivot",0%,50%,0%,0%,0%,50%,5.2,90%,,,,,,,,,,,,34%,47%,22 (16%),25 (18%),0% (0),83% (34),15% (6),0% (0),0% (0),2% (1),Good,93%,N/A,N/A,94%,N/A,N/A,72%,N/A,77%,N/A,N/A,N/A,N/A,79%,67%,N/A,58%,,,,,,,,,,,,81%,N/A,77%,92%,N/A,N/A,80%,67%,74%,,,,,,,,,,,,,,86%,,95%,,48%,N/A,49%,55%,N/A,N/A,20%,33%,53%,87%,N/A,86%,100%,N/A,N/A,80%,100%,90%,,,,,,,,,,,87%,N/A,86%,88%,N/A,N/A,N/A,100%,62%,,93%,N/A,91%,100%,N/A,N/A,N/A,100%,92%,,89%,N/A,90%,88%,N/A,N/A,N/A,100%,83%
19K404,Academy for Young Writers,,,,afyw.org,Tanisha Brown,"06,07,08,09,10,11,12,SE",363,"Ed. Opt., For Continuing 8th Graders",,1065 Elton Street,"Brooklyn, NY 11239",718-688-7230,3%,64%,28%,<1%,1%,2%,3%,25%,,57%,43%,0%,55%,Boys: N/A; Girls: N/A; Co-Ed: N/A,"Journalism Club, Bring Change to Mind Mental Health Awareness, Mi Gente Club, My Brother's Keeper, My sister's Keeper, National honor society, Book publishing. Muslim Student Association (MSA), Mentor Through Literacy Book Club, Step Club, GSA","Mixed Media, Studio Art, Core Music","NYSED ""Local Support and Improvement""; AP for All; Career Readiness and Modern Youth Apprenticeship; Community School; DYCD: COMPASS/SONYC; NYC Math; Project Pivot; PROSE",10%,33%,22%,0%,0%,26%,1.3,84%,,,,,,,,,,,,91%,55%,112 (31%),146 (40%),3% (7),62% (147),30% (70),<1% (1),<1% (2),3% (7),Fair,88%,12%,0%,91%,0%,9%,95%,N/A,94%,96%,N/A,N/A,N/A,98%,91%,N/A,91%,,,,,,,,,,,,79%,80%,79%,80%,N/A,N/A,75%,80%,71%,,,,,,,,,,,,,,79%,,96%,,50%,75%,50%,52%,N/A,N/A,33%,70%,56%,86%,100%,86%,88%,N/A,N/A,89%,80%,83%,,,,,,,,,,,85%,N/A,91%,85%,N/A,N/A,N/A,N/A,90%,,81%,N/A,78%,85%,N/A,N/A,N/A,N/A,90%,,91%,N/A,90%,92%,N/A,N/A,N/A,N/A,94%
19K409,East New York Family Academy,,,,www.schools.nyc.gov/schools/K409,Tie Asia Mobley,"06,07,08,09,10,11,12,SE",398,"D75 Special Education Inclusive Services, Screened",,760 Van Siclen Avenue,"Brooklyn, NY 11207",718-927-0012,2%,63%,33%,<1%,<1%,<1%,4%,22%,,51%,49%,0%,78%,"Boys: SWIMMING,VOLLEYBALL,BASKETBALL,OUTDOOR TRACK,Middle Schools BASKETBALL; Girls: VOLLEYBALL,OUTDOOR TRACK,TENNIS,Middle Schools BASKETBALL,BASKETBALL,SWIMMING,SOFTBALL; Co-Ed: N/A",N/A,"Visual Art, Core Music, Drawing, Mixed Choir, Music","NYSED ""Local Support and Improvement""; AP for All; DYCD: COMPASS/SONYC; NYC Math",13%,68%,N/A (fewer than 5 teachers),0%,0%,11%,1.2,75%,,,,,,,,,,,,53%,65%,223 (56%),138 (35%),2% (6),62% (166),34% (90),<1% (2),<1% (2),<1% (1),Fair,95%,5%,0%,87%,0%,13%,95%,N/A,98%,87%,N/A,N/A,N/A,97%,93%,N/A,95%,,,,,,,,,,,,81%,N/A,79%,86%,N/A,N/A,N/A,N/A,85%,,,,,,,,,,,,,,87%,,97%,,47%,N/A,43%,57%,N/A,N/A,N/A,N/A,46%,89%,N/A,88%,90%,N/A,N/A,N/A,N/A,91%,,,,,,,,,,,78%,N/A,76%,78%,N/A,N/A,N/A,N/A,90%,,83%,N/A,85%,80%,N/A,N/A,N/A,N/A,94%,,87%,N/A,84%,89%,N/A,N/A,N/A,N/A,97%
19K422,Spring Creek Community School,,,,www.schools.nyc.gov/schools/K422,Astrid Rousseau,"06,07,08,09,10,11,12,SE",294,"D75 Special Education Inclusive Services, Ed. Opt., For Continuing 8th Graders",,1065 Elton Street,"Brooklyn, NY 11239",718-688-7200,2%,72%,21%,1%,0%,<1%,2%,23%,,44%,56%,0%,54%,"Boys: BASKETBALL,OUTDOOR TRACK,BOWLING; Girls: BOWLING,INDOOR TRACK,BASKETBALL,OUTDOOR TRACK; Co-Ed: N/A","National Honor Society, School Newspaper Club, Student Leadership Groups, Cosmetology Club, Intramural Basketball, GSA, Girls Inc, Self Care Club, Community Service Saturdays, Art Club, EGaming, Culinary Arts, My Brother's Keeper, My Sister's Keeper, etc.,","Visual Art, Guitar, Studio Art, Cartooning, Printmaking, Music History","NYSED ""Local Support and Improvement""; AP for All; Community School; CS for All; DYCD: COMPASS/SONYC; NYC Math; Project Pivot; PROSE",N/A (fewer than 5 teachers),46%,N/A (fewer than 5 teachers),0%,0%,32%,1.1,68%,,,,,,,,,,,,43%,51%,26 (9%),115 (39%),3% (4),68% (90),24% (32),<1% (1),0% (0),2% (2),Fair,91%,N/A,N/A,85%,0%,15%,84%,N/A,83%,83%,N/A,N/A,N/A,90%,79%,N/A,72%,,,,,,,,,,,,77%,83%,79%,67%,N/A,N/A,N/A,N/A,70%,,,,,,,,,,,,,,84%,,95%,,38%,67%,41%,31%,N/A,N/A,N/A,33%,43%,82%,100%,85%,71%,N/A,N/A,N/A,67%,81%,,,,,,,,,,,81%,N/A,79%,83%,N/A,N/A,N/A,N/A,80%,,81%,N/A,75%,100%,N/A,N/A,N/A,N/A,60%,,89%,N/A,89%,100%,N/A,N/A,N/A,N/A,60%
19K502,FDNY - Captain Vernon A. Richard High School for Fire and Life Safety,,,,www.schools.nyc.gov/schools/K502,James Anderson,"09,10,11,12,SE",219,Ed. Opt.,,400 Pennsylvania Avenue,"Brooklyn, NY 11207",718-688-7930,<1%,58%,32%,<1%,<1%,3%,9%,42%,,23%,77%,0%,82%,Boys: N/A; Girls: N/A; Co-Ed: N/A,N/A,"Graphic Design, Computer Art / Digital Art, Digital Photography","NYSED ""Local Support and Improvement""; Community School; NYC Math; Project Pivot",N/A (fewer than 5 teachers),61%,N/A (fewer than 5 teachers),0%,0%,N/A (fewer than 5 teachers),16.1,78%,,,,,,,,,,,,26%,27%,47 (21%),39 (18%),1% (1),53% (42),38% (30),1% (1),0% (0),3% (2),Fair,94%,N/A,N/A,88%,0%,12%,92%,N/A,88%,96%,N/A,N/A,N/A,95%,91%,N/A,86%,,,,,,,,,,,,85%,N/A,86%,84%,N/A,N/A,N/A,100%,87%,,,,,,,,,,,,,,88%,,96%,,70%,N/A,66%,77%,N/A,N/A,N/A,83%,83%,88%,N/A,89%,89%,N/A,N/A,N/A,100%,90%,,,,,,,,,,,94%,N/A,96%,87%,N/A,N/A,N/A,100%,95%,,92%,N/A,89%,94%,N/A,N/A,N/A,100%,95%,,94%,N/A,96%,88%,N/A,N/A,N/A,100%,95%
19K507,Performing Arts and Technology High School,,,,www.pathsnyc.org,Franklin Encarnacion,"09,10,11,12,SE",325,Ed. Opt.,,400 Pennsylvania Avenue,"Brooklyn, NY 11207",718-688-7900,<1%,61%,33%,<1%,0%,<1%,11%,24%,,61%,39%,0%,91%,Boys: N/A; Girls: N/A; Co-Ed: N/A,"Band, Book Club, Chorus, Community Service, Culture Club, Dance and Music Productions, Dance Team, Drama, Film/Video Production, Journalism, Marching Band, Peer Mediation Team, Photography, Robotics, Step Team, Student Council, Student Executive Leadership Team, Theater Company, Yearbook, Music Studio Production","Music, Choreography / Dance Composition, Acting, Mixed Choir, Music History, Percussion, Concert Band","NYSED ""Local Support and Improvement""; AP for All; Community School; Dual Language or TBE; NYC Math; Project Pivot",N/A (fewer than 5 teachers),39%,18%,0%,0%,25%,10.2,68%,,,,,,,,,,,,68%,36%,97 (30%),98 (30%),0% (0),59% (100),36% (60),1% (2),0% (0),2% (3),Good,97%,N/A,N/A,97%,N/A,N/A,99%,N/A,100%,N/A,N/A,N/A,N/A,100%,96%,N/A,93%,,,,,,,,,,,,91%,N/A,92%,88%,N/A,N/A,N/A,82%,90%,,,,,,,,,,,,,,91%,,95%,,57%,N/A,57%,59%,N/A,N/A,N/A,60%,67%,92%,N/A,92%,92%,N/A,N/A,N/A,97%,85%,,,,,,,,,,,87%,N/A,90%,90%,N/A,N/A,N/A,94%,75%,,85%,N/A,83%,85%,N/A,N/A,N/A,88%,88%,,89%,N/A,87%,95%,N/A,N/A,N/A,94%,75%
19K510,World Academy for Total Community Health High School,,,,www.watchnyc.org,Saby Malary,"09,10,11,12,SE",138,Open,,400 Pennsylvania Avenue,"Brooklyn, NY 11207",718-688-7980,3%,61%,29%,4%,0%,2%,12%,28%,,59%,41%,0%,84%,Boys: N/A; Girls: N/A; Co-Ed: N/A,"Book Club, Community Service, Cosmetology, Dance Club, Drama, Poetry Club, Student Council, Yearbook Club","Drawing, Illustration, Painting","NYSED ""Comprehensive Support and Improvement""; 21st Century Community Learning Center; AP for All; Community School; CS for All; Future Ready NYC; NYC Math; Project Pivot",0%,69%,N/A (fewer than 5 teachers),0%,0%,N/A (fewer than 5 teachers),2.1,85%,,,,,,,,,,,,34%,53%,76 (55%),20 (14%),3% (3),68% (60),23% (20),5% (4),0% (0),1% (1),Good,92%,N/A,N/A,97%,N/A,N/A,78%,N/A,88%,N/A,N/A,N/A,N/A,76%,81%,N/A,75%,,,,,,,,,,,,92%,N/A,92%,95%,N/A,N/A,N/A,100%,96%,,,,,,,,,,,,,,80%,,98%,,56%,N/A,52%,58%,N/A,N/A,N/A,75%,59%,81%,N/A,80%,89%,N/A,N/A,N/A,71%,84%,,,,,,,,,,,91%,N/A,91%,91%,N/A,N/A,N/A,83%,94%,,75%,N/A,81%,53%,N/A,N/A,N/A,57%,69%,,89%,N/A,90%,92%,N/A,N/A,N/A,86%,94%
19K583,Multicultural High School,,,,mhsbk.org,Peter Ng A Fook,"09,10,11,12,SE",349,Language Criteria,,999 Jamaica Avenue,"Brooklyn, NY 11208",718-827-2796,0%,<1%,95%,0%,0%,0%,95%,2%,,39%,61%,0%,83%,Boys: N/A; Girls: N/A; Co-Ed: N/A,N/A,"Theater Survey / Introduction to Theater, Theater / Play Production, Guitar, Studio Art, Visual Art","NYSED ""Local Support and Improvement""; Community School; Dual Language or TBE; NYC Math; PROSE",26%,N/A (fewer than 5 teachers),48%,0%,0%,N/A (fewer than 5 teachers),1.7,48%,,,,,,,,,,,,82%,40%,240 (69%),56 (16%),0% (0),<1% (2),99% (241),0% (0),0% (0),0% (0),N/A,100%,0%,0%,100%,0%,0%,92%,N/A,N/A,92%,N/A,N/A,N/A,100%,88%,91%,N/A,,,,,,,,,,,,79%,N/A,N/A,80%,N/A,N/A,N/A,79%,80%,,,,,,,,,,,,,,90%,,96%,,56%,N/A,N/A,56%,N/A,N/A,N/A,56%,40%,88%,N/A,N/A,88%,N/A,N/A,N/A,88%,80%,,,,,,,,,,,91%,N/A,N/A,91%,N/A,N/A,N/A,91%,N/A,,84%,N/A,N/A,83%,N/A,N/A,N/A,84%,N/A,,89%,N/A,N/A,89%,N/A,N/A,N/A,88%,N/A
19K615,Transit Tech Career and Technical Education High School,,,,transittechhs.org/,Marlon Bynum,"09,10,11,12,SE",797,"Ed. Opt., Screened",,1 Wells Street,"Brooklyn, NY 11208",718-647-5204,10%,51%,27%,4%,1%,2%,6%,30%,,15%,85%,0%,81%,"Boys: BASEBALL,FOOTBALL,OUTDOOR TRACK,INDOOR TRACK,HANDBALL,CROSS COUNTRY,VOLLEYBALL,BOWLING,BASKETBALL,SOCCER; Girls: BASKETBALL,VOLLEYBALL,OUTDOOR TRACK,SOFTBALL; Co-Ed: CRICKET",N/A,"Mixed Choir, Computer Art / Digital Art, Music History, Dance, Visual Art, Music","NYSED ""Local Support and Improvement""; Career & Technical Education; NYC Math; Project Pivot",10%,51%,19%,0%,0%,15%,10,77%,,,,,,,,,,,,90%,54%,201 (25%),386 (48%),9% (46),55% (292),27% (142),4% (22),1% (7),1% (7),Good,92%,8%,0%,86%,0%,14%,86%,95%,86%,83%,N/A,N/A,N/A,93%,85%,83%,83%,,,,,,,,,,,,67%,63%,64%,72%,60%,N/A,83%,80%,63%,,,,,,,,,,,,,,87%,,94%,,46%,45%,50%,40%,55%,100%,50%,54%,51%,85%,90%,84%,84%,85%,100%,71%,63%,85%,,,,,,,,,,,83%,86%,85%,90%,80%,N/A,86%,83%,82%,,83%,64%,85%,86%,80%,N/A,86%,100%,84%,,89%,79%,91%,95%,100%,N/A,100%,100%,89%
19K618,Academy of Innovative Technology,,,,www.aoiths.org,Meghan Drysdale,"09,10,11,12,SE",407,Ed. Opt.,,999 Jamaica Avenue,"Brooklyn, NY 11208",718-827-2469,7%,31%,57%,1%,<1%,3%,7%,24%,,20%,80%,0%,85%,"Boys: VOLLEYBALL,BASKETBALL,INDOOR TRACK,SOCCER,SWIMMING,BOWLING,OUTDOOR TRACK,BASEBALL,FOOTBALL; Girls: INDOOR TRACK,SOFTBALL,BOWLING,TENNIS,OUTDOOR TRACK,VOLLEYBALL,BASKETBALL; Co-Ed: GOLF,CRICKET","Clubs: MESH (Math, ELA, Science & History) Tutoring, Boxing Club, Health is Wealth Fitness, Club, Racket Sports Club, RPG (Role Player Games) Club, Art Club, & Design League Club. In addition, we have a Civics For All program & Career Wise.","Studio Art, Music Technology, Graphic Design, Digital Photography","NYSED ""Local Support and Improvement""; AP for All; Career & Technical Education; Career Readiness and Modern Youth Apprenticeship; Community School; NYC Math",N/A (fewer than 5 teachers),36%,N/A (fewer than 5 teachers),0%,0%,31%,6.1,75%,,,,,,,,,,,,57%,63%,109 (27%),96 (24%),9% (15),30% (49),57% (92),<1% (1),0% (0),2% (4),Good,97%,N/A,N/A,97%,N/A,N/A,94%,N/A,96%,92%,N/A,N/A,N/A,96%,94%,N/A,88%,,,,,,,,,,,,88%,90%,81%,92%,N/A,N/A,100%,96%,86%,,,,,,,,,,,,,,84%,,96%,,63%,57%,58%,65%,N/A,N/A,88%,80%,67%,93%,82%,95%,93%,N/A,N/A,100%,92%,94%,,,,,,,,,,,94%,100%,98%,91%,N/A,N/A,N/A,100%,96%,,88%,100%,92%,85%,N/A,N/A,N/A,100%,93%,,92%,83%,93%,93%,N/A,N/A,N/A,100%,85%
19K639,Brooklyn Lab School,,,,brooklynlabschool.org,Gerard Henry,"09,10,11,SE",394,Ed. Opt.,,999 Jamaica Avenue,"Brooklyn, NY 11208",718-235-3592,11%,25%,58%,3%,<1%,3%,21%,21%,,37%,63%,0%,85%,Boys: N/A; Girls: N/A; Co-Ed: N/A,"AfterSchool Tutoring, Art, College Trips, My Brother's Keeper (MBK), My Sisters Keeper (MSK), Gender & Sexuality Alliance (GSA), First Aid/CPR/AED Certification, Future of Tomorrow (FOT), Junior Reserve Officers' Training Corps (JROTC), Lifeguard Certification, Paid Internships and AfterSchool Work Opportunities, SYEP, Peer Leaders, Restorative Circles, SAT Prep, Student Government, Weight Training, Swimming Club, Video Game Club, Anime Club, Music Club,","Music Enterprise, Management, and Careers, Music","NYSED ""Local Support and Improvement""; AP for All; Community School; NYC Math; PROSE",N/A (fewer than 5 teachers),37%,26%,N/A (fewer than 5 teachers),N/A (fewer than 5 teachers),30%,7.1,96%,,,,,,,,,,,,53%,62%,327 (83%),98 (25%),11% (38),22% (76),60% (203),3% (11),<1% (1),3% (9),Good,92%,N/A,N/A,93%,N/A,N/A,99%,N/A,97%,100%,N/A,N/A,N/A,100%,98%,100%,95%,,,,,,,,,,,,88%,85%,90%,88%,100%,N/A,100%,82%,82%,,,,,,,,,,,,,,87%,,96%,,58%,50%,63%,57%,40%,N/A,75%,65%,65%,88%,90%,87%,88%,100%,N/A,100%,77%,88%,,,,,,,,,,,87%,57%,100%,89%,67%,N/A,N/A,100%,100%,,85%,83%,95%,82%,67%,N/A,N/A,79%,94%,,90%,83%,95%,92%,71%,N/A,100%,100%,100%
19K659,Cypress Hills Collegiate Preparatory School,,,,chcpschool.org,Lauren Iocco,"09,10,11,12,SE",408,Ed. Opt.,,999 Jamaica Avenue,"Brooklyn, NY 11208",718-647-1672,7%,13%,77%,2%,<1%,1%,21%,19%,,49%,51%,0%,84%,Boys: N/A; Girls: N/A; Co-Ed: N/A,"AfterSchool Tutoring, Art, College Youth Leaders, College Trips, My Brother's Keeper (MBK), My Sisters Keeper (MSK), Gender & Sexuality Alliance (GSA), First Aid/CPR/AED Certification, Future of Tomorrow (FOT), Junior Reserve Officers' Training Corps (JROTC), Lifeguard Certification, Paid Internships and AfterSchool Work Opportunities, SYEP, Peer Leaders, Restorative Circles, Peer Mediators, SAT Prep, Student Government, Weight Training, Swimming Club, Video Game Club, DIY Club, Anime Club, Photography Club, Music Club, Drama Club, Cultural Connections Club","Mixed Media, Visual Art, Filmmaking / Video","NYSED ""Local Support and Improvement""; AP for All; Community School; NYC Math; PROSE; Respect for All",N/A (fewer than 5 teachers),21%,21%,0%,0%,38%,0.2,76%,,,,,,,,,,,,49%,62%,250 (61%),91 (22%),7% (24),13% (42),77% (252),2% (6),<1% (1),<1% (3),Good,95%,N/A,N/A,92%,N/A,N/A,99%,N/A,N/A,100%,N/A,N/A,N/A,100%,98%,100%,100%,,,,,,,,,,,,85%,77%,76%,87%,83%,N/A,N/A,84%,79%,,,,,,,,,,,,,,85%,,96%,,55%,57%,61%,53%,83%,N/A,N/A,63%,67%,88%,79%,83%,89%,100%,N/A,N/A,90%,83%,,,,,,,,,,,92%,92%,73%,94%,N/A,N/A,N/A,95%,86%,,86%,92%,81%,86%,N/A,N/A,N/A,85%,91%,,93%,100%,81%,95%,N/A,N/A,N/A,92%,91%
19K660,W. H. Maxwell Career and Technical Education High School,,,,www.whmaxwell.com,John Rullan,"09,10,11,12,SE",415,Ed. Opt.,,145 Pennsylvania Avenue,"Brooklyn, NY 11207",718-345-9100,2%,54%,34%,2%,<1%,3%,14%,32%,,68%,32%,0%,70%,"Boys: OUTDOOR TRACK,BASKETBALL; Girls: BASKETBALL,VOLLEYBALL,INDOOR TRACK,OUTDOOR TRACK,SOFTBALL; Co-Ed: N/A",N/A,"Graphic Design, Drawing, Visual Art, Art History, Fashion and Textile Design","NYSED ""Local Support and Improvement""; AP for All; Career & Technical Education; Future Ready NYC; NYC Math; Project Pivot",17%,50%,11%,N/A (fewer than 5 teachers),0%,15%,1.2,70%,,,,,,,,,,,,55%,32%,164 (40%),118 (28%),3% (6),49% (101),41% (85),1% (3),<1% (2),3% (6),Good,94%,6%,0%,88%,N/A,N/A,76%,N/A,77%,74%,N/A,N/A,N/A,85%,63%,67%,60%,,,,,,,,,,,,79%,86%,80%,82%,N/A,N/A,71%,82%,77%,,,,,,,,,,,,,,79%,,95%,,40%,57%,41%,37%,N/A,N/A,57%,32%,34%,86%,100%,85%,89%,80%,N/A,100%,89%,87%,,,,,,,,,,,78%,N/A,79%,77%,N/A,N/A,N/A,75%,89%,,73%,N/A,78%,62%,N/A,N/A,N/A,71%,76%,,81%,N/A,79%,81%,N/A,N/A,N/A,100%,94%
19K683,School for Classics High School,,,,www.schoolforclassics.com,Nicole Tancredi,"09,10,11,12,SE",272,Ed. Opt.,,370 Fountain Avenue,"Brooklyn, NY 11208",718-277-1069,13%,35%,38%,2%,<1%,6%,36%,24%,,53%,47%,0%,81%,"Boys: BASKETBALL; Girls: BOWLING,BASKETBALL; Co-Ed: N/A","Basketball Clinic, Volleyball Clinic, Music Club, Pottery Club, MBSK, Fashion & Travel Club, Green Team, Anime Club, Gaming Club , ESports, Student Government, Dancing Divas, National Honor Society","Studio Art, Theater Survey / Introduction to Theater, Acting, Technical Theater / Set Construction, Graphic Design, Visual Art","NYSED ""Local Support and Improvement""; AP for All; NYC Math",N/A (fewer than 5 teachers),27%,N/A (fewer than 5 teachers),0%,0%,27%,5,82%,,,,,,,,,,,,37%,33%,60 (22%),97 (36%),17% (20),39% (47),34% (40),<1% (1),<1% (1),6% (7),Good,86%,N/A,N/A,77%,0%,23%,82%,N/A,N/A,78%,N/A,N/A,N/A,96%,67%,86%,N/A,,,,,,,,,,,,83%,75%,84%,79%,N/A,N/A,N/A,86%,74%,,,,,,,,,,,,,,84%,,91%,,59%,64%,58%,51%,N/A,N/A,N/A,76%,52%,93%,93%,90%,93%,N/A,N/A,N/A,97%,95%,,,,,,,,,,,90%,N/A,93%,80%,N/A,N/A,N/A,83%,89%,,90%,N/A,88%,100%,N/A,N/A,N/A,100%,67%,,94%,N/A,88%,100%,N/A,N/A,N/A,100%,89%
19K764,The Urban Assembly School for Collaborative Healthcare,,,,uasch.org,Candace Hugee,"09,10,11,12,SE",336,Ed. Opt.,,999 Jamaica Avenue,"Brooklyn, NY 11208",718-277-1572,10%,24%,59%,4%,<1%,2%,13%,15%,,66%,34%,0%,83%,Boys: N/A; Girls: N/A; Co-Ed: N/A,"Anime Club, Air Force JROTC, College Counseling, Cooking Club, Gender and Sexuality Alliance (GSA), Art Club, National Honor Society, Peer Leadership, Politics Club, SAT Prep, Student Government, Young Men's Group, Young Women's Group.","Studio Art, Filmmaking / Video, Art History, Visual Art","NYSED ""Local Support and Improvement""; AP for All; Career & Technical Education; NYC Math; Respect for All",N/A (fewer than 5 teachers),27%,N/A (fewer than 5 teachers),0%,0%,54%,0.1,73%,,,,,,,,,,,,82%,65%,69 (21%),180 (54%),11% (23),24% (51),57% (120),3% (7),<1% (2),2% (5),Good,93%,N/A,N/A,100%,0%,0%,92%,N/A,N/A,92%,N/A,N/A,N/A,97%,86%,71%,N/A,,,,,,,,,,,,88%,87%,86%,89%,89%,N/A,50%,86%,70%,,,,,,,,,,,,,,86%,,95%,,48%,50%,39%,50%,44%,N/A,0%,46%,47%,92%,90%,92%,93%,100%,N/A,83%,89%,78%,,,,,,,,,,,84%,91%,87%,82%,N/A,N/A,N/A,93%,64%,,78%,55%,81%,82%,N/A,N/A,N/A,88%,100%,,82%,82%,81%,80%,N/A,N/A,N/A,71%,80%
19K953,The East New York Arts and Civics High School,,,,www.schools.nyc.gov/schools/K953,Jean Little,"09,10,11,12,SE",159,Open,,800 Van Siclen Ave,"Brooklyn, NY 11207",N/A,1%,65%,26%,<1%,<1%,5%,14%,30%,,52%,48%,0%,54%,Boys: BASKETBALL; Girls: OUTDOOR TRACK; Co-Ed: N/A,N/A,"Studio Art, Fashion and Textile Design, Mixed Media, Visual Art","NYSED ""Local Support and Improvement""; NYC Math; PROSE",N/A (fewer than 5 teachers),42%,N/A (fewer than 5 teachers),0%,0%,N/A (fewer than 5 teachers),1.4,58%,,,,,,,,,,,,28%,38%,13 (8%),,0% (0),74% (14),26% (5),0% (0),0% (0),0% (0),Good,71%,29%,0%,78%,0%,22%,86%,N/A,89%,N/A,N/A,N/A,N/A,80%,91%,N/A,N/A,,,,,,,,,,,,74%,N/A,70%,90%,N/A,N/A,50%,58%,77%,,,,,,,,,,,,,,85%,,93%,,52%,N/A,47%,65%,N/A,N/A,50%,33%,69%,87%,N/A,85%,96%,N/A,N/A,83%,69%,89%,,,,,,,,,,,88%,N/A,91%,83%,N/A,N/A,N/A,100%,100%,,90%,N/A,90%,83%,N/A,N/A,N/A,N/A,100%,,88%,N/A,91%,83%,N/A,N/A,N/A,N/A,100%
20K445,New Utrecht High School,,,,NewUtrechthighschoolnyc.com,Svetlana Litvin,"09,10,11,12,SE",3118,"D75 Special Education Inclusive Services, Ed. Opt., Screened, Zoned Guarantee",,1601 80 Street,"Brooklyn, NY 11214",718-232-2500,39%,2%,36%,<1%,<1%,21%,18%,18%,,44%,56%,0%,87%,"Boys: BOWLING,BASEBALL,WRESTLING,SOCCER,TENNIS,VOLLEYBALL,BASKETBALL,BADMINTON,FOOTBALL,HANDBALL,SWIMMING; Girls: VOLLEYBALL,BADMINTON,SOFTBALL,SOCCER,SWIMMING,HANDBALL,FLAG FOOTBALL,BOWLING,TENNIS,BASKETBALL; Co-Ed: N/A","Anime/Manga Club, Arista, Asian Club, Band, Chorus, Dance Club, Disc Jockey (DJ) Club, Fashion Club, Glee Club, International Club, LGBTQ Club, Medical Science Club, Model UN, Newspaper Club, One Catalyst Club, Peer Mediation, Poetry Club, Science Olympiad, Sustainability Club, Student Organization (S.O.), WNUHS Radio. International Show, Asian New Year Show, Fashion Show. Movie Nights, Karaoke Nights, S.O./PTA Thanksgiving Dinner, Senior Prom, Senior Trip, Senior Brunch/Carnival. Fundraisers for various charities. International Trips","Studio Art, Core Music, Fashion and Textile Design, Painting, Guitar, Mixed Media, Three-Dimensional Art, Drawing, Art History, Piano Keyboard, and more","NYSED ""Local Support and Improvement""; Dual Language or TBE; DYCD: COMPASS/SONYC; NYC Math",18%,7%,11%,0%,0%,59%,2.1,87%,,,,,,,,,,,,58%,66%,955 (31%),1523 (49%),46% (912),2% (41),30% (599),<1% (12),<1% (9),21% (410),Good,87%,N/A,N/A,95%,0%,5%,76%,84%,88%,62%,N/A,N/A,83%,82%,71%,60%,67%,,,,,,,,,,,,77%,73%,89%,82%,80%,N/A,77%,80%,78%,,,,,,,,,,,,,,86%,,96%,,46%,48%,46%,40%,60%,40%,50%,55%,55%,92%,93%,96%,92%,80%,100%,90%,92%,93%,,,,,,,,,,,85%,87%,75%,78%,N/A,N/A,87%,92%,81%,,68%,62%,71%,64%,N/A,N/A,79%,77%,85%,,86%,90%,75%,73%,N/A,N/A,89%,92%,77%
20K485,High School of Telecommunication Arts and Technology,,,,www.hstat.org,Xhenete Shepard,"09,10,11,12,SE",1273,"ASD/ACES Program, D75 Special Education Inclusive Services, Ed. Opt.",,350 67 Street,"Brooklyn, NY 11220",718-759-3400,27%,4%,47%,<1%,<1%,18%,10%,21%,,40%,60%,0%,84%,"Boys: CROSS COUNTRY,HANDBALL,BASEBALL,SOCCER,SWIMMING,BASKETBALL,VOLLEYBALL,OUTDOOR TRACK,BOWLING; Girls: HANDBALL,BASKETBALL,TENNIS,SOFTBALL,BOWLING,CROSS COUNTRY,SOCCER,SWIMMING,VOLLEYBALL,OUTDOOR TRACK; Co-Ed: N/A","Guitar, GSA, Photography, Gardening, LINK, Muslim Student Association, Coders, Badminton, Video Game, Weight Training, Asian Cultural, Theater, Board Game, Dance, Table Tennis, Art, Video Game, WISH, Blueprint. Chess , Anime, Black Student Union , RolePlaying, Audio Visual, Red Cross, Student Government, Culinary, Creative Writing, Meditation, Student Equity Committee Council","Computer Art / Digital Art, Illustration, Visual Art, Digital Photography, Drawing, Studio Art, Dance Survey / Introduction to Dance, Music Technology, Art History, Guitar, and more","NYSED ""Local Support and Improvement""; NYC Math",12%,7%,21%,0%,0%,56%,9.6,76%,,,,,,,,,,,,98%,79%,404 (32%),647 (51%),29% (286),4% (41),46% (456),<1% (5),<1% (5),18% (176),Fair,97%,3%,0%,98%,N/A,N/A,93%,95%,N/A,92%,N/A,N/A,92%,96%,91%,87%,87%,,,,,,,,,,,,90%,89%,96%,92%,N/A,N/A,86%,86%,84%,,,,,,,,,,,,,,94%,,95%,,54%,58%,44%,49%,N/A,N/A,57%,69%,54%,94%,96%,92%,93%,N/A,N/A,94%,93%,92%,,,,,,,,,,,88%,92%,75%,88%,N/A,N/A,85%,100%,86%,,70%,59%,78%,72%,N/A,N/A,76%,73%,83%,,93%,98%,78%,89%,N/A,N/A,93%,100%,89%
20K490,Fort Hamilton High School,,,,fthhs.org,Kaye Houlihan,"09,10,11,12,SE",3959,"Audition, Screened, Zoned Guarantee",,8301 Shore Road,"Brooklyn, NY 11209",718-748-1537,30%,3%,31%,<1%,<1%,35%,12%,16%,,47%,53%,0%,90%,"Boys: TENNIS,OUTDOOR TRACK,BASKETBALL,SWIMMING,HANDBALL,BASEBALL,FOOTBALL,VOLLEYBALL,CROSS COUNTRY,SOCCER,BOWLING; Girls: GOLF,INDOOR TRACK,TENNIS,BOWLING,OUTDOOR TRACK,FLAG FOOTBALL,LACROSSE,VOLLEYBALL,BASKETBALL,HANDBALL,SOFTBALL,CROSS COUNTRY,SWIMMING,SOCCER; Co-Ed: GOLF","Acappella Club, AAPI Stronger Together, Act Out, All To STEM, Albanian Club, American Red Cross Club, ANCHOR, Animal Rights, Activists Club, Anime Club, Archery, Art Club, Asian Culture Club, Astronomy Club, Badminton Club, Baseball Club, BC2M Mental Health, Be the First, Biomedical Sciences Club, Black Unity Club, Blue Volleyball Club, Board Games Club, Book Club, Calligraphy, CCAT Career and Creative Arts Training (SPRING ONLY) Cheerleading Club, Cheese Club, Chemistry Club, Chess Club, Chinese Student Organization, Community is Key Club, Computer Science Club, Cooking Club, Cosmetology Club, Crafts Club, Creative Writing, Crochet Club, Culture Film Club, Drama Club (Thespian Society), Debate Team, Engineering Club, Equity and Social Justice Team, Fashion Magazine Club, Fencers' Club, FHNN Fort Hamilton News Network, Filmmaking Club, College Club, First Gen Club, Flag Football, Football, Foundational Institution of Business, French Club, Future Finance Club, Fundamental Skills Club, Grammar Club, Gray, Volleyball Club, Greek Club, Green Team, Helping Hands, Italian Club, JWalkers: Walking with Jesus, Japanese Language Club, Jewelry Club, JROTC, Tiger Battalion, JROTC Robotics, K Cover Choreography Club, Latinos Unidos,Lifeguard Club,Make a Difference Club, Middle Eastern and North African Club, Moot Court/Mock Trial, Muslim Student Association (MSA)Nessie Club,Philosophy Club,Photography & Video Club, Physics Club,Ping Pong Club,Podcast Club,Psychology Club,Public Speaking Club,Running Club,Scrubs Club HOSA Pathways to Medical careers,Self Defense Club,Soccer Club,Softball Club,Stigma Stains,Stocks Club,Strings Club,Surgical Club,Swim Club,Tea Ceremony Club,Tennis Club,The Pilot (School Newspaper),Ukrainian Club,Video Gaming/Esports Club,Weight Training & Fitness Club,Yearbook Club","Visual Art, Music, Mixed Choir, Stage Design, Art History, Woodwind Ensemble, Guitar, Ballet, Advertising Art, Percussion, and more","NYSED ""Local Support and Improvement""; AP for All; Dual Language or TBE",11%,4%,10%,0%,0%,70%,11,95%,,,,,,,,,,,,72%,67%,910 (23%),1403 (35%),34% (670),2% (44),26% (513),<1% (7),<1% (6),36% (712),Good,95%,N/A,N/A,97%,0%,3%,89%,92%,92%,83%,N/A,N/A,93%,93%,87%,75%,80%,,,,,,,,,,,,82%,77%,87%,84%,75%,83%,85%,85%,82%,,,,,,,,,,,,,,88%,,96%,,46%,50%,39%,40%,38%,78%,48%,56%,50%,93%,95%,89%,92%,88%,88%,92%,92%,91%,,,,,,,,,,,79%,80%,78%,80%,N/A,83%,77%,87%,83%,,60%,51%,75%,66%,N/A,67%,64%,64%,77%,,83%,88%,85%,81%,N/A,83%,80%,95%,86%
20K505,Franklin Delano Roosevelt High School,,,,www.fdrhs.org,Melanie Katz,"09,10,11,12,SE",3258,"ASD/ACES Program, Ed. Opt., Language Criteria, Zoned Guarantee",,5800 20 Avenue,"Brooklyn, NY 11204",718-621-8800,33%,9%,40%,<1%,<1%,15%,29%,18%,,41%,59%,0%,85%,"Boys: TENNIS,BOWLING,OUTDOOR TRACK,BASEBALL,BASKETBALL,SOCCER,TABLE TENNIS,HANDBALL,BADMINTON,FOOTBALL,WRESTLING,VOLLEYBALL; Girls: SOCCER,BADMINTON,VOLLEYBALL,BASKETBALL,BOWLING,TABLE TENNIS,OUTDOOR TRACK,HANDBALL,FLAG FOOTBALL,TENNIS,SOFTBALL; Co-Ed: GOLF,CRICKET","Clubs: Anime, Art Club, ASPIRA, Band, Cheerleaders, Chess Club, Christian Club, Dance Club, Dreamer's Club, FDR Theater Company, Green Thumb Club, Green Squad, Gamer's Club, Hire Cause, Hispanic Club, Jewish Club, KPop Club, Magazine Club, Math Team, Mock Trial, Model UN, Movie Club, Multicultural Show, Muslim Student Association, My Brother's Keeper, My Sister's Keepr, National Honor Society, New Dealer, Fright Club, Origami Club, Peer Mediation, Rainbow Pride, Regents Preparation, Robotics, Science Olympiad, Step, Student Ambassadors, Student Government, The Lounge, Tutoring","Studio Art, Core Music, Piano Keyboard, Guitar, Painting, Ceramics, Photography, Art History, Computer Art / Digital Art, Acting, and more","NYSED ""Local Support and Improvement""; AP for All; Competency Collaborative; CS for All; Dual Language or TBE; Future Ready NYC; NYC Math; Pathways Advising; Respect for All",16%,12%,16%,0%,0%,48%,8.2,81%,,,,,,,,,,,,61%,55%,775 (24%),1129 (35%),41% (650),9% (138),33% (524),<1% (7),<1% (10),15% (241),Good,94%,N/A,N/A,95%,0%,5%,77%,84%,84%,68%,N/A,N/A,82%,82%,73%,62%,65%,,,,,,,,,,,,87%,88%,86%,89%,90%,88%,84%,87%,86%,,,,,,,,,,,,,,86%,,96%,,50%,53%,36%,48%,40%,63%,55%,60%,46%,93%,94%,91%,93%,89%,100%,91%,90%,90%,,,,,,,,,,,87%,92%,72%,90%,N/A,N/A,82%,90%,91%,,70%,70%,84%,72%,N/A,N/A,68%,73%,84%,,91%,96%,69%,90%,N/A,N/A,92%,93%,96%
20K609,Urban Assembly School for Leadership and Empowerment,,,,www.uascriminaljustice.org,Lauren Norman,"06,07,08,09,10,11,12,SE",338,"For Continuing 8th Graders, Open",,4200 16 Avenue,"Brooklyn, NY 11204",718-438-3893,47%,9%,20%,2%,2%,19%,14%,13%,,100%,0%,0%,57%,"Boys: N/A; Girls: INDOOR TRACK,OUTDOOR TRACK,VOLLEYBALL; Co-Ed: N/A","Middle School AfterSchool Program with NIA (Community Based Organization) runs until 6pm ,After school clubs include Track, Badminton, Volleyball, Kickboxing, Newspaper, ESL Mentors, Cheerleading, Anime Club, Debate Club, Gaming Club, Student Council, Mentors, Trivia, Black Student Union, Muslim Student Association, LatinX Student Association, GSA, Dance Club, Book Clubs, and more, Partnerships with outside organizations SEO, Minds Matter, Girls Inc, Elevate, Generation Citizen, and more","Studio Art, Improvisation","NYSED ""Local Support and Improvement""; AP for All; DYCD: COMPASS/SONYC; NYC Math",N/A (fewer than 5 teachers),N/A (fewer than 5 teachers),23%,0%,0%,58%,2,85%,,,,,,,,,,,,94%,84%,94 (28%),105 (31%),47% (80),12% (21),17% (29),1% (2),2% (3),19% (32),Good,89%,11%,0%,99%,N/A,N/A,94%,95%,N/A,N/A,N/A,N/A,94%,94%,N/A,78%,N/A,,,,,,,,,,,,83%,81%,91%,84%,67%,100%,86%,93%,82%,,,,,,,,,,,,,,88%,,96%,,44%,41%,51%,45%,30%,67%,46%,52%,42%,89%,89%,80%,92%,100%,100%,86%,88%,80%,,,,,,,,,,,82%,81%,85%,90%,100%,N/A,75%,81%,93%,,73%,66%,92%,77%,60%,N/A,86%,81%,86%,,86%,81%,100%,94%,80%,N/A,86%,100%,100%
21K337,International High School at Lafayette,,,,www.inths.org,Jon Harriman,"09,10,11,12",356,Language Criteria,,2630 Benson Avenue,"Brooklyn, NY 11214",718-333-7860,13%,4%,56%,0%,<1%,25%,92%,1%,,41%,59%,0%,90%,Boys: N/A; Girls: N/A; Co-Ed: N/A,"Student government, Computer Clubs, AP Classes, Computer Science, Safe Space (GSA), Arabic Boys Club, Book Club, Dream Team, Field Trips, Internships, Workbased learning ( Photography, Stem, peer tutors, peace leaders ), Summer Youth Employment Program, Extracurriculars ( SEO, ACE, Minds Matter, girls write now, DICE , Bottom line, Librarians of tomorrow, Pratt scholars and other )","Computer Art / Digital Art, Mixed Media, Photography, Ceramics, Visual Art","NYSED ""Additional Targeted Support and Improvement""; Competency Collaborative; Consortium; Future Ready NYC; PROSE",39%,N/A (fewer than 5 teachers),N/A (fewer than 5 teachers),N/A (fewer than 5 teachers),N/A (fewer than 5 teachers),52%,0.2,96%,,,,,,,,,,,,49%,55%,,137 (38%),17% (24),3% (5),44% (63),0% (0),1% (2),34% (48),N/A,N/A,N/A,0%,N/A,0%,N/A,78%,N/A,N/A,68%,N/A,N/A,84%,83%,74%,79%,N/A,,,,,,,,,,,,90%,91%,89%,89%,N/A,N/A,92%,90%,N/A,,,,,,,,,,,,,,82%,,97%,,70%,92%,82%,57%,N/A,N/A,80%,69%,N/A,95%,92%,91%,96%,N/A,N/A,98%,94%,N/A,,,,,,,,,,,97%,96%,100%,96%,N/A,N/A,97%,96%,N/A,,79%,83%,50%,75%,N/A,N/A,88%,79%,N/A,,99%,96%,100%,100%,N/A,N/A,100%,99%,N/A
21K344,Rachel Carson High School for Coastal Studies,,,,RachelCarsonhs.org,Stephen Mc Nally,"09,10,11,12,SE",601,"D75 Special Education Inclusive Services, Ed. Opt.",,521 West Avenue,"Brooklyn, NY 11224",718-265-0329,13%,8%,20%,<1%,<1%,57%,20%,18%,,48%,52%,<1%,74%,Boys: N/A; Girls: N/A; Co-Ed: N/A,"Photography, Aquarium Club, GayStraight Alliance, Dungeons and Dragons, Video Game Club, Board Games Club, Filmmaking, My Brother's Keeper, My Sister's Keeper, Robotics, Coding, and more!","Visual Art, Mixed Media, Studio Art, Music","NYSED ""Local Support and Improvement""; NYC Math",0%,N/A (fewer than 5 teachers),N/A (fewer than 5 teachers),0%,0%,66%,4.2,76%,,,,,,,,,,,,96%,69%,232 (39%),290 (48%),13% (53),9% (35),20% (81),<1% (3),<1% (2),56% (225),Good,77%,N/A,N/A,89%,0%,11%,95%,100%,N/A,97%,N/A,N/A,95%,97%,93%,91%,91%,,,,,,,,,,,,88%,90%,86%,95%,N/A,N/A,86%,83%,87%,,,,,,,,,,,,,,86%,,95%,,53%,47%,59%,54%,N/A,N/A,54%,52%,63%,91%,90%,82%,96%,N/A,N/A,92%,96%,96%,,,,,,,,,,,82%,87%,62%,79%,N/A,N/A,86%,80%,86%,,70%,65%,75%,59%,N/A,N/A,75%,68%,75%,,90%,91%,81%,86%,N/A,N/A,90%,84%,89%
21K348,High School of Sports Management,,,,www.thehssm.org,Derek Cradle,"09,10,11,12,SE",333,Ed. Opt.,,2630 Benson Avenue,"Brooklyn, NY 11214",718-333-7650,14%,18%,42%,2%,<1%,24%,40%,22%,,26%,74%,0%,69%,"Boys: OUTDOOR TRACK,WRESTLING,VOLLEYBALL,TENNIS,BOWLING,TABLE TENNIS,BASEBALL,HANDBALL,BASKETBALL,SOCCER,CROSS COUNTRY,INDOOR TRACK,FOOTBALL; Girls: SOFTBALL,SOCCER,INDOOR TRACK,TABLE TENNIS,CROSS COUNTRY,OUTDOOR TRACK,BOWLING,VOLLEYBALL,BADMINTON,FLAG FOOTBALL,BASKETBALL; Co-Ed: CRICKET",N/A,Piano Keyboard,"NYSED ""Local Support and Improvement""; NYC Math",N/A (fewer than 5 teachers),33%,N/A (fewer than 5 teachers),0%,0%,30%,5.7,59%,,,,,,,,,,,,57%,26%,26 (8%),90 (27%),25% (28),15% (17),30% (34),3% (3),0% (0),27% (30),Good,83%,17%,0%,93%,N/A,N/A,81%,N/A,87%,86%,N/A,N/A,N/A,80%,82%,63%,92%,,,,,,,,,,,,72%,68%,87%,67%,N/A,N/A,73%,72%,71%,,,,,,,,,,,,,,81%,,95%,,47%,52%,42%,45%,N/A,N/A,47%,47%,50%,77%,88%,74%,69%,N/A,N/A,81%,72%,71%,,,,,,,,,,,90%,67%,100%,100%,N/A,N/A,78%,100%,100%,,72%,83%,88%,75%,N/A,N/A,44%,75%,80%,,88%,83%,88%,100%,N/A,N/A,67%,100%,100%
21K410,Abraham Lincoln High School,,,,www.alhs.nyc,A Hoogenboom,"09,10,11,12,SE",2098,"Audition, D75 Special Education Inclusive Services, Ed. Opt., Screened, Zoned Guarantee",,2800 Ocean Parkway,"Brooklyn, NY 11235",718-333-7400,14%,40%,29%,<1%,<1%,13%,15%,16%,,46%,54%,<1%,87%,"Boys: CROSS COUNTRY,VOLLEYBALL,SOCCER,HANDBALL,BASEBALL,FOOTBALL,BOWLING,INDOOR TRACK,BASKETBALL,TENNIS,SWIMMING,OUTDOOR TRACK; Girls: SWIMMING,VOLLEYBALL,HANDBALL,BOWLING,CROSS COUNTRY,SOFTBALL,SOCCER,LACROSSE,INDOOR TRACK,OUTDOOR TRACK,TENNIS,BASKETBALL; Co-Ed: N/A",N/A,"Visual Art, Music, Photography, Art History, Acting, Concert Band, Mixed Choir, Theater / Play Production, Stage Design, Illustration","NYSED ""Local Support and Improvement""; CS for All; NYC Math; Project Pivot",11%,17%,15%,0%,0%,52%,19.1,87%,,,,,,,,,,,,61%,65%,962 (46%),384 (18%),16% (170),37% (399),30% (316),1% (13),<1% (9),14% (153),Good,79%,N/A,N/A,92%,N/A,N/A,89%,92%,90%,84%,N/A,N/A,89%,94%,85%,79%,80%,,,,,,,,,,,,87%,86%,89%,90%,90%,83%,81%,78%,84%,,,,,,,,,,,,,,80%,,96%,,51%,60%,47%,51%,40%,31%,55%,55%,57%,94%,94%,93%,94%,100%,92%,96%,92%,92%,,,,,,,,,,,79%,82%,78%,80%,N/A,N/A,83%,80%,88%,,66%,64%,71%,68%,N/A,N/A,63%,64%,77%,,83%,90%,84%,82%,N/A,N/A,87%,87%,87%
21K468,Kingsborough Early College School,,,,KECSS.info,Tracee Murren,"06,07,08,09,10,11,12,SE",423,Screened With Assessment,,2630 Benson Avenue,"Brooklyn, NY 11214",718-333-7850,7%,23%,37%,3%,0%,28%,3%,18%,,52%,48%,0%,79%,Boys: N/A; Girls: N/A; Co-Ed: N/A,N/A,"Theater History, Voice and Diction, Art History, Visual Art, Mixed Media","NYSED ""Local Support and Improvement""; Competency Collaborative; CS for All; DYCD: COMPASS/SONYC; NYC Math",N/A (fewer than 5 teachers),N/A (fewer than 5 teachers),11%,0%,0%,74%,8.2,83%,,,,,,,,,,,,99%,82%,9 (2%),150 (35%),7% (25),23% (85),35% (128),2% (8),0% (0),30% (110),Fair,98%,N/A,N/A,95%,0%,5%,98%,N/A,100%,94%,N/A,N/A,100%,100%,96%,N/A,90%,,,,,,,,,,,,80%,74%,86%,78%,N/A,N/A,78%,82%,72%,,,,,,,,,,,,,,87%,,96%,,50%,50%,46%,44%,N/A,N/A,57%,52%,50%,90%,87%,87%,91%,N/A,N/A,91%,90%,87%,,,,,,,,,,,82%,82%,93%,74%,N/A,N/A,86%,N/A,89%,,77%,100%,85%,74%,N/A,N/A,70%,N/A,76%,,89%,100%,86%,79%,N/A,N/A,94%,N/A,88%
21K525,Edward R. Murrow High School,,,,ermurrowhs.org,Allen Barge,"09,10,11,12,SE",3622,"ASD/ACES Program, Audition, D75 Special Education Inclusive Services, Ed. Opt., Language Criteria",,1600 Avenue L,"Brooklyn, NY 11230",718-258-9283,24%,19%,23%,<1%,<1%,30%,8%,18%,,57%,43%,<1%,88%,"Boys: BOWLING,VOLLEYBALL,BADMINTON,WRESTLING,TABLE TENNIS; Girls: TABLE TENNIS,CROSS COUNTRY,BADMINTON,SOCCER,VOLLEYBALL,WRESTLING; Co-Ed: GOLF",N/A,"Studio Art, Piano Keyboard, Guitar, Painting, Costume Design and Implementation, Concert Band, Music Theory / Musicianship, Mixed Choir, Music, Music Technology, and more","NYSED ""Local Support and Improvement""; AP for All; Dual Language or TBE; NYC Math; Project Pivot",8%,16%,12%,0%,N/A (fewer than 5 teachers),59%,11.5,85%,,,,,,,,,,,,80%,73%,998 (28%),1302 (36%),28% (592),15% (330),20% (437),<1% (11),<1% (8),33% (699),Fair,82%,N/A,N/A,96%,N/A,N/A,83%,86%,79%,76%,N/A,N/A,86%,86%,79%,63%,69%,,,,,,,,,,,,83%,82%,79%,88%,83%,86%,84%,92%,83%,,,,,,,,,,,,,,89%,,96%,,44%,51%,37%,42%,61%,43%,44%,63%,49%,90%,93%,87%,93%,94%,100%,89%,92%,90%,,,,,,,,,,,80%,87%,76%,82%,N/A,N/A,78%,90%,83%,,66%,70%,74%,66%,N/A,N/A,60%,70%,76%,,83%,93%,77%,80%,N/A,N/A,83%,90%,88%
21K540,John Dewey High School,,,,www.johndeweyhighschool.org/,Heather Adelle,"09,10,11,12,SE",2182,"ASD/ACES Program, D75 Special Education Inclusive Services, Ed. Opt., Language Criteria, Open, Screened",,50 Avenue X,"Brooklyn, NY 11223",718-373-6400,26%,22%,29%,<1%,<1%,19%,19%,16%,,52%,48%,<1%,90%,"Boys: WRESTLING,OUTDOOR TRACK,BASKETBALL,TABLE TENNIS,TENNIS,LACROSSE,BADMINTON,SOCCER; Girls: SOFTBALL,LACROSSE,BASKETBALL,OUTDOOR TRACK,SOCCER,TABLE TENNIS,VOLLEYBALL,BADMINTON,TENNIS; Co-Ed: DOUBLE DUTCH","Art Club, Arts Beautification Club, Beauty Club, Careers in the Arts Club, Cheerleading, Chess Club, The Classic Rock Club, Council for Unity, Dance Team, Educators Rising, ELL Science Club, Girls Who Code, International Culinary Club, Japanese Language and Culture Club, Key Club, Knitting Club, LGBTQ Club, Marine Biology Underwater Robotics Club, Mindfulness, Mock Trial, Moot Court, My Brother's Keeper, MSAC, National Honor Society, ONE Goal, Peer Group Connection, Recycling / Green Team, Robotics, Senior Committee, Step Team Club, Stock Market Club, Student Council, Sweatbox Club, Table Tennis/Ping Pong Club, Technical Theatre Club, Theatre Club, Track Club, Video Game Club, Volleyball Club, Women's Alliance/Women of Color Alliance (WOCA), Yoga/Fitness","Studio Art, Computer Art / Digital Art, Ceramics, Illustration, Choreography / Dance Composition, Acting, Photography, Scenic Design and Implementation, Drawing, Visual Art, and more","NYSED ""Local Support and Improvement""; AP for All; Dual Language or TBE; Future Ready NYC; NYC Math; Project Pivot; PROSE; Respect for All",9%,9%,9%,N/A (fewer than 5 teachers),0%,68%,2.1,86%,,,,,,,,,,,,80%,66%,493 (23%),819 (38%),32% (361),21% (240),24% (270),<1% (9),<1% (9),19% (211),Fair,97%,3%,0%,98%,N/A,N/A,81%,78%,81%,83%,N/A,N/A,79%,87%,75%,68%,68%,,,,,,,,,,,,82%,76%,86%,84%,71%,N/A,83%,82%,83%,,,,,,,,,,,,,,89%,,96%,,50%,57%,45%,47%,29%,N/A,49%,60%,53%,91%,93%,89%,92%,100%,N/A,90%,94%,93%,,,,,,,,,,,85%,89%,80%,81%,100%,100%,85%,96%,87%,,70%,64%,73%,74%,80%,100%,71%,73%,80%,,88%,95%,81%,85%,80%,100%,86%,97%,90%
21K559,Life Academy High School for Film and Music,,,,LIFEACADEMYHSNYC.ORG,Eugenia Kelch,"09,10,11,12,SE",247,Ed. Opt.,,2630 Benson Avenue,"Brooklyn, NY 11214",718-333-7750,11%,17%,52%,<1%,<1%,18%,28%,21%,,51%,49%,0%,59%,Boys: N/A; Girls: N/A; Co-Ed: N/A,"Double Dutch, My Sister's Keepers, My Brother's Keepers, National Honors Society, GSA, Gaming Club, Beautification Committee, Theater Club, After-School Tutoring, Film, Piano Class, Student Government, iLearn, AP for All, College Now","Filmmaking / Video, Visual Art","NYSED ""Local Support and Improvement""; AP for All; CS for All; NYC Math",N/A (fewer than 5 teachers),N/A (fewer than 5 teachers),N/A (fewer than 5 teachers),0%,0%,53%,8,82%,,,,,,,,,,,,51%,52%,183 (74%),52 (21%),9% (16),17% (31),55% (101),<1% (1),<1% (1),17% (32),Good,98%,N/A,N/A,93%,N/A,N/A,84%,N/A,94%,77%,N/A,N/A,N/A,91%,78%,52%,90%,,,,,,,,,,,,82%,89%,82%,78%,N/A,N/A,83%,87%,86%,,,,,,,,,,,,,,83%,,95%,,44%,40%,37%,43%,N/A,N/A,57%,55%,44%,86%,90%,79%,85%,N/A,N/A,90%,94%,87%,,,,,,,,,,,83%,83%,N/A,85%,N/A,N/A,86%,100%,56%,,69%,60%,N/A,54%,N/A,N/A,86%,67%,44%,,77%,80%,N/A,73%,N/A,N/A,83%,91%,62%
21K572,Leaders High School,,,,www.leadersschool.net/,Thomas Mullen,"09,10,11,12,SE",378,Ed. Opt.,,2630 Benson Avenue,"Brooklyn, NY 11214",718-333-7700,16%,10%,42%,<1%,<1%,27%,15%,18%,,46%,54%,0%,88%,Boys: N/A; Girls: N/A; Co-Ed: N/A,"Guitar, Baking Club, Bicycling Club, Weight Training, Hydroponic Lab Interns, Chemistry Lab Interns, Skateboarding/Snowboarding, Rock Climbing, Musical Theater, Student Government, Peer Mentors, Peer Mediation, Yearbook Club, Chess Club, ESports.","Drawing, Fashion and Textile Design, Three-Dimensional Art, Photography, Art History, Studio Art, Mixed Media, Music Theory / Musicianship, Filmmaking / Video, Computer Art / Digital Art, and more","NYSED ""Local Support and Improvement""; AP for All; Competency Collaborative; Consortium; Future Ready NYC; PROSE",N/A (fewer than 5 teachers),17%,N/A (fewer than 5 teachers),0%,0%,53%,7.1,83%,,,,,,,,,,,,98%,84%,17 (4%),229 (61%),15% (41),11% (29),41% (110),0% (0),<1% (1),28% (76),Fair,63%,37%,0%,81%,0%,19%,97%,N/A,100%,92%,N/A,N/A,100%,94%,98%,N/A,83%,,,,,,,,,,,,82%,78%,85%,78%,N/A,N/A,87%,92%,80%,,,,,,,,,,,,,,86%,,96%,,64%,73%,68%,64%,N/A,N/A,59%,74%,70%,94%,96%,90%,93%,N/A,N/A,95%,97%,94%,,,,,,,,,,,90%,81%,83%,94%,N/A,N/A,96%,91%,93%,,84%,75%,100%,83%,N/A,N/A,86%,82%,93%,,93%,81%,83%,97%,N/A,N/A,96%,90%,93%
21K620,William E. Grady Career and Technical Education High School,,,,gradyhs.com,Tarah Montalbano,"09,10,11,12,SE",614,"ASD/ACES Program, D75 Special Education Inclusive Services, Ed. Opt.",,25 Brighton 4th Road,"Brooklyn, NY 11235",718-332-5000,10%,38%,31%,<1%,<1%,20%,16%,34%,,27%,73%,0%,83%,"Boys: RUGBY,BASEBALL,HANDBALL,VOLLEYBALL,BOWLING,OUTDOOR TRACK,INDOOR TRACK,WRESTLING,CROSS COUNTRY,SOCCER,FOOTBALL,BASKETBALL; Girls: BOWLING,OUTDOOR TRACK,BASKETBALL,CROSS COUNTRY,SOFTBALL,INDOOR TRACK,VOLLEYBALL; Co-Ed: N/A",N/A,Studio Art,"NYSED ""Local Support and Improvement""; AP for All; Career & Technical Education; NYC Math",12%,26%,10%,0%,0%,43%,9.9,78%,,,,,,,,,,,,45%,33%,216 (35%),219 (36%),13% (33),43% (113),29% (77),0% (0),0% (0),15% (39),Good,93%,N/A,N/A,97%,N/A,N/A,85%,N/A,87%,81%,N/A,N/A,76%,88%,83%,64%,75%,,,,,,,,,,,,83%,79%,83%,84%,N/A,N/A,78%,81%,84%,,,,,,,,,,,,,,82%,,96%,,48%,61%,46%,51%,N/A,N/A,38%,63%,60%,86%,92%,84%,89%,N/A,N/A,83%,95%,86%,,,,,,,,,,,85%,94%,78%,80%,N/A,N/A,92%,83%,89%,,76%,69%,77%,78%,N/A,N/A,76%,68%,86%,,87%,94%,84%,80%,N/A,N/A,95%,85%,90%
21K690,Brooklyn Studio Secondary School,,,,mybrooklynstudio.com,Andrea Ciliotta,"06,07,08,09,10,11,12,SE",543,"D75 Special Education Inclusive Services, Ed. Opt., For Continuing 8th Graders",,8310 21st Avenue,"Brooklyn, NY 11214",718-266-5032,20%,3%,33%,<1%,<1%,42%,17%,19%,,48%,52%,0%,64%,"Boys: BASEBALL,BASKETBALL,HANDBALL,SOCCER,BOWLING; Girls: SOCCER,BASKETBALL,HANDBALL,SOFTBALL,BOWLING; Co-Ed: N/A",N/A,"Visual Art, Studio Art, Concert Band, Symphonic Orchestra, Percussion, Computer Art / Digital Art, Digital Photography, Drawing, Jazz Ensemble, Modern Dance, and more","NYSED ""Local Support and Improvement""; AP for All; DYCD: COMPASS/SONYC; NYC Math",9%,N/A (fewer than 5 teachers),9%,0%,0%,76%,12.8,77%,,,,,,,,,,,,55%,70%,101 (19%),181 (33%),25% (55),4% (8),25% (56),<1% (1),<1% (1),45% (98),Good,62%,N/A,N/A,99%,N/A,N/A,88%,95%,N/A,82%,N/A,N/A,90%,88%,88%,82%,77%,,,,,,,,,,,,80%,82%,83%,79%,N/A,N/A,81%,84%,76%,,,,,,,,,,,,,,89%,,95%,,47%,55%,47%,42%,N/A,N/A,48%,57%,45%,90%,92%,94%,91%,N/A,N/A,87%,88%,85%,,,,,,,,,,,87%,90%,N/A,88%,N/A,N/A,86%,94%,91%,,72%,67%,N/A,71%,N/A,N/A,76%,78%,77%,,88%,93%,N/A,82%,N/A,N/A,89%,90%,86%
22K405,Midwood High School,,,,www.midwoodhighschool.org,Robert Quinlan,"09,10,11,12,SE",4062,"Open, Screened",,2839 Bedford Avenue,"Brooklyn, NY 11210",718-724-8500,39%,22%,13%,<1%,<1%,22%,4%,16%,,55%,45%,<1%,89%,"Boys: WRESTLING,BOWLING,LACROSSE,FOOTBALL,INDOOR TRACK,CROSS COUNTRY,SWIMMING,VOLLEYBALL,BASEBALL,SOCCER,BASKETBALL,OUTDOOR TRACK,HANDBALL,TENNIS; Girls: HANDBALL,FLAG FOOTBALL,BOWLING,INDOOR TRACK,LACROSSE,SWIMMING,OUTDOOR TRACK,VOLLEYBALL,TENNIS,BASKETBALL,SOCCER,SOFTBALL,CROSS COUNTRY; Co-Ed: CRICKET,GOLF",N/A,"Core Music, Mixed Choir, Drawing, Graphic Design, Woodwind Ensemble, Jazz Ensemble, Concert Band, Filmmaking / Video, Visual Art","NYSED ""Local Support and Improvement""; CS for All; NYC Math",9%,16%,10%,0%,0%,60%,1.1,78%,,,,,,,,,,,,81%,82%,1443 (36%),1990 (49%),44% (1110),16% (412),11% (278),<1% (16),1% (32),25% (621),Fair,98%,N/A,N/A,94%,0%,6%,94%,97%,92%,91%,N/A,N/A,96%,97%,90%,77%,86%,,,,,,,,,,,,85%,83%,89%,87%,83%,78%,84%,74%,84%,,,,,,,,,,,,,,91%,,96%,,43%,45%,39%,39%,47%,67%,44%,43%,48%,93%,94%,93%,93%,90%,96%,92%,89%,93%,,,,,,,,,,,78%,80%,84%,77%,57%,N/A,73%,85%,83%,,57%,52%,74%,59%,71%,N/A,54%,69%,77%,,84%,88%,86%,76%,57%,N/A,78%,93%,89%
22K425,James Madison High School,,,,madisonhs.org,Jodie Cohen,"09,10,11,12,SE",3606,"Open, Screened, Zoned Guarantee",,3787 Bedford Avenue,"Brooklyn, NY 11229",718-758-7200,20%,12%,17%,<1%,<1%,49%,12%,14%,,45%,55%,<1%,92%,"Boys: WRESTLING,HANDBALL,TENNIS,RUGBY,VOLLEYBALL,FOOTBALL,SWIMMING,CROSS COUNTRY,BOWLING,SOCCER,TABLE TENNIS,BASKETBALL,INDOOR TRACK,BASEBALL,BADMINTON,LACROSSE,OUTDOOR TRACK; Girls: GOLF,BADMINTON,WRESTLING,BASKETBALL,SOCCER,SOFTBALL,INDOOR TRACK,CROSS COUNTRY,VOLLEYBALL,SWIMMING,FLAG FOOTBALL,LACROSSE,TABLE TENNIS,BOWLING,TENNIS,OUTDOOR TRACK,HANDBALL; Co-Ed: GOLF,STUNT",N/A,"Mixed Media, Ceramics, Guitar, Concert Band, Piano Keyboard, Painting, Digital Photography, String Orchestra, Musical Theater, Mixed Choir, and more","NYSED ""Local Support and Improvement""; AP for All; DYCD: COMPASS/SONYC; Future Ready NYC; NYC Math; Project Pivot",6%,14%,7%,0%,0%,70%,10.1,92%,,,,,,,,,,,,86%,72%,844 (23%),1321 (37%),24% (427),10% (176),13% (240),<1% (4),<1% (12),51% (919),Good,95%,3%,1%,95%,0%,5%,90%,90%,88%,88%,N/A,N/A,91%,95%,86%,76%,82%,,,,,,,,,,,,83%,81%,86%,82%,83%,86%,84%,86%,82%,,,,,,,,,,,,,,88%,,96%,,51%,51%,45%,47%,33%,57%,55%,59%,52%,91%,93%,88%,93%,100%,86%,90%,93%,90%,,,,,,,,,,,85%,88%,83%,86%,N/A,100%,86%,90%,90%,,71%,64%,81%,70%,N/A,83%,72%,72%,83%,,89%,86%,87%,92%,N/A,100%,90%,94%,90%
22K535,Leon M. Goldstein High School for the Sciences,,,,www.schools.nyc.gov/schools/K535,Scott Hughes,"09,10,11,12,SE",981,"D75 Special Education Inclusive Services, Screened",,1830 Shore Boulevard,"Brooklyn, NY 11235",718-368-8500,23%,17%,13%,<1%,<1%,44%,3%,17%,,55%,45%,<1%,80%,"Boys: TENNIS,BOWLING,HANDBALL,WRESTLING,SOCCER,SWIMMING,BASKETBALL; Girls: TENNIS,SWIMMING,BASKETBALL,BOWLING,SOCCER,VOLLEYBALL,FLAG FOOTBALL; Co-Ed: GOLF",N/A,"Mixed Choir, Graphic Design, Painting, Ceramics, Studio Art, Art History, Music Theory / Musicianship, Piano Keyboard, Concert Band, Jazz Ensemble","NYSED ""Local Support and Improvement""; AP for All; NYC Math",8%,13%,10%,0%,0%,67%,11,93%,,,,,,,,,,,,94%,89%,547 (56%),436 (44%),24% (171),15% (110),11% (78),<1% (1),1% (8),47% (341),Fair,96%,N/A,N/A,98%,N/A,N/A,95%,92%,N/A,80%,N/A,N/A,98%,94%,96%,N/A,89%,,,,,,,,,,,,80%,84%,75%,78%,N/A,83%,81%,71%,75%,,,,,,,,,,,,,,92%,,96%,,39%,44%,29%,25%,N/A,17%,47%,40%,54%,93%,98%,87%,88%,N/A,83%,93%,88%,92%,,,,,,,,,,,80%,88%,80%,92%,N/A,N/A,74%,N/A,77%,,76%,65%,67%,92%,N/A,N/A,79%,N/A,95%,,84%,92%,67%,92%,N/A,N/A,85%,N/A,95%
22K555,Brooklyn College Academy,,,,brooklyncollegeacademy.com,Shernell Thomas Daley,"09,10,11,12",632,"D75 Special Education Inclusive Services, Screened With Assessment",,350 Coney Island Avenue,"Brooklyn, NY 11218",718-853-6184,7%,72%,14%,<1%,<1%,5%,1%,16%,,59%,41%,0%,64%,"Boys: BASKETBALL; Girls: VOLLEYBALL,BASKETBALL; Co-Ed: N/A",N/A,"Visual Art, Illustration, Core Music, Music, Mixed Choir, Acting, Filmmaking / Video, Concert Band, Three-Dimensional Art, Mixed Media","NYSED ""Local Support and Improvement""; AP for All",N/A (fewer than 5 teachers),18%,21%,0%,0%,41%,4.6,94%,,,,,,,,,,,,96%,85%,181 (29%),211 (33%),7% (38),73% (386),13% (68),<1% (5),<1% (3),5% (24),Fair,97%,N/A,N/A,100%,0%,0%,97%,100%,99%,100%,N/A,N/A,N/A,97%,98%,N/A,95%,,,,,,,,,,,,90%,100%,91%,87%,100%,N/A,91%,86%,87%,,,,,,,,,,,,,,95%,,97%,,41%,62%,41%,39%,0%,N/A,36%,33%,57%,89%,94%,90%,89%,100%,N/A,88%,89%,86%,,,,,,,,,,,86%,93%,89%,61%,N/A,N/A,N/A,N/A,76%,,71%,79%,73%,61%,N/A,N/A,N/A,N/A,79%,,89%,93%,89%,83%,N/A,N/A,N/A,N/A,84%
22K611,Origins High School,,,,originshighschool.org,Dara Kammerman,"09,10,11,12,SE",445,Ed. Opt.,,3000 Avenue X,"Brooklyn, NY 11235",718-891-0037,22%,22%,18%,2%,2%,34%,26%,17%,,42%,58%,0%,71%,"Boys: BASEBALL,INDOOR TRACK,WRESTLING,FOOTBALL,BASKETBALL,VOLLEYBALL,OUTDOOR TRACK,BOWLING,SOCCER; Girls: FLAG FOOTBALL,LACROSSE,OUTDOOR TRACK,INDOOR TRACK,CROSS COUNTRY,BOWLING,VOLLEYBALL,BASKETBALL,SOFTBALL; Co-Ed: N/A","Art, Dance, Glamour Gals, Green Team & Gardening, Glamour Girls, International Culinary Club, Photography, My Brother's Keeper Chapter, My Sister's Keeper Chapter, National Honor Society, Yearbook, Green Team, Peer Mediators.","Visual Art, Music, Ceramics, Concert Band, Mixed Media, Digital Photography, Fashion and Textile Design, Portfolio Development, Photography, Music Theory / Musicianship, and more","NYSED ""Local Support and Improvement""; AP for All; Community School; Competency Collaborative; NYC Math; PROSE",13%,18%,N/A (fewer than 5 teachers),0%,0%,53%,0.8,74%,,,,,,,,,,,,56%,68%,203 (46%),140 (31%),24% (51),26% (57),18% (39),1% (3),2% (4),28% (61),Excellent,88%,N/A,N/A,92%,N/A,N/A,89%,86%,82%,93%,N/A,N/A,96%,92%,87%,79%,N/A,,,,,,,,,,,,77%,77%,82%,79%,N/A,N/A,79%,72%,65%,,,,,,,,,,,,,,81%,,95%,,54%,53%,55%,47%,N/A,N/A,62%,55%,54%,89%,96%,80%,97%,N/A,N/A,85%,83%,82%,,,,,,,,,,,84%,92%,100%,73%,N/A,N/A,68%,75%,100%,,77%,83%,100%,75%,N/A,N/A,60%,73%,100%,,86%,64%,100%,83%,N/A,N/A,85%,73%,100%
23K493,Brooklyn Collegiate: A College Board School,,,,WWW.BROOKLYNCOLLEGIATE.NET,Heather Newman,"09,10,11,12,SE",417,"ASD/ACES Program, Ed. Opt.",,2021 Bergen Street,"Brooklyn, NY 11233",718-922-1145,1%,71%,18%,<1%,<1%,<1%,7%,23%,,46%,54%,0%,78%,"Boys: SOCCER,BASKETBALL; Girls: BASKETBALL,OUTDOOR TRACK; Co-Ed: N/A","Drumline, Band, Anime, Book Club, Cheerleading, Chess Club, Community Service, Creative Writing, Dance, Step, Football and fitness, LGBTQA Alliance, Open Art Studio, Student Government, Young Men Empowerment, and Youth Sports/basketball","Studio Art, Core Music, Music Theory / Musicianship, Mixed Media, Portfolio Development, Concert Band, Visual Art, Art History","NYSED ""Local Support and Improvement""; Community School; CS for All; Future Ready NYC; NYC Math; Project Pivot",N/A (fewer than 5 teachers),39%,N/A (fewer than 5 teachers),0%,0%,33%,8.2,58%,,,,,,,,,,,,77%,55%,97 (23%),111 (27%),2% (5),77% (178),13% (31),<1% (1),0% (0),1% (3),Good,86%,N/A,N/A,84%,0%,16%,86%,N/A,89%,N/A,N/A,N/A,N/A,83%,89%,N/A,82%,,,,,,,,,,,,76%,N/A,76%,77%,N/A,N/A,N/A,83%,68%,,,,,,,,,,,,,,84%,,97%,,58%,20%,58%,62%,N/A,N/A,N/A,46%,57%,85%,100%,82%,91%,N/A,N/A,N/A,77%,83%,,,,,,,,,,,93%,N/A,92%,90%,N/A,N/A,N/A,N/A,82%,,88%,N/A,90%,80%,N/A,N/A,N/A,N/A,91%,,89%,N/A,90%,70%,N/A,N/A,N/A,N/A,82%
23K514,Frederick Douglass Academy VII High School,,,,www.fda7.org,Tamika Matheson,"09,10,11,SE",223,Ed. Opt.,,226 Bristol Street,"Brooklyn, NY 11212",718-485-3789,<1%,74%,19%,<1%,0%,<1%,7%,27%,,49%,51%,0%,84%,Boys: N/A; Girls: N/A; Co-Ed: N/A,"Elbaum Clubhouse, Boys & Girls Clubs of America, Inc. , New Visions, Bro Experience, Stem in Dance, Ifetayo , Camba","Piano Keyboard, Art History, Computer Art / Digital Art, Illustration, Graphic Design, Visual Art","NYSED ""Additional Targeted Support and Improvement""; AP for All; Project Pivot",N/A (fewer than 5 teachers),39%,N/A (fewer than 5 teachers),0%,0%,33%,16.7,50%,,,,,,,,,,,,66%,47%,73 (33%),80 (36%),<1% (1),80% (98),16% (20),0% (0),0% (0),<1% (1),Fair,94%,N/A,N/A,92%,N/A,N/A,94%,N/A,96%,N/A,N/A,N/A,N/A,90%,N/A,N/A,N/A,,,,,,,,,,,,83%,N/A,85%,69%,N/A,N/A,N/A,89%,76%,,,,,,,,,,,,,,91%,,97%,,45%,N/A,44%,48%,N/A,N/A,N/A,60%,43%,89%,N/A,87%,94%,N/A,N/A,N/A,90%,90%,,,,,,,,,,,92%,N/A,94%,93%,N/A,N/A,N/A,100%,88%,,87%,N/A,91%,80%,N/A,N/A,N/A,78%,90%,,89%,N/A,91%,87%,N/A,N/A,N/A,89%,88%
23K644,Eagle Academy for Young Men II,,,,eagleacademybk.org,Rashad Meade,"06,07,08,09,10,11,12,SE",402,Open,,1137 Herkimer Street,"Brooklyn, NY 11233",718-495-0863,<1%,80%,11%,1%,0%,<1%,1%,27%,,0%,100%,0%,91%,"Boys: Middle Schools BASKETBALL,FOOTBALL,BASKETBALL,LACROSSE,OUTDOOR TRACK; Girls: N/A; Co-Ed: N/A","Culinary arts, Barbershop, Entrepreneurship, Advanced Art, Band, Show choir","Mixed Media, Graphic Design, Voice and Diction, Music History, Music Technology, Studio Art","NYSED ""Local Support and Improvement""; AP for All; DYCD: Beacon; Empire; Project Pivot",N/A (fewer than 5 teachers),60%,N/A (fewer than 5 teachers),0%,0%,16%,15.2,93%,,,,,,,,,,,,38%,56%,62 (15%),106 (26%),<1% (1),80% (119),15% (22),<1% (1),0% (0),1% (2),Good,91%,N/A,N/A,95%,0%,5%,95%,N/A,96%,N/A,N/A,N/A,N/A,N/A,95%,N/A,92%,,,,,,,,,,,,90%,N/A,89%,94%,N/A,N/A,N/A,N/A,83%,,,,,,,,,,,,,,91%,,96%,,68%,N/A,68%,74%,N/A,N/A,N/A,N/A,68%,95%,N/A,95%,95%,N/A,N/A,N/A,N/A,94%,,,,,,,,,,,93%,N/A,95%,88%,N/A,N/A,N/A,N/A,93%,,93%,N/A,96%,69%,N/A,N/A,N/A,N/A,91%,,96%,N/A,96%,94%,N/A,N/A,N/A,N/A,88%
23K697,Teachers Preparatory High School,,,,Teachersprep.org,Jennifer Shirley Brown,"09,10,11,12,SE",192,"ASD/ACES Program, Ed. Opt., For Continuing 8th Graders",,226 Bristol Street,"Brooklyn, NY 11212",718-498-2605,2%,55%,29%,<1%,2%,3%,18%,39%,,46%,54%,0%,70%,"Boys: BASKETBALL,BASEBALL; Girls: BASKETBALL,VOLLEYBALL,SOCCER; Co-Ed: DOUBLE DUTCH","National Honor Society, Culinary Arts, Student Government, Girls Group (ROSE/Sister's Keeper); My Brother's Keeper; Peer to Peer, Peer Group Connect (PGC); Peer Forward; Project Eats; Step Team, Fashion Show Club, Art Club, Dance Studio, Weight Room","Illustration, Digital Photography, Painting, Computer Art / Digital Art, Visual Art","NYSED ""Local Support and Improvement""; NYC Math; Project Pivot",N/A (fewer than 5 teachers),83%,N/A (fewer than 5 teachers),N/A (fewer than 5 teachers),N/A (fewer than 5 teachers),N/A (fewer than 5 teachers),0.4,100%,,,,,,,,,,,,34%,33%,9 (5%),19 (10%),4% (1),52% (13),32% (8),0% (0),0% (0),8% (2),Good,94%,N/A,N/A,89%,0%,11%,71%,N/A,72%,N/A,N/A,N/A,N/A,N/A,67%,N/A,62%,,,,,,,,,,,,67%,N/A,69%,68%,N/A,N/A,N/A,71%,67%,,,,,,,,,,,,,,81%,,94%,,36%,N/A,46%,25%,N/A,N/A,N/A,24%,39%,77%,N/A,75%,81%,N/A,N/A,N/A,81%,70%,,,,,,,,,,,86%,N/A,100%,73%,N/A,N/A,N/A,78%,75%,,83%,N/A,94%,67%,N/A,N/A,N/A,78%,83%,,83%,N/A,100%,64%,N/A,N/A,N/A,75%,83%
24Q236,International High School for Health Sciences,,,,www.schools.nyc.gov/schools/Q236,Carl Finney,"09,10,11,12,SE",267,Language Criteria,,48-01 90 Street,"Queens, NY 11373",718-595-8600,12%,2%,79%,<1%,<1%,4%,81%,4%,,51%,49%,0%,88%,Boys: N/A; Girls: N/A; Co-Ed: N/A,N/A,"Visual Art, Acting","NYSED ""Local Support and Improvement""; 21st Century Community Learning Center; Community School; Consortium; Future Ready NYC; PROSE",23%,0%,N/A (fewer than 5 teachers),0%,0%,50%,10.2,86%,,,,,,,,,,,,78%,42%,18 (7%),64 (24%),20% (13),5% (3),67% (43),2% (1),2% (1),5% (3),N/A,N/A,60%,N/A,88%,N/A,N/A,76%,88%,N/A,70%,N/A,N/A,N/A,86%,63%,76%,N/A,,,,,,,,,,,,87%,100%,N/A,85%,N/A,N/A,90%,86%,N/A,,,,,,,,,,,,,,89%,,97%,,72%,89%,N/A,68%,N/A,N/A,100%,72%,N/A,97%,100%,N/A,96%,N/A,N/A,100%,96%,N/A,,,,,,,,,,,94%,100%,N/A,92%,N/A,N/A,100%,94%,100%,,88%,92%,N/A,88%,N/A,N/A,75%,88%,100%,,96%,96%,N/A,95%,N/A,N/A,100%,98%,100%
24Q264,Academy of Finance and Enterprise,,,,AOFEHS.org,Victoria Armano,"09,10,11,12,SE",898,Ed. Opt.,,30-20 Thomson Avenue,"Queens, NY 11101",718-389-3623,17%,4%,47%,<1%,<1%,11%,7%,12%,,45%,55%,0%,73%,Boys: N/A; Girls: N/A; Co-Ed: N/A,"Regents Prep, AP Prep, NYCares SAT, Khan Academy PSAT/SAT, CUNY College Now (Baruch, LaGuardia, BMCC, John Jay), Academic ER, College Trips, Scholarship Support: Posse and Questbridge, Student Government, Young Debaters Program, Girls Inc., Big Brothers Big Sisters, Junior Achievement, NFTE, Virtual Enterprises, NAF, Stock Market Game, NAF Toastmasters, Lenovo App Inventor, Amazon Edhesive Future Engineer, OppNet, SEO, Urban Upbound, NHS, Girls Who Code, SYEP, Pencil, Futures and Options, CTE ISP, NY Exploring, Baruch STEM, Baruch STEP, National Honor Society, BTA Business and Marketing Honor Society, Asian Culture Club, DECA, QST, GameClub, Culinary Club, Yoga, Dance, Cheerleading","Visual Art, Theater, Photography, Illustration, Portfolio Development","NYSED ""Local Support and Improvement""",22%,N/A (fewer than 5 teachers),22%,0%,N/A (fewer than 5 teachers),47%,11.2,78%,,,,,,,,,,,,90%,88%,285 (32%),312 (35%),24% (117),3% (14),43% (208),<1% (4),<1% (2),12% (57),Good,94%,N/A,N/A,84%,0%,16%,91%,90%,N/A,90%,N/A,N/A,91%,93%,90%,89%,96%,,,,,,,,,,,,84%,85%,85%,84%,100%,N/A,85%,85%,83%,,,,,,,,,,,,,,88%,,97%,,39%,44%,44%,39%,50%,N/A,38%,45%,44%,86%,85%,82%,86%,100%,N/A,82%,88%,86%,,,,,,,,,,,86%,83%,86%,90%,100%,N/A,82%,93%,92%,,74%,72%,86%,77%,80%,N/A,78%,63%,84%,,86%,89%,71%,87%,100%,N/A,80%,88%,94%
24Q267,High School of Applied Communication,,,,www.hsac1.com,Daniel Shin,"09,10,11,12,SE",367,Open,,30-20 Thomson Avenue,"Queens, NY 11101",718-389-3163,13%,5%,69%,<1%,<1%,7%,13%,22%,,42%,58%,0%,55%,Boys: N/A; Girls: N/A; Co-Ed: N/A,N/A,"Studio Art, Mixed Media, Ceramics","NYSED ""Local Support and Improvement""; AP for All; CS for All",18%,N/A (fewer than 5 teachers),25%,0%,0%,43%,1.1,68%,,,,,,,,,,,,91%,71%,202 (55%),24 (7%),16% (32),4% (9),68% (140),<1% (1),<1% (2),8% (17),Excellent,97%,N/A,N/A,98%,N/A,N/A,83%,N/A,N/A,84%,N/A,N/A,N/A,82%,84%,N/A,69%,,,,,,,,,,,,85%,95%,100%,82%,N/A,N/A,83%,69%,76%,,,,,,,,,,,,,,85%,,96%,,39%,49%,50%,38%,N/A,N/A,44%,45%,45%,87%,90%,86%,88%,N/A,N/A,78%,77%,82%,,,,,,,,,,,75%,70%,N/A,76%,N/A,N/A,67%,71%,92%,,78%,50%,N/A,87%,N/A,N/A,67%,71%,92%,,81%,80%,N/A,84%,N/A,N/A,64%,71%,92%
24Q293,Civic Leadership Academy,,,,www.clanyc.org,Phuong Nguyen,"09,10,11,12,SE",579,Ed. Opt.,,45-10 94th Street,"Queens, NY 11373",718-271-1487,15%,4%,76%,<1%,1%,3%,11%,17%,,54%,46%,0%,72%,"Boys: TABLE TENNIS,RUGBY; Girls: TABLE TENNIS,RUGBY; Co-Ed: N/A",N/A,"Core Music, Visual Art, Ceramics, Concert Band, Studio Art, Music History, Digital Photography, Music Technology","NYSED ""Local Support and Improvement""; AP for All; Competency Collaborative; NYC Math",N/A (fewer than 5 teachers),N/A (fewer than 5 teachers),15%,0%,0%,62%,15.2,87%,,,,,,,,,,,,89%,74%,196 (34%),209 (36%),19% (70),3% (10),73% (274),0% (0),1% (4),3% (13),Good,91%,N/A,N/A,94%,N/A,N/A,92%,94%,N/A,92%,N/A,N/A,N/A,93%,90%,86%,88%,,,,,,,,,,,,95%,94%,100%,94%,N/A,100%,100%,96%,94%,,,,,,,,,,,,,,88%,,96%,,59%,62%,67%,58%,N/A,86%,69%,57%,60%,95%,98%,100%,94%,N/A,100%,100%,98%,93%,,,,,,,,,,,87%,81%,88%,90%,N/A,100%,57%,89%,90%,,71%,56%,78%,74%,N/A,83%,64%,80%,85%,,90%,88%,75%,91%,N/A,100%,86%,91%,90%
24Q296,Pan American International High School,,,,www.panamericanihs.org,Waleska Velez,"09,10,11,12",480,Language Criteria,,45-10 94th Street,"Queens, NY 11373",718-271-3602,<1%,<1%,98%,0%,0%,<1%,91%,2%,,47%,53%,0%,91%,Boys: N/A; Girls: N/A; Co-Ed: N/A,"PAIHS Informa Newspaper Group, PAIHS Teatro, ASPIRA, Peer Group Connection, Student Government, PAIHS Band, Ecuadorian Dance Group, and Soccer Club.","Core Music, Studio Art, Computer Art / Digital Art, Painting, Dance Improvisation, Drawing, Concert Band, Playwriting, Photography, Art History, and more","NYSED ""Local Support and Improvement""; AP for All; Career Readiness and Modern Youth Apprenticeship; Community School; Consortium; CS for All; Future Ready NYC; PROSE; Respect for All",N/A (fewer than 5 teachers),N/A (fewer than 5 teachers),52%,0%,0%,23%,2,81%,,,,,,,,,,,,74%,42%,203 (42%),234 (49%),0% (0),0% (0),>99% (242),0% (0),0% (0),<1% (1),N/A,100%,0%,0%,N/A,0%,N/A,98%,N/A,N/A,98%,N/A,N/A,N/A,100%,97%,98%,N/A,,,,,,,,,,,,93%,N/A,N/A,93%,N/A,N/A,N/A,92%,N/A,,,,,,,,,,,,,,95%,,96%,,61%,N/A,N/A,62%,N/A,N/A,N/A,61%,N/A,94%,N/A,N/A,94%,N/A,N/A,N/A,94%,N/A,,,,,,,,,,,98%,N/A,N/A,98%,N/A,N/A,N/A,98%,N/A,,88%,N/A,N/A,88%,N/A,N/A,N/A,88%,N/A,,98%,N/A,N/A,98%,N/A,N/A,N/A,99%,N/A
24Q299,Bard High School Early College Queens,,,,bard.edu/earlycollege,Laura Hymson,"09,10,11,12,SE",670,Screened With Assessment,,30-20 Thomson Avenue,"Queens, NY 11101",718-361-3133,26%,19%,29%,<1%,1%,21%,<1%,13%,,63%,37%,0%,87%,"Boys: BASKETBALL,TABLE TENNIS,SOCCER,CROSS COUNTRY,OUTDOOR TRACK,WRESTLING; Girls: OUTDOOR TRACK,SOCCER,BASKETBALL,FLAG FOOTBALL,CROSS COUNTRY,RUGBY,TABLE TENNIS,VOLLEYBALL; Co-Ed: N/A",N/A,"Piano Keyboard, Music, Graphic Design, Scenic Design and Implementation, Studio Art, Improvisation, Playwriting, Printmaking, Jazz Ensemble, Painting, and more","NYSED ""Local Support and Improvement""; PROSE",13%,N/A (fewer than 5 teachers),13%,N/A (fewer than 5 teachers),0%,63%,1.1,85%,,,,,,,,,,,,99%,94%,,182 (27%),27% (133),17% (84),28% (137),<1% (2),1% (6),23% (110),Needs Improvement,81%,19%,0%,100%,0%,0%,99%,97%,100%,98%,N/A,N/A,100%,99%,98%,N/A,87%,,,,,,,,,,,,90%,86%,96%,95%,N/A,N/A,86%,N/A,83%,,,,,,,,,,,,,,94%,,99%,,47%,44%,44%,43%,N/A,N/A,61%,N/A,64%,96%,97%,97%,96%,N/A,N/A,94%,N/A,96%,,,,,,,,,,,78%,79%,71%,68%,N/A,N/A,86%,N/A,81%,,72%,64%,62%,84%,N/A,N/A,76%,N/A,81%,,89%,91%,90%,76%,N/A,N/A,97%,N/A,94%
24Q455,Newtown High School,,,,www.newtownhighschool.org/,John Ficalora,"09,10,11,12,SE",1761,"Audition, Ed. Opt., Screened, Zoned Priority",,48-01 90 Street,"Queens, NY 11373",718-595-8400,20%,4%,67%,<1%,<1%,5%,28%,18%,,43%,57%,0%,86%,"Boys: BOWLING,VOLLEYBALL,INDOOR TRACK,BASEBALL,TENNIS,BASKETBALL,CROSS COUNTRY,OUTDOOR TRACK,SOCCER; Girls: CROSS COUNTRY,BASKETBALL,INDOOR TRACK,SOFTBALL,TENNIS,HANDBALL,OUTDOOR TRACK,VOLLEYBALL,SOCCER; Co-Ed: CRICKET","ARISTA, All Booked Up - Book Club, Art in Action Club, Anime and Japanese Culture Club, Arts & Crafts Club, Bangladeshi Club, Chinese Club, Comic Con Club, Dance Club, Drama Club, Filipino Club, Friends of the Earth / Green Team, Girl Chat, Key Club, K-Pop Club, Leadership Organization, Math League, Monster App (CSC), Multicultural Club, Music Club, Newspaper Club, Pride Club, Robotics, Science Club, Table Games Club, Taekwondo Club, Tolerance Task Group, Yearbook Club and Yoga Club.","Studio Art, Core Music, Guitar, Mixed Choir, Mixed Media, Drawing, Printmaking, Fashion and Textile Design, Three-Dimensional Art, Visual Art, and more","NYSED ""Local Support and Improvement""; Dual Language or TBE; DYCD: COMPASS/SONYC; NYC Math",22%,8%,20%,N/A (fewer than 5 teachers),0%,42%,0.1,83%,,,,,,,,,,,,57%,55%,535 (30%),682 (39%),25% (221),5% (41),63% (554),<1% (4),<1% (6),5% (46),Good,98%,N/A,N/A,95%,N/A,N/A,75%,92%,83%,69%,N/A,N/A,75%,77%,74%,54%,72%,,,,,,,,,,,,83%,86%,84%,81%,N/A,100%,84%,83%,80%,,,,,,,,,,,,,,86%,,96%,,49%,50%,65%,45%,N/A,50%,60%,54%,55%,94%,93%,96%,94%,N/A,100%,96%,94%,97%,,,,,,,,,,,83%,86%,87%,82%,N/A,N/A,85%,88%,92%,,70%,65%,93%,68%,N/A,N/A,75%,80%,78%,,84%,85%,87%,81%,N/A,N/A,100%,91%,96%
24Q485,Grover Cleveland High School,,,,www.groverclevelandhs.org,Marc Pascente,"09,10,11,12,SE",1480,"ASD/ACES Program, Ed. Opt., Zoned Guarantee",,21-27 Himrod Street,"Queens, NY 11385",718-381-9600,7%,4%,71%,<1%,<1%,16%,26%,19%,,44%,55%,<1%,86%,"Boys: OUTDOOR TRACK,BOWLING,BASKETBALL,HANDBALL,SOCCER,BASEBALL,VOLLEYBALL,SWIMMING,INDOOR TRACK,CROSS COUNTRY,TENNIS,WRESTLING; Girls: OUTDOOR TRACK,TENNIS,SOCCER,SOFTBALL,VOLLEYBALL,HANDBALL,WRESTLING,INDOOR TRACK,BOWLING,SWIMMING,CROSS COUNTRY,BASKETBALL; Co-Ed: N/A",", Anime Club, Artistic Expressions, Bachata Club, Book Club, Ceramics Club, Chess Club, Definitions Not Applicable (LGBTQ+) Dungeons & Dragons, Fashion Design, Gamers Alliance, Health Occupations Students of America, History Club, KPop Dance, Key Club, Leadership & Management Club, Modern Band, Mouse Squad, Music Technology, My Brother's Keeper, My Sister's Keeper, Newspaper Club, Project Soapbox, Science Olympiad, STEM Club, Village Podcast, Volleyball Club Yearbook Club.","Studio Art, Brass Ensemble, Ceramics, Mixed Choir, Drawing, Guitar, Music Theory / Musicianship, Painting, Acting, Visual Art, and more","NYSED ""Local Support and Improvement""; Dual Language or TBE",12%,10%,17%,N/A (fewer than 5 teachers),0%,54%,5.1,84%,,,,,,,,,,,,74%,46%,290 (20%),563 (38%),9% (64),4% (27),68% (457),<1% (4),<1% (5),17% (116),Good,96%,N/A,N/A,94%,0%,6%,85%,82%,77%,85%,N/A,N/A,87%,90%,80%,74%,73%,,,,,,,,,,,,83%,87%,82%,82%,N/A,N/A,85%,80%,76%,,,,,,,,,,,,,,83%,,96%,,44%,47%,68%,43%,N/A,N/A,47%,39%,51%,90%,92%,91%,90%,N/A,N/A,90%,89%,91%,,,,,,,,,,,81%,85%,90%,77%,N/A,N/A,88%,87%,86%,,75%,75%,100%,71%,N/A,N/A,81%,71%,81%,,83%,80%,90%,80%,N/A,N/A,92%,87%,89%
24Q520,Middle College High School at LaGuardia Community College,,,,mchslic.org,Socrates Ortiz Jr,"09,10,11,12,SE",490,Screened,,45-35 Van Dam Street,"Queens, NY 11101",718-392-3330,9%,4%,78%,0%,<1%,8%,2%,19%,,53%,47%,0%,86%,"Boys: BASKETBALL,WRESTLING,BASEBALL,SOCCER,VOLLEYBALL; Girls: SOFTBALL,BASKETBALL,TENNIS,GOLF,SOCCER,VOLLEYBALL; Co-Ed: GOLF","Girls Inc. Global Growers, The Voice (activism) Running Club, Open Mic, Forensics Club, Softball Club","Computer Art / Digital Art, Painting, Music History, Cartooning, Core Music, Printmaking, Visual Art, Drawing, Music, Art History","NYSED ""Local Support and Improvement""; Competency Collaborative; Consortium; PROSE",N/A (fewer than 5 teachers),N/A (fewer than 5 teachers),26%,N/A (fewer than 5 teachers),0%,48%,5.1,89%,,,,,,,,,,,,94%,81%,,208 (42%),10% (38),4% (14),75% (277),0% (0),1% (4),9% (33),Good,100%,0%,0%,97%,N/A,N/A,86%,N/A,N/A,87%,N/A,N/A,N/A,89%,82%,N/A,78%,,,,,,,,,,,,92%,100%,83%,92%,N/A,N/A,92%,100%,90%,,,,,,,,,,,,,,90%,,95%,,57%,61%,67%,58%,N/A,N/A,38%,80%,60%,97%,100%,100%,96%,N/A,N/A,92%,100%,100%,,,,,,,,,,,82%,86%,N/A,85%,N/A,N/A,71%,N/A,92%,,66%,57%,N/A,62%,N/A,N/A,100%,N/A,83%,,85%,100%,N/A,85%,N/A,N/A,71%,N/A,100%
24Q530,International High School at LaGuardia Community College,,,,ihsnyc.org,Jaclyn Valane,"09,10,11,12",523,Language Criteria,,45-35 Van Dam Street,"Queens, NY 11101",718-392-3433,11%,<1%,81%,<1%,0%,6%,81%,1%,,52%,48%,<1%,98%,Boys: N/A; Girls: N/A; Co-Ed: N/A,"After-School Tutoring, Art, Sports, Computer Lab, Cultural Clubs, Dance, Garden Club, Gender & Sexuality Alliance (GSA), International Food Festival, LaGuardia Community College Classes and Gym Facilities, Liberty Partnership, Music Club, Newspaper, Photography, SAT Prep, Saturday Literacy Explorers Program, Student Government, Theater Program, YMCA for After-School Sports, College Trips","Mixed Media, Visual Art, Studio Art, Music Technology, Photography, Music, Drawing, Theater","NYSED ""Local Support and Improvement""; Competency Collaborative; Consortium; PROSE",21%,N/A (fewer than 5 teachers),24%,0%,0%,45%,9.1,86%,,,,,,,,,,,,80%,87%,,189 (36%),13% (34),<1% (2),79% (208),<1% (1),0% (0),7% (19),N/A,100%,0%,0%,N/A,0%,N/A,94%,100%,N/A,92%,N/A,N/A,N/A,95%,92%,94%,N/A,,,,,,,,,,,,99%,97%,N/A,99%,N/A,N/A,100%,98%,N/A,,,,,,,,,,,,,,92%,,96%,,97%,97%,N/A,98%,N/A,N/A,100%,97%,N/A,98%,97%,N/A,98%,N/A,N/A,100%,97%,N/A,,,,,,,,,,,97%,92%,N/A,98%,N/A,N/A,100%,97%,N/A,,97%,92%,N/A,98%,N/A,N/A,100%,97%,N/A,,97%,92%,N/A,98%,N/A,N/A,100%,97%,N/A
24Q550,High School for Arts and Business,,,,highschoolforartsandbusiness.org,Ana Zambrano Burako,"09,10,11,12,SE",752,Ed. Opt.,,105-25 Horace Harding Expy N,"Queens, NY 11368",718-271-8383,11%,7%,77%,<1%,<1%,5%,9%,16%,,57%,43%,<1%,81%,"Boys: SOCCER,CROSS COUNTRY,BASEBALL,HANDBALL; Girls: HANDBALL,CROSS COUNTRY,TABLE TENNIS,SOCCER; Co-Ed: N/A","3D Printing, Ad Council, Advertising Futures, Arista/National Honor Society, Art, Careers, Carnegie Hall, Chess, College Now, Community Service, Dance, Disney/ABC Get Reel With Your Dreams Program, Drama, Environmental Sustainability Club, Future Leaders, Gender & Sexuality Alliance (GSA), Guitar, Hugh O'Brien Youth Leadership, Jazz Band, Job Shadowing, Law, Makerspace, Math, Music, Newspaper, NYSMAA, O'Melveny Scholarship, Photography, Piano, Poetry, PreMed, Public Speaking, Robotics, Spring Play, Student Center, Student Council, Student Leadership, Training Opportunity Program, Tutoring, Virtual Enterprise, Vocal and Instrumental Concert, Wellness, Cartoon Drawing, Coding Club, Fantasy Basketball, Mock Trial/ Debate, My Brother's Keeper/My Sister's Keeper, Next Level Knit, Public Service Announcement Club, SAT Prep, Tech Team, Video Game Club, Yearbook","Choreography / Dance Composition, Drawing, Mixed Choir, Concert Band, Computer Art / Digital Art, Guitar, Studio Art, Painting, Advertising Art, Three-Dimensional Art, and more","NYSED ""Local Support and Improvement""; Respect for All",N/A (fewer than 5 teachers),N/A (fewer than 5 teachers),18%,N/A (fewer than 5 teachers),0%,67%,16.1,94%,,,,,,,,,,,,91%,80%,312 (41%),315 (42%),14% (62),6% (27),74% (333),<1% (2),<1% (2),5% (24),Good,99%,N/A,N/A,100%,0%,0%,97%,100%,N/A,99%,N/A,N/A,N/A,97%,98%,96%,94%,,,,,,,,,,,,89%,89%,85%,90%,N/A,N/A,78%,80%,85%,,,,,,,,,,,,,,90%,,96%,,49%,53%,55%,48%,N/A,N/A,59%,50%,60%,95%,92%,86%,95%,N/A,N/A,93%,87%,92%,,,,,,,,,,,93%,96%,95%,93%,N/A,N/A,92%,97%,93%,,80%,82%,95%,79%,N/A,N/A,93%,84%,92%,,93%,91%,85%,93%,N/A,N/A,100%,88%,94%
24Q560,"Robert F. Wagner, Jr. Secondary School for Arts and Technology",,,,www.rfwagner.org,Stephania Vu,"06,07,08,09,10,11,12,SE",467,"Ed. Opt., For Continuing 8th Graders",,47-07 30th Place,"Queens, NY 11101",718-472-5671,15%,3%,66%,<1%,<1%,13%,4%,17%,,42%,58%,0%,75%,Boys: N/A; Girls: N/A; Co-Ed: N/A,"Art Club, Board Game Club, Chess Club, Computer/Video Game Club, Yearbook Club, Dance Club, Diversity Club, Garden Club, Music Club, National Honor Society/ARISTA, Photography Club, School Leadership Team, Student Government, Town Meetings (talent showcase), Theater Production, and Academic Tutoring for various subjects","Illustration, Studio Art, Core Music, Music, Folk / Traditional Cutural Dance, Theater / Play Production, Musical Theater, Music History, Scenic Design and Implementation, Filmmaking / Video, and more","NYSED ""Local Support and Improvement""; CS for All",N/A (fewer than 5 teachers),N/A (fewer than 5 teachers),14%,0%,0%,58%,8.1,77%,,,,,,,,,,,,77%,79%,181 (39%),186 (40%),18% (51),4% (10),61% (171),<1% (1),<1% (1),15% (42),Fair,94%,N/A,N/A,92%,0%,8%,96%,100%,N/A,96%,N/A,N/A,94%,98%,94%,N/A,84%,,,,,,,,,,,,90%,92%,93%,90%,N/A,N/A,91%,90%,91%,,,,,,,,,,,,,,86%,,95%,,50%,46%,43%,51%,N/A,N/A,55%,43%,57%,91%,88%,87%,91%,N/A,N/A,94%,90%,93%,,,,,,,,,,,80%,79%,N/A,80%,N/A,N/A,77%,67%,76%,,78%,67%,N/A,88%,N/A,N/A,71%,67%,94%,,87%,86%,N/A,86%,N/A,N/A,84%,100%,84%
24Q585,Maspeth High School,,,,www.mhs.nyc,Selin Alicanoglu Sati,"09,10,11,12",1057,Open,,54-40 74th Street,"Queens, NY 11373",718-803-7100,17%,2%,57%,<1%,<1%,23%,7%,16%,,51%,49%,0%,89%,"Boys: OUTDOOR TRACK,VOLLEYBALL,RUGBY,SOCCER,BASEBALL,TENNIS,BASKETBALL,LACROSSE,WRESTLING; Girls: WRESTLING,CROSS COUNTRY,LACROSSE,HANDBALL,VOLLEYBALL,BADMINTON,BASKETBALL,FLAG FOOTBALL,TENNIS,OUTDOOR TRACK,FENCING,TABLE TENNIS,SOCCER,INDOOR TRACK,SOFTBALL; Co-Ed: N/A","CLUBS Band Club, Bibliomaniac Club, Cheer Club, Chess Club, Crypto Club, Dance Company, DJ Club, Dungeons and Dragons Club, Fitness Club, Graphic Design Club, HOSA- Future Health Professionals, Dungeons and Dragons Club, Green Club, Key Club, Latinx Club, Maspeth Singers, Math National Honor Society, Model United Nations, Mock Trial, National English Honor Society, National Honor Society, Philosophy Club, Smash Club, Team B. Well, Volleyball Club, Yoga Club SCHOOL SPORTS Cheerleading PSAL SPORTS - COED Cricket PSAL SPORTS - GIRLS Badminton, Basketball, Cross Country, Fencing, Flag Football, Handball, Indoor Track, Lacrosse, Outdoor Track, Soccer, Softball, Table Tennis, Tennis, Volleyball, Wrestling PSAL SPORTS - BOYS Baseball, Basketball, Lacrosse, Rugby, Soccer, Tennis, Wrestling","Studio Art, Theater / Play Production, String Orchestra, Mixed Choir, Ballet, Painting, Improvisation, Folk / Traditional Cutural Dance, Music Theory / Musicianship","NYSED ""Local Support and Improvement""; NYC Math",18%,0%,10%,0%,0%,68%,2.1,71%,,,,,,,,,,,,96%,79%,458 (43%),388 (37%),18% (133),2% (12),54% (411),<1% (4),<1% (3),25% (193),Good,99%,N/A,N/A,92%,N/A,N/A,96%,100%,N/A,95%,N/A,N/A,96%,98%,94%,86%,90%,,,,,,,,,,,,89%,87%,94%,89%,N/A,N/A,87%,88%,85%,,,,,,,,,,,,,,89%,,96%,,53%,55%,55%,53%,N/A,N/A,52%,61%,52%,93%,93%,90%,94%,N/A,N/A,91%,94%,94%,,,,,,,,,,,91%,89%,N/A,91%,N/A,N/A,90%,100%,93%,,72%,57%,N/A,79%,N/A,N/A,75%,94%,79%,,95%,93%,N/A,95%,N/A,N/A,93%,100%,92%
24Q600,Queens Technical High School,,,,www.queenstechhs.org/,Louis Garcia,"09,10,11,12",1350,"Audition, Ed. Opt., Screened",,37-02 47 Avenue,"Queens, NY 11101",718-937-3010,9%,2%,82%,<1%,<1%,4%,8%,19%,,42%,58%,0%,87%,"Boys: BASEBALL,BASKETBALL,SOCCER,BOWLING,HANDBALL; Girls: SOFTBALL,BOWLING,BASKETBALL,SOCCER,FLAG FOOTBALL,VOLLEYBALL; Co-Ed: N/A",N/A,"Studio Art, Illustration, Graphic Design, Art History","NYSED ""Local Support and Improvement""; AP for All; Career & Technical Education; Community School; NYC Math",8%,13%,18%,N/A (fewer than 5 teachers),0%,53%,1.1,84%,,,,,,,,,,,,77%,59%,209 (15%),549 (41%),12% (81),2% (14),80% (564),<1% (3),<1% (3),4% (30),Good,98%,N/A,N/A,97%,N/A,N/A,86%,79%,N/A,86%,N/A,N/A,78%,91%,82%,61%,66%,,,,,,,,,,,,88%,83%,92%,89%,88%,N/A,84%,87%,86%,,,,,,,,,,,,,,90%,,96%,,50%,49%,44%,50%,75%,N/A,60%,56%,54%,94%,96%,88%,94%,100%,N/A,84%,90%,93%,,,,,,,,,,,85%,89%,N/A,84%,N/A,N/A,86%,94%,90%,,74%,77%,N/A,72%,N/A,N/A,71%,75%,83%,,90%,93%,N/A,91%,N/A,N/A,57%,94%,87%
24Q610,Aviation Career & Technical Education High School,,,,www.aviationhs.net,Steven Jackson,"09,10,11,12,SE",2006,Screened,,45-30 36 Street,"Queens, NY 11101",718-361-2032,32%,4%,49%,<1%,<1%,12%,3%,15%,,20%,80%,<1%,85%,"Boys: BASEBALL,SOCCER,INDOOR TRACK,BOWLING,HANDBALL,OUTDOOR TRACK,CROSS COUNTRY,VOLLEYBALL,TENNIS,WRESTLING,BASKETBALL; Girls: VOLLEYBALL,INDOOR TRACK,OUTDOOR TRACK,BASKETBALL; Co-Ed: CRICKET,GOLF",N/A,"Core Music, Visual Art, Graphic Design, Drawing, Painting","NYSED ""Local Support and Improvement""; Career & Technical Education; CS for All",8%,11%,31%,0%,0%,42%,7.1,89%,,,,,,,,,,,,94%,94%,463 (23%),908 (45%),38% (418),3% (34),43% (474),<1% (7),<1% (8),12% (136),Fair,98%,N/A,N/A,100%,N/A,N/A,98%,99%,N/A,97%,N/A,N/A,98%,97%,98%,95%,91%,,,,,,,,,,,,89%,90%,91%,87%,92%,100%,92%,83%,86%,,,,,,,,,,,,,,94%,,95%,,43%,43%,33%,41%,23%,50%,50%,49%,47%,90%,90%,83%,90%,100%,100%,89%,89%,89%,,,,,,,,,,,84%,83%,91%,83%,100%,100%,89%,85%,81%,,64%,60%,82%,63%,57%,83%,75%,77%,75%,,86%,85%,83%,83%,100%,100%,95%,92%,84%
25Q240,Veritas Academy,,,,www.veritas.nyc,Jason Vanderwalker,"09,10,11,12,SE",627,Open,,35-01 Union Street,"Queens, NY 11354",718-888-7520,18%,6%,67%,<1%,<1%,3%,13%,19%,,53%,47%,0%,81%,Boys: N/A; Girls: N/A; Co-Ed: N/A,"Various partnerships with CommunityBased Organizations Multicultural Events Various student interest driven afterschool programs Broadway Shows Trips, Trips throughout NYC Experiential Learning Service Learning Strong Student Government Voice/Presence Overnight Community Building Trips Field Days Talent Shows Student Lead Conferences Yale and CUNY Model Congress Civic Engagement Projects with Congress Members Youth Empowerment (District Attorney Office) The Rowe Scholars Clubs: GSA, My Brothers Keeper, My Sisters Keeper, Chess, Photography, Leadership, etc.","Mixed Media, Computer Art / Digital Art, Three-Dimensional Art, Painting, Visual Art","NYSED ""Local Support and Improvement""; AP for All",N/A (fewer than 5 teachers),13%,16%,0%,0%,60%,3.7,93%,,,,,,,,,,,,56%,62%,160 (26%),255 (41%),22% (77),6% (22),63% (218),<1% (3),<1% (1),3% (10),Good,99%,N/A,N/A,97%,N/A,N/A,87%,92%,N/A,87%,N/A,N/A,N/A,89%,85%,81%,64%,,,,,,,,,,,,88%,88%,81%,89%,80%,N/A,67%,84%,89%,,,,,,,,,,,,,,86%,,96%,,53%,54%,46%,54%,80%,N/A,31%,56%,56%,94%,93%,94%,94%,80%,N/A,81%,93%,90%,,,,,,,,,,,85%,81%,77%,86%,N/A,N/A,100%,82%,94%,,70%,63%,69%,69%,N/A,N/A,86%,63%,84%,,89%,87%,77%,89%,N/A,N/A,100%,81%,95%
25Q241,Queens High School for Language Studies,,,,qhsls.org,Brian Bligh,"09,10,11,12,SE",436,Language Criteria,,35-01 Union Street,"Queens, NY 11354",718-888-7530,61%,3%,32%,<1%,<1%,3%,21%,6%,,57%,43%,0%,83%,Boys: N/A; Girls: N/A; Co-Ed: N/A,"After School Tutoring (CPC), Key Club, Student Government, Chinese Student Association, Feminist Flight Club, Math Club, Green Team, Game Club, Storyteller Clubs, Photography Club, KPop Dance Club, Badminton Club, Volleyball Club, Basketball Club, Billiards Club, Brainpop Club, Red Cross Club, PreMed Society, Heritage Society, Origami Club, Computer Programming Club, Book Club, PSAL through Flushing Campus","Illustration, Theater History, Theater Survey / Introduction to Theater, Visual Art, Studio Art, Music","NYSED ""Local Support and Improvement""; AP for All; Dual Language or TBE; NYC Math",43%,N/A (fewer than 5 teachers),18%,N/A (fewer than 5 teachers),0%,29%,1.5,89%,,,,,,,,,,,,99%,81%,158 (36%),291 (67%),59% (213),3% (12),32% (114),<1% (1),<1% (2),3% (12),Good,96%,N/A,N/A,100%,0%,0%,95%,92%,N/A,100%,N/A,N/A,N/A,94%,98%,94%,N/A,,,,,,,,,,,,90%,89%,88%,93%,N/A,N/A,86%,92%,93%,,,,,,,,,,,,,,91%,,95%,,61%,67%,75%,53%,N/A,N/A,29%,84%,65%,93%,94%,100%,91%,N/A,N/A,100%,94%,88%,,,,,,,,,,,91%,92%,N/A,92%,N/A,N/A,60%,97%,93%,,78%,75%,N/A,84%,N/A,N/A,80%,83%,93%,,94%,94%,N/A,94%,N/A,N/A,100%,97%,87%
25Q252,"Queens School of Inquiry, The",,,,queensinquiry.com,Meredith Inbal,"06,07,08,09,10,11,SE",357,"ASD/ACES Program, Screened",,158-40 76 Road,"Queens, NY 11366",718-380-6929,42%,13%,23%,<1%,0%,20%,4%,15%,,46%,54%,0%,78%,"Boys: BASKETBALL,SOCCER,WRESTLING; Girls: VOLLEYBALL,TENNIS,TABLE TENNIS; Co-Ed: N/A","Community Service Clubs NHS, Student Council, Green Team, and Bin Cops, Student Interest Clubs Harry Potter, Knitting, Makers, Anime, Video Games, Journalism, Yearbook, and Mathletes, GSA, JSA, YRJ, SEE, RJAT, Enrichment Day Activities","Drawing, Mixed Choir, Acting, Piano Keyboard, Painting","NYSED ""Local Support and Improvement""; DYCD: COMPASS/SONYC; Respect for All",N/A (fewer than 5 teachers),N/A (fewer than 5 teachers),12%,0%,0%,74%,13.1,82%,,,,,,,,,,,,89%,93%,98 (27%),183 (51%),44% (126),13% (36),20% (58),<1% (1),0% (0),22% (62),Good,92%,8%,0%,96%,N/A,N/A,99%,100%,N/A,100%,N/A,N/A,N/A,100%,98%,N/A,90%,,,,,,,,,,,,85%,85%,86%,83%,N/A,N/A,84%,83%,80%,,,,,,,,,,,,,,92%,,97%,,54%,57%,50%,48%,N/A,N/A,62%,59%,60%,91%,93%,92%,87%,N/A,N/A,91%,82%,88%,,,,,,,,,,,88%,85%,89%,90%,N/A,N/A,88%,92%,90%,,70%,61%,80%,77%,N/A,N/A,73%,69%,88%,,92%,90%,94%,91%,N/A,N/A,94%,100%,98%
25Q263,Flushing International High School,,,,www.fihsnyc.org,Kevin Hesseltine,"09,10,11,12",417,Language Criteria,,144-80 Barclay Avenue,"Queens, NY 11355",718-463-2348,29%,<1%,67%,0%,0%,2%,94%,2%,,47%,53%,0%,91%,"Boys: SOCCER,BASEBALL,TABLE TENNIS,BADMINTON; Girls: HANDBALL,BADMINTON,VOLLEYBALL; Co-Ed: N/A",N/A,"Studio Art, Modern Dance, Architecture, Acting, Movement / Dance, Guitar, Photography, Folk / Traditional Cutural Dance, Dance, Theater / Play Production, and more","NYSED ""Local Support and Improvement""; 21st Century Community Learning Center; Career Readiness and Modern Youth Apprenticeship; Community School; Competency Collaborative; Consortium; PROSE; Respect for All",26%,N/A (fewer than 5 teachers),23%,N/A (fewer than 5 teachers),0%,42%,3.8,87%,,,,,,,,,,,,61%,52%,,192 (46%),27% (52),2% (3),69% (133),0% (0),0% (0),2% (4),N/A,N/A,N/A,N/A,N/A,0%,N/A,89%,100%,N/A,85%,N/A,N/A,N/A,93%,85%,89%,N/A,,,,,,,,,,,,89%,90%,N/A,89%,N/A,N/A,88%,91%,80%,,,,,,,,,,,,,,88%,,98%,,72%,87%,N/A,65%,N/A,N/A,78%,71%,80%,96%,99%,N/A,94%,N/A,N/A,100%,95%,100%,,,,,,,,,,,94%,99%,N/A,91%,N/A,N/A,71%,94%,100%,,77%,77%,N/A,77%,N/A,N/A,67%,78%,100%,,94%,97%,N/A,91%,N/A,N/A,100%,94%,100%
25Q281,East-West School of International Studies,,,,www.ewsis.org,Anthony Cromer,"06,07,08,09,10,11,12,SE",399,"ASD/ACES Program, Ed. Opt., For Continuing 8th Graders",,46-21 Colden Street,"Queens, NY 11355",718-353-0009,67%,4%,24%,<1%,<1%,4%,14%,18%,,46%,54%,0%,80%,"Boys: VOLLEYBALL,BASKETBALL; Girls: VOLLEYBALL; Co-Ed: N/A",N/A,"Core Music, Musical Theater, Three-Dimensional Art","NYSED ""Local Support and Improvement""; AP for All; DYCD: COMPASS/SONYC",28%,N/A (fewer than 5 teachers),8%,0%,0%,58%,6.5,78%,,,,,,,,,,,,96%,89%,148 (37%),165 (41%),69% (165),3% (7),23% (54),0% (0),<1% (2),4% (9),Fair,93%,7%,0%,98%,N/A,N/A,97%,97%,N/A,100%,N/A,N/A,N/A,98%,95%,N/A,92%,,,,,,,,,,,,87%,86%,75%,95%,N/A,N/A,95%,91%,91%,,,,,,,,,,,,,,93%,,96%,,56%,57%,57%,50%,N/A,N/A,70%,54%,58%,92%,92%,81%,90%,N/A,N/A,100%,94%,90%,,,,,,,,,,,88%,89%,92%,86%,N/A,N/A,89%,96%,89%,,68%,63%,79%,85%,N/A,N/A,83%,71%,89%,,94%,94%,100%,94%,N/A,N/A,88%,96%,93%
25Q285,World Journalism Preparatory: A College Board School,,,,www.wjps.org,Janine Werner,"06,07,08,09,10,11,SE",358,"Ed. Opt., For Continuing 8th Graders",,34-65 192 Street,"Queens, NY 11358",718-461-2219,14%,5%,44%,0%,0%,36%,3%,22%,,52%,48%,0%,56%,Boys: N/A; Girls: N/A; Co-Ed: N/A,N/A,"Studio Art, Visual Art","NYSED ""Local Support and Improvement""",N/A (fewer than 5 teachers),N/A (fewer than 5 teachers),15%,0%,0%,68%,6.8,91%,,,,,,,,,,,,99%,71%,167 (47%),191 (53%),17% (40),6% (14),43% (102),0% (0),0% (0),32% (77),Fair,96%,N/A,N/A,100%,0%,0%,99%,N/A,N/A,97%,N/A,N/A,100%,100%,97%,N/A,100%,,,,,,,,,,,,82%,80%,75%,81%,N/A,N/A,83%,92%,79%,,,,,,,,,,,,,,89%,,95%,,42%,40%,42%,35%,N/A,N/A,52%,31%,41%,84%,92%,83%,77%,N/A,N/A,88%,85%,85%,,,,,,,,,,,76%,72%,N/A,78%,N/A,N/A,75%,N/A,83%,,65%,56%,N/A,68%,N/A,N/A,67%,N/A,82%,,83%,82%,N/A,76%,N/A,N/A,86%,N/A,83%
25Q425,John Bowne High School,,,,www.johnbowne.org/,Laura Izzo Iannelli,"09,10,11,12,SE",2978,"Ed. Opt., Screened, Zoned Guarantee",,63-25 Main Street,"Queens, NY 11367",718-263-1919,24%,15%,49%,1%,<1%,5%,20%,17%,,50%,50%,0%,87%,"Boys: VOLLEYBALL,WRESTLING,SOCCER,BASKETBALL,BOWLING,TABLE TENNIS,INDOOR TRACK,BASEBALL,TENNIS,OUTDOOR TRACK,HANDBALL,CROSS COUNTRY; Girls: BADMINTON,CROSS COUNTRY,TABLE TENNIS,SOCCER,BASKETBALL,VOLLEYBALL,OUTDOOR TRACK,TENNIS,HANDBALL,SOFTBALL,INDOOR TRACK; Co-Ed: CRICKET,STUNT,GOLF",N/A,"Piano Keyboard, Percussion, Drawing, Computer Art / Digital Art, Studio Art, Mixed Media, Fashion and Textile Design, Guitar, Portfolio Development, Acting, and more","NYSED ""Local Support and Improvement""; AP for All; Community School; Dual Language or TBE; Respect for All",19%,10%,17%,N/A (fewer than 5 teachers),0%,46%,5.3,84%,,,,,,,,,,,,75%,61%,542 (18%),1175 (39%),30% (463),13% (208),47% (726),<1% (12),<1% (6),5% (75),Good,97%,3%,0%,95%,N/A,N/A,81%,88%,84%,75%,N/A,N/A,84%,86%,76%,69%,73%,,,,,,,,,,,,81%,77%,84%,83%,86%,67%,82%,80%,84%,,,,,,,,,,,,,,85%,,95%,,42%,49%,38%,38%,31%,50%,57%,48%,44%,91%,92%,87%,92%,88%,83%,92%,88%,93%,,,,,,,,,,,83%,83%,81%,82%,N/A,N/A,88%,78%,84%,,72%,68%,72%,74%,N/A,N/A,71%,66%,83%,,85%,86%,81%,85%,N/A,N/A,76%,87%,92%
25Q460,Flushing High School,,,,www.flushinghighschool.org,Ignazio Accardi,"09,10,11,12,SE",1454,"Ed. Opt., Zoned Priority",,35-01 Union Street,"Queens, NY 11354",718-888-7500,16%,8%,64%,<1%,<1%,3%,24%,18%,,44%,56%,0%,81%,"Boys: WRESTLING,HANDBALL,INDOOR TRACK,VOLLEYBALL,TABLE TENNIS,BASEBALL,FOOTBALL,BASKETBALL,TENNIS,BADMINTON,SOCCER,BOWLING; Girls: BASKETBALL,TABLE TENNIS,INDOOR TRACK,VOLLEYBALL,SOCCER,BADMINTON,HANDBALL,WRESTLING,SOFTBALL; Co-Ed: N/A",N/A,"Painting, Piano Keyboard, Visual Art, Computer Art / Digital Art, Studio Art, Drawing, Music History, Mixed Choir, Graphic Design, Portfolio Development","NYSED ""Local Support and Improvement""; Community School; CS for All; Dual Language or TBE; DYCD: COMPASS/SONYC",11%,15%,26%,0%,0%,41%,0.1,85%,,,,,,,,,,,,75%,62%,507 (35%),657 (45%),20% (199),8% (83),63% (636),1% (11),<1% (2),3% (34),Good,96%,4%,0%,96%,0%,4%,86%,98%,80%,82%,N/A,N/A,N/A,91%,82%,72%,89%,,,,,,,,,,,,81%,79%,84%,82%,100%,N/A,91%,82%,77%,,,,,,,,,,,,,,84%,,95%,,46%,47%,45%,46%,63%,N/A,56%,53%,54%,91%,94%,88%,90%,100%,N/A,97%,90%,90%,,,,,,,,,,,88%,85%,90%,88%,N/A,N/A,94%,91%,88%,,76%,64%,77%,78%,N/A,N/A,82%,82%,81%,,89%,87%,87%,89%,N/A,N/A,100%,93%,92%
25Q525,Townsend Harris High School,,,,www.thhs.qc.edu/,Brian Condon,"09,10,11,12,SE",1323,Screened With Assessment,,149-11 Melbourne Avenue,"Queens, NY 11367",718-575-5580,57%,6%,16%,1%,1%,16%,<1%,14%,,58%,41%,<1%,93%,"Boys: TENNIS,BOWLING,WRESTLING,BADMINTON,OUTDOOR TRACK,CROSS COUNTRY,VOLLEYBALL,HANDBALL,SOCCER,INDOOR TRACK,BASEBALL,BASKETBALL,FENCING; Girls: SWIMMING,SOFTBALL,BADMINTON,VOLLEYBALL,OUTDOOR TRACK,SOCCER,CROSS COUNTRY,INDOOR TRACK,BASKETBALL,FLAG FOOTBALL,BOWLING,HANDBALL,TABLE TENNIS,TENNIS,WRESTLING,FENCING; Co-Ed: N/A","No Buddy Left Behind, Student Union, Senate, Freshman Grade Leaders, Sophomore Grade Leaders, Junior Grade Leaders, Senior Council, Amnesty International, Art Club, Gender and Sexuality Alliance, Get Your Life Together (GYLT), Habitat for Humanity, Jewish Club, Junior State of America (JSA), Mock Trial/Moot Court Team, ModIT, Neuroscience Club, SING, Festival of Nations, Tech Crew, Trivia and Knowledge Club, UNICEF, Zumba Club, Black Excellence Club, Chess Club, The Classic, The Creative Writer's Association, Glamour Gals and Gallants, Latin Dance Club, Math Team, Mock Trial/Moot Court, Muslim Student Association, Philosophy, Red Cross Club, Robotics (Steel Hawks), Young America's Foundation (YAF), Save Planet Earth (SPE), Big Sib, Little Sib, Drama Club, The Geo Dudes, Hawkappella, Model United Nations, rhyTHm KPop Dance, Science Olympiad, Student Wellness Team, THHS Film Society, Yoga in Action!, American Sign Language, (E)STE(E)M, Expression, Fiber Arts Club, Girl Up, Health Professionals Society, Entrepreneurs, Latin League, Key Club, Life After Loss, Period Poverty Awareness, The Phoenix, Table Tennis Club, Anime Club, Book Club, Seekers, Uplift, Arts for Generations, Chinese Immersion Club, Makeup Club, La Herencia Hispana, Caribbean Club, School play, Archon Honor Society, Arista Honor Society, NYS Science Honor Society, Equity & Access Student Team","Graphic Design, Studio Art, Music, Woodwind Ensemble, Symphonic Orchestra, String Orchestra, Core Music, Concert Band, Jazz Ensemble, Mixed Choir, and more","NYSED ""Local Support and Improvement""",10%,7%,15%,N/A (fewer than 5 teachers),0%,62%,6.4,91%,,,,,,,,,,,,99%,91%,1015 (77%),802 (61%),58% (672),5% (63),15% (177),<1% (11),<1% (11),16% (182),Fair,99%,N/A,N/A,96%,0%,4%,99%,100%,100%,98%,N/A,N/A,98%,99%,99%,N/A,95%,,,,,,,,,,,,96%,95%,100%,96%,N/A,N/A,100%,N/A,95%,,,,,,,,,,,,,,96%,,95%,,64%,59%,33%,69%,N/A,N/A,94%,N/A,84%,97%,96%,100%,93%,N/A,N/A,100%,N/A,95%,,,,,,,,,,,86%,88%,81%,78%,N/A,N/A,90%,N/A,91%,,67%,63%,75%,80%,N/A,N/A,66%,N/A,86%,,92%,95%,90%,88%,N/A,N/A,91%,N/A,97%
25Q670,Robert F. Kennedy Community High School,,,,rfkchs.com,Anthony Barbetta,"09,10,11,12,SE",569,Ed. Opt.,,75-40 Parsons Boulevard,"Queens, NY 11366",718-969-5510,27%,14%,46%,<1%,1%,11%,11%,17%,,45%,55%,0%,79%,"Boys: SOCCER,FENCING,WRESTLING,BASKETBALL,CROSS COUNTRY,BASEBALL,BOWLING; Girls: CROSS COUNTRY,SOFTBALL,BASKETBALL,VOLLEYBALL,SOCCER,TENNIS; Co-Ed: GOLF","College Trips for all grade levels, Broadway Trips (TDF, Wendy Project), Blood Drives, Pi Day Celebration, Multicultural Night, Alley Pond Ropes Team Building Ropes Course, Winter Showcase / RFK Unplugged Talent Show, Dances, Community Service Opportunities (walks, food/clothing drives).","Studio Art, Music History, Drawing, Painting, Digital Photography, Visual Art","NYSED ""Local Support and Improvement""; AP for All; NYC Math",N/A (fewer than 5 teachers),N/A (fewer than 5 teachers),N/A (fewer than 5 teachers),0%,0%,76%,0.1,95%,,,,,,,,,,,,70%,76%,135 (24%),342 (60%),31% (123),14% (55),42% (169),<1% (3),<1% (3),11% (44),Good,98%,N/A,N/A,97%,N/A,N/A,92%,89%,93%,92%,N/A,N/A,100%,94%,90%,82%,87%,,,,,,,,,,,,87%,87%,77%,87%,N/A,N/A,94%,84%,83%,,,,,,,,,,,,,,89%,,96%,,56%,57%,51%,56%,N/A,40%,67%,47%,52%,93%,97%,96%,88%,N/A,100%,94%,81%,90%,,,,,,,,,,,86%,100%,61%,89%,N/A,N/A,72%,100%,83%,,77%,72%,70%,82%,N/A,N/A,78%,67%,91%,,92%,100%,74%,91%,N/A,N/A,94%,100%,96%
26Q315,Business Technology Early College High School,,,,www.btechnyc.org,Patrice Henry,"09,10,11,12,SE",518,Ed. Opt.,,230-17 Hillside Avenue,"Queens, NY 11427",718-217-3613,21%,46%,24%,4%,<1%,4%,3%,17%,,35%,65%,0%,83%,Boys: N/A; Girls: N/A; Co-Ed: N/A,"Clubs: National Honor Society (NHS), Talent Show, Youth Leadership Council, GEM's (Girls Empowerment Movement), MOUSE Squad, Men of Color Club, Music Club, LGBTQ, Gay Straight Alliance, Computer Club, Gaming Club, Bollywood Dance Club, Chat & Chew Lunch Group, Indo-Caribbean Group, Mental Health Club, Movie Club, Debate Club, Grief and Loss Group, Video Game Club, and Trading Card Game Club. Activities: PTA, BTECH Bash (End of Year Celebration), Field Day, Thanksgiving Brunch, Senior Activities (Prom, Senior Six Flags, Senior Trip, Senior Day Trips, Senior Brunch and Awards), Grade level day trips (museums, amusement parks, movies), Student Led Conferences, Parent Mixer, Counselor led Workshops for Students and Parents, College & Career Fair, College trips, and Student Workshops (SAT prep, Regents Review, College Preparation, College Essay writing, POSSE Scholarship), Awards Ceremony, Women Who Lead Panel, Unsung Heroes, Parent Workshops (Power of One, Mindfulness in the Home), BTECH Give Back (School-wide Community Service day), Fall and Spring Spirit Weeks, and Student v. Staff Basketball Game.","Music, Mixed Media, Computer Art / Digital Art","NYSED ""Local Support and Improvement""; AP for All; Career & Technical Education; NYC Math",23%,17%,23%,0%,0%,34%,6.5,86%,,,,,,,,,,,,98%,82%,118 (23%),345 (67%),23% (92),43% (169),24% (96),5% (18),1% (4),3% (11),Good,100%,0%,0%,97%,N/A,N/A,99%,96%,100%,100%,N/A,N/A,N/A,98%,100%,N/A,100%,,,,,,,,,,,,87%,82%,89%,87%,100%,N/A,64%,75%,86%,,,,,,,,,,,,,,88%,,97%,,63%,65%,64%,61%,70%,N/A,67%,78%,66%,93%,96%,92%,91%,90%,N/A,100%,78%,87%,,,,,,,,,,,92%,94%,92%,91%,N/A,N/A,N/A,100%,93%,,89%,97%,89%,82%,N/A,N/A,N/A,100%,93%,,96%,100%,96%,91%,N/A,N/A,N/A,100%,95%
26Q415,Benjamin N. Cardozo High School,,,,www.cardozohigh.com,Meagan Colby,"09,10,11,12,SE",3069,"Audition, D75 Special Education Inclusive Services, Ed. Opt., Screened, Zoned Guarantee",,57-00 223rd Street,"Bayside, NY 11364",718-279-6500,42%,21%,24%,1%,<1%,9%,5%,16%,,53%,47%,<1%,86%,"Boys: INDOOR TRACK,BASEBALL,TENNIS,WRESTLING,VOLLEYBALL,FENCING,HANDBALL,OUTDOOR TRACK,CROSS COUNTRY,BOWLING,TABLE TENNIS,BASKETBALL,LACROSSE,FOOTBALL,SOCCER; Girls: CROSS COUNTRY,WRESTLING,SOCCER,TABLE TENNIS,GOLF,TENNIS,INDOOR TRACK,SWIMMING,OUTDOOR TRACK,FENCING,LACROSSE,HANDBALL,SOFTBALL,GYMNASTICS,VOLLEYBALL,BASKETBALL; Co-Ed: GOLF,STUNT","Naval Junior Officers Training (NJROTC), Computer Science Program, Gateway Institute for PreCollege Education, In school CBOCommon Ground","Concert Band, Mixed Media, Painting, Guitar, Visual Art, Mixed Choir, Choreography / Dance Composition, Fashion and Textile Design, Cartooning, Dance Technical Production, and more","NYSED ""Local Support and Improvement""; Project Pivot",18%,5%,14%,N/A (fewer than 5 teachers),0%,60%,7.1,90%,,,,,,,,,,,,80%,77%,1031 (34%),1733 (56%),47% (1043),18% (411),22% (494),1% (29),<1% (14),9% (210),Fair,94%,N/A,N/A,98%,N/A,N/A,94%,95%,92%,92%,N/A,N/A,93%,95%,91%,85%,88%,,,,,,,,,,,,63%,56%,75%,73%,67%,67%,56%,73%,72%,,,,,,,,,,,,,,89%,,96%,,44%,47%,37%,40%,56%,27%,45%,60%,55%,90%,91%,89%,90%,89%,100%,92%,89%,89%,,,,,,,,,,,68%,73%,64%,61%,N/A,N/A,70%,82%,65%,,62%,58%,70%,58%,N/A,N/A,62%,73%,73%,,77%,78%,78%,73%,N/A,N/A,74%,100%,85%
26Q430,Francis Lewis High School,,,,francislewishs.org,David Marmor,"09,10,11,12,SE",4267,"ASD/ACES Program, D75 Special Education Inclusive Services, Ed. Opt., Screened, Zoned Guarantee",,58-20 Utopia Parkway,"Queens, NY 11365",718-281-8200,61%,4%,21%,<1%,<1%,13%,12%,13%,,49%,51%,<1%,90%,"Boys: BASEBALL,FENCING,SOCCER,CROSS COUNTRY,VOLLEYBALL,WRESTLING,OUTDOOR TRACK,SWIMMING,TENNIS,HANDBALL,BOWLING,BASKETBALL,INDOOR TRACK; Girls: TENNIS,OUTDOOR TRACK,FLAG FOOTBALL,SOCCER,GOLF,CROSS COUNTRY,BASKETBALL,INDOOR TRACK,VOLLEYBALL,HANDBALL,SOFTBALL,SWIMMING,WRESTLING,TABLE TENNIS,BOWLING,FENCING; Co-Ed: CRICKET",N/A,"Computer Art / Digital Art, Visual Art, Fashion and Textile Design, Piano Keyboard, Music History, Art History, Guitar, Dance, Mixed Choir, Concert Band, and more","NYSED ""Local Support and Improvement""; Dual Language or TBE",22%,7%,11%,N/A (fewer than 5 teachers),0%,56%,10.1,95%,,,,,,,,,,,,76%,77%,1489 (35%),2285 (54%),67% (1850),3% (78),15% (407),<1% (10),<1% (10),13% (370),Fair,94%,6%,0%,94%,N/A,N/A,93%,96%,84%,85%,N/A,N/A,94%,95%,91%,80%,82%,,,,,,,,,,,,82%,82%,79%,86%,100%,N/A,81%,85%,81%,,,,,,,,,,,,,,92%,,96%,,46%,48%,38%,40%,18%,N/A,49%,63%,49%,93%,94%,83%,92%,100%,N/A,89%,95%,91%,,,,,,,,,,,78%,80%,73%,79%,N/A,N/A,76%,83%,79%,,66%,62%,87%,63%,N/A,N/A,77%,77%,72%,,85%,86%,93%,84%,N/A,N/A,84%,76%,87%
26Q435,Martin Van Buren High School,,,,www.thenewmvb.com,Deborah Nettleford,"09,10,11,12,SE",1053,"Ed. Opt., Open, Screened, Zoned Priority",,230-17 Hillside Avenue,"Queens, NY 11427",718-776-4728,33%,36%,21%,4%,1%,4%,13%,18%,,47%,53%,0%,82%,"Boys: BASEBALL,SOCCER,VOLLEYBALL,BASKETBALL,INDOOR TRACK,OUTDOOR TRACK; Girls: SOCCER,OUTDOOR TRACK,BASKETBALL,TENNIS,INDOOR TRACK,SOFTBALL,VOLLEYBALL; Co-Ed: CRICKET",N/A,"Core Music, Art History, Cartooning, Music Technology, Studio Art, Piano Keyboard, Visual Art, Music","NYSED ""Local Support and Improvement""; Community School; CS for All; DYCD: COMPASS/SONYC; NYC Math",16%,11%,11%,0%,0%,58%,1.9,92%,,,,,,,,,,,,55%,69%,260 (25%),323 (31%),38% (199),31% (160),21% (110),5% (25),2% (8),3% (15),Good,96%,4%,0%,96%,0%,4%,84%,87%,85%,75%,N/A,N/A,N/A,89%,80%,71%,68%,,,,,,,,,,,,77%,76%,77%,72%,88%,60%,85%,83%,76%,,,,,,,,,,,,,,85%,,95%,,46%,54%,45%,33%,60%,20%,44%,61%,60%,88%,93%,84%,83%,89%,100%,96%,87%,88%,,,,,,,,,,,80%,85%,79%,77%,64%,N/A,75%,90%,86%,,76%,70%,80%,69%,79%,N/A,88%,86%,88%,,86%,88%,88%,80%,77%,N/A,75%,86%,88%
26Q495,Bayside High School,,,,www.baysidehighschool.org,Tracy Martinez,"09,10,11,12,SE",2998,"Audition, D75 Special Education Inclusive Services, Ed. Opt., Screened With Assessment, Zoned Guarantee",,32-24 Corporal Kennedy Street,"Queens, NY 11361",718-229-7600,46%,12%,28%,<1%,<1%,13%,7%,15%,,48%,52%,<1%,86%,"Boys: SOCCER,HANDBALL,OUTDOOR TRACK,BASKETBALL,VOLLEYBALL,FOOTBALL,SWIMMING,INDOOR TRACK,BOWLING,CROSS COUNTRY,BASEBALL,TENNIS; Girls: GOLF,HANDBALL,VOLLEYBALL,CROSS COUNTRY,FLAG FOOTBALL,INDOOR TRACK,LACROSSE,BOWLING,SOFTBALL,TENNIS,OUTDOOR TRACK,SOCCER,BASKETBALL,SWIMMING; Co-Ed: GOLF","American Red Cross, Animation, Anime, Art, Archon, Arista, Astronomy, Badminton / Ping Pong, Basketball, Baysider (Newspaper), Beauty / Make-up Club, BHS Notes, Book, Bowling, Bridge to Medicine, Cheerleading, Chemistry, Chess, Chinese, Chinese Yo-Yo, Coding, Desi, Drama, Debate, EBONY, E-Sports, Environmental, Filipino, Film, Gaming, Green, Habitat for Humanity, Handball, Hellenic (Greek), Hispanic, International Fashion, Investment, Japanese, Jazz Band, Jewish Student Union, Junior Council, K-Pop, Key, Knitting, Korean, Korean Drumming, Muslim Student Association, Origami Social, Outdoors, Physics, R.A.F.A., Robotics, Seekers Christian, Senior Council, Sikh Student Association, Smiles for Miles, S.O.U.L., Student Organization Council, Tae Kwon Do, Triangle (Yearbook), Underclassmen Council, Woman's Empowerment","Core Music, Computer Art / Digital Art, Music Technology, Drawing, Music Enterprise, Management, and Careers, Visual Art, Music History, Studio Art, Portfolio Development, Music","NYSED ""Local Support and Improvement""; Respect for All",19%,5%,9%,0%,0%,64%,1.9,90%,,,,,,,,,,,,100%,80%,559 (19%),1468 (49%),48% (1228),11% (274),26% (650),<1% (22),<1% (11),13% (320),Good,64%,N/A,N/A,97%,N/A,N/A,99%,100%,97%,99%,N/A,N/A,98%,100%,98%,100%,98%,,,,,,,,,,,,79%,77%,84%,80%,70%,100%,78%,84%,83%,,,,,,,,,,,,,,92%,,97%,,49%,47%,52%,48%,38%,50%,51%,63%,55%,91%,91%,90%,90%,76%,80%,93%,92%,94%,,,,,,,,,,,85%,86%,89%,82%,N/A,N/A,80%,82%,83%,,68%,62%,81%,73%,N/A,N/A,68%,60%,81%,,86%,88%,86%,81%,N/A,N/A,83%,80%,85%
26Q566,"Queens High School of Teaching, Liberal Arts and the Sciences",,,,www.queenshsofteaching.org/,Camille Gardner,"09,10,11,12,SE",865,"ASD/ACES Program, D75 Special Education Inclusive Services, Ed. Opt.",,74-20 Commonwealth Blvd,"Queens, NY 11426",718-736-7100,20%,48%,22%,4%,<1%,4%,4%,18%,,57%,43%,0%,74%,"Boys: BASKETBALL,BOWLING,INDOOR TRACK,FENCING,BASEBALL,SWIMMING,SOCCER,OUTDOOR TRACK,CROSS COUNTRY; Girls: CROSS COUNTRY,VOLLEYBALL,FLAG FOOTBALL,LACROSSE,SOFTBALL,FENCING,OUTDOOR TRACK,BASKETBALL,GOLF,SOCCER,SWIMMING,INDOOR TRACK; Co-Ed: CRICKET,GOLF",N/A,"Music Technology, Visual Art","NYSED ""Local Support and Improvement""; NYC Math",14%,14%,13%,0%,0%,53%,1.8,90%,,,,,,,,,,,,37%,79%,617 (71%),477 (55%),20% (157),49% (389),21% (165),4% (32),<1% (4),3% (27),Good,92%,N/A,N/A,96%,0%,4%,96%,92%,97%,95%,N/A,N/A,N/A,96%,96%,90%,84%,,,,,,,,,,,,80%,73%,82%,82%,68%,N/A,79%,83%,85%,,,,,,,,,,,,,,86%,,96%,,45%,45%,45%,42%,32%,N/A,67%,46%,58%,91%,85%,92%,91%,95%,N/A,88%,93%,88%,,,,,,,,,,,70%,72%,67%,73%,67%,N/A,67%,60%,76%,,72%,75%,69%,69%,83%,N/A,78%,100%,89%,,80%,90%,81%,70%,67%,N/A,78%,80%,88%
27Q260,Frederick Douglass Academy VI High School,,,,www.fdavi.org/,Tenesha Worley,"09,10,11,12,SE",266,"Ed. Opt., Open",,8-21 Bay 25 Street,"Queens, NY 11691",718-471-2154,2%,44%,50%,<1%,0%,2%,30%,29%,,48%,52%,0%,76%,Boys: N/A; Girls: N/A; Co-Ed: N/A,"Clubs: Music Band ,Art, Hair Fairies, LGBTQ, Art club, Cooking Club, Dance","Concert Band, Jazz Ensemble, Visual Art","NYSED ""Comprehensive Support and Improvement""; 21st Century Community Learning Center; AP for All; Community School; NYC Math; Pathways Advising; Project Pivot",0%,36%,N/A (fewer than 5 teachers),0%,0%,52%,2.1,96%,,,,,,,,,,,,33%,25%,17 (6%),50 (19%),2% (1),49% (30),49% (30),0% (0),0% (0),0% (0),Excellent,97%,N/A,N/A,97%,N/A,N/A,75%,N/A,79%,70%,N/A,N/A,N/A,83%,69%,62%,79%,,,,,,,,,,,,76%,N/A,82%,71%,N/A,N/A,N/A,70%,83%,,,,,,,,,,,,,,83%,,96%,,51%,N/A,49%,55%,N/A,N/A,N/A,56%,49%,80%,N/A,74%,88%,N/A,N/A,N/A,88%,80%,,,,,,,,,,,86%,N/A,84%,91%,N/A,N/A,N/A,83%,94%,,80%,N/A,78%,79%,N/A,N/A,N/A,83%,83%,,88%,N/A,82%,97%,N/A,N/A,N/A,92%,94%
27Q262,Channel View School for Research,,,,www.cvsr.info,Denise Harper Richards,"06,07,08,09,10,11,12,SE",801,"ASD/ACES Program, D75 Special Education Inclusive Services, Ed. Opt., For Continuing 8th Graders",,100-00 Beach Channel Drive,"Queens, NY 11694",718-634-1970,6%,40%,44%,1%,<1%,8%,4%,15%,,45%,55%,0%,79%,"Boys: VOLLEYBALL,BASKETBALL,FOOTBALL,BASEBALL,TENNIS,SOCCER; Girls: TENNIS,VOLLEYBALL,BASKETBALL,LACROSSE,SOCCER,SOFTBALL; Co-Ed: N/A",N/A,"Studio Art, Core Music, Three-Dimensional Art, Concert Band, Graphic Design, Drawing, Mixed Choir, Portfolio Development, Dance, Music Theory / Musicianship, and more","NYSED ""Local Support and Improvement""; AP for All; CS for All; DYCD: COMPASS/SONYC; Future Ready NYC; NYC Math; Project Pivot",N/A (fewer than 5 teachers),22%,7%,0%,0%,61%,8.9,79%,,,,,,,,,,,,98%,70%,485 (61%),473 (59%),6% (38),39% (243),44% (278),1% (8),<1% (4),8% (51),Good,89%,N/A,N/A,98%,N/A,N/A,97%,N/A,97%,96%,N/A,N/A,100%,99%,96%,N/A,100%,,,,,,,,,,,,78%,67%,78%,78%,83%,N/A,75%,79%,76%,,,,,,,,,,,,,,87%,,94%,,45%,41%,44%,45%,54%,N/A,46%,58%,53%,85%,81%,80%,89%,92%,N/A,85%,87%,86%,,,,,,,,,,,74%,82%,75%,74%,77%,N/A,66%,68%,76%,,70%,54%,77%,66%,93%,N/A,63%,61%,79%,,80%,92%,78%,83%,86%,N/A,63%,90%,82%
27Q302,"Queens High School for Information, Research, and Technology",,,,www.qirtnyc.org/,Mahendra Singh,"09,10,11,12,SE",497,Ed. Opt.,,8-21 Bay 25 Street,"Queens, NY 11691",718-868-2978,3%,37%,57%,<1%,<1%,2%,13%,18%,,40%,60%,<1%,87%,Boys: N/A; Girls: N/A; Co-Ed: N/A,"Art Club, Music Club, Work Based Learning Programs, Robotics, Anime Club, Intramural Sports (Basketball, Volleyball), Weight Room, Student Council, Cooking Club, Web design and videography","Music Technology, Mixed Choir","NYSED ""Local Support and Improvement""; AP for All; Community School; Dual Language or TBE; Future Ready NYC; NYC Math; Project Pivot; Respect for All",N/A (fewer than 5 teachers),24%,18%,0%,0%,53%,3.8,82%,,,,,,,,,,,,65%,82%,161 (32%),119 (24%),4% (10),34% (81),59% (139),<1% (2),<1% (2),1% (3),Excellent,95%,N/A,N/A,94%,N/A,N/A,93%,N/A,93%,92%,N/A,N/A,N/A,98%,88%,82%,94%,,,,,,,,,,,,86%,83%,86%,87%,N/A,N/A,88%,76%,82%,,,,,,,,,,,,,,85%,,95%,,64%,85%,67%,60%,N/A,N/A,75%,54%,69%,91%,100%,89%,92%,N/A,N/A,88%,82%,92%,,,,,,,,,,,91%,80%,92%,90%,N/A,N/A,N/A,86%,86%,,82%,60%,83%,81%,N/A,N/A,N/A,86%,79%,,92%,80%,91%,92%,N/A,N/A,N/A,95%,85%
27Q308,Robert H. Goddard High School of Communication Arts and Technology,,,,www.GoddardHS308.org,Joseph Birgeles,"09,10,11,12,SE",602,Ed. Opt.,,138-30 Lafayette Street,"Queens, NY 11417",718-848-8357,23%,9%,50%,4%,1%,11%,4%,18%,,46%,54%,0%,83%,"Boys: SOCCER,BASEBALL,BASKETBALL; Girls: SOFTBALL,BASKETBALL,SOCCER; Co-Ed: N/A","Art Club, Digital Art Club, Student Government, COSA, World Culture Club, Debate, Cheerleading, Chess Club, ESports Gaming Club, Yearbook, Drama Club, Book Club, National Honor Society, Teen Choice Career Readiness, My Sister's Keeper (MSK)","Computer Art / Digital Art, Studio Art, Music History","NYSED ""Local Support and Improvement""; Career Readiness and Modern Youth Apprenticeship; NYC Math; Respect for All",13%,N/A (fewer than 5 teachers),13%,0%,0%,65%,13,95%,,,,,,,,,,,,89%,74%,132 (22%),235 (39%),27% (97),11% (38),45% (161),4% (13),<1% (3),11% (41),Good,96%,N/A,N/A,100%,0%,0%,95%,97%,100%,92%,N/A,N/A,N/A,97%,93%,N/A,92%,,,,,,,,,,,,92%,89%,100%,95%,91%,100%,82%,88%,89%,,,,,,,,,,,,,,90%,,96%,,56%,58%,66%,54%,79%,71%,51%,39%,65%,92%,95%,97%,91%,93%,100%,89%,95%,89%,,,,,,,,,,,88%,92%,100%,83%,N/A,N/A,79%,80%,88%,,84%,80%,89%,86%,N/A,N/A,80%,100%,100%,,94%,100%,89%,90%,N/A,N/A,93%,100%,100%
27Q309,Academy of Medical Technology: A College Board School,,,,www.AMTNYC.ORg,William Johnson,"06,07,08,09,10,11,12,SE",444,"Ed. Opt., For Continuing 8th Graders",,8-21 Bay 25 Street,"Queens, NY 11691",718-471-3571,2%,38%,53%,<1%,<1%,3%,18%,18%,,49%,51%,0%,78%,"Boys: BASKETBALL,TABLE TENNIS,INDOOR TRACK,FOOTBALL,SWIMMING,SOCCER,BASEBALL,OUTDOOR TRACK; Girls: VOLLEYBALL,INDOOR TRACK,SOFTBALL,BASKETBALL,SWIMMING,TENNIS,SOCCER,FLAG FOOTBALL,OUTDOOR TRACK; Co-Ed: DOUBLE DUTCH",N/A,"Illustration, Modern Dance, Painting, Folk / Traditional Cutural Dance","NYSED ""Local Support and Improvement""; 21st Century Community Learning Center; AP for All; Community School; CS for All; DYCD: COMPASS/SONYC; NYC Math; Pathways Advising; Project Pivot",10%,12%,24%,0%,0%,52%,7.9,92%,,,,,,,,,,,,86%,58%,70 (16%),122 (27%),2% (4),44% (82),49% (91),1% (2),<1% (1),2% (3),Good,96%,N/A,N/A,98%,N/A,N/A,84%,N/A,86%,80%,N/A,N/A,N/A,86%,81%,73%,72%,,,,,,,,,,,,75%,75%,76%,75%,71%,N/A,67%,70%,74%,,,,,,,,,,,,,,80%,,95%,,49%,58%,50%,51%,20%,N/A,33%,60%,61%,84%,83%,80%,85%,90%,N/A,92%,88%,88%,,,,,,,,,,,86%,N/A,90%,80%,N/A,N/A,N/A,75%,88%,,84%,N/A,82%,83%,N/A,N/A,N/A,100%,100%,,91%,N/A,86%,92%,N/A,N/A,N/A,83%,86%
27Q314,Epic High School - South,,,,Epichighschoolsouth.org,Subhas Mohan,"09,10,11,12,SE",403,Ed. Opt.,,121-10 Rockaway Boulevard,"Queens, NY 11420",718-845-1290,31%,25%,32%,6%,2%,3%,9%,20%,,44%,56%,0%,75%,Boys: BASKETBALL; Girls: INDOOR TRACK; Co-Ed: N/A,"Video Game Club, Health Occupations Students Association (HOSA), Science Olympiad, Dance Club, Board Game Club, Debate Team, Regents Tutoring, News Paper Club, My Brother's Keeper, My Sister's Keeper, Yearbook Club","Visual Art, Studio Art, Mixed Media, Drawing, Art History","NYSED ""Local Support and Improvement""; AP for All; NYC Math",17%,17%,20%,0%,0%,33%,7.3,67%,,,,,,,,,,,,74%,59%,355 (88%),213 (53%),31% (117),25% (93),31% (118),6% (22),2% (9),3% (12),Excellent,92%,8%,0%,91%,0%,9%,81%,76%,91%,82%,N/A,N/A,N/A,82%,81%,44%,94%,,,,,,,,,,,,84%,89%,78%,81%,93%,N/A,100%,89%,74%,,,,,,,,,,,,,,85%,,95%,,48%,43%,45%,54%,60%,N/A,33%,68%,58%,91%,97%,86%,88%,88%,N/A,100%,90%,84%,,,,,,,,,,,83%,80%,83%,90%,N/A,N/A,N/A,N/A,83%,,89%,93%,67%,89%,N/A,N/A,N/A,N/A,83%,,86%,87%,100%,78%,N/A,N/A,N/A,N/A,83%
27Q323,Scholars' Academy,,,,www.scholarsnyc.com/home,Michele Smyth,"06,07,08,09,10,11,12,SE",612,Screened,,320 Beach 104th Street,"Queens, NY 11694",718-474-6918,18%,16%,24%,<1%,<1%,39%,<1%,17%,,54%,46%,<1%,77%,"Boys: SWIMMING,BOWLING,BASEBALL,CROSS COUNTRY,BASKETBALL; Girls: CROSS COUNTRY,BASKETBALL,TENNIS,SOCCER,SOFTBALL,VOLLEYBALL; Co-Ed: GOLF,STUNT","South Asian Cultural Club (SACC), Theater Model UN, Muslim Student Association (MSA), WCC (World Cultural Club), BSU (Black Student Union), Medical Club, Muslim Student Association (MSA), Photography Club, Green Team, Key Club, Student Government, Math Team, CHEM Club, Business Administration Club, Journalism Club, Law Club","Studio Art, Music History, Concert Band, Guitar, Acting, Painting, Drawing, Art History, Mixed Choir, Digital Photography","NYSED ""Local Support and Improvement""; CS for All; DYCD: COMPASS/SONYC",N/A (fewer than 5 teachers),10%,14%,N/A (fewer than 5 teachers),0%,67%,3.6,89%,,,,,,,,,,,,100%,94%,293 (48%),298 (49%),18% (104),16% (94),23% (134),<1% (5),<1% (4),40% (231),Fair,98%,N/A,N/A,98%,N/A,N/A,99%,100%,100%,100%,N/A,N/A,97%,99%,99%,N/A,91%,,,,,,,,,,,,89%,90%,89%,86%,81%,83%,91%,80%,89%,,,,,,,,,,,,,,93%,,96%,,59%,57%,56%,53%,63%,57%,66%,17%,71%,92%,93%,92%,91%,81%,100%,92%,67%,91%,,,,,,,,,,,88%,91%,90%,89%,89%,67%,84%,N/A,92%,,79%,73%,83%,84%,89%,67%,76%,N/A,87%,,91%,93%,89%,91%,100%,100%,90%,N/A,93%
27Q324,Rockaway Park High School for Environmental Sustainability,,,,www.rockawayparkhs.com,Miriam Zambrano Lamhao,"09,10,11,12,SE",232,Ed. Opt.,,100-00 Beach Channel Drive,"Queens, NY 11694",718-734-3280,2%,46%,40%,1%,<1%,7%,16%,41%,,37%,63%,0%,75%,Boys: N/A; Girls: N/A; Co-Ed: N/A,"We have a stateoftheart dance studio, music recording studio, music room, and woodshop room. Students learn guitar (beginnersadvanced), rock band club, gaming club, woodshop club, dance club, swim club, Rock Park Chronicles Newspaper, Student Council, Yearbook club and photography club.","Guitar, Music Theory / Musicianship, Computer Art / Digital Art","NYSED ""Local Support and Improvement""; AP for All; Community School; Future Ready NYC; NYC Math; Pathways Advising",N/A (fewer than 5 teachers),N/A (fewer than 5 teachers),N/A (fewer than 5 teachers),0%,0%,65%,0.2,87%,,,,,,,,,,,,47%,26%,62 (27%),82 (35%),3% (3),45% (54),38% (45),<1% (1),<1% (1),8% (10),Excellent,93%,N/A,N/A,95%,N/A,N/A,79%,N/A,85%,73%,N/A,N/A,N/A,84%,77%,75%,76%,,,,,,,,,,,,81%,N/A,81%,83%,N/A,N/A,79%,78%,78%,,,,,,,,,,,,,,82%,,96%,,47%,N/A,49%,49%,N/A,N/A,27%,46%,55%,87%,N/A,89%,87%,N/A,N/A,71%,93%,84%,,,,,,,,,,,87%,N/A,85%,93%,N/A,N/A,86%,78%,89%,,78%,N/A,82%,81%,N/A,N/A,71%,75%,83%,,89%,N/A,90%,97%,N/A,N/A,57%,88%,86%
27Q334,Epic High School - North,,,,www.schools.nyc.gov/schools/Q334,Kristen Breen,"09,10,11,12,SE",390,Ed. Opt.,,94-25 117th Street,"Queens, NY 11419",718-570-8230,26%,12%,51%,3%,2%,3%,12%,14%,,47%,53%,0%,71%,"Boys: BADMINTON,BASKETBALL,VOLLEYBALL; Girls: BADMINTON,VOLLEYBALL,INDOOR TRACK; Co-Ed: N/A","GSA, Beauty and Brains, Gamers Club, Happify Program, El Poder de Las Diosas Club, after school tutorial, Dance Club, Student Government","Studio Art, Music History, Graphic Design","NYSED ""Local Support and Improvement""; AP for All; NYC Math; PROSE",30%,N/A (fewer than 5 teachers),19%,0%,0%,41%,5.1,74%,,,,,,,,,,,,97%,54%,91 (23%),145 (37%),25% (63),12% (31),49% (123),4% (11),2% (6),4% (10),Good,96%,N/A,N/A,85%,0%,15%,96%,93%,N/A,98%,N/A,N/A,N/A,96%,95%,94%,100%,,,,,,,,,,,,89%,89%,91%,90%,90%,60%,89%,86%,89%,,,,,,,,,,,,,,82%,,97%,,46%,43%,51%,50%,27%,0%,22%,36%,60%,94%,96%,97%,94%,82%,100%,89%,96%,93%,,,,,,,,,,,80%,89%,N/A,71%,N/A,N/A,N/A,N/A,60%,,74%,100%,N/A,65%,N/A,N/A,N/A,N/A,60%,,83%,89%,N/A,82%,N/A,N/A,N/A,N/A,80%
27Q351,Rockaway Collegiate High School,,,,www.schools.nyc.gov/schools/Q351,Shazima Ali,"09,10,11,12,SE",269,Open,,100-00 Beach Channel Drive,"Queens, NY 11694",718-734-3290,3%,48%,41%,<1%,0%,7%,17%,32%,,51%,49%,0%,73%,Boys: N/A; Girls: N/A; Co-Ed: N/A,"Art Club, Cooking Club, Dance Club, Fencing Club, Music Club, Soccer Club, Step Team, Student Government, Weightlifting Club, Video Games Club, Yearbook","Studio Art, Theater / Play Production, Drawing, Concert Band, Digital Photography, Computer Art / Digital Art","NYSED ""Local Support and Improvement""; AP for All; Community School; CS for All; DYCD: COMPASS/SONYC; Future Ready NYC; NYC Math",N/A (fewer than 5 teachers),20%,N/A (fewer than 5 teachers),0%,0%,48%,0.9,76%,,,,,,,,,,,,51%,29%,73 (27%),98 (36%),4% (6),43% (69),43% (70),<1% (1),0% (0),8% (13),Excellent,93%,7%,0%,70%,N/A,N/A,82%,N/A,83%,77%,N/A,N/A,N/A,86%,78%,60%,83%,,,,,,,,,,,,76%,N/A,76%,82%,N/A,N/A,71%,76%,73%,,,,,,,,,,,,,,79%,,94%,,45%,N/A,50%,44%,N/A,N/A,29%,48%,54%,89%,N/A,92%,90%,N/A,N/A,57%,96%,100%,,,,,,,,,,,85%,N/A,86%,91%,N/A,N/A,N/A,N/A,78%,,73%,N/A,86%,73%,N/A,N/A,N/A,N/A,67%,,88%,N/A,100%,91%,N/A,N/A,N/A,N/A,89%
27Q400,August Martin High School,,,,AUGUSTMARTIN.ORG,Allison Tiberio,"09,10,11,12,SE",504,Open,,156-10 Baisley Boulevard,"Queens, NY 11434",718-528-2920,11%,58%,23%,5%,1%,<1%,8%,26%,,40%,60%,0%,68%,"Boys: VOLLEYBALL,BASEBALL,FOOTBALL,BASKETBALL; Girls: INDOOR TRACK,SOFTBALL,BASKETBALL; Co-Ed: N/A",N/A,"Core Music, Studio Art, Art History, Computer Art / Digital Art","NYSED ""Local Support and Improvement""; AP for All; Community School; CS for All; Future Ready NYC; NYC Math; Project Pivot",N/A (fewer than 5 teachers),34%,N/A (fewer than 5 teachers),N/A (fewer than 5 teachers),0%,39%,1.1,85%,,,,,,,,,,,,92%,45%,129 (26%),239 (47%),13% (38),57% (170),23% (70),4% (11),1% (4),1% (4),Excellent,98%,N/A,N/A,94%,N/A,N/A,91%,N/A,92%,85%,N/A,N/A,N/A,97%,85%,93%,92%,,,,,,,,,,,,73%,62%,75%,78%,81%,N/A,N/A,79%,74%,,,,,,,,,,,,,,86%,,96%,,46%,58%,43%,44%,64%,N/A,N/A,65%,49%,86%,85%,85%,87%,93%,N/A,N/A,82%,85%,,,,,,,,,,,89%,90%,88%,92%,N/A,N/A,N/A,100%,88%,,85%,90%,81%,83%,N/A,N/A,N/A,100%,88%,,91%,100%,86%,100%,N/A,N/A,N/A,100%,88%
27Q475,Richmond Hill High School,,,,www.richmondhillhs.org/,Neil Ganesh,"09,10,11,12,SE",1639,"Ed. Opt., Screened, Zoned Priority",,89-30 114 Street,"Queens, NY 11418",718-846-3335,26%,10%,52%,5%,2%,3%,19%,17%,,46%,54%,0%,88%,"Boys: TENNIS,INDOOR TRACK,BOWLING,VOLLEYBALL,BASEBALL,HANDBALL,BASKETBALL,SOCCER,SWIMMING,OUTDOOR TRACK; Girls: SOFTBALL,OUTDOOR TRACK,BASKETBALL,VOLLEYBALL,SWIMMING,TENNIS,SOCCER,INDOOR TRACK,BOWLING; Co-Ed: CRICKET,GOLF","Saya Leadership, Bollywood Dance Fusion,Rainbow Coalition, Red Cross, Cheer and Dance Team, Museum Explorers, Anime, Robotics, College Now courses, SAT Preparation, PM School, Regents Preparation, Tutoring, SAYA!, The Underground News Team, Freshmen Leadership, Student Association","Music History, Art History, Illustration, Mixed Media, Visual Art, Painting, Drawing, Portfolio Development, Studio Art","NYSED ""Local Support and Improvement""; Career Readiness and Modern Youth Apprenticeship; Community School; Future Ready NYC; NYC Math",18%,14%,24%,0%,0%,38%,0.1,81%,,,,,,,,,,,,60%,47%,,557 (34%),28% (246),12% (105),48% (423),5% (43),2% (20),4% (32),Good,97%,3%,0%,92%,0%,8%,84%,79%,90%,86%,N/A,94%,N/A,92%,79%,73%,79%,,,,,,,,,,,,86%,88%,90%,87%,81%,86%,74%,86%,86%,,,,,,,,,,,,,,90%,,95%,,47%,50%,52%,46%,40%,57%,16%,59%,48%,89%,88%,91%,90%,86%,100%,85%,86%,88%,,,,,,,,,,,82%,100%,71%,78%,N/A,N/A,80%,88%,74%,,76%,71%,79%,75%,N/A,N/A,90%,68%,78%,,85%,92%,86%,84%,N/A,N/A,70%,92%,84%
27Q480,John Adams High School,,,,www.Johnadamsnyc.org,Pedro Cubero,"09,10,11,12,SE",2379,"Ed. Opt., Screened, Zoned Guarantee",,101-01 Rockaway Boulevard,"Queens, NY 11417",718-322-0500,30%,23%,38%,2%,2%,4%,14%,15%,,48%,52%,0%,87%,"Boys: BASKETBALL,SWIMMING,OUTDOOR TRACK,VOLLEYBALL,BOWLING,INDOOR TRACK,BASEBALL,FOOTBALL,HANDBALL,SOCCER,TENNIS; Girls: INDOOR TRACK,LACROSSE,SOFTBALL,BASKETBALL,HANDBALL,OUTDOOR TRACK,VOLLEYBALL,BADMINTON,BOWLING,SWIMMING,GOLF,SOCCER,FLAG FOOTBALL; Co-Ed: CRICKET","St.Johns Liberty Partnership Tutoring, Emerge video game club, GSA, Library Club, Northwell Health Clinic Art Group, Global Kids, Student Government and Prom committee, Mural Club, Weight Room, Drama Club/Musical Production, Science Olympiad, Equity Club, Guitar Club, Moot Court Mock Trial, Debate Club, National Honor Society, Gardening/Recycling Club, Robotics, Yearbook, Spardance , Creative writing","Core Music, Studio Art, Photography, Computer Art / Digital Art, Concert Band, Digital Photography, Drawing, Music Technology, Art History, Visual Art, and more","NYSED ""Local Support and Improvement""; Community School; CS for All; Dual Language or TBE; Future Ready NYC; NYC Math; Project Pivot",18%,7%,19%,N/A (fewer than 5 teachers),0%,48%,2.1,87%,,,,,,,,,,,,77%,52%,499 (21%),1169 (49%),32% (470),25% (361),35% (505),1% (17),2% (24),4% (58),Fair,95%,N/A,N/A,93%,0%,7%,88%,82%,96%,88%,N/A,N/A,87%,94%,81%,73%,92%,,,,,,,,,,,,78%,77%,77%,77%,74%,95%,76%,81%,73%,,,,,,,,,,,,,,87%,,95%,,44%,50%,42%,39%,24%,38%,29%,63%,43%,90%,90%,90%,90%,86%,86%,88%,94%,91%,,,,,,,,,,,81%,85%,79%,79%,N/A,100%,87%,88%,83%,,75%,76%,76%,78%,N/A,100%,53%,84%,89%,,86%,87%,83%,88%,N/A,100%,73%,94%,77%
27Q650,"High School for Construction Trades, Engineering and Architecture",,,,www.hsforctea.org,Lakeisha Gordon,"09,10,11,12,SE",1075,"D75 Special Education Inclusive Services, Screened",,94-06 104th Street,"Queens, NY 11416",718-846-6280,35%,9%,38%,3%,1%,11%,2%,16%,,33%,67%,0%,83%,"Boys: OUTDOOR TRACK,INDOOR TRACK,CROSS COUNTRY,BASEBALL,BASKETBALL; Girls: OUTDOOR TRACK,WRESTLING,BASKETBALL,HANDBALL,SOCCER,CROSS COUNTRY,VOLLEYBALL,INDOOR TRACK,SOFTBALL; Co-Ed: CRICKET","Anime/Manga Club, Architectural & Design Club, Art Club, Book Club, Bring Change to Mind, Chess Club, Computer Animation Club, Construction & OSHA Club, FIRST Robotics Team, Relationship education for Diverse Individuals (REDI), Girls' Club, History Club, Minecraft Club, Music Club, Muslim Student Association (MSA), National Honor Society (NHS), Philosophy Club, Robotics, Rubik's Cube Club, SkillsUSA, Stock Market Club, Student Government (SGO), Tabletop Gaming Club, Theater Arts Program, Video Game Club, Yearbook Club, Any club a student group wishes to create is also welcome","Studio Art, Art History","NYSED ""Local Support and Improvement""; Career & Technical Education; NYC Math",12%,16%,16%,0%,0%,49%,13.5,85%,,,,,,,,,,,,100%,81%,336 (31%),498 (46%),37% (249),9% (64),34% (229),3% (19),2% (12),12% (80),Good,91%,N/A,N/A,97%,N/A,N/A,99%,100%,91%,100%,N/A,N/A,100%,99%,99%,100%,98%,,,,,,,,,,,,85%,87%,87%,85%,92%,N/A,72%,100%,74%,,,,,,,,,,,,,,93%,,97%,,50%,58%,52%,43%,56%,40%,44%,67%,57%,92%,91%,88%,94%,100%,100%,82%,83%,90%,,,,,,,,,,,80%,80%,84%,84%,60%,N/A,76%,N/A,76%,,71%,74%,78%,70%,40%,N/A,76%,N/A,77%,,83%,82%,94%,89%,60%,N/A,73%,N/A,85%
28Q157,J.H.S. 157 Stephen A. Halsey,,,,www.schools.nyc.gov/schools/Q157,Vincent Suraci,"06,07,08,09,SE",26,N/A,,63-55 102nd Street,"Queens, NY 11374",718-830-4910,23%,19%,31%,0%,0%,19%,31%,38%,,54%,46%,0%,81%,Boys: N/A; Girls: N/A; Co-Ed: N/A,N/A,"Computer Art / Digital Art, Music, Mixed Media","NYSED ""Local Support and Improvement""; CS for All; DYCD: COMPASS/SONYC",11%,N/A (fewer than 5 teachers),8%,0%,0%,70%,18.1,79%,,,,,,,,,,,,N/A,N/A,,,N/A,N/A,N/A,N/A,N/A,N/A,N/A,96%,N/A,N/A,96%,N/A,N/A,N/A,N/A,N/A,N/A,N/A,N/A,N/A,N/A,N/A,N/A,N/A,,,,,,,,,,,,82%,80%,82%,83%,100%,N/A,83%,82%,80%,,,,,,,,,,,,,,87%,,96%,,47%,46%,49%,50%,25%,N/A,46%,53%,58%,90%,94%,88%,88%,88%,N/A,89%,89%,88%,,,,,,,,,,,91%,91%,94%,92%,100%,N/A,91%,99%,90%,,85%,77%,91%,88%,100%,N/A,87%,96%,95%,,94%,97%,98%,92%,100%,N/A,94%,100%,92%
28Q167,Metropolitan Expeditionary Learning School,,,,metropolitanels.com,Damon Mccord,"06,07,08,09,10,11,12,SE",456,Open,,91-30 Metropolitan Avenue,"Queens, NY 11375",718-286-3500,21%,12%,44%,4%,2%,12%,3%,19%,,44%,56%,<1%,69%,Boys: N/A; Girls: N/A; Co-Ed: N/A,N/A,"Studio Art, String Orchestra, Visual Art, Acting","NYSED ""Local Support and Improvement""; PROSE",13%,14%,18%,0%,0%,52%,1.2,83%,,,,,,,,,,,,65%,78%,134 (29%),189 (41%),22% (55),13% (33),42% (105),3% (8),3% (8),12% (30),Fair,96%,N/A,N/A,94%,0%,6%,97%,100%,N/A,94%,N/A,N/A,N/A,100%,95%,N/A,86%,,,,,,,,,,,,75%,74%,77%,73%,90%,73%,71%,86%,74%,,,,,,,,,,,,,,89%,,94%,,49%,56%,55%,47%,45%,46%,41%,52%,49%,87%,95%,88%,83%,91%,100%,75%,76%,84%,,,,,,,,,,,82%,85%,76%,84%,100%,N/A,76%,87%,88%,,75%,77%,80%,75%,100%,N/A,64%,62%,81%,,91%,90%,92%,89%,100%,N/A,91%,100%,90%
28Q284,York Early College Academy,,,,yorkearlycollegeacademy.com,Noah Angeles,"06,07,08,09,10,11,12,SE",340,Screened,,108-35 167 Street,"Queens, NY 11433",718-262-8547,22%,50%,9%,11%,7%,<1%,<1%,13%,,52%,48%,0%,75%,"Boys: CROSS COUNTRY,INDOOR TRACK,BOWLING,BASKETBALL,OUTDOOR TRACK; Girls: OUTDOOR TRACK,TABLE TENNIS,VOLLEYBALL,SOFTBALL,INDOOR TRACK,CROSS COUNTRY; Co-Ed: CRICKET",N/A,"Painting, Theater / Play Production, Core Music, Advertising Art","NYSED ""Local Support and Improvement""; CS for All; DYCD: COMPASS/SONYC; Project Pivot",N/A (fewer than 5 teachers),30%,N/A (fewer than 5 teachers),0%,0%,39%,7.7,91%,,,,,,,,,,,,100%,89%,,166 (49%),22% (71),49% (160),9% (30),11% (36),7% (23),<1% (2),Fair,83%,0%,17%,96%,N/A,N/A,100%,100%,100%,N/A,N/A,N/A,N/A,100%,100%,N/A,100%,,,,,,,,,,,,77%,80%,75%,72%,81%,78%,N/A,N/A,64%,,,,,,,,,,,,,,90%,,95%,,50%,60%,48%,34%,48%,56%,60%,N/A,49%,92%,95%,91%,90%,93%,95%,80%,80%,86%,,,,,,,,,,,86%,89%,88%,81%,72%,90%,N/A,N/A,90%,,76%,75%,78%,71%,74%,84%,N/A,N/A,86%,,92%,96%,92%,96%,89%,89%,N/A,N/A,98%
28Q310,Queens Collegiate: A College Board School,,,,www.schools.nyc.gov/schools/Q310,James Harrell,"06,07,08,09,10,11,12,SE",395,"Ed. Opt., For Continuing 8th Graders",,167-01 Gothic Drive,"Jamaica, NY 11432",718-658-4016,24%,34%,24%,6%,3%,2%,12%,14%,,50%,50%,0%,59%,Boys: N/A; Girls: N/A; Co-Ed: N/A,"Cooking Club, Math Club, Outdoor Exploration Club, Student Government, Video Game Club, QC Voices and more!","Music History, Drawing, Acting","NYSED ""Local Support and Improvement""; AP for All; CS for All; DYCD: COMPASS/SONYC; NYC Math",12%,29%,12%,0%,0%,41%,2.1,90%,,,,,,,,,,,,81%,62%,99 (25%),276 (70%),27% (80),34% (100),22% (65),7% (22),4% (11),2% (7),Good,93%,N/A,N/A,93%,0%,7%,91%,91%,93%,88%,N/A,N/A,N/A,93%,89%,93%,70%,,,,,,,,,,,,68%,70%,66%,71%,61%,63%,67%,87%,66%,,,,,,,,,,,,,,91%,,94%,,43%,52%,38%,40%,43%,56%,50%,44%,53%,87%,84%,82%,90%,91%,100%,100%,100%,90%,,,,,,,,,,,76%,74%,84%,84%,45%,N/A,62%,56%,79%,,74%,76%,78%,81%,55%,N/A,50%,70%,84%,,85%,85%,94%,86%,45%,N/A,83%,78%,72%
28Q325,Hillside Arts & Letters Academy,,,,hillsidearts.org,Raquel Nolasco,"09,10,11,12,SE",408,Ed. Opt.,,167-01 Gothic Drive,"Jamaica, NY 11432",718-658-1249,20%,34%,39%,4%,1%,1%,17%,19%,,53%,47%,0%,81%,Boys: N/A; Girls: N/A; Co-Ed: N/A,N/A,"Drawing, Three-Dimensional Art, Piano Keyboard, Portfolio Development, Mixed Choir, Voice and Diction, Studio Art, Photography, Dance Improvisation, Fashion and Textile Design, and more","NYSED ""Local Support and Improvement""; AP for All; Career Readiness and Modern Youth Apprenticeship; CS for All; Future Ready NYC; NYC Math",N/A (fewer than 5 teachers),17%,17%,0%,0%,47%,8.2,83%,,,,,,,,,,,,94%,61%,164 (40%),135 (33%),20% (48),36% (87),36% (86),3% (7),3% (6),1% (3),Good,74%,N/A,N/A,95%,N/A,N/A,93%,82%,95%,96%,N/A,N/A,N/A,96%,88%,94%,94%,,,,,,,,,,,,88%,84%,95%,85%,78%,83%,N/A,89%,89%,,,,,,,,,,,,,,87%,,97%,,59%,53%,63%,58%,60%,50%,N/A,55%,61%,96%,96%,96%,95%,100%,100%,N/A,97%,95%,,,,,,,,,,,87%,95%,86%,80%,83%,N/A,N/A,85%,95%,,79%,83%,83%,69%,86%,N/A,N/A,73%,96%,,89%,98%,90%,82%,86%,N/A,N/A,89%,87%
28Q328,High School for Community Leadership,,,,www.schools.nyc.gov/schools/Q328,Carlos Borrero,"09,10,11,SE",475,Ed. Opt.,,167-01 Gothic Drive,"Jamaica, NY 11432",718-558-9801,23%,29%,37%,5%,1%,4%,14%,16%,,52%,48%,0%,90%,"Boys: BASEBALL,FENCING,SOCCER,OUTDOOR TRACK,WRESTLING,FOOTBALL,SWIMMING,BASKETBALL,TENNIS,LACROSSE,VOLLEYBALL,BOWLING; Girls: SWIMMING,INDOOR TRACK,BASKETBALL,FLAG FOOTBALL,VOLLEYBALL,SOCCER,CROSS COUNTRY,SOFTBALL,BOWLING,OUTDOOR TRACK; Co-Ed: STUNT,DOUBLE DUTCH,GOLF,CRICKET",N/A,"Visual Art, Three-Dimensional Art, Photography, Acting, Core Music, Computer Art / Digital Art, Music Theory / Musicianship, String Orchestra, Art Management / Business, Concert Band, and more","NYSED ""Local Support and Improvement""; AP for All",N/A (fewer than 5 teachers),N/A (fewer than 5 teachers),21%,0%,0%,45%,13.2,83%,,,,,,,,,,,,92%,67%,94 (20%),240 (51%),23% (72),31% (96),35% (109),5% (15),2% (5),5% (15),Good,96%,N/A,N/A,96%,N/A,N/A,94%,89%,100%,94%,N/A,N/A,N/A,96%,91%,77%,91%,,,,,,,,,,,,91%,93%,90%,93%,N/A,N/A,67%,82%,88%,,,,,,,,,,,,,,85%,,96%,,68%,73%,67%,65%,60%,100%,54%,50%,67%,95%,94%,95%,97%,100%,100%,100%,86%,95%,,,,,,,,,,,79%,90%,65%,76%,N/A,N/A,N/A,71%,40%,,76%,80%,83%,65%,N/A,N/A,N/A,43%,60%,,88%,90%,85%,82%,N/A,N/A,N/A,71%,80%
28Q350,Jamaica Gateway to the Sciences,,,,jamaicagateway.org,Caren Birchwood Taylo,"09,10,11,12,SE",494,Ed. Opt.,,167-01 Gothic Drive,"Jamaica, NY 11432",718-480-2689,38%,29%,21%,7%,2%,2%,12%,16%,,49%,51%,0%,79%,Boys: N/A; Girls: N/A; Co-Ed: N/A,"Book Club, A.C.E., ARISTA: National Honor Society (By invitation only), Mock Trial Competition/Law Team, Medical Club, Robotics Team, Yearbook Club, Strategic Board Game Club, GSA (Gay-Straight Alliance), Creativity Club, School Newspaper, Anime Club, Royalty Stepperz, Social Justice Club, Kindness Club, MASS, Girl's Empowerment Club, United Nations Club, Student Council","Visual Art, Photography, Theater, Filmmaking / Video","NYSED ""Local Support and Improvement""; AP for All; NYC Math; Respect for All",19%,16%,N/A (fewer than 5 teachers),N/A (fewer than 5 teachers),0%,42%,0.2,81%,,,,,,,,,,,,66%,87%,136 (28%),250 (51%),43% (134),28% (87),18% (58),6% (19),3% (8),2% (6),Good,87%,13%,0%,98%,N/A,N/A,96%,100%,93%,100%,N/A,N/A,N/A,95%,97%,96%,94%,,,,,,,,,,,,86%,85%,91%,87%,85%,80%,N/A,92%,89%,,,,,,,,,,,,,,89%,,94%,,50%,54%,52%,42%,53%,20%,N/A,50%,56%,87%,86%,81%,94%,93%,80%,N/A,100%,85%,,,,,,,,,,,72%,69%,72%,63%,N/A,N/A,N/A,69%,93%,,70%,63%,68%,73%,N/A,N/A,N/A,69%,92%,,83%,81%,84%,80%,N/A,N/A,N/A,80%,92%
28Q440,Forest Hills High School,,,,www.foresthillshs.org/,Paul Wilbur,"09,10,11,12,SE",3451,"Audition, Ed. Opt., Language Criteria, Screened, Zoned Guarantee",,67-01 110 Street,"Queens, NY 11375",718-268-3137,25%,6%,41%,<1%,<1%,26%,9%,16%,,50%,50%,0%,93%,"Boys: VOLLEYBALL,INDOOR TRACK,BOWLING,CROSS COUNTRY,BASEBALL,WRESTLING,OUTDOOR TRACK,TENNIS,HANDBALL,BASKETBALL,SOCCER; Girls: HANDBALL,TENNIS,VOLLEYBALL,BASKETBALL,LACROSSE,INDOOR TRACK,OUTDOOR TRACK,SOFTBALL,SOCCER,BOWLING,CROSS COUNTRY; Co-Ed: N/A","Animal Rights Club, Anime Club, Astro Club, Art Club, BlackLatinX Student Union, Bollywood Club, Bukharian Club, Calligraphy Club, Cancer Awareness Society, Chess Club, Chinese Club, Christian Seekers, Comic Book Club, Dance Club, Dance Marathon, FIMRC, Girl Up Club, Girls Who Code, Green Team, Electric Guitar Club, Japanese Club, Judaica Club, Korean Club, Key Club, Lacrosse Club, Law Association, Le Cercle Francais, LGBTQ+ Alliance, Math Study Club, Mental Health Awareness, Model UN, Muslim Student Association, Operation Smile, Photography Club, Political Awareness Club, Red Cross Club, Rocketry Club, Spirit Team, Sports Fanatic Club, STEM Council, Tutoring Club, Video Game Club, National Honor Society, Robotics Team, Science Olympiad, We The People, Forester (Yearbook Club), African Dance, Chinese Dance, Mexican Dance, Student Government, The Beacon (School Newspaper)","Theater, Core Music, Mixed Choir, Cartooning, String Orchestra, Music Theory / Musicianship, Concert Band, Mixed Media, Studio Art, Percussion, and more","NYSED ""Local Support and Improvement""; Dual Language or TBE; DYCD: COMPASS/SONYC; NYC Math",14%,2%,14%,N/A (fewer than 5 teachers),0%,63%,4.3,88%,,,,,,,,,,,,70%,74%,1118 (32%),1473 (43%),30% (604),6% (115),35% (704),<1% (16),<1% (12),27% (545),Good,96%,3%,1%,96%,N/A,N/A,93%,95%,96%,90%,N/A,N/A,96%,96%,90%,79%,87%,,,,,,,,,,,,91%,90%,96%,91%,88%,N/A,90%,96%,91%,,,,,,,,,,,,,,92%,,96%,,64%,62%,60%,65%,50%,N/A,67%,69%,61%,94%,96%,96%,91%,86%,N/A,96%,98%,96%,,,,,,,,,,,87%,88%,94%,87%,91%,N/A,84%,94%,91%,,76%,65%,94%,81%,64%,N/A,78%,85%,89%,,89%,88%,91%,89%,90%,N/A,91%,90%,90%
28Q505,Hillcrest High School,,,,www.hillcrestweb.com,Scott Milczewski,"09,10,11,12,SE",2387,"ASD/ACES Program, Audition, Ed. Opt., Screened, Zoned Guarantee",,160-05 Highland Avenue,"Queens, NY 11432",718-658-5407,28%,26%,37%,5%,1%,3%,19%,11%,,53%,47%,<1%,86%,"Boys: HANDBALL,BOWLING,WRESTLING,VOLLEYBALL,CROSS COUNTRY,SOCCER,TENNIS,BASEBALL,INDOOR TRACK,BASKETBALL; Girls: OUTDOOR TRACK,CROSS COUNTRY,SOCCER,VOLLEYBALL,BASKETBALL,GYMNASTICS,TENNIS,INDOOR TRACK,BOWLING,SOFTBALL,HANDBALL; Co-Ed: CRICKET,GOLF","ACTIVITIES My Brother's Keeper, My Sister's Keeper, Yoga And Meditation Club, Book Club, NYPD Explorers Club, Cheerleading Club, Health Sciences Club, Anime Club, FDNY Explorers Club, Dungeons & Dragons Club, Glee Club, Guitar Club, K-Pop Club, Teens On Point, Photography Club, French Club, Ping Pong Club, LGBTQIA and Friends Club, Debate Team, Mock Trail/Moot Court, Student Council, National Honor Society, Weight Lifting, Governing Club, Coding Club, Green Team, Wellness Club, Students Unmuted, Skateboard Club, South Asian Student Alliance","Studio Art, Core Music, Concert Band, Acting, Playwriting, Portfolio Development, String Orchestra, Mixed Choir, Piano Keyboard, Graphic Design, and more","NYSED ""Local Support and Improvement""; CS for All; Dual Language or TBE; Future Ready NYC",21%,16%,11%,0%,0%,47%,4.1,92%,,,,,,,,,,,,79%,62%,750 (31%),647 (27%),36% (398),25% (274),30% (335),4% (50),2% (17),3% (29),Good,96%,N/A,N/A,97%,N/A,N/A,84%,92%,86%,77%,87%,N/A,85%,91%,77%,63%,71%,,,,,,,,,,,,79%,78%,77%,81%,86%,77%,86%,83%,81%,,,,,,,,,,,,,,88%,,95%,,42%,45%,39%,40%,56%,43%,47%,50%,44%,89%,89%,86%,88%,94%,86%,92%,86%,84%,,,,,,,,,,,87%,86%,86%,86%,87%,94%,89%,94%,94%,,77%,78%,74%,79%,72%,94%,75%,93%,87%,,88%,91%,85%,87%,88%,89%,88%,95%,90%
28Q620,Thomas A. Edison Career and Technical Education High School,,,,www.EdisonCTE.org,Moses Ojeda,"09,10,11,12,SE",2200,"ASD/ACES Program, D75 Special Education Inclusive Services, Ed. Opt., Screened",,165-65 84 Avenue,"Queens, NY 11432",718-297-6580,49%,15%,24%,5%,2%,3%,3%,14%,,39%,61%,0%,88%,"Boys: BOWLING,BASKETBALL,TENNIS,CROSS COUNTRY,WRESTLING,OUTDOOR TRACK,INDOOR TRACK,HANDBALL,SOCCER,BASEBALL,VOLLEYBALL; Girls: BOWLING,VOLLEYBALL,CROSS COUNTRY,SOFTBALL,INDOOR TRACK,SOCCER,OUTDOOR TRACK,BASKETBALL; Co-Ed: CRICKET","Leadership Organization(s): DECA, HOSA, National Honor Society (NHS), National Technical Honor Society (NTHS), New York State Science Honor Society (NYSSHS), SkillsUSA, and Student Council, , School Club(s): Acoustic Guitar Club, Actively Caring at Edison (ACE), Anime Club, Art Club, Asian Multicultural Alliance (AMA), Automotive Competition Club (ACC), Badminton Club, Bhangra Club, Black Student Union (BSU), Book Club, Chapters of Edison Podcast (COEP), Cheerleading/Dance Squad, Chess Team, Club Of Data Engineers (CODE), College & Career Readiness Club, Connections Council, Debate Club, Drone Academy, ESports, Edison Newsletter, Edison Teen Voices, Electric Guitar Club, Fashion Club, GayStraight Alliance (GSA), Glamour Gals and Guys, Guitar Club, Key Club, Math Club, Media Club, Minorities United Club, Model UN, Muslim Student Organization (MSO), Pit Crew, Poetry Club, Science & Eco Engaged Club, Society of Film Appreciation (SOFA), Tech/Sound Crew, Robotics Club, Yearbook Committee, True Crime Experts, Volleyball Club, We The People Club, and Wrestling.","Visual Art, Core Music, Graphic Design, Computer Art / Digital Art, Art History","NYSED ""Local Support and Improvement""; Career & Technical Education; Career Readiness and Modern Youth Apprenticeship; CS for All; Future Ready NYC; NYC Math; PROSE",14%,11%,18%,0%,0%,52%,11.1,84%,,,,,,,,,,,,89%,78%,444 (20%),1009 (46%),55% (695),14% (174),22% (278),4% (51),2% (21),3% (41),Good,98%,2%,0%,99%,N/A,N/A,95%,97%,90%,95%,92%,N/A,N/A,98%,93%,70%,80%,,,,,,,,,,,,91%,92%,88%,91%,96%,92%,88%,93%,90%,,,,,,,,,,,,,,94%,,96%,,48%,48%,44%,46%,53%,39%,57%,69%,54%,92%,93%,93%,90%,92%,92%,89%,86%,89%,,,,,,,,,,,82%,83%,77%,86%,75%,91%,71%,90%,92%,,69%,67%,73%,67%,71%,50%,79%,62%,82%,,85%,85%,87%,84%,78%,91%,84%,81%,92%
28Q680,Queens Gateway to Health Sciences Secondary School,,,,www.queensgateway.org/,Judy Henry,"06,07,08,09,10,11,12,SE",401,Screened,,160-20 Goethals Avenue,"Queens, NY 11432",718-969-3155,49%,23%,14%,7%,3%,3%,1%,14%,,59%,41%,0%,38%,"Boys: RUGBY,INDOOR TRACK,CROSS COUNTRY,BASKETBALL,SOCCER,OUTDOOR TRACK; Girls: CROSS COUNTRY,BASKETBALL,RUGBY,INDOOR TRACK,VOLLEYBALL,OUTDOOR TRACK; Co-Ed: N/A","Student Government, New York Edge, Multicultural Club, Senior Council, Spirit Squad, Black History Month Performance, FED Challenge, Theater and Drama Club, Medical Research, Art and Design Club, Debate Club, Film Club, Model UN","Drawing, Core Music, Photography, Dramatic Literature, Music History","NYSED ""Local Support and Improvement""; AP for All; DYCD: COMPASS/SONYC; NYC Math",11%,22%,11%,0%,0%,53%,11.4,82%,,,,,,,,,,,,95%,85%,389 (97%),274 (68%),49% (194),22% (88),14% (55),7% (27),3% (12),3% (13),Good,96%,N/A,N/A,99%,N/A,N/A,97%,100%,100%,N/A,N/A,N/A,N/A,98%,95%,N/A,83%,,,,,,,,,,,,85%,87%,81%,80%,100%,82%,82%,82%,85%,,,,,,,,,,,,,,91%,,94%,,38%,39%,35%,42%,35%,27%,41%,55%,55%,94%,95%,91%,97%,96%,91%,94%,100%,93%,,,,,,,,,,,78%,74%,81%,92%,71%,83%,80%,N/A,94%,,75%,72%,78%,77%,86%,60%,80%,N/A,76%,,80%,75%,85%,85%,71%,100%,80%,N/A,94%
28Q686,Queens Metropolitan High School,,,,www.queensmetro.com,Saida Rodrigueztabone,"09,10,11,12,SE",1023,"D75 Special Education Inclusive Services, Open, Zoned Priority",,91-30 Metropolitan Avenue,"Queens, NY 11375",718-286-3600,11%,4%,43%,<1%,<1%,41%,6%,16%,,48%,52%,0%,83%,"Boys: CROSS COUNTRY,VOLLEYBALL,OUTDOOR TRACK,SOCCER,WRESTLING,INDOOR TRACK,BASKETBALL,BASEBALL; Girls: CROSS COUNTRY,SWIMMING,BASKETBALL,SOFTBALL,INDOOR TRACK,OUTDOOR TRACK,SOCCER,VOLLEYBALL; Co-Ed: STUNT","Art Club, Bakery Club, Black Student Union, Chess Club, Council for Unity, Culinary Club, Football Club, GSA Club, Jewelry and Design Club, JROTC, Key Club, Knitting and Crochet Club, Metro Dance Team, Music Club, OWN Club, Ping Pong Club, Queens DA Office of Hope & Leadership, Speech & Debate Club, Video Game Club","Mixed Media, Core Music, Filmmaking / Video, Photography, Visual Art, Mixed Choir, Concert Band, Studio Art","NYSED ""Local Support and Improvement""; CS for All; NYC Math",11%,N/A (fewer than 5 teachers),8%,0%,0%,71%,0.1,95%,,,,,,,,,,,,83%,68%,194 (19%),321 (31%),14% (65),3% (14),38% (176),<1% (4),0% (0),43% (199),Good,88%,N/A,N/A,98%,N/A,N/A,92%,88%,87%,92%,N/A,N/A,92%,92%,91%,89%,76%,,,,,,,,,,,,88%,91%,87%,90%,N/A,N/A,86%,90%,79%,,,,,,,,,,,,,,90%,,95%,,47%,57%,46%,40%,60%,N/A,51%,61%,50%,91%,94%,90%,90%,100%,N/A,91%,91%,82%,,,,,,,,,,,89%,90%,93%,88%,N/A,N/A,89%,87%,87%,,74%,64%,81%,75%,N/A,N/A,75%,78%,82%,,93%,96%,93%,93%,N/A,N/A,92%,96%,85%
28Q687,Queens High School for the Sciences at York College,,,,qhss.org,Ana De Jesus,"09,10,11,12",520,Test,,94-50 159 Street,"Queens, NY 11433",718-657-3181,82%,3%,6%,1%,2%,5%,0%,1%,,42%,58%,0%,47%,"Boys: BOWLING,HANDBALL,TENNIS,SWIMMING; Girls: BOWLING; Co-Ed: N/A","ADL No Place For Hate, Amnesty International, Anime Club, AuGust (K-POP Club), Chess Club, Dance Club, Digital Photography Club, Drama Club, Key Club ,Make a Wish Club, Model UN, Modern Ink, More Medics Club, Muslim Student Association (MSA), Music Performance Club, QHSS Alchemists, Science Club, Seekers, Sigma Sorority, Veritas Literary Magazine, Vietnam Veterans of America, eSports Club & Game Lounge Club, Mahjong Club, Gender-Sexuality Alliance, Red Cross, Robotics, Black Student Union, QHSS Cyber, Coding Club, Student Government Organization, ARISTA, Debate Club","Studio Art, String Orchestra, Core Music, Painting, Drawing, Dramatic Literature","NYSED ""Local Support and Improvement""",28%,N/A (fewer than 5 teachers),N/A (fewer than 5 teachers),0%,0%,52%,6.9,69%,,,,,,,,,,,,100%,90%,425 (82%),264 (51%),82% (424),3% (16),6% (32),1% (6),2% (9),5% (27),N/A,100%,0%,0%,100%,0%,0%,100%,100%,N/A,N/A,N/A,N/A,N/A,100%,100%,N/A,N/A,,,,,,,,,,,,95%,94%,N/A,100%,N/A,N/A,100%,N/A,N/A,,,,,,,,,,,,,,97%,,97%,,50%,50%,N/A,30%,N/A,N/A,71%,N/A,N/A,95%,94%,N/A,100%,N/A,N/A,100%,N/A,N/A,,,,,,,,,,,86%,91%,N/A,50%,N/A,N/A,62%,N/A,N/A,,69%,68%,N/A,67%,N/A,N/A,75%,N/A,N/A,,88%,92%,N/A,60%,N/A,N/A,57%,N/A,N/A
28Q690,High School for Law Enforcement and Public Safety,,,,hsleaps.org,Laura Van Deren,"09,10,11,12,SE",466,"D75 Special Education Inclusive Services, Ed. Opt.",,116-25 Guy R Brewer Boulevard,"Queens, NY 11434",718-977-4800,15%,49%,26%,6%,1%,1%,10%,24%,,48%,52%,0%,79%,"Boys: CROSS COUNTRY,INDOOR TRACK,OUTDOOR TRACK,BASKETBALL; Girls: SOFTBALL,INDOOR TRACK,CROSS COUNTRY,OUTDOOR TRACK; Co-Ed: DOUBLE DUTCH","Step/Dance/Music Production/Volleyball/Art/Gaming/Dell Tech Certification/Multi-cultural club/MBK/MSK/Student Government/Drama/NYPD Explorers, Girls on Point","Fashion and Textile Design, Studio Art, Dance Survey / Introduction to Dance, Advertising Art, Music Enterprise, Management, and Careers, Visual Art, Core Music","NYSED ""Local Support and Improvement""; AP for All; NYC Math; Project Pivot",N/A (fewer than 5 teachers),50%,N/A (fewer than 5 teachers),0%,0%,20%,9.8,87%,,,,,,,,,,,,68%,46%,33 (7%),172 (37%),14% (28),48% (95),25% (50),7% (13),2% (3),2% (3),Good,100%,0%,0%,94%,0%,6%,87%,81%,88%,85%,N/A,N/A,N/A,91%,81%,N/A,86%,,,,,,,,,,,,73%,70%,77%,69%,82%,N/A,N/A,80%,73%,,,,,,,,,,,,,,82%,,95%,,40%,35%,41%,37%,50%,N/A,N/A,50%,50%,82%,79%,78%,88%,83%,N/A,N/A,82%,74%,,,,,,,,,,,79%,86%,81%,69%,N/A,N/A,N/A,N/A,83%,,67%,50%,76%,56%,N/A,N/A,N/A,N/A,92%,,81%,100%,79%,69%,N/A,N/A,N/A,N/A,92%
28Q896,"Young Women's Leadership School, Queens",,,,www.schools.nyc.gov/schools/Q896,Mala Panday,"06,07,08,09,10,11",293,Screened,,150-91 87 Road,"Queens, NY 11432",718-725-0402,44%,34%,13%,1%,2%,3%,3%,16%,,100%,0%,0%,64%,"Boys: N/A; Girls: BOWLING,BASKETBALL,INDOOR TRACK,CROSS COUNTRY,OUTDOOR TRACK; Co-Ed: N/A","MS QCH Afterschool, Monday Funday, Music Lessons, Sewing Club, Fun With Robotics, Art Portfolio Club, Shining Stars, Modern Band, Math Club, Student Government, Muslim Student Association, SAT Prep, I AM ME, MS Science Honor Society, Cooking Club, Drop Everything And Read, Dreamers Alliance, Debate Team, Anime Club, HS Senior Activities Committee, HS Senior Yearbook Committee, HS Senior Fund Raising Committee, HS Prom Committee, HS Graduation Committee, HS Volleyball Club, MS Champs Fitness Club, MS Champs Track and Field, Step Club","Mixed Choir, Studio Art, Filmmaking / Video","NYSED ""Local Support and Improvement""; AP for All; DYCD: COMPASS/SONYC",23%,29%,14%,0%,0%,34%,10.2,83%,,,,,,,,,,,,91%,75%,199 (68%),81 (28%),45% (92),32% (65),12% (25),2% (4),2% (4),3% (6),Fair,89%,11%,0%,90%,0%,10%,99%,100%,100%,N/A,N/A,N/A,N/A,99%,N/A,N/A,N/A,,,,,,,,,,,,85%,89%,86%,71%,89%,N/A,50%,86%,69%,,,,,,,,,,,,,,92%,,96%,,38%,39%,42%,31%,56%,N/A,33%,43%,39%,89%,93%,88%,81%,100%,N/A,83%,100%,86%,,,,,,,,,,,86%,84%,86%,95%,N/A,N/A,71%,69%,88%,,72%,72%,70%,72%,N/A,N/A,50%,62%,87%,,89%,91%,89%,90%,N/A,N/A,67%,77%,90%
29Q243,Institute for Health Professions at Cambria Heights,,,,www.ihpch.org,Gareth Robinson,"09,10,11,12,SE",467,Ed. Opt.,,207- 01 116th Avenue,"Queens, NY 11411",718-723-7301,9%,65%,15%,3%,0%,1%,7%,12%,,68%,32%,0%,90%,"Boys: VOLLEYBALL,INDOOR TRACK,OUTDOOR TRACK,FOOTBALL,SOCCER,BASKETBALL; Girls: CROSS COUNTRY,VOLLEYBALL,SOCCER,OUTDOOR TRACK,BADMINTON,GYMNASTICS,BOWLING,INDOOR TRACK,SOFTBALL,TENNIS,BASKETBALL; Co-Ed: N/A",N/A,"Studio Art, Core Music","NYSED ""Local Support and Improvement""; Career & Technical Education; Consortium; Future Ready NYC; Project Pivot; PROSE; Respect for All",N/A (fewer than 5 teachers),42%,N/A (fewer than 5 teachers),0%,0%,42%,10.2,92%,,,,,,,,,,,,89%,52%,,250 (54%),9% (31),68% (233),16% (55),3% (11),0% (0),<1% (3),Good,48%,52%,0%,94%,N/A,N/A,96%,N/A,97%,90%,N/A,N/A,N/A,99%,91%,72%,94%,,,,,,,,,,,,88%,69%,89%,93%,75%,N/A,80%,89%,80%,,,,,,,,,,,,,,86%,,96%,,44%,41%,43%,47%,44%,N/A,60%,47%,61%,90%,87%,89%,94%,90%,N/A,100%,85%,91%,,,,,,,,,,,77%,N/A,82%,N/A,N/A,N/A,N/A,N/A,N/A,,85%,N/A,88%,N/A,N/A,N/A,N/A,N/A,N/A,,88%,N/A,94%,N/A,N/A,N/A,N/A,N/A,N/A
29Q248,Queens Preparatory Academy,,,,www.queensprepacademy.org,Tashon Haywood,"09,10,11,12,SE",247,Ed. Opt.,,143-10 Springfield Boulevard,"Queens, NY 11413",718-712-2304,5%,75%,13%,3%,<1%,3%,15%,21%,,35%,65%,0%,59%,"Boys: SOCCER,BASEBALL,OUTDOOR TRACK,WRESTLING,BASKETBALL,INDOOR TRACK,FOOTBALL; Girls: BASKETBALL,VOLLEYBALL,SOCCER,OUTDOOR TRACK,SOFTBALL,INDOOR TRACK,TENNIS,FLAG FOOTBALL; Co-Ed: STUNT,CRICKET","AutoCad Architecture Drawing, Media Arts, Brotherhood and Sisterhood Leadership Groups, Student Advisory Council, Journalism Club, QPA Lit Journalism Website Publication, Modern Band, Film & Video Editing Club, Mouse Tech Squad, GSA, LatinX Club.","Studio Art, Core Music, Concert Band","NYSED ""Local Support and Improvement""; AP for All; CS for All; Future Ready NYC; NYC Math; Project Pivot",N/A (fewer than 5 teachers),37%,N/A (fewer than 5 teachers),0%,0%,32%,N/A,63%,,,,,,,,,,,,70%,35%,85 (34%),124 (50%),6% (11),72% (122),13% (22),4% (7),<1% (1),4% (6),Fair,96%,N/A,N/A,96%,N/A,N/A,84%,N/A,86%,N/A,N/A,N/A,N/A,84%,84%,73%,70%,,,,,,,,,,,,78%,57%,82%,63%,N/A,N/A,N/A,77%,70%,,,,,,,,,,,,,,81%,,90%,,43%,57%,45%,39%,N/A,N/A,N/A,50%,58%,87%,86%,87%,94%,N/A,N/A,N/A,89%,83%,,,,,,,,,,,84%,100%,86%,N/A,N/A,N/A,N/A,N/A,67%,,77%,60%,90%,N/A,N/A,N/A,N/A,N/A,67%,,82%,80%,91%,N/A,N/A,N/A,N/A,N/A,78%
29Q259,Pathways College Preparatory School: A College Board School,,,,pathwaysprep.org,Sylvan Haseley,"06,07,08,09,10,11,12,SE",366,"Ed. Opt., For Continuing 8th Graders",,109-89 204 Street,"Queens, NY 11412",718-454-4957,6%,80%,8%,3%,1%,1%,3%,17%,,50%,50%,0%,66%,"Boys: SWIMMING,BASKETBALL; Girls: BASKETBALL,INDOOR TRACK,VOLLEYBALL; Co-Ed: DOUBLE DUTCH","Dance Company, Step, Cheer, Steel Drum Band, Anime Club, House System, Yearbook, 3D Printing and Cyber Security","Core Music, Theater / Play Production, Dance, Drawing, Photography","NYSED ""Local Support and Improvement""; AP for All; DYCD: COMPASS/SONYC; NYC Math",N/A (fewer than 5 teachers),51%,10%,0%,0%,27%,3.2,86%,,,,,,,,,,,,96%,74%,86 (23%),161 (44%),6% (23),80% (283),8% (28),3% (11),1% (4),<1% (3),Fair,81%,N/A,N/A,98%,N/A,N/A,99%,N/A,100%,N/A,N/A,N/A,N/A,100%,98%,N/A,92%,,,,,,,,,,,,78%,81%,78%,76%,83%,N/A,N/A,89%,87%,,,,,,,,,,,,,,95%,,94%,,38%,48%,36%,38%,56%,N/A,N/A,40%,46%,83%,91%,81%,89%,94%,N/A,N/A,89%,78%,,,,,,,,,,,78%,88%,77%,43%,86%,N/A,N/A,N/A,75%,,76%,75%,76%,67%,86%,N/A,N/A,N/A,88%,,84%,88%,85%,50%,100%,N/A,N/A,N/A,81%
29Q265,Excelsior Preparatory High School,,,,www.ephschool.com/,Rodney Orji,"09,10,11,12,SE",455,Ed. Opt.,,143-10 Springfield Boulevard,"Queens, NY 11413",718-525-6507,2%,80%,11%,4%,<1%,1%,9%,18%,,43%,57%,0%,80%,Boys: N/A; Girls: N/A; Co-Ed: N/A,N/A,"Concert Band, Mixed Media, Graphic Design, Visual Art, Music","NYSED ""Local Support and Improvement""; AP for All; Future Ready NYC; NYC Math; Project Pivot; PROSE",0%,44%,N/A (fewer than 5 teachers),N/A (fewer than 5 teachers),0%,32%,2.1,88%,,,,,,,,,,,,73%,43%,249 (55%),206 (45%),2% (5),81% (264),10% (34),4% (14),<1% (3),2% (5),Fair,97%,N/A,N/A,98%,N/A,N/A,91%,N/A,91%,N/A,N/A,N/A,N/A,92%,90%,91%,85%,,,,,,,,,,,,86%,N/A,85%,100%,80%,N/A,N/A,77%,87%,,,,,,,,,,,,,,91%,,97%,,44%,N/A,47%,36%,57%,N/A,N/A,65%,46%,87%,N/A,86%,93%,83%,N/A,N/A,88%,92%,,,,,,,,,,,86%,N/A,80%,N/A,N/A,N/A,N/A,86%,N/A,,69%,N/A,70%,N/A,N/A,N/A,N/A,71%,N/A,,89%,N/A,89%,N/A,N/A,N/A,N/A,100%,N/A
29Q272,George Washington Carver High School for the Sciences,,,,GWC.CONNECTWITHKIDS.COM,Latoya Key,"09,10,11,12,SE",370,Ed. Opt.,,143-10 Springfield Boulevard,"Queens, NY 11413",718-525-6439,9%,64%,17%,2%,2%,4%,7%,17%,,61%,39%,0%,71%,Boys: N/A; Girls: N/A; Co-Ed: N/A,N/A,Visual Art,"NYSED ""Local Support and Improvement""; AP for All; NYC Math; Project Pivot",N/A (fewer than 5 teachers),46%,N/A (fewer than 5 teachers),0%,0%,27%,0.5,96%,,,,,,,,,,,,63%,49%,93 (25%),105 (28%),10% (16),64% (102),15% (24),4% (7),2% (3),4% (6),Fair,63%,25%,12%,92%,0%,8%,85%,N/A,89%,80%,N/A,N/A,N/A,91%,78%,92%,75%,,,,,,,,,,,,89%,92%,85%,92%,N/A,N/A,N/A,83%,86%,,,,,,,,,,,,,,89%,,96%,,34%,42%,34%,19%,N/A,N/A,N/A,50%,44%,82%,92%,77%,81%,N/A,N/A,N/A,100%,69%,,,,,,,,,,,87%,N/A,85%,100%,N/A,N/A,N/A,N/A,100%,,82%,N/A,77%,100%,N/A,N/A,N/A,N/A,100%,,87%,N/A,81%,100%,N/A,N/A,N/A,N/A,100%
29Q283,Preparatory Academy for Writers: A College Board School,,,,www.preparatoryacademyforwriters.com,Charles Anderson,"06,07,08,09,10,11,12,SE",332,"Ed. Opt., For Continuing 8th Graders",,143-10 Springfield Boulevard,"Queens, NY 11413",718-949-8405,4%,80%,10%,<1%,<1%,2%,6%,18%,,50%,50%,0%,74%,Boys: Middle Schools BASKETBALL; Girls: N/A; Co-Ed: N/A,"Creative Writing Magazine Publication, Journalism and Newspaper, Digital Music Class Production, talent show, fashion show, and PAW Jam","Filmmaking / Video, Music Technology, Mixed Media, Visual Art, Art History, Theater, Computer Art / Digital Art","NYSED ""Local Support and Improvement""; AP for All; DYCD: COMPASS/SONYC; NYC Math; Project Pivot",N/A (fewer than 5 teachers),39%,N/A (fewer than 5 teachers),0%,0%,36%,14.2,92%,,,,,,,,,,,,60%,49%,65 (20%),121 (36%),3% (6),85% (153),9% (16),0% (0),<1% (1),2% (4),Good,86%,N/A,N/A,92%,0%,8%,94%,N/A,95%,N/A,N/A,N/A,N/A,95%,92%,N/A,100%,,,,,,,,,,,,69%,67%,68%,74%,60%,N/A,N/A,84%,81%,,,,,,,,,,,,,,89%,,96%,,40%,44%,40%,38%,60%,N/A,N/A,35%,41%,86%,78%,84%,90%,N/A,N/A,N/A,95%,91%,,,,,,,,,,,92%,N/A,92%,N/A,N/A,N/A,N/A,N/A,100%,,92%,N/A,92%,N/A,N/A,N/A,N/A,N/A,100%,,88%,N/A,89%,N/A,N/A,N/A,N/A,N/A,80%
29Q313,Benjamin Franklin High School for Finance & Information Technology,,,,franklin.fit/,Dudrige Brenord,"09,10,11,12,SE",359,Ed. Opt.,,207- 01 116th Avenue,"Queens, NY 11411",718-276-0150,12%,63%,17%,4%,1%,2%,12%,18%,,33%,67%,0%,79%,Boys: N/A; Girls: N/A; Co-Ed: N/A,N/A,"Illustration, Visual Art, Art History","NYSED ""Local Support and Improvement""; Career & Technical Education; NYC Math; Project Pivot; PROSE",21%,21%,N/A (fewer than 5 teachers),0%,0%,43%,5.1,79%,,,,,,,,,,,,59%,61%,88 (25%),75 (21%),18% (23),54% (69),20% (25),5% (6),2% (2),2% (2),Good,81%,N/A,N/A,98%,N/A,N/A,93%,N/A,93%,94%,N/A,N/A,N/A,95%,91%,87%,88%,,,,,,,,,,,,78%,63%,79%,90%,N/A,N/A,N/A,87%,80%,,,,,,,,,,,,,,85%,,96%,,54%,56%,54%,58%,N/A,N/A,N/A,53%,67%,88%,92%,86%,100%,N/A,N/A,N/A,94%,88%,,,,,,,,,,,86%,73%,88%,94%,N/A,N/A,N/A,90%,86%,,79%,73%,79%,88%,N/A,N/A,N/A,80%,93%,,83%,91%,79%,100%,N/A,N/A,N/A,100%,80%
29Q326,Cambria Heights Academy,,,,nycacademy.org,Melissa Menake,"09,10,11,12,SE",350,Ed. Opt.,,188-04 91st Avenue,"Queens, NY 11423",718-736-7320,9%,64%,19%,5%,<1%,<1%,11%,22%,,35%,65%,0%,77%,"Boys: INDOOR TRACK,BASKETBALL,BOWLING; Girls: INDOOR TRACK,BASKETBALL,BOWLING; Co-Ed: DOUBLE DUTCH","Anime Club, Art Club, Chess, Debate Club, Open Library, Ping Pong, Soccer, Student Government, and Office Hours","Visual Art, Graphic Design, Drawing, Acting, Fashion and Textile Design, Music Technology, Filmmaking / Video, Mixed Media, Art History","NYSED ""Local Support and Improvement""; AP for All; CS for All; Future Ready NYC; NYC Math; PROSE",N/A (fewer than 5 teachers),35%,N/A (fewer than 5 teachers),0%,0%,42%,13.2,81%,,,,,,,,,,,,37%,66%,220 (63%),110 (31%),9% (21),64% (146),18% (40),6% (14),<1% (1),1% (3),Good,59%,41%,0%,89%,0%,11%,95%,N/A,94%,N/A,N/A,N/A,N/A,100%,93%,N/A,86%,,,,,,,,,,,,84%,71%,83%,87%,93%,N/A,N/A,79%,81%,,,,,,,,,,,,,,87%,,97%,,58%,62%,58%,58%,44%,N/A,N/A,66%,53%,86%,92%,85%,84%,94%,N/A,N/A,84%,88%,,,,,,,,,,,91%,87%,91%,92%,100%,N/A,N/A,91%,87%,,89%,88%,88%,89%,92%,N/A,N/A,92%,98%,,89%,73%,91%,88%,83%,N/A,N/A,67%,89%
29Q327,Eagle Academy for Young Men III,,,,Eagleseq.org,Christophe Smith,"06,07,08,09,10,11,12,SE",252,"Ed. Opt., For Continuing 8th Graders",,171-10 Linden Boulevard,"Queens, NY 11434",718-480-2600,3%,78%,8%,2%,<1%,1%,3%,24%,,0%,100%,0%,77%,"Boys: BASKETBALL,OUTDOOR TRACK,SOCCER,Middle Schools BASKETBALL,FOOTBALL; Girls: N/A; Co-Ed: N/A","Basketball, Football, Track, Travel Club","Visual Art, Art Management / Business, Mixed Media","NYSED ""Local Support and Improvement""; AP for All; CS for All; DYCD: COMPASS/SONYC; Future Ready NYC; NYC Math; Project Pivot",0%,63%,N/A (fewer than 5 teachers),0%,0%,19%,2.3,88%,,,,,,,,,,,,86%,56%,228 (90%),139 (55%),3% (7),77% (181),8% (19),2% (4),<1% (2),1% (3),Fair,96%,N/A,N/A,93%,0%,7%,97%,N/A,100%,N/A,N/A,N/A,N/A,N/A,97%,N/A,N/A,,,,,,,,,,,,72%,50%,72%,79%,N/A,N/A,N/A,80%,77%,,,,,,,,,,,,,,94%,,94%,,47%,67%,45%,67%,N/A,N/A,N/A,60%,48%,81%,100%,81%,80%,N/A,N/A,N/A,100%,76%,,,,,,,,,,,93%,N/A,92%,N/A,N/A,N/A,N/A,N/A,93%,,84%,N/A,83%,N/A,N/A,N/A,N/A,N/A,93%,,92%,N/A,93%,N/A,N/A,N/A,N/A,N/A,87%
29Q492,"Mathematics, Science Research and Technology Magnet High School",,,,www.masths.org,Allika Thompson,"09,10,11,12,SE",411,"Ed. Opt., Open",,207- 01 116th Avenue,"Queens, NY 11411",718-978-1837,10%,70%,15%,3%,<1%,2%,11%,12%,,34%,66%,0%,91%,Boys: N/A; Girls: N/A; Co-Ed: N/A,"National Honor Society (ARISTA), Student Government, Music Production & Videography Club, STEAM Summer Academy, Swimming Club, Performing Arts Club (Dance, Art, Poetry & Music), Chess Club, Culinary Club, Latinos Unidos, East Asian Club, ""Own Your Crown"" (Female Empowerment) Club, Yearbook Club, StraightGay Alliance, My Brother and Sister Keeper (MBSK), Step Team, Study Hall (Before & After School), Science Club, Purple Prints (Print & Broadcast Journalism Club), Creative & Visual Arts' Club, Basketball Club, Weight Training Club, Young Debaters' Club, Knoxin' Youngster Off Da' Court, Computer Science Club, Tech Team, Borough Student Advisory Council (BSAC), Driver's EducationSpring Term","Mixed Media, Visual Art","NYSED ""Local Support and Improvement""; AP for All; CS for All; NYC Math; Project Pivot",18%,39%,N/A (fewer than 5 teachers),0%,0%,29%,5.6,86%,,,,,,,,,,,,70%,38%,121 (29%),207 (50%),12% (31),67% (178),15% (40),4% (10),<1% (1),1% (3),Excellent,95%,N/A,N/A,100%,0%,0%,83%,N/A,83%,75%,N/A,N/A,N/A,87%,81%,75%,N/A,,,,,,,,,,,,85%,73%,86%,89%,83%,N/A,N/A,100%,88%,,,,,,,,,,,,,,90%,,96%,,57%,52%,56%,77%,33%,N/A,N/A,71%,63%,94%,96%,93%,100%,100%,N/A,N/A,90%,75%,,,,,,,,,,,91%,90%,88%,95%,N/A,N/A,N/A,100%,N/A,,80%,90%,74%,86%,N/A,N/A,N/A,94%,N/A,,95%,100%,92%,95%,N/A,N/A,N/A,100%,N/A
29Q498,"Health, Arts, Robotics, and Technology High School",,,,www.hartshs.org,Kayode Ayetiwa,"09,10,11,12,SE",512,Ed. Opt.,,207- 01 116th Avenue,"Queens, NY 11411",718-978-2135,5%,68%,21%,4%,<1%,2%,8%,18%,,61%,39%,0%,82%,Boys: N/A; Girls: N/A; Co-Ed: N/A,"National Honor Society (ARISTA), Student Government, Performing Arts Club (Dance, Art, Poetry & Music), Chess Club, Culinary Club, Multicultural Club, Anime Club, Math Club, Yearbook Club, My Brother and Sister Keeper (MBSK), Majorettes, Creative Art's Club, Weight Club, Video Game Club, Swimming Club","Visual Art, Studio Art, Painting, Computer Art / Digital Art","NYSED ""Local Support and Improvement""; AP for All; CS for All; Future Ready NYC; NYC Math; Project Pivot",N/A (fewer than 5 teachers),27%,N/A (fewer than 5 teachers),0%,0%,47%,7.1,74%,,,,,,,,,,,,94%,77%,181 (35%),265 (52%),6% (21),69% (242),19% (67),4% (14),0% (0),2% (6),Good,98%,N/A,N/A,96%,N/A,N/A,92%,N/A,95%,80%,N/A,N/A,N/A,94%,89%,82%,83%,,,,,,,,,,,,90%,N/A,N/A,80%,N/A,N/A,N/A,N/A,N/A,,,,,,,,,,,,,,85%,,96%,,73%,N/A,80%,60%,N/A,N/A,N/A,N/A,N/A,100%,N/A,100%,100%,N/A,N/A,N/A,N/A,N/A,,,,,,,,,,,99%,96%,100%,99%,100%,N/A,100%,100%,100%,,97%,96%,97%,98%,100%,N/A,100%,100%,96%,,99%,96%,99%,99%,100%,N/A,100%,100%,100%
30Q258,Energy Tech High School,,,,energytechschool.org,Hope Barter,"09,10,11,12,SE",509,"D75 Special Education Inclusive Services, Ed. Opt.",,36-41 28 Street,"Queens, NY 11106",718-472-0536,19%,7%,59%,1%,1%,12%,7%,16%,,20%,80%,0%,80%,"Boys: BASKETBALL,CROSS COUNTRY,SOCCER; Girls: VOLLEYBALL,CROSS COUNTRY; Co-Ed: N/A","Robotics Team and Club, National Honor Society, ACE Mentoring, Art Club, Student Government Association, Community Service Club, Bring Change to Mind Club, Video Game Club, Saturday Academy, SAT Tutoring, Yearbook Committee","Graphic Design, Digital Photography, Studio Art","NYSED ""Local Support and Improvement""; AP for All; Career & Technical Education; CS for All; NYC Math",15%,N/A (fewer than 5 teachers),20%,0%,0%,53%,10.2,75%,,,,,,,,,,,,83%,78%,243 (48%),220 (43%),21% (65),6% (19),58% (177),<1% (3),1% (4),11% (34),Good,97%,N/A,N/A,96%,N/A,N/A,97%,96%,N/A,97%,N/A,N/A,N/A,96%,97%,N/A,94%,,,,,,,,,,,,92%,92%,81%,93%,N/A,N/A,93%,90%,93%,,,,,,,,,,,,,,90%,,97%,,64%,71%,50%,63%,N/A,N/A,63%,57%,65%,94%,92%,83%,97%,N/A,N/A,91%,93%,95%,,,,,,,,,,,96%,100%,N/A,98%,N/A,N/A,88%,N/A,100%,,87%,100%,N/A,88%,N/A,N/A,81%,N/A,93%,,92%,91%,N/A,93%,N/A,N/A,88%,N/A,100%
30Q286,"Young Women's Leadership School, Astoria",,,,www.tywls-astoria.org/,Allison Persad,"06,07,08,09,10,11,12,SE",310,Ed. Opt.,,23-15 Newtown Avenue,"Queens, NY 11102",718-267-2839,30%,9%,40%,<1%,<1%,18%,7%,17%,,>99%,<1%,0%,82%,"Boys: N/A; Girls: SOFTBALL,TABLE TENNIS,Middle Schools BASKETBALL,OUTDOOR TRACK,VOLLEYBALL,SOCCER,BOWLING,BASKETBALL; Co-Ed: N/A","Drama Club, Mathletes Team, GSA (Gender and Sexuality Alliance), Digital Dance, Asian Cultural Club, Anti-Racism Forum, Latinx Students Association; Muslim Students Association","Guitar, Acting, Printmaking, Fashion and Textile Design, Studio Art, Scenic Design and Implementation, Illustration, Filmmaking / Video, Visual Art, Stage Management, and more","NYSED ""Local Support and Improvement""; AP for All; Competency Collaborative; CS for All; DYCD: COMPASS/SONYC; PROSE",12%,N/A (fewer than 5 teachers),14%,0%,0%,52%,8.1,90%,,,,,,,,,,,,96%,91%,141 (45%),122 (39%),31% (63),10% (21),39% (78),<1% (2),<1% (1),18% (36),Fair,95%,N/A,N/A,92%,N/A,N/A,100%,100%,N/A,100%,N/A,N/A,N/A,100%,N/A,N/A,100%,,,,,,,,,,,,85%,91%,83%,83%,N/A,N/A,80%,75%,83%,,,,,,,,,,,,,,90%,,96%,,51%,60%,50%,47%,N/A,N/A,44%,67%,50%,91%,90%,93%,93%,N/A,N/A,87%,100%,93%,,,,,,,,,,,82%,89%,75%,80%,N/A,N/A,77%,57%,81%,,69%,73%,57%,68%,N/A,N/A,64%,57%,78%,,86%,85%,75%,85%,N/A,N/A,90%,57%,85%
30Q301,Academy for Careers in Television and Film,,,,www.actvf.org,Alexandra Stahl,"09,10,11,12,SE",538,"ASD/ACES Program, Ed. Opt.",,1-50 51st Avenue,"Queens, NY 11101",718-609-3330,9%,14%,59%,<1%,<1%,16%,5%,24%,,49%,51%,0%,80%,"Boys: BASEBALL,BASKETBALL,SOCCER; Girls: BASKETBALL,SOFTBALL,FLAG FOOTBALL,VOLLEYBALL; Co-Ed: N/A",N/A,"Filmmaking / Video, Acting","NYSED ""Local Support and Improvement""; Career & Technical Education; Competency Collaborative; PROSE",N/A (fewer than 5 teachers),N/A (fewer than 5 teachers),19%,0%,0%,64%,1.1,79%,,,,,,,,,,,,95%,79%,256 (48%),177 (33%),12% (41),13% (46),53% (185),<1% (2),<1% (1),19% (66),Good,97%,N/A,N/A,93%,0%,7%,98%,N/A,100%,99%,N/A,N/A,96%,100%,97%,94%,98%,,,,,,,,,,,,89%,91%,80%,92%,N/A,N/A,89%,82%,87%,,,,,,,,,,,,,,89%,,97%,,59%,74%,61%,56%,N/A,N/A,63%,58%,64%,90%,97%,88%,91%,N/A,N/A,87%,100%,84%,,,,,,,,,,,91%,100%,91%,94%,N/A,N/A,86%,88%,90%,,90%,94%,91%,90%,N/A,N/A,88%,88%,92%,,94%,94%,94%,94%,N/A,N/A,92%,100%,98%
30Q417,Gotham Tech High School,,,,www.nycfirst.org/gothamtech,Cherylann Gill,"09,SE",94,Open,,28-01 41 Avenue,"Queens, NY 11101",N/A,13%,9%,48%,9%,0%,19%,7%,18%,,32%,68%,0%,65%,Boys: N/A; Girls: N/A; Co-Ed: N/A,"Robotics, debate, theater, chorus, fine arts, design",N/A,AP for All; PROSE,N/A (fewer than 5 teachers),N/A (fewer than 5 teachers),N/A (fewer than 5 teachers),0%,0%,N/A (fewer than 5 teachers),1.2,57%,,,,,,,,,,,,N/A,N/A,,,N/A,N/A,N/A,N/A,N/A,N/A,Good,100%,0%,0%,87%,N/A,N/A,N/A,N/A,N/A,N/A,N/A,N/A,N/A,N/A,N/A,N/A,N/A,,,,,,,,,,,,89%,100%,100%,92%,N/A,N/A,100%,N/A,85%,,,,,,,,,,,,,,89%,,96%,,38%,60%,100%,32%,N/A,N/A,43%,N/A,50%,80%,100%,80%,81%,N/A,N/A,79%,N/A,93%,,,,,,,,,,,84%,N/A,N/A,78%,N/A,N/A,89%,N/A,75%,,91%,N/A,N/A,89%,N/A,N/A,100%,N/A,88%,,88%,N/A,N/A,100%,N/A,N/A,89%,N/A,100%
30Q445,William Cullen Bryant High School,,,,www.wcbryanths.org,Carlyn St Aubain,"09,10,11,12,SE",1978,"Ed. Opt., Screened, Zoned Guarantee",,48-10 31 Avenue,"Queens, NY 11103",718-721-5404,21%,6%,62%,<1%,<1%,10%,19%,17%,,47%,53%,0%,84%,"Boys: BASKETBALL,VOLLEYBALL,BOWLING,CROSS COUNTRY,BASEBALL,WRESTLING,FOOTBALL,INDOOR TRACK,HANDBALL,OUTDOOR TRACK,SOCCER; Girls: VOLLEYBALL,CROSS COUNTRY,TENNIS,SOFTBALL,SOCCER,FLAG FOOTBALL,HANDBALL,INDOOR TRACK,OUTDOOR TRACK,WRESTLING,BASKETBALL,BOWLING; Co-Ed: CRICKET","Debate, Key Club, Mock Trial, Student Government, Dance Company, Theater Company, My Brother's Keeper, My Sister's Keeper, Student Leadership, Badminton, Balkan, Beats Per Minute, Bengali, Bhangra, Bollywood, Cheerleading, Colombian, Dominican, Drum Line, Ecuadorian, Japanese, Korean, K-Pop, Mexican, Red Cross, Spikeball, The Hitters (Baseball), Video Game, West Indian, Workout, Yearbook","Acting, Mixed Choir, Concert Band, Dance History, Graphic Design, Music, String Orchestra, Piano Keyboard, Musical Theater, Studio Art, and more","NYSED ""Local Support and Improvement""; 21st Century Community Learning Center; Career Readiness and Modern Youth Apprenticeship; Community School; CS for All; Dual Language or TBE; Future Ready NYC; NYC Math",10%,10%,29%,N/A (fewer than 5 teachers),0%,45%,1.1,71%,,,,,,,,,,,,64%,55%,495 (25%),751 (38%),26% (255),5% (46),57% (563),<1% (7),<1% (2),11% (106),Excellent,97%,3%,0%,100%,N/A,N/A,89%,89%,77%,90%,N/A,N/A,91%,92%,87%,82%,80%,,,,,,,,,,,,77%,76%,79%,78%,75%,N/A,80%,71%,76%,,,,,,,,,,,,,,84%,,96%,,44%,45%,49%,42%,57%,N/A,50%,44%,58%,88%,91%,83%,89%,88%,N/A,82%,86%,90%,,,,,,,,,,,93%,92%,88%,94%,N/A,N/A,92%,95%,97%,,86%,82%,92%,87%,N/A,N/A,81%,92%,92%,,94%,94%,92%,95%,N/A,N/A,88%,94%,96%
30Q450,Long Island City High School,,,,longislandcityhs.schoolwires.net,Vivian Selenikas,"09,10,11,12,SE",1930,"Ed. Opt., Language Criteria, Screened, Zoned Guarantee",,14-30 Broadway,"Queens, NY 11106",718-545-7095,9%,10%,71%,<1%,<1%,7%,15%,19%,,51%,49%,0%,84%,"Boys: BOWLING,GYMNASTICS,WRESTLING,FENCING,LACROSSE,BASEBALL,FOOTBALL,TENNIS,SWIMMING,HANDBALL,CROSS COUNTRY,VOLLEYBALL,SOCCER,BASKETBALL; Girls: CROSS COUNTRY,TENNIS,LACROSSE,GOLF,HANDBALL,SOFTBALL,SOCCER,SWIMMING,BOWLING,FENCING,VOLLEYBALL,BASKETBALL,GYMNASTICS; Co-Ed: CRICKET,GOLF","Art Club, Arts & Crafts Club, College Club, Dance Club, Digital Design Program, Fall and Spring Drama & Musical Productions, Gardening Club, Gay Straight Alliance (GSA), HANAC SYEP, Junior Reserve Officers' Training (JROTC), LETS GET READY! Free SAT Preparation, Marching Band, Drum Line & Jazz Band, Multicultural events, National Honor Society (NHS), Rock Band, Tabletop Gaming Club, Winter and Spring Concerts","Core Music, Theater / Play Production, Illustration, Three-Dimensional Art, Studio Art, Advertising Art, Computer Art / Digital Art, Art History, Mixed Choir, String Orchestra, and more","NYSED ""Local Support and Improvement""; Community School; Dual Language or TBE; Project Pivot",12%,5%,23%,0%,0%,55%,11.2,80%,,,,,,,,,,,,67%,54%,697 (36%),875 (45%),11% (129),9% (100),71% (821),<1% (4),<1% (4),6% (71),Excellent,99%,N/A,N/A,87%,N/A,N/A,80%,86%,67%,80%,N/A,N/A,87%,87%,74%,72%,58%,,,,,,,,,,,,74%,74%,70%,75%,N/A,N/A,73%,83%,78%,,,,,,,,,,,,,,86%,,95%,,34%,41%,29%,34%,N/A,N/A,35%,43%,34%,90%,92%,76%,91%,N/A,N/A,83%,93%,89%,,,,,,,,,,,81%,86%,81%,77%,N/A,N/A,85%,88%,73%,,67%,66%,69%,65%,N/A,N/A,76%,69%,76%,,83%,94%,81%,78%,N/A,N/A,88%,86%,84%
30Q501,Frank Sinatra School of the Arts High School,,,,www.franksinatraschoolofthearts.org,Gideon Rafel Frankel,"09,10,11,12,SE",838,Audition,,35-12 35th Avenue,"Queens, NY 11106",718-361-9920,11%,9%,25%,<1%,<1%,37%,0%,16%,,67%,33%,<1%,84%,"Boys: OUTDOOR TRACK,BASKETBALL,BASEBALL; Girls: OUTDOOR TRACK,BASKETBALL,SOCCER,VOLLEYBALL,TENNIS,SOFTBALL; Co-Ed: N/A","The Environmental Club, The Debate Club, The Social Justice Club, The Chess Club, The Columbia Writing Club, The Step Team, Cheerleaders, Girls Who Code, International Thespian Society, Gender Sexuality Alliance, Yoga Club, My Brother's Keeper, My Sister's Keeper, Fashion Club, Key Club","Filmmaking / Video, Mixed Choir, Music Theory / Musicianship, Art History, Acting, Modern Dance, String Orchestra, Ballet, Studio Art, Visual Art, and more","NYSED ""Local Support and Improvement""; CS for All; Respect for All",N/A (fewer than 5 teachers),11%,16%,N/A (fewer than 5 teachers),0%,67%,6.1,98%,,,,,,,,,,,,99%,84%,513 (61%),466 (56%),12% (78),8% (51),24% (159),<1% (5),<1% (2),39% (258),Fair,97%,N/A,N/A,92%,0%,8%,99%,100%,95%,98%,N/A,N/A,100%,99%,100%,N/A,100%,,,,,,,,,,,,94%,91%,100%,94%,N/A,N/A,92%,N/A,90%,,,,,,,,,,,,,,91%,,96%,,52%,58%,44%,54%,N/A,N/A,51%,N/A,48%,93%,92%,93%,92%,N/A,N/A,93%,N/A,86%,,,,,,,,,,,78%,83%,80%,82%,N/A,N/A,77%,N/A,85%,,58%,43%,64%,74%,N/A,N/A,58%,N/A,82%,,87%,85%,92%,95%,N/A,N/A,84%,N/A,93%
30Q502,Information Technology High School,,,,www.infotechhs.net,Jean Woods Powell,"09,10,11,12,SE",815,"D75 Special Education Inclusive Services, Ed. Opt.",,21-16 44th Road,"Queens, NY 11101",718-937-4270,18%,9%,65%,<1%,<1%,6%,11%,18%,,31%,69%,0%,84%,"Boys: FOOTBALL,OUTDOOR TRACK,BASKETBALL,CROSS COUNTRY,SOCCER,INDOOR TRACK,FENCING,VOLLEYBALL,WRESTLING,BASEBALL; Girls: INDOOR TRACK,CROSS COUNTRY,FENCING,OUTDOOR TRACK,VOLLEYBALL,BASKETBALL,BOWLING,SOFTBALL; Co-Ed: N/A","Art, Band, The Buddies Alliance, Climbing, Dance, Drama, Gamers, Martial Arts (sponsored by the RIIS program), NHS, Peer Tutoring, Safe Space, Student Govt, MSA","Studio Art, Music Technology, Graphic Design, Painting, Concert Band, Illustration, Drawing, String Orchestra, Visual Art","NYSED ""Local Support and Improvement""; NYC Math; Respect for All",25%,18%,16%,0%,0%,41%,5,84%,,,,,,,,,,,,70%,56%,501 (61%),285 (35%),19% (115),9% (52),64% (379),<1% (4),<1% (2),6% (37),Good,98%,N/A,N/A,95%,N/A,N/A,92%,94%,94%,91%,N/A,N/A,N/A,91%,92%,93%,84%,,,,,,,,,,,,87%,86%,76%,90%,40%,N/A,85%,87%,90%,,,,,,,,,,,,,,91%,,96%,,42%,44%,40%,40%,50%,N/A,52%,41%,46%,92%,91%,85%,94%,100%,N/A,86%,93%,90%,,,,,,,,,,,91%,89%,83%,93%,N/A,N/A,93%,94%,96%,,85%,81%,92%,85%,N/A,N/A,93%,97%,90%,,91%,86%,75%,94%,N/A,N/A,93%,91%,98%
30Q555,Newcomers High School,,,,newcomershs.schoolwires.net,Elizabeth Messmann,"09,10,11,12,SE",1019,Language Criteria,,28-01 41 Avenue,"Queens, NY 11101",718-937-6005,6%,1%,88%,<1%,<1%,5%,90%,3%,,42%,58%,0%,86%,"Boys: VOLLEYBALL,BASKETBALL,SWIMMING,SOCCER,TENNIS,HANDBALL; Girls: TENNIS,VOLLEYBALL,BASKETBALL; Co-Ed: CRICKET","Chorus, Concerts, GSA, Hip-Hop Dance, Human Rights, International Food Festival, Media/Video, Model UN, Multicultural Show, New Student Orientation, Orchestra, Peer Learning Program, Ping Pong, SAT Preparation, SAYA Youth Leadership Program, Science Research Club, Stage Production, Student Government, Theater, Tutoring in the After-School and Saturday Program, Video/Media Team, Yearbook Program, My Sister's Keeper, Lions Pride Club, Environmental Club, Book Club, Film and Discussing Club","Studio Art, Theater Survey / Introduction to Theater, Drawing, Acting, Visual Art","NYSED ""Local Support and Improvement""; AP for All; Community School; Dual Language or TBE; NYC Math",10%,N/A (fewer than 5 teachers),39%,0%,0%,36%,2.1,64%,,,,,,,,,,,,50%,39%,263 (26%),640 (63%),6% (43),1% (9),88% (596),<1% (2),<1% (1),4% (28),Good,89%,N/A,N/A,94%,N/A,N/A,73%,88%,N/A,70%,N/A,N/A,N/A,79%,69%,73%,N/A,,,,,,,,,,,,81%,86%,100%,81%,N/A,N/A,91%,82%,47%,,,,,,,,,,,,,,81%,,97%,,45%,51%,58%,44%,N/A,N/A,46%,46%,67%,92%,95%,91%,93%,N/A,N/A,92%,93%,89%,,,,,,,,,,,81%,86%,N/A,82%,N/A,N/A,85%,80%,89%,,75%,50%,N/A,76%,N/A,N/A,83%,74%,78%,,84%,100%,N/A,82%,N/A,N/A,100%,83%,100%
30Q575,Academy of American Studies,,,,www.academyofamericanstudies.com,William Bassell,"09,10,11,12,SE",1366,"Ed. Opt., Screened",,40-11 28 Street,"Queens, NY 11101",929-487-1910,23%,3%,35%,<1%,0%,38%,3%,10%,,54%,46%,0%,74%,"Boys: CROSS COUNTRY,VOLLEYBALL,SOCCER,BASKETBALL,BASEBALL,BOWLING; Girls: FLAG FOOTBALL,SOFTBALL,BOWLING,SOCCER,BASKETBALL,CROSS COUNTRY,VOLLEYBALL; Co-Ed: STUNT",Animal Cares Club Anime Club Arab Culture Club Art Club Baseball Club Basketball Club Big Sib Freshmen Orientation Chess Team Culinary Club Debate Team Environmental Club Glamour Gals Greek Club GSA (Gay Straight Alliance) Cheesy Llama Improv Society Key Club K-Pop Club Latino Culture Club Math Club Model United Nations Music Club Muslim Student Association On My Bookshelf: Book Club Photography Club Physics/Chemistry Club The Safe Place Senior Committee Sister's Keeper Soccer Club Softball Club Southeast Asian Club Student Government We Empower We the Writers: Literary Magazine Yearbook YUP/SEE,"Music Theory / Musicianship, Studio Art, Art History, Concert Band, Computer Art / Digital Art, Theater, Opera, Playwriting, Acting","NYSED ""Local Support and Improvement""",19%,N/A (fewer than 5 teachers),12%,N/A (fewer than 5 teachers),0%,58%,12.1,77%,,,,,,,,,,,,97%,80%,489 (36%),813 (60%),23% (245),3% (29),33% (362),0% (0),0% (0),40% (438),Fair,100%,0%,0%,89%,N/A,N/A,96%,98%,N/A,93%,N/A,N/A,97%,97%,95%,70%,86%,,,,,,,,,,,,90%,90%,88%,91%,N/A,N/A,90%,88%,88%,,,,,,,,,,,,,,91%,,96%,,41%,45%,42%,34%,N/A,N/A,45%,50%,41%,90%,92%,85%,91%,N/A,N/A,88%,88%,94%,,,,,,,,,,,81%,84%,100%,77%,N/A,N/A,80%,N/A,87%,,78%,71%,N/A,80%,N/A,N/A,78%,N/A,94%,,83%,90%,N/A,75%,N/A,N/A,85%,N/A,88%
30Q580,Baccalaureate School for Global Education,,,,www.bsge.org,Heather Page,"07,08,09,10,11,12,SE",414,Screened With Assessment,,34-12 36 Avenue,"Queens, NY 11106",718-361-5275,43%,3%,19%,<1%,0%,30%,4%,14%,,54%,46%,0%,63%,"Boys: BASKETBALL,OUTDOOR TRACK,SOCCER; Girls: SOCCER,SOFTBALL,OUTDOOR TRACK,BASKETBALL; Co-Ed: N/A","BaccRag (school newspaper), Helping Hands community service network, Global Glimpse, TDF Wendy Wasserstein Project, Model U.N., Debate Team, Robotics Team, Out & Bacc hiking club, Chess Club, Student Government, Boxing club, Yoga, Crochet Club, Red Cross club, Red, and many other student clubs/organizations.","Studio Art, Computer Art / Digital Art","NYSED ""Local Support and Improvement""",18%,15%,15%,0%,0%,50%,1.1,97%,,,,,,,,,,,,93%,86%,,217 (52%),44% (171),3% (12),17% (67),1% (4),0% (0),31% (122),Fair,72%,28%,0%,100%,0%,0%,98%,98%,N/A,N/A,N/A,N/A,100%,98%,97%,N/A,92%,,,,,,,,,,,,89%,86%,86%,94%,N/A,N/A,94%,92%,88%,,,,,,,,,,,,,,94%,,98%,,40%,42%,43%,33%,N/A,N/A,42%,67%,52%,85%,85%,100%,91%,N/A,N/A,83%,92%,89%,,,,,,,,,,,70%,79%,N/A,67%,N/A,N/A,58%,N/A,58%,,69%,71%,N/A,70%,N/A,N/A,59%,N/A,75%,,80%,86%,N/A,67%,N/A,N/A,75%,N/A,73%
31R028,The Eagle Academy for Young Men of Staten Island,,,,www.schools.nyc.gov/schools/R028,Jermaine Cameron,"06,07,08,09,10,11,12,SE",103,Open,,101 Warren Street,"Staten Island, NY 10304",718-727-6201,4%,51%,40%,0%,0%,3%,9%,43%,,0%,100%,0%,67%,"Boys: Middle Schools BASKETBALL,BASKETBALL,VOLLEYBALL; Girls: N/A; Co-Ed: N/A",N/A,"Filmmaking / Video, Dance History, Art History, Visual Art, Music, Core Music","NYSED ""Local Support and Improvement""; DYCD: COMPASS/SONYC; Project Pivot; PROSE",N/A (fewer than 5 teachers),24%,N/A (fewer than 5 teachers),0%,0%,53%,9.2,73%,,,,,,,,,,,,13%,46%,34 (33%),31 (30%),2% (1),51% (23),44% (20),0% (0),0% (0),0% (0),Good,95%,N/A,N/A,96%,N/A,N/A,75%,N/A,N/A,N/A,N/A,N/A,N/A,N/A,75%,N/A,N/A,,,,,,,,,,,,79%,75%,79%,75%,N/A,N/A,80%,71%,82%,,,,,,,,,,,,,,80%,,96%,,62%,63%,61%,62%,N/A,N/A,40%,30%,66%,82%,100%,80%,82%,N/A,N/A,80%,82%,85%,,,,,,,,,,,88%,80%,89%,87%,N/A,N/A,N/A,100%,82%,,89%,100%,86%,100%,N/A,N/A,N/A,83%,88%,,92%,80%,92%,89%,N/A,N/A,N/A,100%,90%
31R047,CSI High School for International Studies,,,,csihighschool.org,Joseph Canale,"09,10,11,12,SE",512,Open,,100 Essex Drive,"Staten Island, NY 10314",718-370-6900,26%,7%,24%,<1%,<1%,40%,2%,19%,,49%,51%,0%,56%,"Boys: TENNIS,BASKETBALL,CROSS COUNTRY,FENCING,BASEBALL,SOCCER,INDOOR TRACK,OUTDOOR TRACK,WRESTLING; Girls: OUTDOOR TRACK,VOLLEYBALL,SOCCER,BASKETBALL,CROSS COUNTRY,TENNIS,SOFTBALL,FLAG FOOTBALL,WRESTLING,INDOOR TRACK,FENCING; Co-Ed: N/A","LION (Love is our Niche), Sport Of The Month, Mental Health Club, MSK (My Sister's Keeper), MBK (My Brother's Keeper), BC2M (Bring Change to Mind), Rubik's Cube Club, Awareness Club, Fashion Club, Forensics/Garden Club, Muslim Club, Lego Club","Percussion, Mixed Media, Studio Art, Drawing, Music","NYSED ""Local Support and Improvement""",N/A (fewer than 5 teachers),N/A (fewer than 5 teachers),N/A (fewer than 5 teachers),0%,0%,77%,13,96%,,,,,,,,,,,,78%,93%,176 (34%),125 (24%),28% (76),7% (18),19% (51),<1% (1),<1% (1),43% (115),Fair,96%,N/A,N/A,100%,0%,0%,98%,N/A,N/A,94%,N/A,N/A,98%,100%,96%,N/A,100%,,,,,,,,,,,,93%,94%,89%,92%,N/A,N/A,94%,100%,92%,,,,,,,,,,,,,,93%,,97%,,59%,54%,38%,58%,N/A,N/A,65%,83%,54%,94%,95%,90%,95%,N/A,N/A,94%,100%,93%,,,,,,,,,,,89%,90%,82%,91%,N/A,N/A,89%,N/A,92%,,75%,69%,76%,73%,N/A,N/A,80%,N/A,88%,,91%,97%,76%,89%,N/A,N/A,89%,N/A,94%
31R064,Gaynor McCown Expeditionary Learning School,,,,www.gaynormccownels.org/,Margaret Tang,"09,10,11,12,SE",473,Ed. Opt.,,100 Essex Drive,"Staten Island, NY 10314",718-370-6950,12%,9%,26%,<1%,0%,47%,1%,27%,,49%,51%,0%,70%,Boys: N/A; Girls: N/A; Co-Ed: N/A,"National Honor Society, School News Paper, Senior Council, Equality Among Teens, Muslim and Arab American Society, Bible Study, Harry Potter Fans, Chess and Games, Film, Key Club, Club 360, Hack Club, Community Service. Students have the opportunity to create any new clubs not listed!","Filmmaking / Video, Graphic Design, Fashion and Textile Design","NYSED ""Local Support and Improvement""; AP for All; Pathways Advising; PROSE",0%,0%,N/A (fewer than 5 teachers),0%,0%,84%,4.1,94%,,,,,,,,,,,,65%,75%,95 (20%),102 (22%),14% (44),8% (25),25% (76),<1% (1),0% (0),46% (140),Fair,95%,N/A,N/A,98%,N/A,N/A,97%,N/A,N/A,95%,N/A,N/A,100%,100%,94%,N/A,96%,,,,,,,,,,,,88%,94%,90%,95%,N/A,N/A,83%,N/A,81%,,,,,,,,,,,,,,88%,,96%,,56%,54%,70%,62%,N/A,N/A,54%,N/A,63%,94%,100%,100%,94%,N/A,N/A,91%,N/A,91%,,,,,,,,,,,90%,96%,90%,89%,N/A,N/A,89%,N/A,98%,,76%,68%,80%,78%,N/A,N/A,78%,N/A,88%,,90%,96%,90%,89%,N/A,N/A,88%,N/A,98%
31R080,The Michael J. Petrides School,,,,Petridesschool.com,Joanne Buckheit,"PK,0K,01,02,03,04,05,06,07,08,09,10,11,12,SE",539,"D75 Special Education Inclusive Services, Ed. Opt., For Continuing 8th Graders",,715 Ocean Terrace,"Staten Island, NY 10301",718-815-0186,11%,21%,30%,<1%,<1%,34%,2%,25%,,48%,52%,0%,82%,"Boys: SWIMMING,CROSS COUNTRY,BASKETBALL,FENCING,BOWLING,HANDBALL,SOCCER,TENNIS,OUTDOOR TRACK,BASEBALL,FOOTBALL,WRESTLING,INDOOR TRACK; Girls: SWIMMING,SOCCER,BOWLING,GOLF,VOLLEYBALL,OUTDOOR TRACK,SOFTBALL,CROSS COUNTRY,LACROSSE,BASKETBALL,INDOOR TRACK; Co-Ed: GOLF","Astronomy Club, Billion Oyster Project Club, Community Affairs Project(C.A.P.), Cheerleading, Chess Club, Cooking Club, Council For Unity (CFU), Craft Club, Habitat For Humanity, History Club, Italian Club, LGBTQ Club, Math Team, Media and Technology Club, My Brothers Keeper, My Sisters Keeper, National Honor Society, Newspaper, Petrides against Cancer Society (PACS), Passport Club, Step Team, Spoken Word, Student Government, Yearbook, SING, Spring Musical, Winter Concert, Spring Concert, Art Show","Studio Art, Visual Art, Dance, Graphic Design, Filmmaking / Video, Dramatic Literature, Mixed Choir, String Orchestra, Concert Band, Music Enterprise, Management, and Careers, and more","NYSED ""Local Support and Improvement""; DYCD: COMPASS/SONYC; PROSE",N/A (fewer than 5 teachers),N/A (fewer than 5 teachers),8%,N/A (fewer than 5 teachers),0%,83%,19.5,82%,,,,,,,,,,,,65%,70%,176 (33%),143 (27%),16% (36),16% (35),19% (43),0% (0),<1% (1),44% (98),Fair,96%,2%,2%,98%,0%,2%,98%,N/A,100%,94%,N/A,N/A,98%,98%,97%,N/A,94%,,,,,,,,,,,,79%,77%,76%,76%,N/A,N/A,84%,67%,74%,,,,,,,,,,,,,,85%,,96%,,43%,42%,43%,36%,N/A,N/A,51%,40%,50%,90%,96%,87%,87%,N/A,N/A,91%,80%,87%,,,,,,,,,,,88%,93%,84%,86%,N/A,N/A,90%,100%,87%,,85%,86%,81%,85%,N/A,N/A,88%,100%,89%,,90%,95%,87%,87%,N/A,N/A,93%,89%,92%
31R440,New Dorp High School,,,,www.newdorphs.org,Seth Schoenfeld,"09,10,11,12,SE",3171,"ASD/ACES Program, D75 Special Education Inclusive Services, Ed. Opt., Screened, Zoned Guarantee",,465 New Dorp Lane,"Staten Island, NY 10306",718-667-8686,15%,9%,29%,<1%,<1%,45%,8%,23%,,48%,52%,<1%,87%,"Boys: LACROSSE,BASEBALL,CROSS COUNTRY,BASKETBALL,WRESTLING,TENNIS,SOCCER,OUTDOOR TRACK,FOOTBALL,BOWLING,INDOOR TRACK,VOLLEYBALL,HANDBALL; Girls: BASKETBALL,GOLF,VOLLEYBALL,INDOOR TRACK,HANDBALL,SOCCER,GYMNASTICS,CROSS COUNTRY,TENNIS,OUTDOOR TRACK,FLAG FOOTBALL,BOWLING,LACROSSE,SOFTBALL; Co-Ed: GOLF,STUNT",0,"Graphic Design, Studio Art, Core Music, Digital Photography, Visual Art, Art Management / Business, Computer Art / Digital Art, Mixed Media, Drawing, Portfolio Development, and more","NYSED ""Local Support and Improvement""; CS for All; Future Ready NYC; Project Pivot",4%,N/A (fewer than 5 teachers),6%,0%,0%,79%,1.8,78%,,,,,,,,,,,,80%,59%,790 (25%),1126 (36%),17% (296),6% (94),22% (381),<1% (9),<1% (4),53% (899),Good,98%,1%,1%,96%,0%,4%,90%,97%,75%,83%,N/A,N/A,95%,92%,88%,81%,85%,,,,,,,,,,,,81%,82%,82%,83%,88%,N/A,80%,86%,82%,,,,,,,,,,,,,,91%,,96%,,52%,54%,42%,49%,44%,N/A,55%,58%,57%,90%,94%,87%,89%,78%,N/A,90%,93%,86%,,,,,,,,,,,83%,86%,79%,83%,N/A,N/A,84%,88%,88%,,70%,59%,88%,74%,N/A,N/A,72%,77%,86%,,88%,92%,82%,86%,N/A,N/A,88%,96%,92%
31R445,Port Richmond High School,,,,www.portrichmondhs.org,Andrew Greenfield,"09,10,11,12,SE",1731,"D75 Special Education Inclusive Services, Ed. Opt., Screened, Zoned Guarantee",,85 St Josephs Avenue,"Staten Island, NY 10302",718-420-2100,6%,23%,53%,<1%,<1%,14%,15%,32%,,49%,51%,<1%,91%,"Boys: BOWLING,BASKETBALL,VOLLEYBALL,WRESTLING,FOOTBALL,LACROSSE,INDOOR TRACK,HANDBALL,SOCCER,BASEBALL,CROSS COUNTRY,OUTDOOR TRACK,TENNIS,SWIMMING; Girls: BOWLING,SOCCER,FLAG FOOTBALL,SOFTBALL,VOLLEYBALL,SWIMMING,INDOOR TRACK,OUTDOOR TRACK,GYMNASTICS,TENNIS,CROSS COUNTRY,BASKETBALL; Co-Ed: STUNT,GOLF",N/A,"Concert Band, Drawing, Guitar, Acting, Filmmaking / Video, Photography, String Orchestra, Art History, Theater / Play Production, Mixed Media, and more","NYSED ""Local Support and Improvement""; Community School; Project Pivot",N/A (fewer than 5 teachers),6%,16%,0%,0%,70%,5.2,79%,,,,,,,,,,,,55%,46%,217 (13%),696 (40%),8% (67),21% (176),52% (428),<1% (2),<1% (6),16% (133),Good,82%,16%,2%,95%,0%,5%,85%,100%,81%,82%,N/A,N/A,93%,88%,83%,73%,79%,,,,,,,,,,,,83%,79%,85%,82%,100%,N/A,86%,87%,82%,,,,,,,,,,,,,,86%,,96%,,55%,58%,52%,54%,75%,N/A,64%,58%,57%,93%,95%,89%,94%,91%,N/A,92%,95%,91%,,,,,,,,,,,88%,96%,86%,86%,N/A,N/A,90%,93%,86%,,79%,76%,85%,75%,N/A,N/A,79%,86%,86%,,91%,96%,91%,89%,N/A,N/A,96%,93%,92%
31R450,Curtis High School,,,,www.curtishs.org,Gregory Jaenicke,"09,10,11,12,SE",2152,"D75 Special Education Inclusive Services, Ed. Opt., Open, Screened, Zoned Guarantee",,105 Hamilton Avenue,"Staten Island, NY 10301",718-390-1800,8%,31%,46%,<1%,<1%,12%,9%,20%,,56%,44%,0%,90%,"Boys: BASKETBALL,BASEBALL,WRESTLING,CROSS COUNTRY,TENNIS,HANDBALL,INDOOR TRACK,VOLLEYBALL,SWIMMING,FOOTBALL,LACROSSE,SOCCER,OUTDOOR TRACK,BOWLING; Girls: FLAG FOOTBALL,BOWLING,TENNIS,LACROSSE,INDOOR TRACK,OUTDOOR TRACK,CROSS COUNTRY,GOLF,SOCCER,GYMNASTICS,RUGBY,SOFTBALL,VOLLEYBALL,HANDBALL,BASKETBALL,SWIMMING,WRESTLING; Co-Ed: DOUBLE DUTCH,GOLF","ADL, ASPIRA, Art Club, Chorus, Gaming Club, Garden Club, Girls Who Code, Health Ambassadors, Journalism Club, Key Club, Law Club, Math Team, Muslim Student Association, MBK, MSK, Newspaper, Nex Gen Educators, Nursing Club, Peer Mediation, Pride Club, Robotics Team, Science in Focus Club, Voices of Color Action Club, Warrior TV, Yearbook","Drawing, Core Music, Painting, Theater Survey / Introduction to Theater, Digital Photography, Art History, Computer Art / Digital Art, Guitar, Graphic Design, Visual Art, and more","NYSED ""Local Support and Improvement""; Community School; Dual Language or TBE; DYCD: COMPASS/SONYC; Project Pivot",N/A (fewer than 5 teachers),10%,17%,0%,0%,68%,8.1,87%,,,,,,,,,,,,65%,70%,550 (26%),518 (24%),11% (108),27% (273),41% (413),0% (0),<1% (4),18% (181),Excellent,93%,N/A,N/A,91%,0%,9%,83%,98%,86%,75%,N/A,N/A,92%,89%,75%,47%,70%,,,,,,,,,,,,77%,71%,80%,76%,N/A,60%,81%,79%,75%,,,,,,,,,,,,,,86%,,96%,,41%,49%,34%,40%,N/A,60%,53%,38%,43%,90%,91%,87%,92%,N/A,100%,88%,94%,89%,,,,,,,,,,,79%,90%,83%,74%,N/A,N/A,86%,74%,77%,,68%,59%,74%,66%,N/A,N/A,70%,71%,79%,,84%,93%,84%,82%,N/A,N/A,87%,83%,89%
31R455,Tottenville High School,,,,tottenvillehs.org,Gina Battista,"09,10,11,12,SE",3780,"ASD/ACES Program, D75 Special Education Inclusive Services, Ed. Opt., Screened, Zoned Guarantee",,100 Luten Avenue,"Staten Island, NY 10312",718-668-8800,11%,2%,17%,<1%,<1%,67%,3%,23%,,51%,49%,<1%,88%,"Boys: LACROSSE,VOLLEYBALL,OUTDOOR TRACK,BASEBALL,SOCCER,CROSS COUNTRY,SWIMMING,WRESTLING,HANDBALL,TENNIS,FENCING,FOOTBALL,BOWLING,TABLE TENNIS,BASKETBALL,INDOOR TRACK,GYMNASTICS; Girls: SWIMMING,TENNIS,SOFTBALL,SOCCER,BADMINTON,INDOOR TRACK,BASKETBALL,GYMNASTICS,FLAG FOOTBALL,BOWLING,CROSS COUNTRY,GOLF,FENCING,VOLLEYBALL,HANDBALL,OUTDOOR TRACK,TABLE TENNIS,LACROSSE; Co-Ed: GOLF","ACTIVE MINDS CLUB, ALBANIAN CULTURE CLUB, ANIMAL AID CLUB, ASIAN AMERICAN ASSOCIATION, AUTISM AWARENESS CLUB , AV TEAM, BLACK STUDENT UNION, BREAST CANCER RESEARCH FOUNDATION CLUB, BROADWAY CLUB, BUSINESS ACHIEVERS CLUB, BUTTERFLY OF DIFFERENCES CLUB, CARD MAGIC CLUB, CARE CLUB, CAREER EXPLORATION CLUB, CHESS CLUB, CHRISTIAN SEEKERS CLUB, COMFORT & COOKIES BAKING CLUB, COMMIT TO BE FIT, COOKING CLUB (BEACON), COPTIC CLUB, CREATIVE WRITING CLUB, DANCE COMPANY (BEACON), DEBATE TEAM, DENTAL CLUB, DIGITAL ART CLUB, DRAMA CLUB. ENTERTAINMENT SKITTLES CLUB, ENTREPRENEURSHIP CLUB , ENVIRONMENTAL CLUB, FUTURE HEALTH PROFESSIONALS MENTORING, GENDER SEXUALITY ALLIANCE (GSA), GIRLS WHO CODE, GLOBAL OUTREACH CLUB, GREEK CLUB, GREENERY CLUB, HELP US HELP THEM, HISPANIC CULTURE CLUB , ITALIAN CULTURE CLUB, JAIME'S LILAC FOUNDATION CLUB, JASA CLUB, JEWISH CULTURE CLUB, JUNIOR STATES OF AMERICA (JSA), KEY CLUB, KNIT FOR KIDS, LACROSSE CLUB (BOYS), LEGO CLUB. LIBRARY BOOK CLUB. LINENS N LOVE CLUB, LUZURIAGA FOUNDATION CLUB, MARINE BIOLOGY CLUB , MATH TEAM, MEDIA BOOK CLUB, MOCK TRIAL, MODEL UN, MOOT COURT,MUSIC APPRECIATION CLUB, MUSLIM STUDENT ASSOCIATION (MSA), MY SISTER'S KEEPER, NATIONAL HONOR SOCIETY, NYPD EXPLORERS, PROJECT SOAPBOX, RED CROSS CLUB, RESPECT FOR ALL CLUB, RUSSIAN SPEAKING CLUB, SING, SLAM! CREATIVE EXPRESSION CLUB (BEACON), SPRING MUSICAL, STEAM/ROBOTICS TEAM, STEP CLUB, STUDENT ORGANIZATION (S.O.), VETERANS MENTAL HEALTH CLUB, VIDEO GAME CLUB","Concert Band, Computer Art / Digital Art, Core Music, Filmmaking / Video, Mixed Choir, Guitar, Architecture, Visual Art, Studio Art, Photography, and more","NYSED ""Local Support and Improvement""; CS for All; DYCD: Beacon; Project Pivot",N/A (fewer than 5 teachers),N/A (fewer than 5 teachers),9%,N/A (fewer than 5 teachers),0%,83%,3,88%,,,,,,,,,,,,79%,69%,1046 (28%),1892 (50%),12% (318),2% (46),15% (384),<1% (8),<1% (3),69% (1766),Good,79%,20%,2%,96%,N/A,N/A,96%,96%,93%,94%,N/A,N/A,97%,96%,95%,90%,90%,,,,,,,,,,,,82%,79%,81%,83%,78%,100%,82%,74%,79%,,,,,,,,,,,,,,91%,,96%,,56%,53%,52%,49%,75%,60%,59%,63%,60%,90%,96%,71%,88%,89%,80%,89%,88%,87%,,,,,,,,,,,78%,83%,89%,79%,N/A,N/A,78%,86%,79%,,64%,55%,78%,76%,N/A,N/A,63%,57%,78%,,81%,87%,89%,79%,N/A,N/A,81%,71%,80%
31R460,Susan E. Wagner High School,,,,wagnerhigh.net,David Cugini,"09,10,11,12,SE",2927,"ASD/ACES Program, Audition, Ed. Opt., Screened, Zoned Guarantee",,1200 Manor Road,"Staten Island, NY 10314",718-698-4200,19%,9%,33%,<1%,<1%,36%,5%,20%,,51%,49%,<1%,87%,"Boys: SOCCER,BASEBALL,HANDBALL,BOWLING,WRESTLING,SWIMMING,VOLLEYBALL,TENNIS,LACROSSE,INDOOR TRACK,BASKETBALL,FOOTBALL,OUTDOOR TRACK,CROSS COUNTRY; Girls: SOCCER,GOLF,GYMNASTICS,BADMINTON,BASKETBALL,BOWLING,SOFTBALL,TENNIS,OUTDOOR TRACK,FLAG FOOTBALL,CROSS COUNTRY,INDOOR TRACK,SWIMMING,HANDBALL,LACROSSE,TABLE TENNIS,VOLLEYBALL; Co-Ed: STUNT,GOLF","For a listing of all Clubs and Student Activities, please visit our website at wagnerhigh.net","Core Music, Visual Art, Mixed Media, Graphic Design, Filmmaking / Video, Acting, Dance, Digital Photography, Guitar, Mixed Choir, and more","NYSED ""Local Support and Improvement""; CS for All; Project Pivot",3%,N/A (fewer than 5 teachers),14%,N/A (fewer than 5 teachers),0%,75%,6.1,89%,,,,,,,,,,,,71%,71%,745 (25%),1179 (40%),22% (337),8% (128),28% (433),<1% (10),<1% (11),38% (587),Good,80%,N/A,N/A,95%,0%,5%,91%,93%,81%,87%,N/A,N/A,95%,94%,88%,76%,76%,,,,,,,,,,,,71%,72%,73%,72%,58%,73%,70%,77%,72%,,,,,,,,,,,,,,93%,,96%,,52%,56%,40%,49%,50%,55%,54%,51%,55%,89%,91%,88%,89%,100%,67%,89%,88%,90%,,,,,,,,,,,80%,85%,78%,76%,80%,N/A,81%,88%,78%,,59%,53%,62%,58%,80%,N/A,62%,60%,74%,,83%,90%,72%,79%,80%,N/A,85%,93%,82%
31R600,Ralph R. McKee Career and Technical Education High School,,,,mckeecths.org,Gregory Bowen,"09,10,11,12,SE",737,"ASD/ACES Program, D75 Special Education Inclusive Services, Ed. Opt., Screened",,101 Belmont Place,"Staten Island, NY 10301",718-420-2600,2%,22%,55%,<1%,<1%,15%,8%,38%,,20%,80%,<1%,89%,"Boys: HANDBALL,VOLLEYBALL,INDOOR TRACK,CROSS COUNTRY,BOWLING,BASEBALL,OUTDOOR TRACK,TABLE TENNIS,FOOTBALL,SWIMMING,WRESTLING,TENNIS,SOCCER,BASKETBALL,FENCING; Girls: BADMINTON,GOLF,TENNIS,VOLLEYBALL,OUTDOOR TRACK,BASKETBALL,SWIMMING,INDOOR TRACK,BOWLING,FENCING,TABLE TENNIS,CROSS COUNTRY,SOFTBALL,HANDBALL,SOCCER; Co-Ed: STUNT,GOLF",Art Club Book club Cinema Club Diversity Club Game theory GSA (Gay Straight Alliance) Kickboxing Makers Space MBK (My Brother's Keeper) MSK (My Sister's Keeper) NHS (National Honor Society) NTHS (National Technical Honor Society) Photography Club Ping Pong Table top games Theater Club Tutoring Vibe Club Volleyball Blue Chips Weightlifting,"Music History, Visual Art, Music Enterprise, Management, and Careers","NYSED ""Local Support and Improvement""; AP for All; Career & Technical Education; Project Pivot",N/A (fewer than 5 teachers),N/A (fewer than 5 teachers),N/A (fewer than 5 teachers),0%,0%,86%,3.2,75%,,,,,,,,,,,,77%,40%,95 (13%),240 (33%),3% (8),25% (74),49% (148),<1% (2),<1% (1),20% (59),Good,77%,23%,0%,99%,N/A,N/A,84%,N/A,72%,87%,N/A,N/A,91%,82%,85%,78%,71%,,,,,,,,,,,,87%,N/A,78%,87%,N/A,N/A,94%,74%,85%,,,,,,,,,,,,,,83%,,96%,,51%,N/A,42%,54%,N/A,N/A,61%,62%,54%,94%,N/A,94%,92%,N/A,N/A,95%,95%,95%,,,,,,,,,,,88%,N/A,79%,89%,N/A,N/A,94%,89%,91%,,84%,N/A,80%,80%,N/A,N/A,97%,89%,88%,,92%,N/A,84%,93%,N/A,N/A,97%,100%,96%
31R605,Staten Island Technical High School,,,,siths.org,Mark Erlenwein,"09,10,11,12",1374,Test,,485 Clawson Street,"Staten Island, NY 10306",718-667-3222,63%,<1%,5%,<1%,<1%,30%,0%,1%,,44%,56%,0%,93%,Boys: N/A; Girls: N/A; Co-Ed: N/A,"Student Organization, National Honor Society, Spirit Week, Freshman Social, Field Day, Club Fair, Trick or Treating in the Halls, Harvest Fair, Winter Wonderland, Holiday Dress Up Week, Ugly Sweater Day, Candy Cane Gram Sale, Holiday Toy Drive, Class trips, Senior Trip to Orlando Florida (Disney World and Universal Studios), Multicultural Show, SING, Spring Musical, Band Concerts, Movie Nights, Blood Drive, Homecoming, Carnation Sales, Coat Drive, Project Hospitality, Spring Fling, Senior Day, Senior Prom, Tech Connects Mentoring, Senior Dress Up Week, Senior Showcase Talent Show, Russian Olympiada, Maslenitsa, TRIM Honor Society, After School Arts, 100 Extracurricular Student Run Clubs","Architecture, Concert Band, Theater Management / Business, Filmmaking / Video, Portfolio Development, Chamber Music, Visual Art, Jazz Ensemble","NYSED ""Local Support and Improvement""; Future Ready NYC",N/A (fewer than 5 teachers),N/A (fewer than 5 teachers),N/A (fewer than 5 teachers),0%,0%,84%,10.1,84%,,,,,,,,,,,,100%,88%,1352 (98%),854 (62%),63% (869),<1% (11),5% (63),<1% (2),<1% (3),30% (412),N/A,100%,0%,0%,83%,N/A,N/A,100%,99%,N/A,100%,N/A,N/A,100%,100%,100%,N/A,N/A,,,,,,,,,,,,98%,98%,100%,97%,N/A,N/A,98%,N/A,95%,,,,,,,,,,,,,,97%,,96%,,59%,58%,50%,47%,N/A,N/A,64%,N/A,61%,97%,97%,100%,98%,N/A,N/A,96%,N/A,95%,,,,,,,,,,,89%,89%,71%,84%,N/A,N/A,90%,N/A,88%,,58%,55%,57%,52%,N/A,N/A,66%,N/A,65%,,94%,94%,86%,92%,N/A,N/A,93%,N/A,82%
32K168,The Brooklyn School for Math and Research,,,,www.bsmartnow.com,Deanna Torres,"09,10,11,SE",335,Open,,400 Irving Avenue,"Brooklyn, NY 11237",718-381-7100,9%,37%,48%,<1%,<1%,4%,14%,19%,,38%,62%,0%,82%,Boys: N/A; Girls: N/A; Co-Ed: N/A,"Robotics, Drone Technology, Coding, Video Gaming, Chess, Swimming, National Honor Society, Student Government, Ping Pong Club, Fitness Club, Step Team, Music Club, and Choir.","Studio Art, Visual Art, Music","NYSED ""Local Support and Improvement""; Community School; CS for All",18%,32%,21%,0%,0%,18%,0.9,64%,,,,,,,,,,,,100%,74%,136 (41%),162 (48%),10% (26),39% (103),45% (118),0% (0),1% (3),5% (12),Fair,100%,0%,0%,95%,N/A,N/A,94%,N/A,100%,88%,N/A,N/A,N/A,93%,95%,77%,100%,,,,,,,,,,,,77%,89%,76%,79%,N/A,N/A,55%,82%,76%,,,,,,,,,,,,,,89%,,99%,,44%,35%,48%,42%,N/A,N/A,42%,44%,50%,90%,83%,90%,91%,N/A,N/A,91%,91%,94%,,,,,,,,,,,93%,100%,94%,90%,N/A,N/A,89%,97%,92%,,86%,91%,83%,87%,N/A,N/A,75%,95%,88%,,94%,95%,96%,93%,N/A,N/A,89%,97%,96%
32K403,Academy for Excellence in Leadership,,,,www.aelnyc.org,Chantandrea Blissett,"09,10,11,12,SE",282,Ed. Opt.,,400 Irving Avenue,"Brooklyn, NY 11237",718-381-7100,1%,11%,75%,1%,<1%,2%,39%,23%,,43%,57%,0%,77%,Boys: N/A; Girls: N/A; Co-Ed: N/A,N/A,"Studio Art, Art History, Visual Art","NYSED ""Local Support and Improvement""; AP for All; Community School; NYC Math",N/A (fewer than 5 teachers),N/A (fewer than 5 teachers),25%,0%,0%,38%,8.6,75%,,,,,,,,,,,,30%,23%,69 (24%),175 (62%),2% (3),10% (19),80% (149),2% (4),1% (2),4% (7),Excellent,90%,10%,0%,95%,N/A,N/A,93%,N/A,N/A,94%,N/A,N/A,N/A,97%,89%,91%,100%,,,,,,,,,,,,81%,N/A,94%,78%,N/A,N/A,100%,75%,83%,,,,,,,,,,,,,,89%,,96%,,57%,N/A,65%,54%,N/A,N/A,67%,51%,59%,92%,N/A,90%,91%,N/A,N/A,100%,90%,88%,,,,,,,,,,,97%,N/A,95%,98%,N/A,N/A,83%,95%,98%,,72%,N/A,85%,70%,N/A,N/A,100%,64%,82%,,96%,N/A,90%,97%,N/A,N/A,83%,95%,98%
32K545,EBC High School for Public Service - Bushwick,,,,www.schools.nyc.gov/schools/K545,Shawn Brown,"09,10,11,12,SE",438,Ed. Opt.,,1155 Dekalb Avenue,"Brooklyn, NY 11221",718-452-3440,<1%,12%,84%,<1%,0%,<1%,23%,24%,,48%,52%,0%,N/A,"Boys: BASKETBALL,SOCCER,BASEBALL,HANDBALL; Girls: VOLLEYBALL,TENNIS,BASKETBALL,SOFTBALL; Co-Ed: N/A",N/A,"Studio Art, Concert Band, Drawing","NYSED ""Local Support and Improvement""; AP for All; NYC Math",N/A (fewer than 5 teachers),15%,47%,N/A (fewer than 5 teachers),N/A (fewer than 5 teachers),29%,12.1,65%,,,,,,,,,,,,48%,42%,100 (23%),241 (55%),<1% (2),13% (35),85% (231),0% (0),0% (0),<1% (1),Good,91%,N/A,N/A,79%,0%,21%,85%,N/A,N/A,86%,N/A,N/A,N/A,84%,87%,73%,80%,,,,,,,,,,,,N/A,N/A,N/A,N/A,N/A,N/A,N/A,N/A,N/A,,,,,,,,,,,,,,79%,,94%,,N/A,N/A,N/A,N/A,N/A,N/A,N/A,N/A,N/A,N/A,N/A,N/A,N/A,N/A,N/A,N/A,N/A,N/A,,,,,,,,,,,89%,N/A,N/A,88%,N/A,N/A,N/A,100%,N/A,,85%,N/A,N/A,83%,N/A,N/A,N/A,91%,100%,,84%,N/A,N/A,82%,N/A,N/A,N/A,80%,N/A
32K549,The Brooklyn School for Social Justice,,,,BSSJBrooklyn.com,Patrick Cooper,"09,10,11,12,SE",277,Ed. Opt.,,400 Irving Avenue,"Brooklyn, NY 11237",718-381-7100,1%,13%,81%,1%,<1%,3%,40%,22%,,55%,45%,0%,85%,Boys: N/A; Girls: N/A; Co-Ed: N/A,"National Honor Society, yearbook, Just Keep Livin', a health and wellness program founded by actor, Matthew McConaughey. Debate team, a jazz band, a table tennis club, an eSports team, Student Government and a rites of passage program for young men and women.","Studio Art, Visual Art","NYSED ""Local Support and Improvement""; AP for All; Community School; NYC Math",N/A (fewer than 5 teachers),24%,N/A (fewer than 5 teachers),N/A (fewer than 5 teachers),0%,48%,2.1,86%,,,,,,,,,,,,50%,35%,26 (9%),117 (42%),2% (2),16% (20),80% (103),2% (2),0% (0),2% (2),Good,93%,N/A,N/A,89%,0%,11%,89%,N/A,N/A,91%,N/A,N/A,N/A,93%,82%,89%,86%,,,,,,,,,,,,84%,N/A,80%,85%,N/A,N/A,N/A,84%,86%,,,,,,,,,,,,,,79%,,96%,,57%,N/A,65%,55%,N/A,N/A,N/A,58%,50%,91%,N/A,100%,90%,N/A,N/A,N/A,90%,93%,,,,,,,,,,,97%,N/A,94%,97%,N/A,N/A,N/A,98%,97%,,92%,N/A,94%,92%,N/A,N/A,N/A,91%,100%,,99%,N/A,94%,99%,N/A,N/A,N/A,100%,100%
32K552,The Academy of Urban Planning and Engineering,,,,www.schools.nyc.gov/schools/K552,Jorge Sandoval,"09,10,11,12,SE",408,Ed. Opt.,,400 Irving Avenue,"Brooklyn, NY 11237",718-381-7100,2%,18%,69%,1%,<1%,4%,26%,18%,,33%,67%,0%,82%,"Boys: BASKETBALL,SWIMMING,SOCCER,VOLLEYBALL,BASEBALL; Girls: SOFTBALL,SWIMMING,BASKETBALL,VOLLEYBALL,BADMINTON; Co-Ed: N/A","Restorative Justice, Right to Be Club, Robotics Club, Game Strategy Club, Dance Club, Stoked Mentoring, MBK, MSK, Model UN Club, Art Therapy and Saturday Academies for Tutoring.","Studio Art, Music, Theater Survey / Introduction to Theater, Visual Art","NYSED ""Local Support and Improvement""; Career Readiness and Modern Youth Apprenticeship; Community School; NYC Math; Respect for All",N/A (fewer than 5 teachers),26%,26%,N/A (fewer than 5 teachers),N/A (fewer than 5 teachers),46%,6.9,66%,,,,,,,,,,,,67%,57%,114 (28%),89 (22%),3% (5),18% (30),68% (112),<1% (1),<1% (1),6% (10),Excellent,94%,N/A,N/A,83%,0%,17%,95%,N/A,N/A,93%,N/A,N/A,N/A,96%,94%,96%,85%,,,,,,,,,,,,78%,100%,83%,76%,N/A,N/A,83%,83%,78%,,,,,,,,,,,,,,90%,,97%,,51%,50%,51%,52%,N/A,N/A,57%,50%,42%,94%,100%,95%,93%,N/A,N/A,100%,91%,98%,,,,,,,,,,,86%,N/A,90%,85%,100%,N/A,88%,89%,89%,,81%,N/A,81%,79%,80%,N/A,100%,83%,78%,,90%,N/A,90%,89%,100%,N/A,88%,97%,89%
32K554,All City Leadership Secondary School,,,,www.schools.nyc.gov/schools/K554,Daphne Rivera,"06,07,08,09,10,11,12,SE",252,"Ed. Opt., For Continuing 8th Graders",,321 Palmetto Street,"Brooklyn, NY 11237",718-246-6500,6%,11%,68%,<1%,<1%,10%,5%,15%,,51%,49%,0%,82%,"Boys: BASEBALL,HANDBALL,VOLLEYBALL,BASKETBALL,OUTDOOR TRACK,BOWLING; Girls: OUTDOOR TRACK,FLAG FOOTBALL,VOLLEYBALL,BASKETBALL,HANDBALL; Co-Ed: N/A",N/A,"Choreography / Dance Composition, Drawing, Studio Art, Visual Art, Art History","NYSED ""Local Support and Improvement""; DYCD: COMPASS/SONYC",N/A (fewer than 5 teachers),27%,32%,0%,0%,23%,4.1,64%,,,,,,,,,,,,83%,72%,119 (47%),130 (52%),6% (10),12% (20),71% (122),<1% (1),<1% (1),9% (16),Good,97%,N/A,N/A,92%,N/A,N/A,100%,N/A,N/A,100%,N/A,N/A,N/A,100%,100%,N/A,N/A,,,,,,,,,,,,88%,89%,86%,89%,N/A,N/A,90%,86%,90%,,,,,,,,,,,,,,92%,,96%,,54%,47%,55%,56%,N/A,N/A,41%,29%,57%,92%,84%,97%,92%,N/A,N/A,91%,100%,91%,,,,,,,,,,,78%,80%,62%,78%,N/A,N/A,82%,N/A,67%,,74%,70%,67%,77%,N/A,N/A,65%,N/A,67%,,87%,90%,78%,88%,N/A,N/A,88%,N/A,73%
32K556,Bushwick Leaders High School for Academic Excellence,,,,www.bushwickleadershs.com,Enrique Garcia,"09,10,11,12,SE",364,"Ed. Opt., Language Criteria, Open",,976 Seneca Avenue,"Queens, NY 11385",718-919-4212,1%,16%,79%,<1%,<1%,2%,31%,26%,,51%,49%,0%,79%,Boys: N/A; Girls: N/A; Co-Ed: N/A,"Podcast, National Honor Society (NHS), Student Government, Students in Action, Gender & Sexuality Alliance (GSA), Anime Club, FutureReadyNYC, Summer Youth Employment Program (SYEP), Boys Group, Cheer Team, Peer Mediation, Paid Student Leadership Roles","Studio Art, Illustration, Visual Art","NYSED ""Local Support and Improvement""; 21st Century Community Learning Center; AP for All; Community School; Competency Collaborative; CS for All; Future Ready NYC; NYC Math",N/A (fewer than 5 teachers),15%,24%,0%,0%,50%,2.7,68%,,,,,,,,,,,,48%,54%,124 (34%),186 (51%),<1% (1),15% (39),81% (208),<1% (1),<1% (1),2% (5),Good,93%,N/A,N/A,88%,N/A,N/A,89%,N/A,N/A,88%,N/A,N/A,N/A,89%,90%,81%,76%,,,,,,,,,,,,76%,N/A,71%,77%,N/A,N/A,N/A,78%,74%,,,,,,,,,,,,,,79%,,99%,,55%,N/A,54%,55%,N/A,N/A,N/A,58%,64%,85%,N/A,78%,85%,N/A,N/A,N/A,88%,85%,,,,,,,,,,,96%,N/A,100%,95%,N/A,N/A,N/A,93%,100%,,87%,N/A,100%,84%,N/A,N/A,N/A,87%,100%,,96%,N/A,100%,95%,N/A,N/A,N/A,93%,100%
84K037,Beginning with Children Charter School II,,,,www.schools.nyc.gov/schools/K037,Mike Ferrara/Yvette Ferrara,"0K,01,02,03,04,05,06,07,08,09",93,N/A,,215 Heyward Street,"Brooklyn, NY 11206",718-302-7700,0%,51%,48%,0%,0%,1%,8%,30%,,43%,57%,0%,78%,Boys: N/A; Girls: N/A; Co-Ed: N/A,N/A,N/A,"NYSED ""Local Support and Improvement""",N/A (fewer than 5 teachers),25%,34%,0%,0%,34%,N/A,N/A,,,,,,,,,,,,N/A,N/A,,,N/A,N/A,N/A,N/A,N/A,N/A,Fair,N/A,N/A,N/A,N/A,N/A,N/A,N/A,N/A,N/A,N/A,N/A,N/A,N/A,N/A,N/A,N/A,N/A,,,,,,,,,,,,88%,N/A,87%,89%,N/A,N/A,N/A,90%,93%,,,,,,,,,,,,,,92%,,N/A,,55%,N/A,46%,57%,N/A,N/A,N/A,74%,59%,95%,N/A,98%,94%,N/A,N/A,N/A,100%,94%,,,,,,,,,,,94%,N/A,88%,96%,N/A,N/A,67%,100%,86%,,94%,N/A,93%,94%,N/A,N/A,100%,100%,94%,,96%,N/A,93%,96%,N/A,N/A,100%,100%,90%
84K356,Achievement First Crown Heights Charter School,,,,www.achievementfirst.org/school/achievement-first-crown-heights-elementary-school/;https://www.achievementfirst.org/school/achievement-first-crown-heights-middle-school/;https://www.achievementfirst.org/school/achievement-first-brooklyn-high-school/,Victoria Colter/Sade Johnson,"0K,01,02,03,04,05,06,07,08,09,10,11,12,SE",580,N/A,,790 East New York Avenue,"Brooklyn, NY 11203",718-774-0762,<1%,89%,9%,1%,<1%,<1%,2%,14%,,52%,48%,0%,70%,Boys: Varsity Boys Basketball; Junior Varsity Boys Basketball; Football; Girls: Girls Basketball; Varsity A Volleyball; Varsity B Volleyball; Cheerleading; Co-Ed: Track and Field; Basketball; Volleyball,Speech and Debate; Circle of Sisters; Soul Fusion Dance Company; Chorus; Anime Club; Dungeons and Dragons; Zumba Club; Chess Club; Lethal Steppers Step Team; Mental Health and Awareness Club; Gaming Club; Rock Club; Drama Club; Finance and Investing Club; Panther Press (Newspaper); Gay-Straight Alliance; Muslim Student Association; Poetry Club; National Honor Society; Hiking Club; Brothers in Leadership; Student Government Association,N/A,"NYSED ""Local Support and Improvement""",5%,45%,9%,0%,0%,13%,10,86%,,,,,,,,,,,,88%,82%,262 (45%),215 (37%),<1% (1),89% (339),8% (30),2% (6),<1% (1),0% (0),Fair,N/A,N/A,N/A,N/A,N/A,N/A,94%,N/A,95%,N/A,N/A,N/A,N/A,96%,92%,N/A,100%,,,,,,,,,,,,84%,N/A,83%,100%,N/A,N/A,N/A,N/A,80%,,,,,,,,,,,,,,92%,,94%,,49%,N/A,49%,40%,N/A,N/A,N/A,N/A,30%,88%,N/A,89%,80%,N/A,N/A,N/A,N/A,70%,,,,,,,,,,,83%,N/A,86%,50%,N/A,N/A,N/A,N/A,62%,,89%,N/A,93%,50%,N/A,N/A,N/A,N/A,89%,,82%,N/A,85%,50%,N/A,N/A,N/A,N/A,44%
84K358,Achievement First East New York Charter School,,,,www.achievementfirst.org/school/achievement-first-east-new-york-elementary-school/;https://www.achievementfirst.org/school/achievement-first-east-new-york-middle-school/;https://www.achievementfirst.org/school/achievement-first-university-prep-high-school/;http://afuniversityprep.org/,Max Milliken/Meryl Senter,"0K,01,02,03,04,05,06,07,08,09,10,11,12",465,N/A,,557 Pennsylvania Avenue,"Brooklyn, NY 11207",718-485-4924,2%,32%,65%,<1%,<1%,<1%,2%,11%,,50%,50%,0%,N/A,Boys: Basketball; Soccer; Volleyball; Flag Football; Track & Field; Girls: Basketball; Soccer; Volleyball; Track & Field; Cheer; Co-Ed: N/A,Choir; Band; Dance; Acting; Art Club; Film Making; Chess; Black Girl Magic; Alkebulan; Neurodiversity Club; Buff Society; Book Club; Anime; Financial Literacy; Sangre Unidad; Rock Climbing; Skate Club; Poetry Club; Threads (Textile Club); Step Team.,N/A,"NYSED ""Local Support and Improvement""",7%,32%,18%,N/A (fewer than 5 teachers),0%,26%,4.5,68%,,,,,,,,,,,,92%,88%,265 (57%),78 (17%),1% (3),38% (106),58% (161),<1% (1),<1% (1),<1% (2),Good,N/A,N/A,N/A,N/A,N/A,N/A,91%,N/A,88%,93%,N/A,N/A,N/A,95%,88%,N/A,100%,,,,,,,,,,,,N/A,N/A,N/A,N/A,N/A,N/A,N/A,N/A,N/A,,,,,,,,,,,,,,92%,,N/A,,N/A,N/A,N/A,N/A,N/A,N/A,N/A,N/A,N/A,N/A,N/A,N/A,N/A,N/A,N/A,N/A,N/A,N/A,,,,,,,,,,,N/A,N/A,N/A,N/A,N/A,N/A,N/A,N/A,N/A,,N/A,N/A,N/A,N/A,N/A,N/A,N/A,N/A,N/A,,N/A,N/A,N/A,N/A,N/A,N/A,N/A,N/A,N/A
84K367,Success Academy Charter School - Bed Stuy 1,,,,www.schools.nyc.gov/schools/K367,Jess Joseph/Kristina Colao,"05,06,07,08,09,SE",91,N/A,,70 Tompkins Avenue,"Brooklyn, NY 11206",718-635-3294,3%,68%,22%,4%,0%,2%,0%,7%,,52%,48%,0%,N/A,Boys: N/A; Girls: N/A; Co-Ed: N/A,N/A,N/A,"NYSED ""Local Support and Improvement""",10%,34%,10%,0%,N/A (fewer than 5 teachers),37%,N/A,N/A,,,,,,,,,,,,N/A,N/A,,,N/A,N/A,N/A,N/A,N/A,N/A,N/A,N/A,N/A,N/A,N/A,N/A,N/A,N/A,N/A,N/A,N/A,N/A,N/A,N/A,N/A,N/A,N/A,N/A,,,,,,,,,,,,N/A,N/A,N/A,N/A,N/A,N/A,N/A,N/A,N/A,,,,,,,,,,,,,,95%,,N/A,,N/A,N/A,N/A,N/A,N/A,N/A,N/A,N/A,N/A,N/A,N/A,N/A,N/A,N/A,N/A,N/A,N/A,N/A,,,,,,,,,,,N/A,N/A,N/A,N/A,N/A,N/A,N/A,N/A,N/A,,N/A,N/A,N/A,N/A,N/A,N/A,N/A,N/A,N/A,,N/A,N/A,N/A,N/A,N/A,N/A,N/A,N/A,N/A
84K406,"EMBER Charter School for Mindful Education, Innovation and Transformation",,,,www.schools.nyc.gov/schools/K406,"Rafiq R. Kalam Id-Din Ii, Esq./Damien Dunkley","0K,01,02,03,04,05,06,07,08,09,10,11,12",70,N/A,,500 Macon Street,"Brooklyn, NY 11233",718-285-3787,1%,77%,21%,0%,0%,0%,9%,26%,,47%,53%,0%,71%,Boys: N/A; Girls: N/A; Co-Ed: N/A,N/A,N/A,"NYSED ""Local Support and Improvement""",N/A (fewer than 5 teachers),80%,12%,0%,0%,N/A (fewer than 5 teachers),N/A,N/A,,,,,,,,,,,,45%,N/A,,,N/A,N/A,N/A,N/A,N/A,N/A,Fair,N/A,N/A,N/A,N/A,N/A,N/A,80%,N/A,75%,N/A,N/A,N/A,N/A,N/A,N/A,N/A,N/A,,,,,,,,,,,,92%,N/A,90%,100%,N/A,N/A,N/A,83%,91%,,,,,,,,,,,,,,80%,,N/A,,75%,N/A,75%,83%,N/A,N/A,N/A,50%,68%,93%,N/A,95%,75%,N/A,N/A,N/A,100%,87%,,,,,,,,,,,82%,N/A,82%,83%,N/A,N/A,N/A,80%,74%,,90%,N/A,91%,82%,N/A,N/A,N/A,100%,95%,,90%,N/A,89%,100%,N/A,N/A,N/A,100%,84%
84K473,Williamsburg Charter High School,,,,thewcs.org/,Jahi Bashir,"09,10,11,12",984,N/A,,198 Varet Street,"Brooklyn, NY 11206",718-782-9830,<1%,40%,58%,<1%,<1%,1%,10%,20%,,54%,46%,0%,82%,Boys: Boys Soccer; Boys Junior Varsity and Varsity Basketball; Boys Baseball; Girls: Girls Soccer; Girls Volleyball; Girls Junior Varsity and Varsity Basketball; Girls Softball; Co-Ed: Flag Football,Class of 2025 Student Council; Co-Ed Volleyball Club; Student Leadership Club; Media Lab; Project based club only!!; ELLs homework help Marie Maynard Lab; Anime Club LGBTQI+ club; Senior Committee Wall Street; Junior Math Tutoring; French Tutoring; Class of 2024 Student Council; Homework Help; SAT Prep; Spanish Club; Homework Help; Music Lab; Yearbook; Workout club,N/A,"NYSED ""Local Support and Improvement""",N/A (fewer than 5 teachers),19%,20%,0%,0%,19%,3,93%,,,,,,,,,,,,30%,57%,30 (3%),261 (27%),<1% (2),34% (89),64% (168),<1% (1),0% (0),1% (3),Fair,N/A,N/A,N/A,N/A,N/A,N/A,85%,N/A,86%,83%,N/A,N/A,N/A,87%,82%,74%,81%,,,,,,,,,,,,80%,N/A,81%,79%,N/A,N/A,N/A,80%,79%,,,,,,,,,,,,,,77%,,95%,,53%,N/A,49%,56%,N/A,N/A,N/A,75%,54%,88%,N/A,92%,87%,N/A,N/A,N/A,91%,91%,,,,,,,,,,,82%,N/A,85%,79%,N/A,N/A,N/A,90%,90%,,74%,N/A,74%,74%,N/A,N/A,N/A,79%,79%,,85%,N/A,87%,84%,N/A,N/A,N/A,90%,92%
84K517,Leadership Preparatory Bedford Stuyvesant Charter School,,,,www.schools.nyc.gov/schools/K517,Roland Pope,"0K,01,02,03,04,05,06,07,08,09,10,11",470,N/A,,141 Macon Street,"Brooklyn, NY 11216",718-636-0360,<1%,77%,19%,2%,<1%,1%,2%,16%,,50%,50%,0%,88%,Boys: N/A; Girls: N/A; Co-Ed: N/A,N/A,N/A,"NYSED ""Local Support and Improvement""",7%,48%,9%,N/A (fewer than 5 teachers),0%,30%,N/A,N/A,,,,,,,,,,,,88%,80%,,,N/A,N/A,N/A,N/A,N/A,N/A,Fair,N/A,N/A,N/A,N/A,N/A,N/A,88%,N/A,89%,78%,N/A,N/A,N/A,91%,85%,N/A,N/A,,,,,,,,,,,,89%,N/A,100%,N/A,N/A,N/A,N/A,N/A,N/A,,,,,,,,,,,,,,89%,,N/A,,89%,N/A,100%,N/A,N/A,N/A,N/A,N/A,N/A,100%,N/A,100%,N/A,N/A,N/A,N/A,N/A,N/A,,,,,,,,,,,87%,100%,90%,56%,N/A,N/A,N/A,N/A,83%,,93%,80%,100%,56%,N/A,N/A,N/A,N/A,92%,,90%,100%,90%,78%,N/A,N/A,N/A,N/A,83%
84K608,Kings Collegiate Charter School,,,,www.schools.nyc.gov/schools/K608,Scott Schuster/Sean Gavin,"0K,01,02,03,04,05,06,07,08,09,10,11,12",503,N/A,,1084 Lenox Road,"Brooklyn, NY 11212",347-390-0460,<1%,80%,17%,<1%,<1%,<1%,3%,10%,,48%,52%,0%,60%,Boys: N/A; Girls: N/A; Co-Ed: N/A,N/A,N/A,"NYSED ""Local Support and Improvement""",7%,57%,7%,0%,0%,26%,N/A,N/A,,,,,,,,,,,,90%,65%,,,N/A,N/A,N/A,N/A,N/A,N/A,Fair,N/A,N/A,N/A,N/A,N/A,N/A,90%,N/A,90%,N/A,N/A,N/A,N/A,96%,86%,N/A,N/A,,,,,,,,,,,,88%,N/A,88%,92%,N/A,N/A,N/A,80%,96%,,,,,,,,,,,,,,88%,,N/A,,54%,N/A,53%,77%,N/A,N/A,N/A,67%,67%,92%,N/A,91%,100%,N/A,N/A,N/A,100%,97%,,,,,,,,,,,92%,N/A,91%,100%,N/A,N/A,N/A,N/A,88%,,92%,N/A,90%,100%,N/A,N/A,N/A,N/A,94%,,98%,N/A,99%,100%,N/A,N/A,N/A,N/A,100%
84K626,Achievement First Brownsville Charter School,,,,www.achievementfirst.org/school/achievement-first-brownsville-elementary-school/;https://www.achievementfirst.org/school/achievement-first-brownsville-middle-school/;https://www.achievementfirst.org/school/achievement-first-east-brooklyn-high-school/,Allison Laird/Martin Palamore,"0K,01,02,03,04,05,06,07,08,09,10,11,12",405,N/A,,2021 Bergen Street,"Brooklyn, NY 11233",347-471-2600,2%,72%,25%,<1%,<1%,<1%,5%,12%,,45%,55%,0%,57%,Boys: Basketball; Flag Football; Girls: Volleyball; Basketball; Cheerleading; Co-Ed: Track and Field; Basketball; Volleyball,Linked Up; Anime Club; Gaming; Dance,N/A,"NYSED ""Local Support and Improvement""",N/A (fewer than 5 teachers),39%,9%,0%,0%,20%,4.3,77%,,,,,,,,,,,,71%,76%,219 (54%),92 (23%),2% (5),74% (165),24% (53),0% (0),<1% (1),0% (0),Good,N/A,N/A,N/A,N/A,N/A,N/A,81%,N/A,88%,66%,N/A,N/A,N/A,84%,78%,N/A,79%,,,,,,,,,,,,75%,N/A,60%,N/A,N/A,N/A,N/A,N/A,N/A,,,,,,,,,,,,,,88%,,96%,,75%,N/A,60%,N/A,N/A,N/A,N/A,N/A,N/A,100%,N/A,100%,N/A,N/A,N/A,N/A,N/A,N/A,,,,,,,,,,,89%,N/A,87%,N/A,N/A,N/A,N/A,N/A,73%,,94%,N/A,93%,N/A,N/A,N/A,N/A,N/A,92%,,94%,N/A,94%,N/A,N/A,N/A,N/A,N/A,92%
84K652,Brooklyn Ascend Charter School,,,,www.ascendlearning.org/,Livia Angiolillo/Nicole Prime,"0K,01,02,03,04,05,06,07,08,09,10,11,12",360,N/A,,205 Rockaway Parkway,"Brooklyn, NY 11212",347-464-7600,<1%,81%,16%,1%,0%,<1%,5%,19%,,42%,58%,0%,86%,Boys: flag football; track and field; JV and Varsity basketball; Girls: volleyball; track and field; basketball; dance/cheer; Co-Ed: N/A,PE; Music; Art; Dance,N/A,"NYSED ""Local Support and Improvement""",N/A (fewer than 5 teachers),66%,10%,0%,0%,21%,9,51%,,,,,,,,,,,,11%,53%,217 (60%),,<1% (2),81% (176),17% (37),<1% (1),0% (0),<1% (1),Fair,N/A,N/A,N/A,N/A,N/A,N/A,74%,N/A,75%,N/A,N/A,N/A,N/A,73%,75%,N/A,91%,,,,,,,,,,,,100%,N/A,100%,N/A,N/A,N/A,N/A,N/A,N/A,,,,,,,,,,,,,,92%,,84%,,86%,N/A,80%,N/A,N/A,N/A,N/A,N/A,N/A,100%,N/A,100%,N/A,N/A,N/A,N/A,N/A,N/A,,,,,,,,,,,N/A,N/A,N/A,N/A,N/A,N/A,N/A,N/A,N/A,,N/A,N/A,N/A,N/A,N/A,N/A,N/A,N/A,N/A,,N/A,N/A,N/A,N/A,N/A,N/A,N/A,N/A,N/A
84K680,Achievement First Aspire Charter School,,,,www.achievementfirst.org/school/achievement-first-aspire-elementary-school/;https://www.achievementfirst.org/school/achievement-first-aspire-middle-school/;https://www.achievementfirst.org/school/achievement-first-ujima-high/;https://afujima.org/splash/,Zachary Segall/Jordan Hardy,"0K,01,02,03,04,05,06,07,08,09",103,N/A,,982 Hegeman Avenue,"Brooklyn, NY 11208",718-623-2660,2%,66%,29%,2%,0%,0%,7%,17%,,37%,63%,0%,N/A,Boys: Basketball; Soccer; Flag Football; Girls: Basketball; Cheer; Co-Ed: Volleyball,N/A,N/A,"NYSED ""Local Support and Improvement""",N/A (fewer than 5 teachers),50%,13%,0%,N/A (fewer than 5 teachers),6%,3,48%,,,,,,,,,,,,N/A,N/A,,1 (1%),¶,¶,¶,¶,¶,¶,Fair,N/A,N/A,N/A,N/A,N/A,N/A,N/A,N/A,N/A,N/A,N/A,N/A,N/A,N/A,N/A,N/A,N/A,,,,,,,,,,,,N/A,N/A,N/A,N/A,N/A,N/A,N/A,N/A,N/A,,,,,,,,,,,,,,92%,,94%,,N/A,N/A,N/A,N/A,N/A,N/A,N/A,N/A,N/A,N/A,N/A,N/A,N/A,N/A,N/A,N/A,N/A,N/A,,,,,,,,,,,97%,N/A,96%,100%,N/A,N/A,N/A,N/A,N/A,,97%,N/A,96%,100%,N/A,N/A,N/A,N/A,N/A,,97%,N/A,96%,100%,N/A,N/A,N/A,N/A,N/A
84K693,Northside Charter High School,,,,www.schools.nyc.gov/schools/K693,Stan Brown/Louise Grotenhuis,"09,10,11,12",409,N/A,,424 Leonard Street,"Brooklyn, NY 11222",347-390-1273,<1%,22%,73%,<1%,0%,3%,8%,23%,,48%,52%,0%,57%,Boys: N/A; Girls: N/A; Co-Ed: N/A,N/A,N/A,"NYSED ""Local Support and Improvement""",0%,0%,8%,0%,85%,0%,N/A,N/A,,,,,,,,,,,,38%,60%,,,N/A,N/A,N/A,N/A,N/A,N/A,Fair,N/A,N/A,N/A,N/A,N/A,N/A,84%,N/A,N/A,81%,N/A,N/A,N/A,88%,79%,71%,79%,,,,,,,,,,,,86%,N/A,N/A,83%,N/A,N/A,N/A,N/A,N/A,,,,,,,,,,,,,,82%,,N/A,,100%,N/A,N/A,100%,N/A,N/A,N/A,N/A,N/A,100%,N/A,N/A,100%,N/A,N/A,N/A,N/A,N/A,,,,,,,,,,,47%,N/A,N/A,40%,N/A,N/A,N/A,N/A,N/A,,65%,N/A,N/A,60%,N/A,N/A,N/A,N/A,N/A,,47%,N/A,N/A,40%,N/A,N/A,N/A,N/A,N/A
84K712,Excellence Girls Charter School,,,,www.schools.nyc.gov/schools/K712,Bronte Johnson/Ts Hoard,"0K,01,02,03,04,05,06,07,08,09,10,11,12",574,N/A,,794 Monroe Street,"Brooklyn, NY 11221",718-638-1875,1%,70%,22%,3%,1%,<1%,3%,24%,,43%,57%,0%,80%,Boys: N/A; Girls: N/A; Co-Ed: N/A,N/A,N/A,"NYSED ""Local Support and Improvement""",8%,57%,4%,0%,0%,23%,N/A,N/A,,,,,,,,,,,,78%,65%,,,N/A,N/A,N/A,N/A,N/A,N/A,Good,N/A,N/A,N/A,N/A,N/A,N/A,91%,N/A,94%,88%,N/A,N/A,N/A,94%,89%,N/A,93%,,,,,,,,,,,,43%,N/A,40%,N/A,N/A,N/A,N/A,N/A,N/A,,,,,,,,,,,,,,84%,,N/A,,25%,N/A,17%,N/A,N/A,N/A,N/A,N/A,N/A,75%,N/A,83%,N/A,N/A,N/A,N/A,N/A,N/A,,,,,,,,,,,98%,100%,98%,100%,N/A,N/A,N/A,N/A,100%,,94%,100%,92%,100%,N/A,N/A,N/A,N/A,92%,,97%,100%,97%,94%,N/A,N/A,N/A,N/A,100%
84K730,Summit Academy Charter School,,,,www.schools.nyc.gov/schools/K730,Machael Spencer-Edwards,"06,07,08,09,10,11,12",140,N/A,,27 Huntington Street,"Brooklyn, NY 11231",718-875-1403,<1%,37%,60%,0%,0%,2%,11%,29%,,44%,56%,0%,80%,Boys: Boys Basketball; Soccer; Girls: Girls Basketball; Girls Volleyball; Co-Ed: N/A,Esports; Art Club; National Honor Society; Spring Musical; Anime Club; Chess Club; Yearbook,N/A,"NYSED ""Local Support and Improvement""",N/A (fewer than 5 teachers),58%,N/A (fewer than 5 teachers),0%,0%,29%,17,64%,,,,,,,,,,,,49%,61%,17 (12%),44 (31%),0% (0),38% (20),58% (31),0% (0),0% (0),4% (2),Fair,N/A,N/A,N/A,N/A,N/A,N/A,85%,N/A,81%,89%,N/A,N/A,N/A,93%,81%,N/A,91%,,,,,,,,,,,,95%,N/A,96%,94%,N/A,N/A,N/A,90%,95%,,,,,,,,,,,,,,84%,,95%,,54%,N/A,62%,50%,N/A,N/A,N/A,59%,59%,96%,N/A,92%,98%,N/A,N/A,N/A,95%,98%,,,,,,,,,,,95%,N/A,88%,100%,N/A,N/A,N/A,N/A,91%,,98%,N/A,100%,95%,N/A,N/A,N/A,N/A,100%,,95%,N/A,88%,100%,N/A,N/A,N/A,N/A,100%
84K733,"Math, Engineering, and Science Academy Charter High School",,,,www.mesacharter.org,Arthur Samuels/Pagee Cheung,"09,10,11,12",509,N/A,,231 Palmetto Street,"Brooklyn, NY 11221",718-282-7426,1%,6%,86%,<1%,0%,2%,19%,15%,,48%,52%,0%,N/A,Boys: Basketball; Flag Football; Soccer; Track; Baseball; Girls: Soccer; Volleyball; Flag Football; Softball; Track; Co-Ed: N/A,E-Sports; Dungeons & Dragons; National Honor Society; Young Investors; Spectrum; Radio MESA; Yearbook,N/A,"NYSED ""Local Support and Improvement""; Future Ready NYC",8%,20%,35%,0%,0%,37%,7,73%,,,,,,,,,,,,75%,66%,114 (22%),65 (13%),2% (5),7% (16),83% (202),0% (0),0% (0),2% (6),Good,N/A,N/A,N/A,N/A,N/A,N/A,87%,N/A,N/A,86%,N/A,N/A,N/A,91%,81%,77%,77%,,,,,,,,,,,,N/A,N/A,N/A,N/A,N/A,N/A,N/A,N/A,N/A,,,,,,,,,,,,,,52%,,98%,,N/A,N/A,N/A,N/A,N/A,N/A,N/A,N/A,N/A,N/A,N/A,N/A,N/A,N/A,N/A,N/A,N/A,N/A,,,,,,,,,,,N/A,N/A,N/A,N/A,N/A,N/A,N/A,N/A,N/A,,N/A,N/A,N/A,N/A,N/A,N/A,N/A,N/A,N/A,,N/A,N/A,N/A,N/A,N/A,N/A,N/A,N/A,N/A
84K738,New Visions Charter High School for Advanced Math and Science III,,,,www.schools.nyc.gov/schools/K738,Nissi Jonathan,"09,10,11,12",402,N/A,,3000 Avenue X,"Brooklyn, NY 11235",718-934-9240,3%,79%,11%,2%,<1%,2%,5%,16%,,41%,59%,0%,78%,Boys: N/A; Girls: N/A; Co-Ed: N/A,N/A,N/A,"NYSED ""Local Support and Improvement""; AP for All",N/A (fewer than 5 teachers),N/A (fewer than 5 teachers),11%,0%,0%,N/A (fewer than 5 teachers),N/A,N/A,,,,,,,,,,,,60%,81%,94 (23%),170 (42%),3% (6),80% (167),9% (19),2% (4),<1% (2),2% (5),Fair,N/A,N/A,N/A,N/A,N/A,N/A,100%,N/A,100%,N/A,N/A,N/A,N/A,100%,100%,N/A,100%,,,,,,,,,,,,80%,92%,80%,72%,100%,N/A,80%,91%,76%,,,,,,,,,,,,,,90%,,N/A,,55%,83%,53%,56%,50%,N/A,50%,73%,69%,89%,92%,89%,95%,67%,N/A,83%,100%,88%,,,,,,,,,,,94%,100%,94%,92%,100%,N/A,100%,93%,91%,,92%,91%,92%,90%,80%,N/A,100%,100%,96%,,95%,100%,94%,95%,100%,N/A,86%,93%,93%
84K744,Coney Island Preparatory Public Charter School,,,,www.schools.nyc.gov/schools/K744,Kate Baxter/Rachel Kashner,"0K,01,02,03,04,05,06,07,08,09,10,11,12,SE",356,N/A,,501 West Avenue,"Brooklyn, NY 11224",718-513-6951,8%,38%,35%,<1%,<1%,16%,8%,21%,,48%,52%,0%,71%,Boys: N/A; Girls: N/A; Co-Ed: N/A,N/A,N/A,"NYSED ""Local Support and Improvement""",4%,46%,16%,0%,0%,33%,N/A,N/A,,,,,,,,,,,,70%,69%,71 (20%),127 (36%),12% (24),38% (75),31% (62),<1% (1),<1% (1),16% (31),Fair,N/A,N/A,N/A,N/A,N/A,N/A,88%,N/A,87%,89%,N/A,N/A,N/A,95%,81%,N/A,65%,,,,,,,,,,,,86%,87%,86%,86%,N/A,N/A,87%,83%,83%,,,,,,,,,,,,,,84%,,N/A,,58%,59%,53%,58%,N/A,N/A,63%,65%,66%,88%,91%,83%,93%,N/A,N/A,85%,84%,83%,,,,,,,,,,,89%,86%,86%,91%,N/A,N/A,92%,91%,91%,,89%,80%,88%,91%,N/A,N/A,89%,89%,94%,,89%,88%,84%,94%,N/A,N/A,92%,92%,92%
84K757,Unity Preparatory Charter School of Brooklyn,,,,www.unityprep.org,Joshua Beauregard/Casey Burns,"06,07,08,09,10,11,12",280,N/A,,432 Monroe Street,"Brooklyn, NY 11221",718-455-5046,0%,73%,24%,1%,0%,1%,3%,25%,,43%,57%,0%,100%,"Boys: Soccer; Basketball; Volleyball; Girls: Soccer, Basketball, Volleyball; Co-Ed: Football; Baseball; Track & Field; Step; Wrestling; Cheerleading",Art; Rock Climbing; Culinary Arts/Cooking; Dance; Debate; Gaming; Mathletes; National Honor Society; Student Government,N/A,"NYSED ""Local Support and Improvement""",0%,0%,0%,0%,0%,0%,5,92%,,,,,,,,,,,,38%,55%,180 (64%),187 (67%),0% (0),75% (154),23% (46),1% (3),0% (0),0% (0),Fair,N/A,N/A,N/A,N/A,N/A,N/A,87%,N/A,92%,N/A,N/A,N/A,N/A,86%,88%,N/A,75%,,,,,,,,,,,,100%,N/A,N/A,N/A,N/A,N/A,N/A,N/A,N/A,,,,,,,,,,,,,,85%,,94%,,80%,N/A,N/A,N/A,N/A,N/A,N/A,N/A,N/A,80%,N/A,N/A,N/A,N/A,N/A,N/A,N/A,N/A,,,,,,,,,,,N/A,N/A,N/A,N/A,N/A,N/A,N/A,N/A,N/A,,N/A,N/A,N/A,N/A,N/A,N/A,N/A,N/A,N/A,,N/A,N/A,N/A,N/A,N/A,N/A,N/A,N/A,N/A
84K775,Leadership Preparatory Ocean Hill Charter School,,,,www.schools.nyc.gov/schools/K775,Sean Healey/Alonte Johnson,"0K,01,02,03,04,05,06,07,08,09,10,11,12",509,N/A,,51 Christopher Avenue,"Brooklyn, NY 11212",718-250-5767,<1%,90%,5%,3%,<1%,<1%,2%,12%,,44%,56%,0%,73%,Boys: N/A; Girls: N/A; Co-Ed: N/A,N/A,N/A,"NYSED ""Local Support and Improvement""",7%,48%,12%,N/A (fewer than 5 teachers),N/A (fewer than 5 teachers),23%,N/A,N/A,,,,,,,,,,,,90%,83%,,,N/A,N/A,N/A,N/A,N/A,N/A,Fair,N/A,N/A,N/A,N/A,N/A,N/A,96%,N/A,96%,N/A,N/A,N/A,N/A,95%,97%,N/A,100%,,,,,,,,,,,,94%,N/A,94%,N/A,N/A,N/A,N/A,N/A,N/A,,,,,,,,,,,,,,87%,,N/A,,65%,N/A,63%,N/A,N/A,N/A,N/A,N/A,N/A,94%,N/A,94%,N/A,N/A,N/A,N/A,N/A,N/A,,,,,,,,,,,94%,N/A,94%,93%,N/A,N/A,N/A,100%,100%,,96%,N/A,96%,96%,N/A,N/A,N/A,88%,100%,,95%,N/A,96%,92%,N/A,N/A,N/A,100%,100%
84K803,Brooklyn Laboratory Charter School,,,,www.bklabprep.org/,Garland Thomas-Mcdavid,"06,07,08,09,10,11,12",297,N/A,,77 Sands Street,"Brooklyn, NY 11226",347-853-6762,1%,75%,20%,2%,<1%,<1%,7%,29%,,42%,58%,0%,58%,Boys: Junior Varsity Basketball; Girls: Spring Volleyball Girls; Co-Ed: E-Sports/Gaming; Cheerleading; Varsity Basketball; Track; Baseball; Flag Football,"Girl Code; International Club; Jedi Academy; Debate; Art Production; LGBTQTIA+ Pride; Pre-Med Club; Ancient Civilization/Tattoo Design; Man-Up Club; Senior Committee, Community Service",N/A,"NYSED ""Local Support and Improvement""",0%,0%,10%,90%,0%,0%,1.5,49%,,,,,,,,,,,,27%,49%,230 (77%),,1% (3),77% (177),19% (44),2% (4),<1% (1),0% (0),Good,N/A,N/A,N/A,N/A,N/A,N/A,74%,N/A,72%,N/A,N/A,N/A,N/A,84%,66%,N/A,74%,,,,,,,,,,,,84%,N/A,84%,84%,N/A,N/A,N/A,100%,98%,,,,,,,,,,,,,,91%,,95%,,49%,N/A,52%,41%,N/A,N/A,N/A,56%,60%,86%,N/A,88%,78%,N/A,N/A,N/A,100%,93%,,,,,,,,,,,100%,N/A,100%,N/A,N/A,N/A,N/A,N/A,N/A,,100%,N/A,100%,N/A,N/A,N/A,N/A,N/A,N/A,,100%,N/A,100%,N/A,N/A,N/A,N/A,N/A,N/A
84K892,Brooklyn Emerging Leaders Academy Charter School,,,,www.schools.nyc.gov/schools/K892,Nicia Fullwood,"09,10,11,12",236,N/A,,125 Stuyvesant Avenue,"Brooklyn, NY 11221",347-491-8320,<1%,81%,15%,<1%,0%,2%,4%,20%,,100%,0%,0%,N/A,Boys: N/A; Girls: N/A; Co-Ed: N/A,N/A,N/A,"NYSED ""Local Support and Improvement""",N/A (fewer than 5 teachers),43%,22%,0%,0%,30%,N/A,N/A,,,,,,,,,,,,67%,53%,,,N/A,N/A,N/A,N/A,N/A,N/A,Fair,N/A,N/A,N/A,N/A,N/A,N/A,95%,N/A,96%,N/A,N/A,N/A,N/A,95%,N/A,N/A,100%,,,,,,,,,,,,N/A,N/A,N/A,N/A,N/A,N/A,N/A,N/A,N/A,,,,,,,,,,,,,,87%,,N/A,,N/A,N/A,N/A,N/A,N/A,N/A,N/A,N/A,N/A,N/A,N/A,N/A,N/A,N/A,N/A,N/A,N/A,N/A,,,,,,,,,,,N/A,N/A,N/A,N/A,N/A,N/A,N/A,N/A,N/A,,N/A,N/A,N/A,N/A,N/A,N/A,N/A,N/A,N/A,,N/A,N/A,N/A,N/A,N/A,N/A,N/A,N/A,N/A
84K928,Brooklyn Prospect Charter School - CSD 15.2,,,,www.schools.nyc.gov/schools/K928,Dana Mulwanda/Kiersten Gibson-Cooper,"0K,01,02,06,07,08,09,10,11,12",632,N/A,,3002 Fort Hamilton Parkway,"Brooklyn, NY 11218",N/A,4%,24%,26%,<1%,1%,40%,2%,23%,,41%,59%,0%,70%,Boys: N/A; Girls: N/A; Co-Ed: N/A,N/A,N/A,"NYSED ""Local Support and Improvement""",11%,24%,16%,0%,0%,42%,N/A,N/A,,,,,,,,,,,,95%,77%,,71 (11%),5% (18),27% (95),24% (85),<1% (3),2% (7),38% (137),Needs Improvement,N/A,N/A,N/A,N/A,N/A,N/A,93%,N/A,92%,90%,N/A,N/A,96%,97%,90%,N/A,81%,,,,,,,,,,,,89%,94%,91%,89%,N/A,N/A,87%,78%,91%,,,,,,,,,,,,,,98%,,N/A,,59%,61%,65%,53%,N/A,40%,59%,56%,68%,89%,84%,88%,92%,N/A,100%,90%,100%,89%,,,,,,,,,,,83%,78%,81%,92%,N/A,N/A,82%,86%,82%,,81%,72%,87%,87%,N/A,N/A,77%,100%,94%,,88%,90%,91%,90%,N/A,N/A,86%,71%,85%
84M202,Great Oaks Charter School,,,,www.schools.nyc.gov/schools/M202,Timberly Wilson/Jonathan Silkowitz,"06,07,08,09,10",128,N/A,,38 Delancey Street,"Manhattan, NY 10002",212-233-5152,4%,37%,53%,2%,0%,2%,5%,41%,,38%,62%,0%,61%,Boys: N/A; Girls: N/A; Co-Ed: N/A,N/A,N/A,"NYSED ""Local Support and Improvement""",N/A (fewer than 5 teachers),24%,N/A (fewer than 5 teachers),33%,0%,26%,N/A,N/A,,,,,,,,,,,,N/A,N/A,,,N/A,N/A,N/A,N/A,N/A,N/A,Needs Improvement,N/A,N/A,N/A,N/A,N/A,N/A,N/A,N/A,N/A,N/A,N/A,N/A,N/A,N/A,N/A,N/A,N/A,,,,,,,,,,,,91%,100%,94%,89%,N/A,N/A,N/A,91%,92%,,,,,,,,,,,,,,90%,,N/A,,58%,57%,63%,57%,N/A,N/A,N/A,69%,61%,91%,83%,94%,91%,N/A,N/A,N/A,91%,93%,,,,,,,,,,,83%,N/A,62%,89%,N/A,N/A,N/A,N/A,73%,,93%,N/A,88%,95%,N/A,N/A,N/A,N/A,100%,,83%,N/A,75%,89%,N/A,N/A,N/A,N/A,82%
84M204,Capital Preparatory Harlem Charter School,,,,www.schools.nyc.gov/schools/M204,Marjorie Purdee-Iglio,"06,07,08,09,10,11,12",265,N/A,,2041 Madison Avenue,"Manhattan, NY 10035",212-328-9370,<1%,75%,22%,2%,0%,<1%,3%,24%,,37%,63%,0%,39%,Boys: N/A; Girls: N/A; Co-Ed: N/A,N/A,N/A,"NYSED ""Local Support and Improvement""",N/A (fewer than 5 teachers),65%,18%,N/A (fewer than 5 teachers),N/A (fewer than 5 teachers),16%,N/A,N/A,,,,,,,,,,,,15%,49%,52 (20%),183 (69%),<1% (1),76% (139),22% (40),1% (2),0% (0),<1% (1),Fair,N/A,N/A,N/A,N/A,N/A,N/A,51%,N/A,47%,N/A,N/A,N/A,N/A,N/A,48%,N/A,N/A,,,,,,,,,,,,51%,N/A,52%,47%,N/A,N/A,N/A,N/A,53%,,,,,,,,,,,,,,73%,,N/A,,17%,N/A,16%,22%,N/A,N/A,N/A,20%,33%,70%,N/A,68%,77%,N/A,N/A,N/A,N/A,78%,,,,,,,,,,,53%,N/A,45%,73%,N/A,N/A,N/A,N/A,58%,,69%,N/A,71%,73%,N/A,N/A,N/A,N/A,83%,,44%,N/A,34%,67%,N/A,N/A,N/A,N/A,58%
84M279,Opportunity Charter School,,,,www.schools.nyc.gov/schools/M279,Jessica Marcu/Kaitlin Francis,"06,07,08,09,10,11,12,SE",256,N/A,,240 West 113 Street,"Manhattan, NY 10026",212-866-6137,0%,50%,47%,2%,<1%,0%,8%,63%,,45%,55%,0%,N/A,Boys: N/A; Girls: N/A; Co-Ed: N/A,N/A,N/A,"NYSED ""Comprehensive Support and Improvement""",0%,44%,16%,0%,0%,35%,N/A,N/A,,,,,,,,,,,,8%,64%,,,N/A,N/A,N/A,N/A,N/A,N/A,Fair,N/A,N/A,N/A,N/A,N/A,N/A,82%,N/A,100%,70%,N/A,N/A,N/A,80%,83%,N/A,73%,,,,,,,,,,,,N/A,N/A,N/A,N/A,N/A,N/A,N/A,N/A,N/A,,,,,,,,,,,,,,90%,,N/A,,N/A,N/A,N/A,N/A,N/A,N/A,N/A,N/A,N/A,N/A,N/A,N/A,N/A,N/A,N/A,N/A,N/A,N/A,,,,,,,,,,,67%,N/A,N/A,N/A,N/A,N/A,N/A,N/A,N/A,,83%,N/A,N/A,N/A,N/A,N/A,N/A,N/A,N/A,,83%,N/A,N/A,N/A,N/A,N/A,N/A,N/A,N/A
84M284,Harlem Children's Zone Promise Academy Charter School,,,,www.schools.nyc.gov/schools/M284,Achil Petit/Joseph Cordero,"0K,01,02,03,04,05,06,07,08,09,10,11,12",246,N/A,,245 West 129th Street,"New York, NY 10027",212-360-3232,0%,85%,13%,<1%,<1%,<1%,<1%,15%,,52%,48%,0%,76%,Boys: N/A; Girls: N/A; Co-Ed: N/A,N/A,N/A,"NYSED ""Local Support and Improvement""",3%,42%,19%,0%,N/A (fewer than 5 teachers),29%,N/A,N/A,,,,,,,,,,,,36%,60%,103 (42%),144 (59%),0% (0),85% (174),12% (25),<1% (2),<1% (1),<1% (1),Needs Improvement,N/A,N/A,N/A,N/A,N/A,N/A,100%,N/A,100%,N/A,N/A,N/A,N/A,100%,100%,N/A,100%,,,,,,,,,,,,86%,N/A,87%,78%,N/A,N/A,N/A,N/A,92%,,,,,,,,,,,,,,93%,,N/A,,60%,N/A,59%,59%,N/A,N/A,N/A,67%,47%,86%,N/A,85%,90%,N/A,N/A,N/A,83%,79%,,,,,,,,,,,90%,N/A,91%,89%,N/A,N/A,N/A,91%,93%,,93%,N/A,93%,92%,N/A,N/A,N/A,95%,91%,,92%,N/A,92%,91%,N/A,N/A,N/A,98%,93%
84M341,Harlem Children's Zone Promise Academy II Charter School,,,,www.schools.nyc.gov/schools/M341,Achil Petit/Kaitlynn Conley,"0K,01,02,03,04,05,06,07,08,09,10,11,12",228,N/A,,35 East 125th Street,"Manhattan, NY 10035",212-360-3236,0%,82%,14%,1%,0%,<1%,<1%,14%,,52%,48%,0%,72%,Boys: N/A; Girls: N/A; Co-Ed: N/A,N/A,N/A,"NYSED ""Local Support and Improvement""",6%,43%,17%,0%,N/A (fewer than 5 teachers),30%,N/A,N/A,,,,,,,,,,,,50%,84%,49 (21%),159 (70%),0% (0),81% (143),15% (27),1% (2),0% (0),1% (2),Needs Improvement,N/A,N/A,N/A,N/A,N/A,N/A,100%,N/A,100%,N/A,N/A,N/A,N/A,100%,100%,N/A,N/A,,,,,,,,,,,,81%,N/A,84%,72%,N/A,N/A,N/A,100%,82%,,,,,,,,,,,,,,93%,,N/A,,59%,N/A,59%,54%,N/A,N/A,N/A,67%,55%,80%,N/A,78%,87%,N/A,N/A,N/A,83%,86%,,,,,,,,,,,92%,N/A,91%,96%,100%,N/A,N/A,97%,94%,,91%,N/A,92%,89%,100%,N/A,N/A,87%,93%,,90%,N/A,89%,91%,100%,N/A,N/A,86%,88%
84M350,Democracy Preparatory Charter School,,,,democracyprep.org/ny/,Elisa Dimauro/Nakita Green,"06,07,08,09,10,11,12",377,N/A,,2230 5 Avenue,"Manhattan, NY 10037",212-281-1248,<1%,64%,30%,1%,<1%,2%,6%,16%,,50%,50%,0%,51%,Boys: JV basketball; flag football; varsity soccer; varsity basketball; baseball; fencing; Girls: JV basketball; soccer; volleyball; varsity basketball; softball; cheer; Co-Ed: flag football; fencing,African Culture Club; Journalism Club; Cooking Club; KPop Club; Board Games Club; Skateboarding Club; Yearbook Club; Dance Club,N/A,"NYSED ""Local Support and Improvement""",6%,36%,15%,0%,0%,18%,3,53%,,,,,,,,,,,,76%,73%,,108 (29%),<1% (1),67% (72),28% (30),2% (2),0% (0),<1% (1),Fair,N/A,N/A,N/A,N/A,N/A,N/A,78%,N/A,86%,61%,N/A,N/A,N/A,80%,77%,55%,67%,,,,,,,,,,,,81%,N/A,82%,77%,N/A,N/A,N/A,92%,83%,,,,,,,,,,,,,,86%,,96%,,33%,N/A,37%,28%,N/A,N/A,N/A,40%,52%,74%,N/A,73%,75%,N/A,N/A,N/A,71%,88%,,,,,,,,,,,87%,N/A,90%,81%,N/A,N/A,N/A,100%,95%,,86%,N/A,87%,84%,N/A,N/A,N/A,100%,90%,,83%,N/A,85%,78%,N/A,N/A,N/A,100%,95%
84M351,Success Academy Charter School - Harlem 1,,,,www.schools.nyc.gov/schools/M351,Michael Lafrancis/Amaury Ramirez,"0K,01,02,03,04,05,06,07,08,09,10,11,12,SE",729,N/A,,34 West 118 Street,"Manhattan, NY 10026",646-277-7170,2%,61%,28%,2%,<1%,6%,0%,7%,,54%,46%,0%,N/A,Boys: N/A; Girls: N/A; Co-Ed: N/A,N/A,N/A,"NYSED ""Local Support and Improvement""",5%,26%,20%,0%,N/A (fewer than 5 teachers),42%,N/A,N/A,,,,,,,,,,,,1%,60%,,,N/A,N/A,N/A,N/A,N/A,N/A,Excellent,N/A,N/A,N/A,N/A,N/A,N/A,79%,N/A,80%,82%,N/A,N/A,N/A,87%,68%,N/A,N/A,,,,,,,,,,,,N/A,N/A,N/A,N/A,N/A,N/A,N/A,N/A,N/A,,,,,,,,,,,,,,93%,,N/A,,N/A,N/A,N/A,N/A,N/A,N/A,N/A,N/A,N/A,N/A,N/A,N/A,N/A,N/A,N/A,N/A,N/A,N/A,,,,,,,,,,,N/A,N/A,N/A,N/A,N/A,N/A,N/A,N/A,N/A,,N/A,N/A,N/A,N/A,N/A,N/A,N/A,N/A,N/A,,N/A,N/A,N/A,N/A,N/A,N/A,N/A,N/A,N/A
84M353,New Heights Academy Charter School,,,,www.schools.nyc.gov/schools/M353,Fred Givens Iii/Rinaldo Murray,"05,06,07,08,09,10,11,12",382,N/A,,1818 Amsterdam Avenue,"Manhattan, NY 10031",212-283-5400,<1%,7%,91%,0%,<1%,1%,13%,14%,,53%,47%,0%,74%,Boys: N/A; Girls: N/A; Co-Ed: N/A,N/A,N/A,"NYSED ""Local Support and Improvement""",N/A (fewer than 5 teachers),33%,23%,N/A (fewer than 5 teachers),0%,18%,N/A,N/A,,,,,,,,,,,,41%,76%,48 (13%),46 (12%),1% (1),5% (4),94% (72),0% (0),0% (0),0% (0),Needs Improvement,N/A,N/A,N/A,N/A,N/A,N/A,90%,N/A,N/A,90%,N/A,N/A,N/A,97%,83%,55%,90%,,,,,,,,,,,,87%,N/A,93%,87%,N/A,N/A,83%,83%,86%,,,,,,,,,,,,,,89%,,N/A,,51%,N/A,53%,51%,N/A,N/A,14%,54%,61%,87%,N/A,76%,87%,N/A,N/A,100%,79%,85%,,,,,,,,,,,97%,N/A,96%,97%,N/A,N/A,100%,98%,97%,,91%,N/A,94%,91%,N/A,N/A,100%,90%,91%,,98%,N/A,100%,97%,N/A,N/A,100%,99%,97%
84M433,Innovation Charter High School,,,,www.innovationhighschool.org/,Terence Joseph/Stephen Falla Riff,"09,10,11,12",409,N/A,,410 East 100 Street,"Manhattan, NY 10029",212-722-5871,<1%,45%,51%,2%,<1%,1%,9%,36%,,50%,50%,0%,79%,"Boys: Baseball, Basketball, Flag football, JV Basketball, Soccer, Track and Field,; Girls: Basketball, Flag Football, Soccer, Softball, Volleyball, Track and Field, Dance Team; Co-Ed: Cross Country",N/A,N/A,"NYSED ""Local Support and Improvement""",44%,0%,15%,41%,0%,0%,13,90%,,,,,,,,,,,,26%,39%,,,N/A,N/A,N/A,N/A,N/A,N/A,Good,N/A,N/A,N/A,N/A,N/A,N/A,77%,N/A,79%,72%,N/A,N/A,N/A,85%,69%,86%,63%,,,,,,,,,,,,75%,N/A,77%,74%,67%,N/A,N/A,75%,76%,,,,,,,,,,,,,,75%,,85%,,48%,N/A,50%,48%,33%,N/A,N/A,57%,44%,86%,N/A,86%,86%,100%,N/A,N/A,86%,83%,,,,,,,,,,,89%,N/A,88%,89%,N/A,N/A,N/A,92%,88%,,88%,N/A,84%,91%,N/A,N/A,N/A,93%,92%,,89%,N/A,90%,87%,N/A,N/A,N/A,100%,90%
84M478,Inwood Academy for Leadership Charter School,,,,www.schools.nyc.gov/schools/M478,Christina Reyes/Jenny Pichardo,"05,06,07,08,09,10,11,12",505,N/A,,3896 10 Avenue,"Manhattan, NY 10034",646-665-5570,<1%,6%,93%,0%,0%,<1%,15%,27%,,46%,54%,0%,72%,Boys: N/A; Girls: N/A; Co-Ed: N/A,N/A,N/A,"NYSED ""Local Support and Improvement""",3%,13%,63%,0%,0%,17%,N/A,N/A,,,,,,,,,,,,44%,73%,,,N/A,N/A,N/A,N/A,N/A,N/A,Fair,N/A,N/A,N/A,N/A,N/A,N/A,87%,N/A,N/A,88%,N/A,N/A,N/A,93%,82%,76%,82%,,,,,,,,,,,,83%,N/A,82%,83%,N/A,N/A,N/A,84%,82%,,,,,,,,,,,,,,91%,,N/A,,53%,N/A,53%,53%,N/A,N/A,N/A,46%,52%,87%,N/A,77%,88%,N/A,N/A,N/A,86%,83%,,,,,,,,,,,89%,N/A,89%,89%,N/A,N/A,N/A,84%,84%,,88%,N/A,83%,89%,N/A,N/A,N/A,88%,87%,,92%,N/A,89%,93%,N/A,N/A,N/A,92%,90%
84M481,Democracy Preparatory Harlem Charter School,,,,democracyprep.org/ny/,Josef Robinson/Katelyn Derry,"0K,01,02,03,04,05,06,07,08,09,10,11,12",347,N/A,,207 West 133rd Street,"Manhattan, NY 10030",212-281-3061,0%,72%,24%,2%,<1%,<1%,8%,27%,,47%,53%,0%,63%,Boys: JV basketball; flag football; varsity soccer; varsity basketball; baseball; fencing; Girls: JV basketball; soccer; volleyball; varsity basketball; softball; cheer; Co-Ed: flag football; fencing,Coding Club; Korean National Honor Society; National Honor Society; Scholar leadership counsel; Thespians (theater); Chess Club,N/A,"NYSED ""Local Support and Improvement""",10%,38%,14%,0%,0%,27%,4.3,60%,,,,,,,,,,,,66%,63%,64 (18%),87 (25%),0% (0),64% (74),31% (36),2% (2),<1% (1),<1% (1),Good,N/A,N/A,N/A,N/A,N/A,N/A,78%,N/A,83%,61%,N/A,N/A,N/A,94%,62%,70%,68%,,,,,,,,,,,,83%,N/A,81%,91%,N/A,N/A,N/A,85%,79%,,,,,,,,,,,,,,86%,,94%,,50%,N/A,53%,46%,40%,N/A,N/A,57%,55%,81%,N/A,79%,86%,80%,N/A,N/A,79%,81%,,,,,,,,,,,82%,N/A,83%,80%,67%,N/A,N/A,83%,76%,,90%,N/A,91%,89%,83%,N/A,N/A,100%,84%,,84%,N/A,84%,84%,67%,N/A,N/A,94%,80%
84M518,East Harlem Scholars Academy Charter School,,,,www.schools.nyc.gov/schools/M518,Jeff Ginsburg/Tiffany Thomas,"PK,0K,01,02,03,04,05,06,07,08,09,10,11,12",327,N/A,,2050 Second Avenue,"Manhattan, NY 10029",212-348-2518,<1%,31%,64%,2%,<1%,<1%,7%,32%,,42%,58%,0%,N/A,Boys: N/A; Girls: N/A; Co-Ed: N/A,N/A,N/A,"NYSED ""Local Support and Improvement""",5%,45%,26%,0%,0%,19%,N/A,N/A,,,,,,,,,,,,34%,N/A,,,N/A,N/A,N/A,N/A,N/A,N/A,Good,N/A,N/A,N/A,N/A,N/A,N/A,75%,N/A,81%,72%,N/A,N/A,N/A,79%,71%,N/A,70%,,,,,,,,,,,,N/A,N/A,N/A,N/A,N/A,N/A,N/A,N/A,N/A,,,,,,,,,,,,,,82%,,N/A,,N/A,N/A,N/A,N/A,N/A,N/A,N/A,N/A,N/A,N/A,N/A,N/A,N/A,N/A,N/A,N/A,N/A,N/A,,,,,,,,,,,83%,N/A,68%,87%,N/A,N/A,N/A,95%,79%,,88%,N/A,83%,88%,N/A,N/A,N/A,96%,88%,,90%,N/A,76%,93%,N/A,N/A,N/A,96%,85%
84M522,Broome Street Academy Charter High School,,,,broomestreetacademy.org/,Sarah Weeks,"09,10,11,12,SE",276,N/A,,121 Avenue Of The Americas,"Manhattan, NY 10013",212-453-0295,1%,50%,44%,3%,<1%,1%,8%,28%,,49%,51%,0%,66%,"Boys: Varsity Basketball; Junior Varsity Basketball, Boys Track; Girls: Volleyball; Girls Varsity Basketball; Girls Track; Co-Ed: Flag Football; Step/Cheer",National Honor Society; Yearbook; Walking Club; Movie Club; Gameboard Club; Anime Club; Crafting Club; Movie Club; Reading Club; Student Government Association,N/A,"NYSED ""Local Support and Improvement""; Community School",0%,0%,0%,0%,0%,0%,8,70%,,,,,,,,,,,,30%,48%,,,N/A,N/A,N/A,N/A,N/A,N/A,Good,N/A,N/A,N/A,N/A,N/A,N/A,68%,N/A,71%,74%,N/A,N/A,N/A,77%,58%,N/A,65%,,,,,,,,,,,,82%,N/A,85%,79%,80%,N/A,N/A,80%,89%,,,,,,,,,,,,,,75%,,90%,,36%,N/A,33%,36%,43%,N/A,N/A,30%,31%,88%,N/A,88%,93%,43%,N/A,N/A,100%,87%,,,,,,,,,,,73%,N/A,67%,N/A,N/A,N/A,N/A,N/A,N/A,,73%,N/A,83%,N/A,N/A,N/A,N/A,N/A,N/A,,82%,N/A,83%,N/A,N/A,N/A,N/A,N/A,N/A
84M708,Harlem Prep Charter School,,,,democracyprep.org/ny/,Greg Daniel/Andre Geddes,"03,04,05,06,07,08,09,10,11,12",394,N/A,,240 East 123 Street,"Manhattan, NY 10035",212-876-9953,<1%,58%,37%,1%,<1%,1%,6%,18%,,52%,48%,0%,63%,Boys: JV basketball; flag football; varsity soccer; varsity basketball; baseball; fencing; Girls: JV basketball; soccer; volleyball; varsity basketball; softball; cheer; Co-Ed: flag football; fencing,Dance Team; Fashion Club; Intramural Basketball; Media Club; Running Club; Student Government & Senior Committee,N/A,"NYSED ""Local Support and Improvement""",5%,26%,18%,0%,0%,20%,6.3,54%,,,,,,,,,,,,88%,58%,75 (19%),109 (28%),2% (2),53% (71),40% (53),2% (3),2% (2),<1% (1),Good,N/A,N/A,N/A,N/A,N/A,N/A,81%,N/A,84%,83%,N/A,N/A,N/A,90%,70%,N/A,N/A,,,,,,,,,,,,81%,N/A,86%,76%,N/A,N/A,N/A,80%,87%,,,,,,,,,,,,,,84%,,96%,,45%,N/A,44%,44%,N/A,N/A,N/A,50%,46%,83%,N/A,81%,86%,N/A,N/A,N/A,93%,79%,,,,,,,,,,,86%,N/A,83%,88%,N/A,N/A,N/A,100%,81%,,87%,N/A,87%,86%,N/A,N/A,N/A,83%,88%,,89%,N/A,88%,90%,N/A,N/A,N/A,100%,79%
84M709,Harlem Village Academy West Charter School,,,,harlemvillageacademies.org/,Kevin Tallat-Kelpsa/Yohana De Los Santos,"PK,0K,01,02,03,04,05,06,07,08,09,10,11,12",139,N/A,,244 West 144 Street,"Manhattan, NY 10030",646-812-9300,0%,83%,17%,0%,0%,0%,3%,14%,,57%,43%,0%,73%,Boys: Junior Varsity Basketball; Varsity Basketball; Flag Football; Girls: Cheerleading; Junior Varsity Basketball; Varsity Basketball; Volleyball; Softball; Co-Ed: Track & Field; Cross Country,"National Honor Society; Student Senate; Mentoring; Japanese Culture Club; ASL & Deaf Culture; Unite, Ignite, Empower; Ping Pong/Chess Club; Gender-Sexuality Alliance; Golden Confidence; The Seven Tutors; Feminist Club; Natural Hair Club; Beauty Club; Social Justice Club",N/A,"NYSED ""Local Support and Improvement""",5%,42%,15%,0%,0%,39%,6,83%,,,,,,,,,,,,58%,76%,,39 (28%),0% (0),82% (87),17% (18),0% (0),0% (0),0% (0),Fair,N/A,N/A,N/A,N/A,N/A,N/A,94%,N/A,100%,N/A,N/A,N/A,N/A,100%,N/A,N/A,82%,,,,,,,,,,,,92%,N/A,90%,97%,N/A,N/A,N/A,N/A,88%,,,,,,,,,,,,,,94%,,90%,,46%,N/A,38%,69%,N/A,N/A,N/A,N/A,44%,87%,N/A,84%,94%,N/A,N/A,N/A,N/A,88%,,,,,,,,,,,79%,N/A,75%,88%,N/A,N/A,N/A,N/A,N/A,,74%,N/A,75%,71%,N/A,N/A,N/A,N/A,N/A,,78%,N/A,87%,62%,N/A,N/A,N/A,N/A,N/A
84Q320,New Visions Charter High School for Advanced Math and Science IV,,,,www.newvisions.org/ams4,Claubentz Dieujuste,"09,10,11,SE",419,N/A,,156-10 Baisley Boulevard,"Queens, NY 11434",718-525-2041,4%,77%,14%,3%,<1%,<1%,3%,17%,,43%,57%,0%,57%,"Boys: JV Basketball; Varsity Basketball, JV Baseball; Varsity Baseball; Football; Girls: JV Softball; Varsity Softball; Co-Ed: N/A","Dance, Chess; Green Team; Debate, Tech; Mural; Physics; Chemistry; My Brother's Keeper; SGA; NHS",N/A,"NYSED ""Local Support and Improvement""; Career Readiness and Modern Youth Apprenticeship",24%,39%,14%,0%,0%,23%,20,88%,,,,,,,,,,,,67%,65%,,171 (41%),5% (11),76% (153),15% (31),1% (3),<1% (2),0% (0),Good,N/A,N/A,N/A,N/A,N/A,N/A,98%,N/A,100%,N/A,N/A,N/A,N/A,97%,98%,N/A,94%,,,,,,,,,,,,73%,64%,73%,79%,80%,N/A,N/A,60%,87%,,,,,,,,,,,,,,90%,,90%,,35%,64%,33%,41%,20%,N/A,N/A,33%,50%,77%,91%,74%,84%,100%,N/A,N/A,67%,78%,,,,,,,,,,,85%,N/A,85%,89%,N/A,N/A,N/A,N/A,78%,,86%,N/A,89%,78%,N/A,N/A,N/A,N/A,80%,,91%,N/A,91%,89%,N/A,N/A,N/A,N/A,90%
84Q340,Challenge Preparatory Charter School,,,,www.schools.nyc.gov/schools/Q340,Nicole Griffin/Dr. Les Mullings,"0K,01,02,03,04,05,06,07,08,09,10,11",226,N/A,,710 Hartman Lane,"Queens, NY 11691",718-634-1634,<1%,76%,19%,<1%,0%,1%,5%,20%,,52%,48%,0%,40%,Boys: N/A; Girls: N/A; Co-Ed: N/A,N/A,N/A,"NYSED ""Local Support and Improvement""",0%,N/A (fewer than 5 teachers),10%,0%,0%,0%,N/A,N/A,,,,,,,,,,,,N/A,N/A,,,N/A,N/A,N/A,N/A,N/A,N/A,Good,N/A,N/A,N/A,N/A,N/A,N/A,N/A,N/A,N/A,N/A,N/A,N/A,N/A,N/A,N/A,N/A,N/A,,,,,,,,,,,,67%,N/A,70%,63%,60%,N/A,N/A,83%,63%,,,,,,,,,,,,,,89%,,N/A,,41%,N/A,41%,39%,67%,N/A,N/A,40%,45%,79%,N/A,78%,81%,100%,N/A,N/A,100%,71%,,,,,,,,,,,84%,100%,85%,79%,92%,N/A,71%,74%,85%,,90%,100%,92%,85%,100%,N/A,86%,81%,94%,,84%,100%,85%,80%,73%,N/A,86%,84%,84%
84Q373,New Visions Charter High School for the Humanities IV,,,,newvisions.org/humanities4,Hannah Kehn,"09,10,11,12",244,N/A,,100-00 Beach Channel Drive,"Queens, NY 11694",718-734-3350,2%,62%,31%,2%,<1%,2%,6%,29%,,48%,52%,0%,68%,"Boys: Basketball, Football, Volleyball, Soccer, Tennis, Baseball; Girls: Volleyball, Soccer, Tennis, Softball, Basketball; Co-Ed: N/A","Yearbook Club, Art Club, LGBTQA club, Black Student Union, Girls Group, Cultural Club, Chess Club, Dance Team/Club, Student Government, Cooking Club",N/A,"NYSED ""Local Support and Improvement""",N/A (fewer than 5 teachers),34%,14%,0%,0%,44%,6,66%,,,,,,,,,,,,41%,48%,67 (27%),67 (27%),3% (3),62% (70),31% (35),2% (2),0% (0),3% (3),Good,N/A,N/A,N/A,N/A,N/A,N/A,92%,N/A,90%,94%,N/A,N/A,N/A,97%,88%,N/A,100%,,,,,,,,,,,,90%,N/A,88%,90%,N/A,N/A,100%,88%,90%,,,,,,,,,,,,,,82%,,93%,,48%,60%,48%,47%,N/A,N/A,50%,73%,60%,90%,N/A,87%,93%,N/A,N/A,100%,100%,93%,,,,,,,,,,,97%,N/A,95%,100%,N/A,N/A,N/A,N/A,100%,,91%,N/A,95%,91%,N/A,N/A,N/A,N/A,91%,,100%,N/A,100%,100%,N/A,N/A,N/A,N/A,100%
84Q705,Renaissance Charter School,,,,rencharters.org/trcs-jackson-heights/,Stacey Gauthier,"PK,0K,01,02,03,04,05,06,07,08,09,10,11,12",239,N/A,,35-59 81st Street,"Queens, NY 11372",718-803-0060,17%,3%,73%,0%,<1%,5%,7%,18%,,51%,49%,0%,67%,Boys: Volleyball; Basketball; Soccer; Girls: Volleyball; Basketball; Soccer; Softball; Co-Ed: N/A,Model UN; student government; yearbook; National Honor Society; Spanish National Honor Society; FFA; GSA; Debate,N/A,"NYSED ""Local Support and Improvement""",19%,10%,25%,0%,0%,46%,16,72%,,,,,,,,,,,,86%,79%,77 (32%),25 (10%),17% (39),3% (6),74% (168),0% (0),<1% (1),5% (11),Good,N/A,N/A,N/A,N/A,N/A,N/A,95%,N/A,N/A,95%,N/A,N/A,N/A,97%,92%,N/A,90%,,,,,,,,,,,,82%,84%,100%,81%,N/A,N/A,76%,78%,83%,,,,,,,,,,,,,,92%,,88%,,46%,55%,40%,44%,N/A,N/A,50%,57%,51%,85%,89%,67%,85%,N/A,N/A,77%,93%,82%,,,,,,,,,,,89%,94%,100%,88%,N/A,N/A,81%,97%,82%,,86%,83%,100%,86%,N/A,N/A,90%,92%,86%,,91%,95%,100%,91%,N/A,N/A,81%,100%,88%
84R067,John W. Lavelle Preparatory Charter School,,,,integrationcharterschools.org/our-schools/lavelle-prep/,Jenna Curran/Dori Rexha,"0K,01,02,03,04,05,06,07,08,09,10,11,12,SE",189,N/A,,1441 South Avenue,"Staten Is, NY 10314",347-855-2238,<1%,44%,42%,1%,0%,10%,2%,37%,,49%,51%,0%,58%,Boys: Movement; JV Basketball; Varsity Flag Football; Girls: Movement; JV Basketball; Varsity Flag Football; Co-Ed: Movement; JV Basketball; Varsity Flag Football,"At Lavelle High School, the Extracurricual activities are essential to the students' program. They are designed to foster creativity, imagination, and self-expression among our young adults. We offer the following clubs: Book club; Chess; Creative Writing; Language/Culture; UNO (card game); Music; Student Government; Video game; Watercolor/Art",N/A,"NYSED ""Local Support and Improvement""",N/A (fewer than 5 teachers),4%,17%,0%,0%,66%,4,65%,,,,,,,,,,,,31%,64%,26 (14%),45 (24%),1% (1),44% (36),37% (30),2% (2),0% (0),15% (12),N/A,N/A,N/A,N/A,N/A,N/A,N/A,94%,N/A,N/A,100%,N/A,N/A,N/A,88%,100%,N/A,N/A,,,,,,,,,,,,74%,63%,76%,75%,N/A,N/A,73%,89%,74%,,,,,,,,,,,,,,88%,,96%,,47%,75%,50%,44%,N/A,N/A,37%,50%,53%,85%,88%,85%,87%,N/A,N/A,74%,75%,82%,,,,,,,,,,,94%,100%,94%,92%,100%,N/A,89%,100%,92%,,95%,75%,98%,93%,100%,N/A,91%,94%,95%,,97%,100%,97%,95%,100%,N/A,97%,100%,96%
84R070,Lois and Richard Nicotra Early College Charter School,,,,integrationcharterschools.org/our-schools/early-college/,Jessica Carnavas,"08,09,10,11,12,SE",223,N/A,,1441 South Avenue,"Staten Is, NY 10314",N/A,1%,32%,48%,0%,<1%,17%,5%,26%,,51%,49%,0%,58%,"Boys: Fall Sports: Flag football, JV Basketball; Spring Sports: Flag football, Volleyball; Girls: N/A; Co-Ed: N/A",N/A,N/A,"NYSED ""Local Support and Improvement""",N/A (fewer than 5 teachers),9%,23%,0%,0%,52%,1,60%,,,,,,,,,,,,67%,57%,,54 (24%),1% (1),22% (15),58% (40),0% (0),0% (0),19% (13),Excellent,N/A,N/A,N/A,N/A,N/A,N/A,92%,N/A,N/A,94%,N/A,N/A,N/A,92%,N/A,N/A,N/A,,,,,,,,,,,,78%,N/A,74%,80%,N/A,N/A,78%,75%,70%,,,,,,,,,,,,,,87%,,96%,,51%,N/A,35%,56%,N/A,N/A,60%,63%,59%,80%,N/A,65%,87%,N/A,N/A,81%,88%,78%,,,,,,,,,,,81%,N/A,73%,84%,N/A,N/A,81%,N/A,75%,,75%,N/A,60%,93%,N/A,N/A,56%,N/A,73%,,79%,N/A,73%,80%,N/A,N/A,76%,N/A,56%
84X185,Pharos Academy Charter School,,,,pharosacademies.org/,Travis Brown,"0K,01,02,03,04,05,06,07,08,09,10,11,12",287,N/A,,1001 Intervale Avenue,"Bronx, NY 10459",646-915-0025,1%,32%,65%,<1%,0%,0%,4%,15%,,48%,52%,0%,59%,Boys: Boys basketball; Boys baseball; Boys volleyball; Girls: Girls basketball; Girls softball; Girls volleyball; Co-Ed: Track,N/A,N/A,"NYSED ""Local Support and Improvement""",N/A (fewer than 5 teachers),39%,23%,N/A (fewer than 5 teachers),N/A (fewer than 5 teachers),31%,8,45%,,,,,,,,,,,,58%,54%,31 (11%),,3% (1),48% (15),48% (15),0% (0),0% (0),0% (0),Fair,N/A,N/A,N/A,N/A,N/A,N/A,68%,N/A,68%,70%,N/A,N/A,N/A,78%,61%,N/A,69%,,,,,,,,,,,,90%,80%,90%,90%,N/A,N/A,N/A,86%,91%,,,,,,,,,,,,,,90%,,83%,,43%,33%,44%,42%,N/A,N/A,N/A,55%,53%,89%,80%,90%,89%,N/A,N/A,N/A,91%,86%,,,,,,,,,,,86%,N/A,91%,85%,N/A,N/A,N/A,75%,100%,,92%,N/A,87%,96%,N/A,N/A,N/A,100%,95%,,89%,N/A,84%,91%,N/A,N/A,N/A,100%,100%
84X202,New Visions Charter High School for Advanced Math and Science II,,,,newvisions.org/ams2,Sandy Manessis,"09,10,11,SE",496,N/A,,900 Tinton Avenue,"Bronx, NY 10456",718-665-3671,1%,45%,50%,2%,0%,1%,5%,15%,,52%,48%,0%,85%,Boys: Boys Soccer; Boys Basketball; Boys volleyball;; Girls: Girls Soccer; Girls Volleyball; Girls Varsity Basketball;; Co-Ed: Co-Ed Cross Country; Co-ED Flag Football; Co-Ed- Track;,"Student Ambassador Club; Student Government Club; Pre-Health Club; Art Club & STEP Influences; Gaming Club; Yu-Gi-Oh Club; SSSD (Safe Space Sit Downs) Club; Be You, Naturally Club; Graphic Design Club; Makeup Club; Japan Club; Cooking Club; Investigator Club; Makeup Club; World Languages Club; World Cultural Alliance Club; Jiu Jitsu Club; Strength & Conditioning Club; Agility and Conditioning Club;",N/A,"NYSED ""Local Support and Improvement""",N/A (fewer than 5 teachers),19%,38%,N/A (fewer than 5 teachers),0%,36%,7,8%,,,,,,,,,,,,50%,76%,101 (20%),207 (42%),<1% (2),44% (113),52% (133),2% (4),0% (0),1% (3),Good,N/A,N/A,N/A,N/A,N/A,N/A,99%,N/A,100%,97%,N/A,N/A,N/A,99%,99%,100%,100%,,,,,,,,,,,,92%,67%,91%,94%,100%,N/A,100%,95%,89%,,,,,,,,,,,,,,90%,,93%,,59%,33%,54%,62%,60%,N/A,100%,73%,62%,92%,83%,87%,97%,90%,N/A,83%,91%,93%,,,,,,,,,,,91%,N/A,87%,94%,N/A,N/A,N/A,100%,88%,,86%,N/A,91%,81%,N/A,N/A,N/A,100%,85%,,93%,N/A,93%,93%,N/A,N/A,N/A,80%,85%
84X208,New Visions Charter High School for the Humanities II,,,,www.newvisions.org/humanities2,David Neagley,"09,10,11,12,SE",394,N/A,,900 Tinton Avenue,"Bronx, NY 10456",212-645-5110,1%,40%,55%,2%,<1%,<1%,12%,18%,,58%,42%,0%,76%,Boys: Varsity Soccer; JV Basketball; Varsity Basketball; Volleyball; Girls: Varsity Soccer; Varsity Basketball; Volleyball; Co-Ed: Co-ed Cross Country; Co-ed Flag Football; Co-ed Track,"Peer Group Connection (PGC); Lego Engineers Club; Project Pride, Black Voices United (BVU); Runway Fashion Club; Green Club; Elite Artists; South Bronx Steppers; Gamer Club; Actor's Club; Rock Climbing Club; Student Activity Board (SAB); Movie Club; Chess Club",N/A,"NYSED ""Local Support and Improvement""",N/A (fewer than 5 teachers),33%,30%,N/A (fewer than 5 teachers),N/A (fewer than 5 teachers),34%,6.9,97%,,,,,,,,,,,,71%,65%,81 (21%),243 (62%),1% (3),42% (118),53% (150),2% (5),<1% (1),<1% (1),Good,N/A,N/A,N/A,N/A,N/A,N/A,89%,N/A,88%,89%,N/A,N/A,N/A,91%,86%,73%,80%,,,,,,,,,,,,78%,40%,80%,78%,60%,N/A,N/A,68%,78%,,,,,,,,,,,,,,86%,,89%,,44%,20%,48%,41%,40%,N/A,N/A,44%,58%,84%,100%,78%,88%,80%,N/A,N/A,88%,88%,,,,,,,,,,,82%,N/A,81%,84%,N/A,N/A,N/A,100%,74%,,77%,N/A,75%,78%,N/A,N/A,N/A,91%,87%,,86%,N/A,88%,87%,N/A,N/A,N/A,91%,78%
84X309,South Bronx Charter School for International Cultures and the Arts,,,,www.sbcsica.org/,Evelyn Hey/Elvira Maresca,"0K,01,02,03,04,05,06,07,08,09",35,N/A,,164 Bruckner Boulevard,"Bronx, NY 10454",718-401-9216,0%,14%,86%,0%,0%,0%,14%,9%,,60%,40%,0%,69%,Boys: N/A; Girls: Soccer; Co-Ed: Soccer,Student Council;Book Clubs; Tech Squad; Music Ensemble,N/A,"NYSED ""Local Support and Improvement""",N/A (fewer than 5 teachers),22%,53%,N/A (fewer than 5 teachers),N/A (fewer than 5 teachers),22%,6,53%,,,,,,,,,,,,N/A,N/A,,,N/A,N/A,N/A,N/A,N/A,N/A,N/A,N/A,N/A,N/A,N/A,N/A,N/A,N/A,N/A,N/A,N/A,N/A,N/A,N/A,N/A,N/A,N/A,N/A,,,,,,,,,,,,93%,N/A,87%,94%,N/A,N/A,N/A,90%,75%,,,,,,,,,,,,,,93%,,86%,,40%,N/A,30%,41%,N/A,N/A,N/A,41%,39%,92%,N/A,73%,95%,N/A,N/A,N/A,86%,83%,,,,,,,,,,,92%,N/A,82%,93%,N/A,N/A,N/A,94%,100%,,90%,N/A,74%,92%,N/A,N/A,N/A,91%,94%,,93%,N/A,95%,93%,N/A,N/A,N/A,91%,94%
84X345,Leaders In Our Neighborhood Charter School,,,,lioncharterschool.org/,Celia Sosa/Lex Zain,"0K,01,02,03,04,05,06,07,08,09,10,11,12",302,N/A,,730 Bryant Avenue,"Bronx, NY 10474",718-991-5500,<1%,28%,71%,<1%,0%,<1%,11%,20%,,48%,52%,0%,74%,Boys: Basketball (Men's); Baseball (Men's); Soccer (Men's); Girls: Basketball (Women's); Soccer (Women's); Softball (Women's); Volleyball (Women's); Co-Ed: Cheerleading (Co-Ed); Track & Field (Co-Ed); Flag-Football (Co-Ed),Step Team (Co-Ed);Dance Team (Co-Ed);National Honor Society;National Dance Honor Society;National Arts Honor Society;Yearbook;Film Club;Debate Team;Mock Trial;Investment Club;Student Council;Gaming Club;GSA;Girls Group;Mental Health Club;Music Club;Art Club;Psychology Club;Young Men's Fellowship;Photography Club,N/A,"NYSED ""Local Support and Improvement""",5%,31%,42%,N/A (fewer than 5 teachers),N/A (fewer than 5 teachers),18%,7,85%,,,,,,,,,,,,61%,69%,135 (45%),129 (43%),<1% (1),29% (61),70% (148),<1% (1),0% (0),<1% (1),Good,N/A,N/A,N/A,N/A,N/A,N/A,90%,N/A,89%,91%,N/A,N/A,N/A,88%,92%,N/A,55%,,,,,,,,,,,,76%,N/A,80%,75%,N/A,N/A,N/A,68%,76%,,,,,,,,,,,,,,90%,,91%,,54%,N/A,56%,53%,N/A,N/A,N/A,67%,61%,85%,N/A,83%,87%,N/A,N/A,N/A,89%,80%,,,,,,,,,,,93%,N/A,93%,92%,N/A,N/A,N/A,96%,92%,,95%,N/A,94%,95%,N/A,N/A,N/A,91%,95%,,95%,N/A,91%,97%,N/A,N/A,N/A,97%,95%
84X347,International Leadership Charter High School,,,,www.schools.nyc.gov/schools/X347,Dr. Elaine Ruiz Lopez,"09,10,11,12",322,N/A,,3030 Riverdale Avenue,"Bronx, NY 10463",718-562-2300,<1%,16%,79%,1%,<1%,<1%,14%,9%,,52%,48%,0%,N/A,Boys: N/A; Girls: N/A; Co-Ed: N/A,N/A,N/A,"NYSED ""Local Support and Improvement""",0%,N/A (fewer than 5 teachers),N/A (fewer than 5 teachers),0%,0%,30%,N/A,N/A,,,,,,,,,,,,15%,75%,,,N/A,N/A,N/A,N/A,N/A,N/A,Good,N/A,N/A,N/A,N/A,N/A,N/A,81%,N/A,N/A,81%,N/A,N/A,N/A,82%,81%,73%,75%,,,,,,,,,,,,N/A,N/A,N/A,N/A,N/A,N/A,N/A,N/A,N/A,,,,,,,,,,,,,,92%,,N/A,,N/A,N/A,N/A,N/A,N/A,N/A,N/A,N/A,N/A,N/A,N/A,N/A,N/A,N/A,N/A,N/A,N/A,N/A,,,,,,,,,,,N/A,N/A,N/A,N/A,N/A,N/A,N/A,N/A,N/A,,N/A,N/A,N/A,N/A,N/A,N/A,N/A,N/A,N/A,,N/A,N/A,N/A,N/A,N/A,N/A,N/A,N/A,N/A
84X380,Success Academy Charter School - Bronx 3,,,,www.schools.nyc.gov/schools/X380,Tahiri Jean-Baptiste/Katherine Huntington,"0K,01,02,03,04,05,06,07,08,09,10,SE",282,N/A,,1000 Teller Avenue,"Bronx, NY 10456",646-790-2145,1%,60%,34%,2%,<1%,2%,0%,8%,,50%,50%,0%,N/A,Boys: N/A; Girls: N/A; Co-Ed: N/A,N/A,N/A,"NYSED ""Local Support and Improvement""",N/A (fewer than 5 teachers),28%,23%,N/A (fewer than 5 teachers),0%,37%,N/A,N/A,,,,,,,,,,,,N/A,N/A,,,N/A,N/A,N/A,N/A,N/A,N/A,Needs Improvement,N/A,N/A,N/A,N/A,N/A,N/A,N/A,N/A,N/A,N/A,N/A,N/A,N/A,N/A,N/A,N/A,N/A,,,,,,,,,,,,N/A,N/A,N/A,N/A,N/A,N/A,N/A,N/A,N/A,,,,,,,,,,,,,,94%,,N/A,,60%,N/A,N/A,N/A,N/A,N/A,N/A,N/A,N/A,100%,N/A,N/A,N/A,N/A,N/A,N/A,N/A,N/A,,,,,,,,,,,N/A,N/A,N/A,N/A,N/A,N/A,N/A,N/A,N/A,,N/A,N/A,N/A,N/A,N/A,N/A,N/A,N/A,N/A,,N/A,N/A,N/A,N/A,N/A,N/A,N/A,N/A,N/A
84X387,Brilla College Preparatory Charter School,,,,www.schools.nyc.gov/schools/X387,Margaret Rippe/Luanne Zurlo,"0K,01,02,03,04,05,06,07,08,09,SE",39,N/A,,413 East 144 Street,"Bronx, NY 10454",347-273-8439,0%,28%,67%,3%,0%,3%,5%,26%,,21%,79%,0%,69%,Boys: N/A; Girls: N/A; Co-Ed: N/A,N/A,N/A,"NYSED ""Local Support and Improvement""",N/A (fewer than 5 teachers),26%,33%,0%,N/A (fewer than 5 teachers),29%,N/A,N/A,,,,,,,,,,,,N/A,N/A,,,N/A,N/A,N/A,N/A,N/A,N/A,N/A,N/A,N/A,N/A,N/A,N/A,N/A,N/A,N/A,N/A,N/A,N/A,N/A,N/A,N/A,N/A,N/A,N/A,,,,,,,,,,,,81%,N/A,80%,81%,N/A,N/A,N/A,69%,83%,,,,,,,,,,,,,,89%,,N/A,,51%,N/A,44%,52%,N/A,N/A,N/A,53%,59%,87%,N/A,72%,90%,N/A,N/A,N/A,88%,83%,,,,,,,,,,,90%,N/A,92%,89%,N/A,N/A,N/A,85%,90%,,93%,N/A,92%,94%,N/A,N/A,N/A,96%,94%,,88%,N/A,90%,88%,N/A,N/A,N/A,86%,89%
84X393,University Prep Charter High School,,,,www.schools.nyc.gov/schools/X393,Andrea D'amato/Andrew Ayers,"09,10,11",434,N/A,,600 Saint Ann's Avenue,"Bronx, NY 10455",718-585-0560,<1%,38%,60%,<1%,<1%,<1%,4%,18%,,55%,45%,0%,91%,Boys: N/A; Girls: N/A; Co-Ed: N/A,N/A,N/A,"NYSED ""Local Support and Improvement""",N/A (fewer than 5 teachers),15%,28%,0%,0%,39%,N/A,N/A,,,,,,,,,,,,32%,90%,63 (15%),21 (5%),0% (0),40% (31),59% (46),0% (0),0% (0),1% (1),Fair,N/A,N/A,N/A,N/A,N/A,N/A,98%,N/A,97%,99%,N/A,N/A,N/A,96%,100%,100%,100%,,,,,,,,,,,,93%,N/A,93%,92%,N/A,N/A,N/A,94%,91%,,,,,,,,,,,,,,92%,,N/A,,51%,N/A,54%,49%,N/A,N/A,N/A,39%,63%,93%,N/A,90%,95%,N/A,N/A,N/A,94%,96%,,,,,,,,,,,88%,N/A,85%,89%,N/A,N/A,N/A,84%,87%,,77%,N/A,78%,78%,N/A,N/A,N/A,79%,85%,,89%,N/A,91%,88%,N/A,N/A,N/A,84%,92%
84X395,"NYC Charter High School for Architecture, Engineering and Construction Industries",,,,aecicharterhs.org,Colin Healy,"09,10,11,12",433,N/A,,838 Brook Avenue,"Bronx, NY 10451",646-400-5566,<1%,36%,61%,<1%,<1%,<1%,7%,21%,,36%,64%,0%,83%,Boys: Basketball; Baseball; Flag Football; Volleyball; Track; Soccer; Girls: Basketball; Softball; Volleyball; Track; Soccer; Co-Ed: Soccer,ACE Mentor Program of America; Cooper Union STEM Summer Intensive; Center for Architecture Summer Intensive; New York State Summer School of the Arts; DreamYard Theatre; DreamYard Design and Technology; Black Pearls Club; E-Sports League; Video Game Club; Chess Club,N/A,"NYSED ""Local Support and Improvement""",N/A (fewer than 5 teachers),28%,28%,0%,0%,39%,8,80%,,,,,,,,,,,,51%,71%,,20 (5%),0% (0),23% (7),77% (24),0% (0),0% (0),0% (0),Fair,N/A,N/A,N/A,N/A,N/A,N/A,96%,N/A,100%,94%,N/A,N/A,N/A,100%,94%,N/A,82%,,,,,,,,,,,,85%,N/A,84%,86%,N/A,N/A,N/A,82%,85%,,,,,,,,,,,,,,87%,,92%,,60%,N/A,60%,60%,N/A,N/A,N/A,52%,68%,90%,N/A,87%,92%,N/A,N/A,N/A,87%,94%,,,,,,,,,,,100%,N/A,99%,100%,N/A,N/A,N/A,100%,100%,,100%,N/A,99%,100%,N/A,N/A,N/A,100%,100%,,100%,N/A,99%,100%,N/A,N/A,N/A,100%,100%
84X429,Charter High School for Law and Social Justice,,,,www.chslsj.org,Richard Burke,"09,10,11,12",479,N/A,,1960 University Avenue,"Bronx, NY 10453",646-450-2240,<1%,15%,84%,1%,0%,<1%,21%,18%,,51%,49%,0%,91%,Boys: Varsity basketball; JV basketball; Varsity volleyball; Varsity baseball; Girls: Varsity basketball; JV basketball; Varsity volleyball; Co-Ed: Flag Football; Varsity Cheer,Robotics; Anime Club; Knitting Club; Cosmetic Club; Dance Club; Korean Culture; Student Gay Alliance; Women Empowerment; Gaming; Student Government; Morning Fitness; Debate; Chess,N/A,"NYSED ""Comprehensive Support and Improvement""",7%,23%,36%,0%,0%,33%,4,69%,,,,,,,,,,,,25%,48%,,,N/A,N/A,N/A,N/A,N/A,N/A,Fair,N/A,N/A,N/A,N/A,N/A,N/A,84%,N/A,N/A,87%,N/A,N/A,N/A,85%,83%,81%,88%,,,,,,,,,,,,94%,N/A,96%,94%,N/A,N/A,N/A,95%,92%,,,,,,,,,,,,,,79%,,88%,,65%,N/A,59%,66%,80%,N/A,N/A,72%,67%,93%,N/A,89%,93%,100%,N/A,N/A,93%,90%,,,,,,,,,,,90%,N/A,81%,91%,N/A,N/A,N/A,91%,91%,,90%,N/A,90%,90%,N/A,N/A,N/A,97%,93%,,91%,N/A,90%,91%,N/A,N/A,N/A,91%,96%
84X460,Atmosphere Academy Public Charter School,,,,atmosphere.org,Colin Greene,"06,07,08,09,10,SE",292,N/A,,22 Marble Hill Avenue,"Bronx, NY 10463",718-757-5852,2%,15%,82%,<1%,0%,0%,6%,18%,,43%,57%,0%,82%,Boys: Boys Flag Football; Boys Soccer; Boys Basketball; Boys Volleyball; Boys Baseball; Girls: Girl's Volleyball; Girl's Basketball; Girl's Softball; Girl's Soccer; Co-Ed: Cheerleading,Sailing; Equestrian; Polo; Aviation; Archery; Robotics; Art & Drawing; Ballet; Debate; Drama & Theater; Drums; Guitar; Hip Hop Dance; Martial Arts; Music Production; Photography; Piano; Violin; American Sign Language; Art (Sketching & Painting); Ballet; Coding; Creative Writing; Voice; Basketball; Financial Literacy; Yearbook,N/A,"NYSED ""Local Support and Improvement""",6%,37%,27%,0%,0%,30%,16,86%,,,,,,,,,,,,N/A,N/A,,,N/A,N/A,N/A,N/A,N/A,N/A,Good,N/A,N/A,N/A,N/A,N/A,N/A,N/A,N/A,N/A,N/A,N/A,N/A,N/A,N/A,N/A,N/A,N/A,,,,,,,,,,,,83%,88%,77%,84%,89%,N/A,77%,85%,80%,,,,,,,,,,,,,,91%,,97%,,46%,38%,48%,46%,50%,N/A,30%,51%,52%,79%,88%,74%,79%,90%,N/A,85%,81%,77%,,,,,,,,,,,85%,78%,85%,85%,60%,N/A,100%,91%,85%,,80%,67%,75%,82%,100%,N/A,77%,91%,88%,,84%,78%,86%,84%,80%,N/A,92%,93%,83%
84X461,Nuasin Next Generation Charter School,,,,nngcs.org,Kurt Davidson/Malik Russell,"0K,01,02,03,04,05,06,07,08,09,10,11,12",195,N/A,,180 West 165th Street,"Bronx, NY 10452",718-893-0640,0%,28%,69%,1%,0%,2%,11%,20%,,51%,49%,0%,58%,"Boys: -Basketball; Girls: ""-Basketball -Volleyball""; Co-Ed: N/A","""-Cooking class -Dance Club -Music Club -Volleyball -Arts & Crafts -Illustration Club -Phoenix Girls Chatterbox -Basketball Running """,N/A,"NYSED ""Local Support and Improvement""",8%,43%,24%,0%,0%,24%,3,36%,,,,,,,,,,,,71%,59%,63 (32%),,0% (0),33% (23),64% (44),0% (0),0% (0),3% (2),Fair,N/A,N/A,N/A,N/A,N/A,N/A,87%,N/A,94%,82%,N/A,N/A,N/A,88%,86%,N/A,N/A,,,,,,,,,,,,78%,N/A,71%,82%,N/A,N/A,N/A,88%,83%,,,,,,,,,,,,,,100%,,97%,,42%,N/A,42%,42%,20%,N/A,N/A,49%,41%,78%,N/A,71%,81%,80%,N/A,N/A,91%,69%,,,,,,,,,,,92%,N/A,88%,93%,N/A,N/A,100%,94%,92%,,93%,N/A,84%,96%,N/A,N/A,80%,97%,92%,,92%,N/A,86%,95%,N/A,N/A,80%,97%,90%
84X465,Boys Preparatory Charter School of New York,,,,www.schools.nyc.gov/schools/X465,Khalek Kirkland,"PK,0K,01,02,03,04,05,06,07,08,09,SE",24,N/A,,192 East 151st Street,"Bronx, NY 10451",718-860-8774,0%,25%,75%,0%,0%,0%,8%,38%,,0%,100%,0%,53%,Boys: N/A; Girls: N/A; Co-Ed: N/A,N/A,N/A,"NYSED ""Local Support and Improvement""",N/A (fewer than 5 teachers),31%,34%,0%,0%,13%,N/A,N/A,,,,,,,,,,,,N/A,N/A,,,N/A,N/A,N/A,N/A,N/A,N/A,N/A,N/A,N/A,N/A,N/A,N/A,N/A,N/A,N/A,N/A,N/A,N/A,N/A,N/A,N/A,N/A,N/A,N/A,,,,,,,,,,,,53%,N/A,57%,52%,N/A,N/A,20%,78%,48%,,,,,,,,,,,,,,N/A,,N/A,,50%,N/A,49%,48%,N/A,N/A,80%,91%,55%,76%,N/A,74%,76%,N/A,N/A,100%,91%,74%,,,,,,,,,,,83%,N/A,83%,84%,N/A,N/A,N/A,86%,88%,,91%,N/A,93%,88%,N/A,N/A,N/A,93%,94%,,83%,N/A,84%,80%,N/A,N/A,N/A,86%,78%
84X471,American Dream Charter School,,,,www.schools.nyc.gov/schools/X471,Melissa Melkonian,"06,07,08,09,10,11,12,SE",335,N/A,,510 East 141 Street,"Bronx, NY 10454",718-585-3071,0%,6%,94%,0%,0%,<1%,19%,16%,,54%,46%,0%,86%,Boys: Basketball; Flag Football; Soccer; Baseball; Girls: Volleyball; Cheerleading; Softball; Co-Ed: N/A,Cosmotology; Chess; Gaming; Prism,N/A,"NYSED ""Local Support and Improvement""",N/A (fewer than 5 teachers),10%,67%,0%,0%,18%,8,65%,,,,,,,,,,,,81%,75%,101 (30%),64 (19%),0% (0),5% (8),95% (150),0% (0),0% (0),0% (0),Fair,N/A,N/A,N/A,N/A,N/A,N/A,97%,N/A,N/A,99%,N/A,N/A,N/A,100%,96%,100%,100%,,,,,,,,,,,,92%,N/A,91%,93%,N/A,N/A,N/A,90%,87%,,,,,,,,,,,,,,90%,,92%,,66%,N/A,86%,64%,N/A,N/A,N/A,69%,67%,94%,N/A,95%,94%,N/A,N/A,N/A,97%,97%,,,,,,,,,,,91%,N/A,100%,90%,N/A,N/A,N/A,92%,91%,,93%,N/A,100%,93%,N/A,N/A,N/A,92%,86%,,93%,N/A,94%,93%,N/A,N/A,N/A,94%,93%
84X482,Dr. Richard Izquierdo Health and Science Charter School,,,,www.schools.nyc.gov/schools/X482,Francine Cruz/Beatriz Szmurlo,"06,07,08,09,10,11,12,SE",402,N/A,,800 Home Street,"Bronx, NY 10456",718-378-0490,0%,20%,76%,<1%,<1%,2%,9%,16%,,52%,48%,0%,84%,Boys: N/A; Girls: N/A; Co-Ed: N/A,N/A,N/A,"NYSED ""Local Support and Improvement""",N/A (fewer than 5 teachers),28%,38%,N/A (fewer than 5 teachers),0%,19%,N/A,N/A,,,,,,,,,,,,73%,70%,,,N/A,N/A,N/A,N/A,N/A,N/A,Needs Improvement,N/A,N/A,N/A,N/A,N/A,N/A,94%,N/A,100%,91%,N/A,N/A,N/A,96%,90%,71%,87%,,,,,,,,,,,,87%,N/A,89%,87%,N/A,N/A,91%,80%,89%,,,,,,,,,,,,,,85%,,N/A,,67%,N/A,70%,67%,N/A,N/A,55%,68%,72%,87%,N/A,87%,87%,N/A,N/A,91%,85%,89%,,,,,,,,,,,85%,N/A,88%,85%,N/A,N/A,N/A,80%,93%,,82%,N/A,77%,84%,N/A,N/A,N/A,84%,89%,,87%,N/A,81%,90%,N/A,N/A,N/A,92%,85%
84X487,Girls Preparatory Charter School of the Bronx,,,,www.schools.nyc.gov/schools/X487,Robyn Milliner-Johnson,"PK,0K,01,02,03,04,05,06,07,08,09,SE",19,N/A,,681 Kelly Street,"Bronx, NY 10455",718-901-3855,5%,37%,53%,5%,0%,0%,0%,26%,,100%,0%,0%,65%,Boys: N/A; Girls: N/A; Co-Ed: N/A,N/A,N/A,"NYSED ""Local Support and Improvement""",6%,9%,27%,26%,0%,6%,N/A,N/A,,,,,,,,,,,,N/A,N/A,,,N/A,N/A,N/A,N/A,N/A,N/A,N/A,N/A,N/A,N/A,N/A,N/A,N/A,N/A,N/A,N/A,N/A,N/A,N/A,N/A,N/A,N/A,N/A,N/A,,,,,,,,,,,,64%,N/A,64%,64%,N/A,N/A,N/A,60%,69%,,,,,,,,,,,,,,N/A,,N/A,,44%,N/A,42%,46%,N/A,N/A,40%,44%,34%,75%,N/A,67%,79%,N/A,N/A,100%,64%,69%,,,,,,,,,,,86%,67%,85%,87%,100%,N/A,86%,85%,84%,,91%,83%,90%,93%,100%,N/A,86%,81%,89%,,88%,83%,87%,88%,100%,N/A,71%,92%,85%
84X488,The Equality Charter School,,,,www.equalitycharterschool.org,Caitlin Franco/Favrol Philemy,"06,07,08,09,10,11,12,SE",352,N/A,,4140 Hutchinson River Parkway East,"Bronx, NY 10475",718-517-3169,1%,49%,45%,<1%,<1%,1%,9%,28%,,49%,51%,0%,69%,Boys: Varsity basketball JV basketball Soccer Baseball Flag Football; Girls: Varsity basketball Volleyball Softball; Co-Ed: Track & Field,Book Club Drama Club Boys to Men Game Club Girls to Women Harvesters For Change Newspaper Club Student Government Christian Youth United GSA (Gender Sexuality Alliance) BLACS (Black Latinx African & Caribbean Students),N/A,"NYSED ""Local Support and Improvement""; CS for All",9%,39%,18%,0%,0%,29%,10,48%,,,,,,,,,,,,38%,70%,,241 (68%),2% (5),52% (127),41% (100),<1% (2),<1% (1),1% (3),Fair,N/A,N/A,N/A,N/A,N/A,N/A,88%,N/A,90%,85%,N/A,N/A,N/A,96%,80%,N/A,89%,,,,,,,,,,,,83%,88%,81%,84%,N/A,N/A,100%,90%,87%,,,,,,,,,,,,,,89%,,65%,,51%,75%,51%,52%,N/A,N/A,0%,67%,55%,86%,100%,85%,87%,N/A,N/A,100%,87%,89%,,,,,,,,,,,87%,N/A,86%,89%,N/A,N/A,N/A,84%,84%,,86%,N/A,84%,91%,N/A,N/A,N/A,89%,97%,,91%,N/A,89%,94%,N/A,N/A,N/A,95%,91%
84X539,New Visions Charter High School for Advanced Math and Science,,,,www.newvisions.org/ams;https://www.amsntk.com/,Robert Hiller,"09,10,11,12,SE",458,N/A,,99 Terrace View Avenue,"Bronx, NY 10463",718-817-7683,2%,38%,57%,1%,0%,2%,5%,12%,,49%,51%,0%,83%,Boys: Baseball; Basketball; Bowling; Cross Country; Football; Gymnastics; Indoor Track; Outdoor Track; Soccer; Volleyball; Girls: Basketball; Cross Country; Golf Coed; Flag Football; Golf; Gymnastics; Handball; Indoor Track; Outdoor Track; Soccer; Softball; Stunt Coed; Tennis; Volleyball; Co-Ed: Golf Coed Varsity; Stunt Coed Varsity,Amnesty Club; Anime Club; Competition Math Club; Game Club; Dungeons and Dragons Club; Fitness Club; K Club; Minds Matter Club; Multicultural Club; National Honors Society; Science Club; Senior Class Club; Student Council,N/A,"NYSED ""Local Support and Improvement""",N/A (fewer than 5 teachers),34%,28%,N/A (fewer than 5 teachers),N/A (fewer than 5 teachers),34%,9,61%,,,,,,,,,,,,64%,75%,117 (26%),137 (30%),1% (3),39% (88),56% (128),1% (3),0% (0),2% (5),Fair,N/A,N/A,N/A,N/A,N/A,N/A,95%,N/A,98%,92%,N/A,N/A,N/A,97%,92%,87%,N/A,,,,,,,,,,,,87%,88%,85%,88%,N/A,N/A,60%,95%,94%,,,,,,,,,,,,,,89%,,94%,,55%,63%,51%,57%,N/A,N/A,40%,40%,58%,93%,100%,88%,97%,N/A,N/A,60%,100%,91%,,,,,,,,,,,90%,50%,90%,91%,N/A,N/A,N/A,100%,85%,,83%,83%,85%,83%,N/A,N/A,N/A,92%,91%,,91%,50%,90%,94%,N/A,N/A,N/A,92%,91%
84X553,New Visions Charter High School for the Humanities,,,,newvisions.org/hum,Magaly Hicks,"09,10,11,12,SE",482,N/A,,99 Terrace View Avenue,"Bronx, NY 10463",718-817-7686,<1%,30%,68%,<1%,<1%,1%,6%,16%,,45%,55%,0%,83%,"Boys: Cross Country, Indoor Track, JV Baseball, JV Basketball, JV Football, outdoor Track, Varsity Baseball, Varsity Basketball, Varsity Bowling, Varsity Football, Varsity Gymnastics, Varsity Soccer, Varsity Volleyball; Girls: Flag Football, Handball, Indoor Track, JV Basketball, JV Volleyball, Outdoor Track, Varsity Basketball, Varsity Golf, Varsity Gymnastics, Varsity Soccer, Varsity Softball, Varsity Tennis, Varsity Volleyball; Co-Ed: COED Stunt and COED Varsity Golf","African American Studies Club, Anime Club, Be' HUM' tiful club, Career Club, Chess club, Cooking Club, Creative Writing Club, Dance Club, Dynamic Figure Drawing Club, Fashion Design club, GAMING Club, GSA, Health Careers Club, Movie Club, Picasso Baby, and Student Council",N/A,"NYSED ""Local Support and Improvement""",6%,37%,33%,0%,0%,24%,14,67%,,,,,,,,,,,,31%,62%,72 (15%),96 (20%),1% (2),31% (48),65% (99),<1% (1),<1% (1),1% (2),Good,N/A,N/A,N/A,N/A,N/A,N/A,98%,N/A,100%,97%,N/A,N/A,N/A,98%,97%,100%,92%,,,,,,,,,,,,87%,N/A,85%,89%,N/A,N/A,N/A,91%,90%,,,,,,,,,,,,,,85%,,93%,,50%,N/A,46%,53%,N/A,N/A,N/A,46%,47%,94%,N/A,90%,96%,N/A,N/A,N/A,96%,93%,,,,,,,,,,,92%,N/A,92%,92%,N/A,N/A,N/A,86%,90%,,79%,N/A,76%,80%,N/A,N/A,N/A,88%,95%,,93%,N/A,91%,94%,N/A,N/A,N/A,91%,90%
84X581,South Bronx Community Charter High School,,,,southbronxcommunity.org,Natalie Ferrell/John Clemente,"09,10,11,12",354,N/A,,1110 Washington Avenue,"Bronx, NY 10456",N/A,1%,34%,62%,1%,0%,1%,12%,24%,,55%,45%,0%,60%,Boys: Basketball; football; soccer; baseball; track; wrestling; fitness; Girls: Basketball; softball; track; Co-Ed: N/A,Dance; step; yearbook; gaming; student government; national honor society; school store; theater,N/A,"NYSED ""Local Support and Improvement""; Career Readiness and Modern Youth Apprenticeship; Competency Collaborative",0%,20%,27%,0%,0%,N/A (fewer than 5 teachers),7,60%,,,,,,,,,,,,69%,46%,141 (40%),,2% (3),41% (79),56% (108),0% (0),0% (0),1% (2),Good,N/A,N/A,N/A,N/A,N/A,N/A,82%,N/A,86%,79%,N/A,N/A,N/A,82%,81%,92%,71%,,,,,,,,,,,,87%,N/A,87%,88%,N/A,N/A,N/A,78%,85%,,,,,,,,,,,,,,79%,,91%,,33%,N/A,42%,28%,N/A,N/A,N/A,40%,39%,79%,N/A,82%,77%,N/A,N/A,N/A,80%,79%,,,,,,,,,,,83%,N/A,86%,85%,N/A,N/A,N/A,100%,73%,,80%,N/A,95%,72%,N/A,N/A,N/A,80%,76%,,91%,N/A,89%,92%,N/A,N/A,N/A,N/A,86%
84X585,Legacy College Preparatory Charter School,,,,www.legacycollegeprep.org,Summer Schneider/Diana Sainvil-Robinson,"06,07,08,09,10,11,SE",400,N/A,,416 Willis Avenue,"Bronx, NY 10454",N/A,0%,36%,63%,1%,<1%,0%,9%,21%,,51%,50%,0%,66%,Boys: Flag Football; Baseball; Soccer; Basketball;; Girls: Volleyball; Basketball; Softball;; Co-Ed: Track and Field,"Dance; Book Club; Young Women's Group; Fitness; Hair Braiding; Open Recreation; DodgeBall; Gamer's Club; Nature Club; Art Club; Math Team; Choir/Chorus; Student Council, National Honor Society",N/A,"NYSED ""Local Support and Improvement""",N/A (fewer than 5 teachers),51%,35%,0%,0%,9%,3,42%,,,,,,,,,,,,N/A,N/A,72 (18%),,0% (0),47% (34),50% (36),1% (1),0% (0),0% (0),Fair,N/A,N/A,N/A,N/A,N/A,N/A,N/A,N/A,N/A,N/A,N/A,N/A,N/A,N/A,N/A,N/A,N/A,,,,,,,,,,,,71%,N/A,74%,71%,40%,N/A,40%,79%,69%,,,,,,,,,,,,,,90%,,N/A,,45%,N/A,44%,46%,60%,N/A,20%,43%,41%,78%,N/A,75%,81%,60%,N/A,40%,75%,70%,,,,,,,,,,,90%,N/A,87%,91%,N/A,N/A,N/A,92%,85%,,89%,N/A,88%,89%,N/A,N/A,N/A,96%,94%,,89%,N/A,85%,91%,N/A,N/A,N/A,88%,87%
84X597,Urban Assembly Charter School for Computer Science,,,,www.compscihigh.org,David Noah,"09,10,11,12",442,N/A,,1300 Boynton Avenue,"Bronx, NY 10472",N/A,3%,34%,58%,3%,0%,1%,7%,23%,,37%,63%,0%,92%,"Boys: Basketball; Baseball; Track; Soccer; Girls: Softball; Volleyball; Basketball, Soccer; Co-Ed: Volleyball",Gaming Club; GSA; Music Club; Dance Team; Art Club; Newspaper; Emerging Leaders Program (Finance),N/A,"NYSED ""Local Support and Improvement""; Career Readiness and Modern Youth Apprenticeship; Future Ready NYC",11%,24%,27%,0%,0%,37%,3,95%,,,,,,,,,,,,89%,63%,146 (33%),282 (64%),2% (7),36% (112),56% (172),4% (12),0% (0),2% (6),Fair,N/A,N/A,N/A,N/A,N/A,N/A,N/A,N/A,N/A,N/A,N/A,N/A,N/A,N/A,N/A,N/A,N/A,,,,,,,,,,,,93%,83%,99%,91%,80%,N/A,N/A,100%,82%,,,,,,,,,,,,,,91%,,93%,,71%,17%,68%,74%,80%,N/A,N/A,80%,69%,91%,100%,89%,91%,100%,N/A,N/A,90%,81%,,,,,,,,,,,96%,N/A,100%,93%,N/A,N/A,N/A,N/A,94%,,92%,N/A,91%,93%,N/A,N/A,N/A,N/A,88%,,97%,N/A,95%,98%,N/A,N/A,N/A,N/A,94%
84X611,AECI II: NYC Charter High School for Computer Engineering and Innovation,,,,www.schools.nyc.gov/schools/X611,Charles Gallo,"09,10,11,12",414,N/A,,116 East 169 Street,"Bronx, NY 10452",N/A,<1%,26%,69%,<1%,0%,<1%,13%,18%,,39%,61%,0%,80%,Boys: N/A; Girls: N/A; Co-Ed: N/A,N/A,N/A,"NYSED ""Local Support and Improvement""",0%,31%,40%,0%,0%,22%,N/A,N/A,,,,,,,,,,,,57%,N/A,,,N/A,N/A,N/A,N/A,N/A,N/A,Good,N/A,N/A,N/A,N/A,N/A,N/A,94%,N/A,94%,94%,N/A,N/A,N/A,88%,97%,94%,87%,,,,,,,,,,,,89%,N/A,93%,87%,N/A,N/A,N/A,72%,79%,,,,,,,,,,,,,,86%,,N/A,,40%,N/A,43%,40%,N/A,N/A,N/A,58%,30%,84%,N/A,78%,90%,N/A,N/A,N/A,88%,87%,,,,,,,,,,,88%,N/A,81%,91%,N/A,N/A,N/A,100%,88%,,80%,N/A,76%,81%,N/A,N/A,N/A,100%,88%,,91%,N/A,86%,93%,N/A,N/A,N/A,93%,100%
84X617,KIPP Bronx Charter School III,,,,www.schools.nyc.gov/schools/X617,Diamond Graham/Kate Baughman,"0K,01,02,03,05,06,07,08,09",152,N/A,,501 Gerard Avenue,"Bronx, NY 10451",N/A,0%,38%,59%,<1%,<1%,2%,11%,28%,,49%,51%,0%,86%,Boys: N/A; Girls: N/A; Co-Ed: N/A,N/A,N/A,"NYSED ""Local Support and Improvement""",3%,25%,32%,0%,0%,34%,N/A,N/A,,,,,,,,,,,,N/A,N/A,,,N/A,N/A,N/A,N/A,N/A,N/A,Good,N/A,N/A,N/A,N/A,N/A,N/A,N/A,N/A,N/A,N/A,N/A,N/A,N/A,N/A,N/A,N/A,N/A,,,,,,,,,,,,71%,N/A,80%,N/A,N/A,N/A,N/A,N/A,N/A,,,,,,,,,,,,,,93%,,N/A,,25%,N/A,40%,N/A,N/A,N/A,N/A,N/A,N/A,86%,N/A,N/A,N/A,N/A,N/A,N/A,N/A,N/A,,,,,,,,,,,93%,N/A,86%,100%,N/A,N/A,N/A,N/A,N/A,,100%,N/A,100%,100%,N/A,N/A,N/A,N/A,N/A,,87%,N/A,86%,88%,N/A,N/A,N/A,N/A,N/A
84X627,Capital Preparatory Bronx Charter School,,,,www.schools.nyc.gov/schools/X627,Isaiah Brown/Kashani Stokley,"06,07,08,09",86,N/A,,755 Co-Op City Boulevard,"Bronx, NY 10475",N/A,2%,77%,10%,0%,1%,1%,1%,15%,,49%,51%,0%,64%,Boys: N/A; Girls: N/A; Co-Ed: N/A,N/A,N/A,"NYSED ""Local Support and Improvement""",N/A (fewer than 5 teachers),64%,27%,N/A (fewer than 5 teachers),N/A (fewer than 5 teachers),N/A (fewer than 5 teachers),N/A,N/A,,,,,,,,,,,,N/A,N/A,21 (24%),21 (24%),10% (2),76% (16),10% (2),0% (0),0% (0),0% (0),N/A,N/A,N/A,N/A,N/A,N/A,N/A,N/A,N/A,N/A,N/A,N/A,N/A,N/A,N/A,N/A,N/A,N/A,,,,,,,,,,,,66%,N/A,65%,71%,N/A,N/A,67%,N/A,77%,,,,,,,,,,,,,,95%,,N/A,,48%,N/A,47%,51%,N/A,N/A,50%,N/A,54%,84%,N/A,83%,89%,N/A,N/A,100%,N/A,89%,,,,,,,,,,,75%,N/A,77%,62%,N/A,N/A,80%,N/A,64%,,76%,N/A,76%,73%,N/A,N/A,100%,N/A,68%,,74%,N/A,75%,58%,N/A,N/A,80%,N/A,72%
84X635,Earl Monroe New Renaissance Basketball Charter School,,,,www.schools.nyc.gov/schools/X635,,"09,10",230,N/A,,1617 Parkview Avenue,"Bronx, NY 10461",917-873-6049,2%,44%,45%,<1%,<1%,7%,6%,23%,,26%,74%,0%,81%,Boys: N/A; Girls: N/A; Co-Ed: N/A,N/A,N/A,"NYSED ""Local Support and Improvement""",N/A (fewer than 5 teachers),48%,31%,N/A (fewer than 5 teachers),N/A (fewer than 5 teachers),19%,N/A,N/A,,,,,,,,,,,,N/A,N/A,,,N/A,N/A,N/A,N/A,N/A,N/A,Fair,N/A,N/A,N/A,N/A,N/A,N/A,N/A,N/A,N/A,N/A,N/A,N/A,N/A,N/A,N/A,N/A,N/A,,,,,,,,,,,,90%,N/A,94%,91%,N/A,N/A,80%,N/A,89%,,,,,,,,,,,,,,89%,,N/A,,47%,N/A,47%,52%,N/A,N/A,30%,N/A,35%,90%,N/A,88%,91%,N/A,N/A,100%,N/A,86%,,,,,,,,,,,83%,N/A,100%,60%,N/A,N/A,N/A,N/A,86%,,100%,N/A,100%,100%,N/A,N/A,N/A,N/A,100%,,89%,N/A,100%,80%,N/A,N/A,N/A,N/A,86%
84X640,Family Life Academy Charter Schools High School,,,,www.flacsnyc.com,,09,101,N/A,,316 East 165 Street,"Bronx, NY 10456",N/A,0%,29%,70%,0%,0%,<1%,16%,18%,,55%,45%,0%,N/A,Boys: basketball; baseball; Girls: Volleyball; Softball; Co-Ed: Swimming; flag football,Student Government; esports; tutoring,N/A,N/A,N/A (fewer than 5 teachers),N/A (fewer than 5 teachers),47%,0%,0%,29%,N/A,N/A,,,,,,,,,,,,N/A,N/A,,,N/A,N/A,N/A,N/A,N/A,N/A,N/A,N/A,N/A,N/A,N/A,N/A,N/A,N/A,N/A,N/A,N/A,N/A,N/A,N/A,N/A,N/A,N/A,N/A,,,,,,,,,,,,N/A,N/A,N/A,N/A,N/A,N/A,N/A,N/A,N/A,,,,,,,,,,,,,,91%,,N/A,,N/A,N/A,N/A,N/A,N/A,N/A,N/A,N/A,N/A,N/A,N/A,N/A,N/A,N/A,N/A,N/A,N/A,N/A,,,,,,,,,,,N/A,N/A,N/A,N/A,N/A,N/A,N/A,N/A,N/A,,N/A,N/A,N/A,N/A,N/A,N/A,N/A,N/A,N/A,,N/A,N/A,N/A,N/A,N/A,N/A,N/A,N/A,N/A
84X703,Bronx Preparatory Charter School,,,,democracyprep.org/ny/,Ryan Silver/Lourdes Flores,"0K,01,02,06,07,08,09,10,11,12",423,N/A,,3872 Third Avenue,"Bronx, NY 10457",718-294-0841,0%,54%,44%,<1%,<1%,<1%,6%,16%,,51%,49%,0%,73%,Boys: JV basketball; flag football; varsity soccer; varsity basketball; baseball; fencing; Girls: JV basketball; soccer; volleyball; varsity basketball; softball; cheer; Co-Ed: flag football; fencing,Chess; Anime; Korean Honor Society; Gay Straight Alliance; 90s Club; African Dance; Muslim Student Association; African Culture; Speech and Debate; Dungeons & Dragons; Bronx Prep TV News,N/A,"NYSED ""Local Support and Improvement""",5%,46%,17%,N/A (fewer than 5 teachers),0%,15%,4.3,70%,,,,,,,,,,,,73%,76%,112 (26%),185 (44%),0% (0),55% (103),43% (80),<1% (1),<1% (1),<1% (1),Good,N/A,N/A,N/A,N/A,N/A,N/A,81%,N/A,79%,83%,N/A,N/A,N/A,87%,74%,70%,47%,,,,,,,,,,,,86%,N/A,84%,88%,N/A,N/A,N/A,89%,84%,,,,,,,,,,,,,,90%,,96%,,43%,N/A,44%,42%,N/A,N/A,N/A,39%,50%,88%,N/A,84%,93%,N/A,N/A,N/A,96%,90%,,,,,,,,,,,78%,N/A,71%,87%,N/A,N/A,N/A,82%,92%,,78%,N/A,78%,77%,N/A,N/A,N/A,72%,84%,,82%,N/A,76%,87%,N/A,N/A,N/A,78%,92%
84X704,KIPP Academy Charter School,,,,www.schools.nyc.gov/schools/X704,Tyritia Groves/Carlos Capellan,"0K,01,02,03,04,05,06,07,08,09,10,11,12",270,N/A,,250 East 156 Street,"Bronx, NY 10451",718-665-3555,0%,44%,53%,1%,0%,1%,3%,19%,,45%,55%,0%,93%,Boys: N/A; Girls: N/A; Co-Ed: N/A,N/A,N/A,"NYSED ""Local Support and Improvement""; Future Ready NYC",4%,30%,32%,N/A (fewer than 5 teachers),0%,27%,N/A,N/A,,,,,,,,,,,,76%,63%,,,N/A,N/A,N/A,N/A,N/A,N/A,Needs Improvement,N/A,N/A,N/A,N/A,N/A,N/A,93%,N/A,100%,91%,N/A,N/A,N/A,96%,92%,N/A,85%,,,,,,,,,,,,79%,N/A,91%,72%,N/A,N/A,N/A,N/A,N/A,,,,,,,,,,,,,,93%,,N/A,,57%,N/A,55%,58%,N/A,N/A,N/A,N/A,N/A,97%,N/A,100%,95%,N/A,N/A,N/A,N/A,N/A,,,,,,,,,,,88%,N/A,92%,86%,N/A,N/A,N/A,N/A,100%,,80%,N/A,83%,79%,N/A,N/A,N/A,N/A,100%,,92%,N/A,100%,89%,N/A,N/A,N/A,N/A,100%
